/home/cad/eda/Mentor_Graphics/Tessent_2026/tessent_2026.1/bin/tessent -shell -logfile ./logs/29_atpg.log -replace
//  Tessent Shell  2026.1    Thu Feb 26 18:38:00 GMT 2026
//                Unpublished work. Copyright 2026 Siemens
//
//      This material contains trade secrets or otherwise confidential 
//  information owned by Siemens Industry Software Inc. or its affiliates 
//   (collectively, "SISW"), or its licensors. Access to and use of this 
//     information is strictly limited as set forth in the Customer's 
//                   applicable agreements with SISW. 
//
//  Siemens software executing under x86-64 Linux on Wed Jul 29 16:14:14 IST 2026.
//  64 bit version
//  Host: mavenserver-RH3 (255072 MB RAM, 122071 MB Swap)
//
//  command: set_context pattern -scan
//  command: read_cell_library ../../../libs/NangateOpenCellLibrary.tcelllib ../../../libs/dft_sim.tcelllib
//  Reading DFT Library file ../../../libs/NangateOpenCellLibrary.tcelllib
//  Finished reading file ../../../libs/NangateOpenCellLibrary.tcelllib
//  Reading DFT Library file ../../../libs/dft_sim.tcelllib
//  Finished reading file ../../../libs/dft_sim.tcelllib
//  command: read_verilog ./scan_inserted_netlist/scan_inserted_netlist.v 
//  command: set_current_design msrv_soc_pipelinedcorewrapper -show_elaboration_warnings
//  Warning: Pin 'clk' of module 'msrv_soc_cache' is undefined, direction assumed to be input
//  Warning: Pin 'reset' of module 'msrv_soc_cache' is undefined, direction assumed to be input
//  Warning: Pin 'FlushStage' of module 'msrv_soc_cache' is undefined, direction assumed to be input
//  Warning: Pin 'PAdr' of module 'msrv_soc_cache' is undefined, direction assumed to be input
//  Warning: Pin 'clk' of module 'msrv_soc_ram2p1r1wbe' is undefined, direction assumed to be input
//  Warning: Pin 'wa2' of module 'msrv_soc_ram2p1r1wbe' is undefined, direction assumed to be input
//  Warning: Pin 'wd2' of module 'msrv_soc_ram2p1r1wbe' is undefined, direction assumed to be input
//  Note: Changing pin 'CK' function from 'active_low_clock' to 'clock_in'
//        Model 'CLKGATE_X1' line 1266 file '../../../libs/NangateOpenCellLibrary.tcelllib'
//  Note: Changing pin 'CK' function from 'active_low_clock' to 'clock_in'
//        Model 'CLKGATE_X2' line 1282 file '../../../libs/NangateOpenCellLibrary.tcelllib'
//  Note: Changing pin 'CK' function from 'active_low_clock' to 'clock_in'
//        Model 'CLKGATE_X4' line 1298 file '../../../libs/NangateOpenCellLibrary.tcelllib'
//  Note: Changing pin 'CK' function from 'active_low_clock' to 'clock_in'
//        Model 'CLKGATE_X8' line 1314 file '../../../libs/NangateOpenCellLibrary.tcelllib'
//  Warning: Undefined modules were found.
//           Before using "set_system_mode" or "create_flat_model", you must either define
//           the missing modules using "read_verilog" and/or "read_cell_library", or use the
//           following command to treat them as black boxes:
             add_black_boxes -modules { \
                    msrv_soc_cache \
                    msrv_soc_ram2p1r1wbe \
             }
//           You can also use "add_black_boxes -auto" to black box all undefined modules but
//           it is recommended that you do not add this command to your dofile. Doing so may
//           unintentionally black-box new undefined modules in future runs.
//  Warning: Net 'rtlcClkX' in module 'msrv_soc_pipelinedcorewrapper' has no pins
//  Warning: Net 'rtlcXXX' in module 'msrv_soc_pipelinedcorewrapper' has no pins
//  Warning: Net 'STATUS_PBMTE' in module 'msrv_soc_pipelinedcore' is not driven
//  Warning: Net 'rtlcXXX' in module 'msrv_soc_pipelinedcore' has no pins
//  Warning: Net 'rtlcClkX' in module 'msrv_soc_pipelinedcore' has no pins
//  Warning: Floating input 'ByteMask[15]' at instance '\bus.icache.icache ' in module 'msrv_soc_ifu'
//  Warning: Floating input 'ByteMask[14]' at instance '\bus.icache.icache ' in module 'msrv_soc_ifu'
//  Warning: Floating input 'ByteMask[13]' at instance '\bus.icache.icache ' in module 'msrv_soc_ifu'
//  Warning: Floating input 'ByteMask[12]' at instance '\bus.icache.icache ' in module 'msrv_soc_ifu'
//  Warning: Floating input 'ByteMask[11]' at instance '\bus.icache.icache ' in module 'msrv_soc_ifu'
//  Warning: Floating input 'ByteMask[10]' at instance '\bus.icache.icache ' in module 'msrv_soc_ifu'
//  Warning: Floating input 'ByteMask[9]' at instance '\bus.icache.icache ' in module 'msrv_soc_ifu'
//  Warning: Floating input 'ByteMask[8]' at instance '\bus.icache.icache ' in module 'msrv_soc_ifu'
//  Warning: Floating input 'ByteMask[7]' at instance '\bus.icache.icache ' in module 'msrv_soc_ifu'
//  Warning: Floating input 'ByteMask[6]' at instance '\bus.icache.icache ' in module 'msrv_soc_ifu'
//  Warning: Floating input 'ByteMask[5]' at instance '\bus.icache.icache ' in module 'msrv_soc_ifu'
//  Warning: Floating input 'ByteMask[4]' at instance '\bus.icache.icache ' in module 'msrv_soc_ifu'
//  Warning: Floating input 'ByteMask[3]' at instance '\bus.icache.icache ' in module 'msrv_soc_ifu'
//  Warning: Floating input 'ByteMask[2]' at instance '\bus.icache.icache ' in module 'msrv_soc_ifu'
//  Warning: Floating input 'ByteMask[1]' at instance '\bus.icache.icache ' in module 'msrv_soc_ifu'
//  Warning: Floating input 'BeatCount[2]' at instance '\bus.icache.icache ' in module 'msrv_soc_ifu'
//  Warning: Floating input 'BeatCount[1]' at instance '\bus.icache.icache ' in module 'msrv_soc_ifu'
//  Warning: Floating input 'WriteData[127]' at instance '\bus.icache.icache ' in module 'msrv_soc_ifu'
//  Warning: Floating input 'WriteData[126]' at instance '\bus.icache.icache ' in module 'msrv_soc_ifu'
//  Warning: Floating input 'WriteData[125]' at instance '\bus.icache.icache ' in module 'msrv_soc_ifu'
//  Warning: Floating input 'WriteData[124]' at instance '\bus.icache.icache ' in module 'msrv_soc_ifu'
//  Warning: Floating input 'WriteData[123]' at instance '\bus.icache.icache ' in module 'msrv_soc_ifu'
//  Warning: Floating input 'WriteData[122]' at instance '\bus.icache.icache ' in module 'msrv_soc_ifu'
//  Warning: Floating input 'WriteData[121]' at instance '\bus.icache.icache ' in module 'msrv_soc_ifu'
//  Warning: Floating input 'WriteData[120]' at instance '\bus.icache.icache ' in module 'msrv_soc_ifu'
//  Warning: Floating input 'WriteData[119]' at instance '\bus.icache.icache ' in module 'msrv_soc_ifu'
//  Warning: Floating input 'WriteData[118]' at instance '\bus.icache.icache ' in module 'msrv_soc_ifu'
//  Warning: Floating input 'WriteData[117]' at instance '\bus.icache.icache ' in module 'msrv_soc_ifu'
//  Warning: Floating input 'WriteData[116]' at instance '\bus.icache.icache ' in module 'msrv_soc_ifu'
//  Warning: Floating input 'WriteData[115]' at instance '\bus.icache.icache ' in module 'msrv_soc_ifu'
//  Warning: Floating input 'WriteData[114]' at instance '\bus.icache.icache ' in module 'msrv_soc_ifu'
//  Warning: Floating input 'WriteData[113]' at instance '\bus.icache.icache ' in module 'msrv_soc_ifu'
//  Warning: Floating input 'WriteData[112]' at instance '\bus.icache.icache ' in module 'msrv_soc_ifu'
//  Warning: Floating input 'WriteData[111]' at instance '\bus.icache.icache ' in module 'msrv_soc_ifu'
//  Warning: Floating input 'WriteData[110]' at instance '\bus.icache.icache ' in module 'msrv_soc_ifu'
//  Warning: Floating input 'WriteData[109]' at instance '\bus.icache.icache ' in module 'msrv_soc_ifu'
//  Warning: Floating input 'WriteData[108]' at instance '\bus.icache.icache ' in module 'msrv_soc_ifu'
//  Warning: Floating input 'WriteData[107]' at instance '\bus.icache.icache ' in module 'msrv_soc_ifu'
//  Warning: Floating input 'WriteData[106]' at instance '\bus.icache.icache ' in module 'msrv_soc_ifu'
//  Warning: Floating input 'WriteData[105]' at instance '\bus.icache.icache ' in module 'msrv_soc_ifu'
//  Warning: Floating input 'WriteData[104]' at instance '\bus.icache.icache ' in module 'msrv_soc_ifu'
//  Warning: Floating input 'WriteData[103]' at instance '\bus.icache.icache ' in module 'msrv_soc_ifu'
//  Warning: Floating input 'WriteData[102]' at instance '\bus.icache.icache ' in module 'msrv_soc_ifu'
//  Warning: Floating input 'WriteData[101]' at instance '\bus.icache.icache ' in module 'msrv_soc_ifu'
//  Warning: Floating input 'WriteData[100]' at instance '\bus.icache.icache ' in module 'msrv_soc_ifu'
//  Warning: Floating input 'WriteData[99]' at instance '\bus.icache.icache ' in module 'msrv_soc_ifu'
//  Warning: Floating input 'WriteData[98]' at instance '\bus.icache.icache ' in module 'msrv_soc_ifu'
//  Warning: Floating input 'WriteData[97]' at instance '\bus.icache.icache ' in module 'msrv_soc_ifu'
//  Warning: Floating input 'WriteData[96]' at instance '\bus.icache.icache ' in module 'msrv_soc_ifu'
//  Warning: Floating input 'WriteData[95]' at instance '\bus.icache.icache ' in module 'msrv_soc_ifu'
//  Warning: Floating input 'WriteData[94]' at instance '\bus.icache.icache ' in module 'msrv_soc_ifu'
//  Warning: Floating input 'WriteData[93]' at instance '\bus.icache.icache ' in module 'msrv_soc_ifu'
//  Warning: Floating input 'WriteData[92]' at instance '\bus.icache.icache ' in module 'msrv_soc_ifu'
//  Warning: Floating input 'WriteData[91]' at instance '\bus.icache.icache ' in module 'msrv_soc_ifu'
//  Warning: Floating input 'WriteData[90]' at instance '\bus.icache.icache ' in module 'msrv_soc_ifu'
//  Warning: Floating input 'WriteData[89]' at instance '\bus.icache.icache ' in module 'msrv_soc_ifu'
//  Warning: Floating input 'WriteData[88]' at instance '\bus.icache.icache ' in module 'msrv_soc_ifu'
//  Warning: Floating input 'WriteData[87]' at instance '\bus.icache.icache ' in module 'msrv_soc_ifu'
//  Warning: Floating input 'WriteData[86]' at instance '\bus.icache.icache ' in module 'msrv_soc_ifu'
//  Warning: Floating input 'WriteData[85]' at instance '\bus.icache.icache ' in module 'msrv_soc_ifu'
//  Warning: Floating input 'WriteData[84]' at instance '\bus.icache.icache ' in module 'msrv_soc_ifu'
//  Warning: Floating input 'WriteData[83]' at instance '\bus.icache.icache ' in module 'msrv_soc_ifu'
//  Warning: Floating input 'WriteData[82]' at instance '\bus.icache.icache ' in module 'msrv_soc_ifu'
//  Warning: Floating input 'WriteData[81]' at instance '\bus.icache.icache ' in module 'msrv_soc_ifu'
//  Warning: Floating input 'WriteData[80]' at instance '\bus.icache.icache ' in module 'msrv_soc_ifu'
//  Warning: Floating input 'WriteData[79]' at instance '\bus.icache.icache ' in module 'msrv_soc_ifu'
//  Warning: Floating input 'WriteData[78]' at instance '\bus.icache.icache ' in module 'msrv_soc_ifu'
//  Warning: Floating input 'WriteData[77]' at instance '\bus.icache.icache ' in module 'msrv_soc_ifu'
//  Warning: Floating input 'WriteData[76]' at instance '\bus.icache.icache ' in module 'msrv_soc_ifu'
//  Warning: Floating input 'WriteData[75]' at instance '\bus.icache.icache ' in module 'msrv_soc_ifu'
//  Warning: Floating input 'WriteData[74]' at instance '\bus.icache.icache ' in module 'msrv_soc_ifu'
//  Warning: Floating input 'WriteData[73]' at instance '\bus.icache.icache ' in module 'msrv_soc_ifu'
//  Warning: Floating input 'WriteData[72]' at instance '\bus.icache.icache ' in module 'msrv_soc_ifu'
//  Warning: Floating input 'WriteData[71]' at instance '\bus.icache.icache ' in module 'msrv_soc_ifu'
//  Warning: Floating input 'WriteData[70]' at instance '\bus.icache.icache ' in module 'msrv_soc_ifu'
//  Warning: Floating input 'WriteData[69]' at instance '\bus.icache.icache ' in module 'msrv_soc_ifu'
//  Warning: Floating input 'WriteData[68]' at instance '\bus.icache.icache ' in module 'msrv_soc_ifu'
//  Warning: Floating input 'WriteData[67]' at instance '\bus.icache.icache ' in module 'msrv_soc_ifu'
//  Warning: Floating input 'WriteData[66]' at instance '\bus.icache.icache ' in module 'msrv_soc_ifu'
//  Warning: Floating input 'WriteData[65]' at instance '\bus.icache.icache ' in module 'msrv_soc_ifu'
//  Warning: Floating input 'WriteData[64]' at instance '\bus.icache.icache ' in module 'msrv_soc_ifu'
//  Warning: Floating input 'WriteData[63]' at instance '\bus.icache.icache ' in module 'msrv_soc_ifu'
//  Warning: Floating input 'WriteData[62]' at instance '\bus.icache.icache ' in module 'msrv_soc_ifu'
//  Warning: Floating input 'WriteData[61]' at instance '\bus.icache.icache ' in module 'msrv_soc_ifu'
//  Warning: Floating input 'WriteData[60]' at instance '\bus.icache.icache ' in module 'msrv_soc_ifu'
//  Warning: Floating input 'WriteData[59]' at instance '\bus.icache.icache ' in module 'msrv_soc_ifu'
//  Warning: Floating input 'WriteData[58]' at instance '\bus.icache.icache ' in module 'msrv_soc_ifu'
//  Warning: Floating input 'WriteData[57]' at instance '\bus.icache.icache ' in module 'msrv_soc_ifu'
//  Warning: Floating input 'WriteData[56]' at instance '\bus.icache.icache ' in module 'msrv_soc_ifu'
//  Warning: Floating input 'WriteData[55]' at instance '\bus.icache.icache ' in module 'msrv_soc_ifu'
//  Warning: Floating input 'WriteData[54]' at instance '\bus.icache.icache ' in module 'msrv_soc_ifu'
//  Warning: Floating input 'WriteData[53]' at instance '\bus.icache.icache ' in module 'msrv_soc_ifu'
//  Warning: Floating input 'WriteData[52]' at instance '\bus.icache.icache ' in module 'msrv_soc_ifu'
//  Warning: Floating input 'WriteData[51]' at instance '\bus.icache.icache ' in module 'msrv_soc_ifu'
//  Warning: Floating input 'WriteData[50]' at instance '\bus.icache.icache ' in module 'msrv_soc_ifu'
//  Warning: Floating input 'WriteData[49]' at instance '\bus.icache.icache ' in module 'msrv_soc_ifu'
//  Warning: Floating input 'WriteData[48]' at instance '\bus.icache.icache ' in module 'msrv_soc_ifu'
//  Warning: Floating input 'WriteData[47]' at instance '\bus.icache.icache ' in module 'msrv_soc_ifu'
//  Warning: Floating input 'WriteData[46]' at instance '\bus.icache.icache ' in module 'msrv_soc_ifu'
//  Warning: Floating input 'WriteData[45]' at instance '\bus.icache.icache ' in module 'msrv_soc_ifu'
//  Warning: Floating input 'WriteData[44]' at instance '\bus.icache.icache ' in module 'msrv_soc_ifu'
//  Warning: Floating input 'WriteData[43]' at instance '\bus.icache.icache ' in module 'msrv_soc_ifu'
//  Warning: Floating input 'WriteData[42]' at instance '\bus.icache.icache ' in module 'msrv_soc_ifu'
//  Warning: Floating input 'WriteData[41]' at instance '\bus.icache.icache ' in module 'msrv_soc_ifu'
//  Warning: Floating input 'WriteData[40]' at instance '\bus.icache.icache ' in module 'msrv_soc_ifu'
//  Warning: Floating input 'WriteData[39]' at instance '\bus.icache.icache ' in module 'msrv_soc_ifu'
//  Warning: Floating input 'WriteData[38]' at instance '\bus.icache.icache ' in module 'msrv_soc_ifu'
//  Warning: Floating input 'WriteData[37]' at instance '\bus.icache.icache ' in module 'msrv_soc_ifu'
//  Warning: Floating input 'WriteData[36]' at instance '\bus.icache.icache ' in module 'msrv_soc_ifu'
//  Warning: Floating input 'WriteData[35]' at instance '\bus.icache.icache ' in module 'msrv_soc_ifu'
//  Warning: Floating input 'WriteData[34]' at instance '\bus.icache.icache ' in module 'msrv_soc_ifu'
//  Warning: Floating input 'WriteData[33]' at instance '\bus.icache.icache ' in module 'msrv_soc_ifu'
//  Warning: Floating input 'WriteData[32]' at instance '\bus.icache.icache ' in module 'msrv_soc_ifu'
//  Warning: Floating input 'WriteData[31]' at instance '\bus.icache.icache ' in module 'msrv_soc_ifu'
//  Warning: Floating input 'WriteData[30]' at instance '\bus.icache.icache ' in module 'msrv_soc_ifu'
//  Warning: Floating input 'WriteData[29]' at instance '\bus.icache.icache ' in module 'msrv_soc_ifu'
//  Warning: Floating input 'WriteData[28]' at instance '\bus.icache.icache ' in module 'msrv_soc_ifu'
//  Warning: Floating input 'WriteData[27]' at instance '\bus.icache.icache ' in module 'msrv_soc_ifu'
//  Warning: Floating input 'WriteData[26]' at instance '\bus.icache.icache ' in module 'msrv_soc_ifu'
//  Warning: Floating input 'WriteData[25]' at instance '\bus.icache.icache ' in module 'msrv_soc_ifu'
//  Warning: Floating input 'WriteData[24]' at instance '\bus.icache.icache ' in module 'msrv_soc_ifu'
//  Warning: Floating input 'WriteData[23]' at instance '\bus.icache.icache ' in module 'msrv_soc_ifu'
//  Warning: Floating input 'WriteData[22]' at instance '\bus.icache.icache ' in module 'msrv_soc_ifu'
//  Warning: Floating input 'WriteData[21]' at instance '\bus.icache.icache ' in module 'msrv_soc_ifu'
//  Warning: Floating input 'WriteData[20]' at instance '\bus.icache.icache ' in module 'msrv_soc_ifu'
//  Warning: Floating input 'WriteData[19]' at instance '\bus.icache.icache ' in module 'msrv_soc_ifu'
//  Warning: Floating input 'WriteData[18]' at instance '\bus.icache.icache ' in module 'msrv_soc_ifu'
//  Warning: Floating input 'WriteData[17]' at instance '\bus.icache.icache ' in module 'msrv_soc_ifu'
//  Warning: Floating input 'WriteData[16]' at instance '\bus.icache.icache ' in module 'msrv_soc_ifu'
//  Warning: Floating input 'WriteData[15]' at instance '\bus.icache.icache ' in module 'msrv_soc_ifu'
//  Warning: Floating input 'WriteData[14]' at instance '\bus.icache.icache ' in module 'msrv_soc_ifu'
//  Warning: Floating input 'WriteData[13]' at instance '\bus.icache.icache ' in module 'msrv_soc_ifu'
//  Warning: Floating input 'WriteData[12]' at instance '\bus.icache.icache ' in module 'msrv_soc_ifu'
//  Warning: Floating input 'WriteData[11]' at instance '\bus.icache.icache ' in module 'msrv_soc_ifu'
//  Warning: Floating input 'WriteData[10]' at instance '\bus.icache.icache ' in module 'msrv_soc_ifu'
//  Warning: Floating input 'WriteData[9]' at instance '\bus.icache.icache ' in module 'msrv_soc_ifu'
//  Warning: Floating input 'WriteData[8]' at instance '\bus.icache.icache ' in module 'msrv_soc_ifu'
//  Warning: Floating input 'WriteData[7]' at instance '\bus.icache.icache ' in module 'msrv_soc_ifu'
//  Warning: Floating input 'WriteData[6]' at instance '\bus.icache.icache ' in module 'msrv_soc_ifu'
//  Warning: Floating input 'WriteData[5]' at instance '\bus.icache.icache ' in module 'msrv_soc_ifu'
//  Warning: Floating input 'WriteData[4]' at instance '\bus.icache.icache ' in module 'msrv_soc_ifu'
//  Warning: Floating input 'WriteData[3]' at instance '\bus.icache.icache ' in module 'msrv_soc_ifu'
//  Warning: Floating input 'WriteData[2]' at instance '\bus.icache.icache ' in module 'msrv_soc_ifu'
//  Warning: Floating input 'WriteData[1]' at instance '\bus.icache.icache ' in module 'msrv_soc_ifu'
//  Warning: Floating input 'CMOpM[3]' at instance '\bus.icache.icache ' in module 'msrv_soc_ifu'
//  Warning: Floating input 'CMOpM[2]' at instance '\bus.icache.icache ' in module 'msrv_soc_ifu'
//  Warning: Floating input 'CMOpM[1]' at instance '\bus.icache.icache ' in module 'msrv_soc_ifu'
//  Warning: Net 'PCF[0]' in module 'msrv_soc_ifu' has no pins
//  Warning: Net 'rtlcn10[1]' in module 'msrv_soc_ifu' has no pins
//  Warning: Net 'rtlcClkX' in module 'msrv_soc_ifu' has no pins
//  Warning: Net 'rtlcXXX' in module 'msrv_soc_ifu' has no pins
//  Warning: Net 'rtlcClkX' in module 'msrv_soc_flopenl' has no pins
//  Warning: Net 'rtlcXXX' in module 'msrv_soc_flopenl' has no pins
//  Warning: Net 'rtlcClkX' in module 'msrv_soc_mux3_pv1' has no pins
//  Warning: Net 'rtlcXXX' in module 'msrv_soc_mux3_pv1' has no pins
//  Warning: Net 'rtlcClkX' in module 'msrv_soc_mux2' has no pins
//  Warning: Net 'rtlcXXX' in module 'msrv_soc_mux2' has no pins
//  Warning: Net 'rtlcClkX' in module 'msrv_soc_flopen_1' has no pins
//  Warning: Net 'rtlcXXX' in module 'msrv_soc_flopen_1' has no pins
//  Warning: Net 'rtlcClkX' in module 'msrv_soc_flopenrc_pv3_1' has no pins
//  Warning: Net 'rtlcXXX' in module 'msrv_soc_flopenrc_pv3_1' has no pins
//  Warning: Net 'rtlcClkX' in module 'msrv_soc_flopenr_pv3_1' has no pins
//  Warning: Net 'rtlcXXX' in module 'msrv_soc_flopenr_pv3_1' has no pins
//  Warning: Net 'rtlcClkX' in module 'msrv_soc_mux2_pv1' has no pins
//  Warning: Net 'rtlcXXX' in module 'msrv_soc_mux2_pv1' has no pins
//  Warning: Net 'rtlcClkX' in module 'msrv_soc_flopenr_pv1_1' has no pins
//  Warning: Net 'rtlcXXX' in module 'msrv_soc_flopenr_pv1_1' has no pins
//  Warning: Net 'rtlcClkX' in module 'msrv_soc_flopenr_pv8_1' has no pins
//  Warning: Net 'rtlcXXX' in module 'msrv_soc_flopenr_pv8_1' has no pins
//  Warning: Net 'PCPlus2F[0]' in module 'msrv_soc_spill' has no pins
//  Warning: Net 'rtlcClkX' in module 'msrv_soc_spill' has no pins
//  Warning: Net 'rtlcXXX' in module 'msrv_soc_spill' has no pins
//  Warning: Net 'rtlc2n1' in module 'msrv_soc_spill' has no pins
//  Warning: Net 'rtlcClkX' in module 'msrv_soc_flopr' has no pins
//  Warning: Net 'rtlcXXX' in module 'msrv_soc_flopr' has no pins
//  Warning: Net 'rtlcClkX' in module 'msrv_soc_flopenr_1' has no pins
//  Warning: Net 'rtlcXXX' in module 'msrv_soc_flopenr_1' has no pins
//  Warning: Net 'rtlcClkX' in module 'msrv_soc_flopr_pv1_1' has no pins
//  Warning: Net 'rtlcXXX' in module 'msrv_soc_flopr_pv1_1' has no pins
//  Warning: Net 'rtlcClkX' in module 'msrv_soc_mmu' has no pins
//  Warning: Net 'rtlcXXX' in module 'msrv_soc_mmu' has no pins
//  Warning: Net 'rtlcClkX' in module 'msrv_soc_mux2_pv3' has no pins
//  Warning: Net 'rtlcXXX' in module 'msrv_soc_mux2_pv3' has no pins
//  Warning: Net 'rtlcClkX' in module 'msrv_soc_pmachecker' has no pins
//  Warning: Net 'rtlcXXX' in module 'msrv_soc_pmachecker' has no pins
//  Warning: Net 'rtlcClkX' in module 'msrv_soc_adrdecs' has no pins
//  Warning: Net 'rtlcXXX' in module 'msrv_soc_adrdecs' has no pins
//  Warning: Net 'rtlcClkX' in module 'msrv_soc_adrdec' has no pins
//  Warning: Net 'rtlcXXX' in module 'msrv_soc_adrdec' has no pins
//  Warning: Net 'rtlcN_out_mux0' in module 'M_RTLSIM_MUXN_DCZ_4_2' has no pins
//  Warning: Net 'rtlcClkX' in module 'msrv_soc_tlb' has no pins
//  Warning: Net 'rtlcXXX' in module 'msrv_soc_tlb' has no pins
//  Warning: Net 'rtlc0n6' in module 'msrv_soc_tlbcontrol' has no pins
//  Warning: Net 'rtlc0n7' in module 'msrv_soc_tlbcontrol' has no pins
//  Warning: Net 'rtlc0n11' in module 'msrv_soc_tlbcontrol' has no pins
//  Warning: Net 'rtlcClkX' in module 'msrv_soc_tlbcontrol' has no pins
//  Warning: Net 'rtlcXXX' in module 'msrv_soc_tlbcontrol' has no pins
//  Warning: Net 'rtlcClkX' in module 'msrv_soc_vm64check' has no pins
//  Warning: Net 'rtlcXXX' in module 'msrv_soc_vm64check' has no pins
//  Warning: Net 'RUBits[0]' in module 'msrv_soc_tlblru_1' has no pins
//  Warning: Net 'rtlcClkX' in module 'msrv_soc_tlblru_1' has no pins
//  Warning: Net 'rtlcXXX' in module 'msrv_soc_tlblru_1' has no pins
//  Warning: Net 'rtlcClkX' in module 'msrv_soc_priorityonehot' has no pins
//  Warning: Net 'rtlcXXX' in module 'msrv_soc_priorityonehot' has no pins
//  Warning: Net 'rtlcClkX' in module 'msrv_soc_flopenr_pv1_2' has no pins
//  Warning: Net 'rtlcXXX' in module 'msrv_soc_flopenr_pv1_2' has no pins
//  Warning: Net 'rtlcClkX' in module 'msrv_soc_tlbcam_1' has no pins
//  Warning: Net 'rtlcXXX' in module 'msrv_soc_tlbcam_1' has no pins
//  Warning: Net 'rtlcClkX' in module 'msrv_soc_tlbcamline_1' has no pins
//  Warning: Net 'rtlcXXX' in module 'msrv_soc_tlbcamline_1' has no pins
//  Warning: Net 'rtlcClkX' in module 'msrv_soc_flopenr_pv2_1' has no pins
//  Warning: Net 'rtlcXXX' in module 'msrv_soc_flopenr_pv2_1' has no pins
//  Warning: Net 'rtlcClkX' in module 'msrv_soc_flopenr_pv3_2' has no pins
//  Warning: Net 'rtlcXXX' in module 'msrv_soc_flopenr_pv3_2' has no pins
//  Warning: Net 'rtlcClkX' in module 'msrv_soc_flopenr_pv4_1' has no pins
//  Warning: Net 'rtlcXXX' in module 'msrv_soc_flopenr_pv4_1' has no pins
//  Warning: Net 'rtlcClkX' in module 'msrv_soc_tlbcamline_2' has no pins
//  Warning: Net 'rtlcXXX' in module 'msrv_soc_tlbcamline_2' has no pins
//  Warning: Net 'rtlcClkX' in module 'msrv_soc_flopenr_pv2_2' has no pins
//  Warning: Net 'rtlcXXX' in module 'msrv_soc_flopenr_pv2_2' has no pins
//  Warning: Net 'rtlcClkX' in module 'msrv_soc_flopenr_pv3_3' has no pins
//  Warning: Net 'rtlcXXX' in module 'msrv_soc_flopenr_pv3_3' has no pins
//  Warning: Net 'rtlcClkX' in module 'msrv_soc_flopenr_pv4_2' has no pins
//  Warning: Net 'rtlcXXX' in module 'msrv_soc_flopenr_pv4_2' has no pins
//  Warning: Net 'rtlcClkX' in module 'msrv_soc_tlbcamline_3' has no pins
//  Warning: Net 'rtlcXXX' in module 'msrv_soc_tlbcamline_3' has no pins
//  Warning: Net 'rtlcClkX' in module 'msrv_soc_flopenr_pv2_3' has no pins
//  Warning: Net 'rtlcXXX' in module 'msrv_soc_flopenr_pv2_3' has no pins
//  Warning: Net 'rtlcClkX' in module 'msrv_soc_flopenr_pv3_4' has no pins
//  Warning: Net 'rtlcXXX' in module 'msrv_soc_flopenr_pv3_4' has no pins
//  Warning: Net 'rtlcClkX' in module 'msrv_soc_flopenr_pv4_3' has no pins
//  Warning: Net 'rtlcXXX' in module 'msrv_soc_flopenr_pv4_3' has no pins
//  Warning: Net 'rtlcClkX' in module 'msrv_soc_tlbcamline_4' has no pins
//  Warning: Net 'rtlcXXX' in module 'msrv_soc_tlbcamline_4' has no pins
//  Warning: Net 'rtlcClkX' in module 'msrv_soc_flopenr_pv2_4' has no pins
//  Warning: Net 'rtlcXXX' in module 'msrv_soc_flopenr_pv2_4' has no pins
//  Warning: Net 'rtlcClkX' in module 'msrv_soc_flopenr_pv3_5' has no pins
//  Warning: Net 'rtlcXXX' in module 'msrv_soc_flopenr_pv3_5' has no pins
//  Warning: Net 'rtlcClkX' in module 'msrv_soc_flopenr_pv4_4' has no pins
//  Warning: Net 'rtlcXXX' in module 'msrv_soc_flopenr_pv4_4' has no pins
//  Warning: Net 'rtlcClkX' in module 'msrv_soc_tlbcamline_5' has no pins
//  Warning: Net 'rtlcXXX' in module 'msrv_soc_tlbcamline_5' has no pins
//  Warning: Net 'rtlcClkX' in module 'msrv_soc_flopenr_pv2_5' has no pins
//  Warning: Net 'rtlcXXX' in module 'msrv_soc_flopenr_pv2_5' has no pins
//  Warning: Net 'rtlcClkX' in module 'msrv_soc_flopenr_pv3_6' has no pins
//  Warning: Net 'rtlcXXX' in module 'msrv_soc_flopenr_pv3_6' has no pins
//  Warning: Net 'rtlcClkX' in module 'msrv_soc_flopenr_pv4_5' has no pins
//  Warning: Net 'rtlcXXX' in module 'msrv_soc_flopenr_pv4_5' has no pins
//  Warning: Net 'rtlcClkX' in module 'msrv_soc_tlbcamline_6' has no pins
//  Warning: Net 'rtlcXXX' in module 'msrv_soc_tlbcamline_6' has no pins
//  Warning: Net 'rtlcClkX' in module 'msrv_soc_flopenr_pv2_6' has no pins
//  Warning: Net 'rtlcXXX' in module 'msrv_soc_flopenr_pv2_6' has no pins
//  Warning: Net 'rtlcClkX' in module 'msrv_soc_flopenr_pv3_7' has no pins
//  Warning: Net 'rtlcXXX' in module 'msrv_soc_flopenr_pv3_7' has no pins
//  Warning: Net 'rtlcClkX' in module 'msrv_soc_flopenr_pv4_6' has no pins
//  Warning: Net 'rtlcXXX' in module 'msrv_soc_flopenr_pv4_6' has no pins
//  Warning: Net 'rtlcClkX' in module 'msrv_soc_tlbcamline_7' has no pins
//  Warning: Net 'rtlcXXX' in module 'msrv_soc_tlbcamline_7' has no pins
//  Warning: Net 'rtlcClkX' in module 'msrv_soc_flopenr_pv2_7' has no pins
//  Warning: Net 'rtlcXXX' in module 'msrv_soc_flopenr_pv2_7' has no pins
//  Warning: Net 'rtlcClkX' in module 'msrv_soc_flopenr_pv3_8' has no pins
//  Warning: Net 'rtlcXXX' in module 'msrv_soc_flopenr_pv3_8' has no pins
//  Warning: Net 'rtlcClkX' in module 'msrv_soc_flopenr_pv4_7' has no pins
//  Warning: Net 'rtlcXXX' in module 'msrv_soc_flopenr_pv4_7' has no pins
//  Warning: Net 'rtlcClkX' in module 'msrv_soc_tlbcamline_8' has no pins
//  Warning: Net 'rtlcXXX' in module 'msrv_soc_tlbcamline_8' has no pins
//  Warning: Net 'rtlcClkX' in module 'msrv_soc_flopenr_pv2_8' has no pins
//  Warning: Net 'rtlcXXX' in module 'msrv_soc_flopenr_pv2_8' has no pins
//  Warning: Net 'rtlcClkX' in module 'msrv_soc_flopenr_pv3_9' has no pins
//  Warning: Net 'rtlcXXX' in module 'msrv_soc_flopenr_pv3_9' has no pins
//  Warning: Net 'rtlcClkX' in module 'msrv_soc_flopenr_pv4_8' has no pins
//  Warning: Net 'rtlcXXX' in module 'msrv_soc_flopenr_pv4_8' has no pins
//  Warning: Net 'rtlcClkX' in module 'msrv_soc_tlbcamline_9' has no pins
//  Warning: Net 'rtlcXXX' in module 'msrv_soc_tlbcamline_9' has no pins
//  Warning: Net 'rtlcClkX' in module 'msrv_soc_flopenr_pv2_9' has no pins
//  Warning: Net 'rtlcXXX' in module 'msrv_soc_flopenr_pv2_9' has no pins
//  Warning: Net 'rtlcClkX' in module 'msrv_soc_flopenr_pv3_10' has no pins
//  Warning: Net 'rtlcXXX' in module 'msrv_soc_flopenr_pv3_10' has no pins
//  Warning: Net 'rtlcClkX' in module 'msrv_soc_flopenr_pv4_9' has no pins
//  Warning: Net 'rtlcXXX' in module 'msrv_soc_flopenr_pv4_9' has no pins
//  Warning: Net 'rtlcClkX' in module 'msrv_soc_tlbcamline_10' has no pins
//  Warning: Net 'rtlcXXX' in module 'msrv_soc_tlbcamline_10' has no pins
//  Warning: Net 'rtlcClkX' in module 'msrv_soc_flopenr_pv2_10' has no pins
//  Warning: Net 'rtlcXXX' in module 'msrv_soc_flopenr_pv2_10' has no pins
//  Warning: Net 'rtlcClkX' in module 'msrv_soc_flopenr_pv3_11' has no pins
//  Warning: Net 'rtlcXXX' in module 'msrv_soc_flopenr_pv3_11' has no pins
//  Warning: Net 'rtlcClkX' in module 'msrv_soc_flopenr_pv4_10' has no pins
//  Warning: Net 'rtlcXXX' in module 'msrv_soc_flopenr_pv4_10' has no pins
//  Warning: Net 'rtlcClkX' in module 'msrv_soc_tlbcamline_11' has no pins
//  Warning: Net 'rtlcXXX' in module 'msrv_soc_tlbcamline_11' has no pins
//  Warning: Net 'rtlcClkX' in module 'msrv_soc_flopenr_pv2_11' has no pins
//  Warning: Net 'rtlcXXX' in module 'msrv_soc_flopenr_pv2_11' has no pins
//  Warning: Net 'rtlcClkX' in module 'msrv_soc_flopenr_pv3_12' has no pins
//  Warning: Net 'rtlcXXX' in module 'msrv_soc_flopenr_pv3_12' has no pins
//  Warning: Net 'rtlcClkX' in module 'msrv_soc_flopenr_pv4_11' has no pins
//  Warning: Net 'rtlcXXX' in module 'msrv_soc_flopenr_pv4_11' has no pins
//  Warning: Net 'rtlcClkX' in module 'msrv_soc_tlbcamline_12' has no pins
//  Warning: Net 'rtlcXXX' in module 'msrv_soc_tlbcamline_12' has no pins
//  Warning: Net 'rtlcClkX' in module 'msrv_soc_flopenr_pv2_12' has no pins
//  Warning: Net 'rtlcXXX' in module 'msrv_soc_flopenr_pv2_12' has no pins
//  Warning: Net 'rtlcClkX' in module 'msrv_soc_flopenr_pv3_13' has no pins
//  Warning: Net 'rtlcXXX' in module 'msrv_soc_flopenr_pv3_13' has no pins
//  Warning: Net 'rtlcClkX' in module 'msrv_soc_flopenr_pv4_12' has no pins
//  Warning: Net 'rtlcXXX' in module 'msrv_soc_flopenr_pv4_12' has no pins
//  Warning: Net 'rtlcClkX' in module 'msrv_soc_tlbcamline_13' has no pins
//  Warning: Net 'rtlcXXX' in module 'msrv_soc_tlbcamline_13' has no pins
//  Warning: Net 'rtlcClkX' in module 'msrv_soc_flopenr_pv2_13' has no pins
//  Warning: Net 'rtlcXXX' in module 'msrv_soc_flopenr_pv2_13' has no pins
//  Warning: Net 'rtlcClkX' in module 'msrv_soc_flopenr_pv3_14' has no pins
//  Warning: Net 'rtlcXXX' in module 'msrv_soc_flopenr_pv3_14' has no pins
//  Warning: Net 'rtlcClkX' in module 'msrv_soc_flopenr_pv4_13' has no pins
//  Warning: Net 'rtlcXXX' in module 'msrv_soc_flopenr_pv4_13' has no pins
//  Warning: Net 'rtlcClkX' in module 'msrv_soc_tlbcamline_14' has no pins
//  Warning: Net 'rtlcXXX' in module 'msrv_soc_tlbcamline_14' has no pins
//  Warning: Net 'rtlcClkX' in module 'msrv_soc_flopenr_pv2_14' has no pins
//  Warning: Net 'rtlcXXX' in module 'msrv_soc_flopenr_pv2_14' has no pins
//  Warning: Net 'rtlcClkX' in module 'msrv_soc_flopenr_pv3_15' has no pins
//  Warning: Net 'rtlcXXX' in module 'msrv_soc_flopenr_pv3_15' has no pins
//  Warning: Net 'rtlcClkX' in module 'msrv_soc_flopenr_pv4_14' has no pins
//  Warning: Net 'rtlcXXX' in module 'msrv_soc_flopenr_pv4_14' has no pins
//  Warning: Net 'rtlcClkX' in module 'msrv_soc_tlbcamline_15' has no pins
//  Warning: Net 'rtlcXXX' in module 'msrv_soc_tlbcamline_15' has no pins
//  Warning: Net 'rtlcClkX' in module 'msrv_soc_flopenr_pv2_15' has no pins
//  Warning: Net 'rtlcXXX' in module 'msrv_soc_flopenr_pv2_15' has no pins
//  Warning: Net 'rtlcClkX' in module 'msrv_soc_flopenr_pv3_16' has no pins
//  Warning: Net 'rtlcXXX' in module 'msrv_soc_flopenr_pv3_16' has no pins
//  Warning: Net 'rtlcClkX' in module 'msrv_soc_flopenr_pv4_15' has no pins
//  Warning: Net 'rtlcXXX' in module 'msrv_soc_flopenr_pv4_15' has no pins
//  Warning: Net 'rtlcClkX' in module 'msrv_soc_tlbcamline_16' has no pins
//  Warning: Net 'rtlcXXX' in module 'msrv_soc_tlbcamline_16' has no pins
//  Warning: Net 'rtlcClkX' in module 'msrv_soc_flopenr_pv2_16' has no pins
//  Warning: Net 'rtlcXXX' in module 'msrv_soc_flopenr_pv2_16' has no pins
//  Warning: Net 'rtlcClkX' in module 'msrv_soc_flopenr_pv3_17' has no pins
//  Warning: Net 'rtlcXXX' in module 'msrv_soc_flopenr_pv3_17' has no pins
//  Warning: Net 'rtlcClkX' in module 'msrv_soc_flopenr_pv4_16' has no pins
//  Warning: Net 'rtlcXXX' in module 'msrv_soc_flopenr_pv4_16' has no pins
//  Warning: Net 'rtlcClkX' in module 'msrv_soc_tlbcamline_17' has no pins
//  Warning: Net 'rtlcXXX' in module 'msrv_soc_tlbcamline_17' has no pins
//  Warning: Net 'rtlcClkX' in module 'msrv_soc_flopenr_pv2_17' has no pins
//  Warning: Net 'rtlcXXX' in module 'msrv_soc_flopenr_pv2_17' has no pins
//  Warning: Net 'rtlcClkX' in module 'msrv_soc_flopenr_pv3_18' has no pins
//  Warning: Net 'rtlcXXX' in module 'msrv_soc_flopenr_pv3_18' has no pins
//  Warning: Net 'rtlcClkX' in module 'msrv_soc_flopenr_pv4_17' has no pins
//  Warning: Net 'rtlcXXX' in module 'msrv_soc_flopenr_pv4_17' has no pins
//  Warning: Net 'rtlcClkX' in module 'msrv_soc_tlbcamline_18' has no pins
//  Warning: Net 'rtlcXXX' in module 'msrv_soc_tlbcamline_18' has no pins
//  Warning: Net 'rtlcClkX' in module 'msrv_soc_flopenr_pv2_18' has no pins
//  Warning: Net 'rtlcXXX' in module 'msrv_soc_flopenr_pv2_18' has no pins
//  Warning: Net 'rtlcClkX' in module 'msrv_soc_flopenr_pv3_19' has no pins
//  Warning: Net 'rtlcXXX' in module 'msrv_soc_flopenr_pv3_19' has no pins
//  Warning: Net 'rtlcClkX' in module 'msrv_soc_flopenr_pv4_18' has no pins
//  Warning: Net 'rtlcXXX' in module 'msrv_soc_flopenr_pv4_18' has no pins
//  Warning: Net 'rtlcClkX' in module 'msrv_soc_tlbcamline_19' has no pins
//  Warning: Net 'rtlcXXX' in module 'msrv_soc_tlbcamline_19' has no pins
//  Warning: Net 'rtlcClkX' in module 'msrv_soc_flopenr_pv2_19' has no pins
//  Warning: Net 'rtlcXXX' in module 'msrv_soc_flopenr_pv2_19' has no pins
//  Warning: Net 'rtlcClkX' in module 'msrv_soc_flopenr_pv3_20' has no pins
//  Warning: Net 'rtlcXXX' in module 'msrv_soc_flopenr_pv3_20' has no pins
//  Warning: Net 'rtlcClkX' in module 'msrv_soc_flopenr_pv4_19' has no pins
//  Warning: Net 'rtlcXXX' in module 'msrv_soc_flopenr_pv4_19' has no pins
//  Warning: Net 'rtlcClkX' in module 'msrv_soc_tlbcamline_20' has no pins
//  Warning: Net 'rtlcXXX' in module 'msrv_soc_tlbcamline_20' has no pins
//  Warning: Net 'rtlcClkX' in module 'msrv_soc_flopenr_pv2_20' has no pins
//  Warning: Net 'rtlcXXX' in module 'msrv_soc_flopenr_pv2_20' has no pins
//  Warning: Net 'rtlcClkX' in module 'msrv_soc_flopenr_pv3_21' has no pins
//  Warning: Net 'rtlcXXX' in module 'msrv_soc_flopenr_pv3_21' has no pins
//  Warning: Net 'rtlcClkX' in module 'msrv_soc_flopenr_pv4_20' has no pins
//  Warning: Net 'rtlcXXX' in module 'msrv_soc_flopenr_pv4_20' has no pins
//  Warning: Net 'rtlcClkX' in module 'msrv_soc_tlbcamline_21' has no pins
//  Warning: Net 'rtlcXXX' in module 'msrv_soc_tlbcamline_21' has no pins
//  Warning: Net 'rtlcClkX' in module 'msrv_soc_flopenr_pv2_21' has no pins
//  Warning: Net 'rtlcXXX' in module 'msrv_soc_flopenr_pv2_21' has no pins
//  Warning: Net 'rtlcClkX' in module 'msrv_soc_flopenr_pv3_22' has no pins
//  Warning: Net 'rtlcXXX' in module 'msrv_soc_flopenr_pv3_22' has no pins
//  Warning: Net 'rtlcClkX' in module 'msrv_soc_flopenr_pv4_21' has no pins
//  Warning: Net 'rtlcXXX' in module 'msrv_soc_flopenr_pv4_21' has no pins
//  Warning: Net 'rtlcClkX' in module 'msrv_soc_tlbcamline_22' has no pins
//  Warning: Net 'rtlcXXX' in module 'msrv_soc_tlbcamline_22' has no pins
//  Warning: Net 'rtlcClkX' in module 'msrv_soc_flopenr_pv2_22' has no pins
//  Warning: Net 'rtlcXXX' in module 'msrv_soc_flopenr_pv2_22' has no pins
//  Warning: Net 'rtlcClkX' in module 'msrv_soc_flopenr_pv3_23' has no pins
//  Warning: Net 'rtlcXXX' in module 'msrv_soc_flopenr_pv3_23' has no pins
//  Warning: Net 'rtlcClkX' in module 'msrv_soc_flopenr_pv4_22' has no pins
//  Warning: Net 'rtlcXXX' in module 'msrv_soc_flopenr_pv4_22' has no pins
//  Warning: Net 'rtlcClkX' in module 'msrv_soc_tlbcamline_23' has no pins
//  Warning: Net 'rtlcXXX' in module 'msrv_soc_tlbcamline_23' has no pins
//  Warning: Net 'rtlcClkX' in module 'msrv_soc_flopenr_pv2_23' has no pins
//  Warning: Net 'rtlcXXX' in module 'msrv_soc_flopenr_pv2_23' has no pins
//  Warning: Net 'rtlcClkX' in module 'msrv_soc_flopenr_pv3_24' has no pins
//  Warning: Net 'rtlcXXX' in module 'msrv_soc_flopenr_pv3_24' has no pins
//  Warning: Net 'rtlcClkX' in module 'msrv_soc_flopenr_pv4_23' has no pins
//  Warning: Net 'rtlcXXX' in module 'msrv_soc_flopenr_pv4_23' has no pins
//  Warning: Net 'rtlcClkX' in module 'msrv_soc_tlbcamline_24' has no pins
//  Warning: Net 'rtlcXXX' in module 'msrv_soc_tlbcamline_24' has no pins
//  Warning: Net 'rtlcClkX' in module 'msrv_soc_flopenr_pv2_24' has no pins
//  Warning: Net 'rtlcXXX' in module 'msrv_soc_flopenr_pv2_24' has no pins
//  Warning: Net 'rtlcClkX' in module 'msrv_soc_flopenr_pv3_25' has no pins
//  Warning: Net 'rtlcXXX' in module 'msrv_soc_flopenr_pv3_25' has no pins
//  Warning: Net 'rtlcClkX' in module 'msrv_soc_flopenr_pv4_24' has no pins
//  Warning: Net 'rtlcXXX' in module 'msrv_soc_flopenr_pv4_24' has no pins
//  Warning: Net 'rtlcClkX' in module 'msrv_soc_tlbcamline_25' has no pins
//  Warning: Net 'rtlcXXX' in module 'msrv_soc_tlbcamline_25' has no pins
//  Warning: Net 'rtlcClkX' in module 'msrv_soc_flopenr_pv2_25' has no pins
//  Warning: Net 'rtlcXXX' in module 'msrv_soc_flopenr_pv2_25' has no pins
//  Warning: Net 'rtlcClkX' in module 'msrv_soc_flopenr_pv3_26' has no pins
//  Warning: Net 'rtlcXXX' in module 'msrv_soc_flopenr_pv3_26' has no pins
//  Warning: Net 'rtlcClkX' in module 'msrv_soc_flopenr_pv4_25' has no pins
//  Warning: Net 'rtlcXXX' in module 'msrv_soc_flopenr_pv4_25' has no pins
//  Warning: Net 'rtlcClkX' in module 'msrv_soc_tlbcamline_26' has no pins
//  Warning: Net 'rtlcXXX' in module 'msrv_soc_tlbcamline_26' has no pins
//  Warning: Net 'rtlcClkX' in module 'msrv_soc_flopenr_pv2_26' has no pins
//  Warning: Net 'rtlcXXX' in module 'msrv_soc_flopenr_pv2_26' has no pins
//  Warning: Net 'rtlcClkX' in module 'msrv_soc_flopenr_pv3_27' has no pins
//  Warning: Net 'rtlcXXX' in module 'msrv_soc_flopenr_pv3_27' has no pins
//  Warning: Net 'rtlcClkX' in module 'msrv_soc_flopenr_pv4_26' has no pins
//  Warning: Net 'rtlcXXX' in module 'msrv_soc_flopenr_pv4_26' has no pins
//  Warning: Net 'rtlcClkX' in module 'msrv_soc_tlbcamline_27' has no pins
//  Warning: Net 'rtlcXXX' in module 'msrv_soc_tlbcamline_27' has no pins
//  Warning: Net 'rtlcClkX' in module 'msrv_soc_flopenr_pv2_27' has no pins
//  Warning: Net 'rtlcXXX' in module 'msrv_soc_flopenr_pv2_27' has no pins
//  Warning: Net 'rtlcClkX' in module 'msrv_soc_flopenr_pv3_28' has no pins
//  Warning: Net 'rtlcXXX' in module 'msrv_soc_flopenr_pv3_28' has no pins
//  Warning: Net 'rtlcClkX' in module 'msrv_soc_flopenr_pv4_27' has no pins
//  Warning: Net 'rtlcXXX' in module 'msrv_soc_flopenr_pv4_27' has no pins
//  Warning: Net 'rtlcClkX' in module 'msrv_soc_tlbcamline_28' has no pins
//  Warning: Net 'rtlcXXX' in module 'msrv_soc_tlbcamline_28' has no pins
//  Warning: Net 'rtlcClkX' in module 'msrv_soc_flopenr_pv2_28' has no pins
//  Warning: Net 'rtlcXXX' in module 'msrv_soc_flopenr_pv2_28' has no pins
//  Warning: Net 'rtlcClkX' in module 'msrv_soc_flopenr_pv3_29' has no pins
//  Warning: Net 'rtlcXXX' in module 'msrv_soc_flopenr_pv3_29' has no pins
//  Warning: Net 'rtlcClkX' in module 'msrv_soc_flopenr_pv4_28' has no pins
//  Warning: Net 'rtlcXXX' in module 'msrv_soc_flopenr_pv4_28' has no pins
//  Warning: Net 'rtlcClkX' in module 'msrv_soc_tlbcamline_29' has no pins
//  Warning: Net 'rtlcXXX' in module 'msrv_soc_tlbcamline_29' has no pins
//  Warning: Net 'rtlcClkX' in module 'msrv_soc_flopenr_pv2_29' has no pins
//  Warning: Net 'rtlcXXX' in module 'msrv_soc_flopenr_pv2_29' has no pins
//  Warning: Net 'rtlcClkX' in module 'msrv_soc_flopenr_pv3_30' has no pins
//  Warning: Net 'rtlcXXX' in module 'msrv_soc_flopenr_pv3_30' has no pins
//  Warning: Net 'rtlcClkX' in module 'msrv_soc_flopenr_pv4_29' has no pins
//  Warning: Net 'rtlcXXX' in module 'msrv_soc_flopenr_pv4_29' has no pins
//  Warning: Net 'rtlcClkX' in module 'msrv_soc_tlbcamline_30' has no pins
//  Warning: Net 'rtlcXXX' in module 'msrv_soc_tlbcamline_30' has no pins
//  Warning: Net 'rtlcClkX' in module 'msrv_soc_flopenr_pv2_30' has no pins
//  Warning: Net 'rtlcXXX' in module 'msrv_soc_flopenr_pv2_30' has no pins
//  Warning: Net 'rtlcClkX' in module 'msrv_soc_flopenr_pv3_31' has no pins
//  Warning: Net 'rtlcXXX' in module 'msrv_soc_flopenr_pv3_31' has no pins
//  Warning: Net 'rtlcClkX' in module 'msrv_soc_flopenr_pv4_30' has no pins
//  Warning: Net 'rtlcXXX' in module 'msrv_soc_flopenr_pv4_30' has no pins
//  Warning: Net 'rtlcClkX' in module 'msrv_soc_tlbcamline_31' has no pins
//  Warning: Net 'rtlcXXX' in module 'msrv_soc_tlbcamline_31' has no pins
//  Warning: Net 'rtlcClkX' in module 'msrv_soc_flopenr_pv2_31' has no pins
//  Warning: Net 'rtlcXXX' in module 'msrv_soc_flopenr_pv2_31' has no pins
//  Warning: Net 'rtlcClkX' in module 'msrv_soc_flopenr_pv3_32' has no pins
//  Warning: Net 'rtlcXXX' in module 'msrv_soc_flopenr_pv3_32' has no pins
//  Warning: Net 'rtlcClkX' in module 'msrv_soc_flopenr_pv4_31' has no pins
//  Warning: Net 'rtlcXXX' in module 'msrv_soc_flopenr_pv4_31' has no pins
//  Warning: Net 'rtlcClkX' in module 'msrv_soc_tlbcamline_32' has no pins
//  Warning: Net 'rtlcXXX' in module 'msrv_soc_tlbcamline_32' has no pins
//  Warning: Net 'rtlcClkX' in module 'msrv_soc_flopenr_pv2_32' has no pins
//  Warning: Net 'rtlcXXX' in module 'msrv_soc_flopenr_pv2_32' has no pins
//  Warning: Net 'rtlcClkX' in module 'msrv_soc_flopenr_pv3_33' has no pins
//  Warning: Net 'rtlcXXX' in module 'msrv_soc_flopenr_pv3_33' has no pins
//  Warning: Net 'rtlcClkX' in module 'msrv_soc_flopenr_pv4_32' has no pins
//  Warning: Net 'rtlcXXX' in module 'msrv_soc_flopenr_pv4_32' has no pins
//  Warning: Net 'rtlcClkX' in module 'msrv_soc_or_rows' has no pins
//  Warning: Net 'rtlcXXX' in module 'msrv_soc_or_rows' has no pins
//  Warning: Net 'rtlcClkX' in module 'msrv_soc_tlbram_1' has no pins
//  Warning: Net 'rtlcXXX' in module 'msrv_soc_tlbram_1' has no pins
//  Warning: Net '\genblk1.ptereg [0]' in module 'msrv_soc_tlbramline_1' has no pins
//  Warning: Net 'rtlcClkX' in module 'msrv_soc_tlbramline_1' has no pins
//  Warning: Net 'rtlcXXX' in module 'msrv_soc_tlbramline_1' has no pins
//  Warning: Net 'rtlcClkX' in module 'msrv_soc_flopenr_pv5_1' has no pins
//  Warning: Net 'rtlcXXX' in module 'msrv_soc_flopenr_pv5_1' has no pins
//  Warning: Net '\genblk1.ptereg [0]' in module 'msrv_soc_tlbramline_2' has no pins
//  Warning: Net 'rtlcClkX' in module 'msrv_soc_tlbramline_2' has no pins
//  Warning: Net 'rtlcXXX' in module 'msrv_soc_tlbramline_2' has no pins
//  Warning: Net 'rtlcClkX' in module 'msrv_soc_flopenr_pv5_2' has no pins
//  Warning: Net 'rtlcXXX' in module 'msrv_soc_flopenr_pv5_2' has no pins
//  Warning: Net '\genblk1.ptereg [0]' in module 'msrv_soc_tlbramline_3' has no pins
//  Warning: Net 'rtlcClkX' in module 'msrv_soc_tlbramline_3' has no pins
//  Warning: Net 'rtlcXXX' in module 'msrv_soc_tlbramline_3' has no pins
//  Warning: Net 'rtlcClkX' in module 'msrv_soc_flopenr_pv5_3' has no pins
//  Warning: Net 'rtlcXXX' in module 'msrv_soc_flopenr_pv5_3' has no pins
//  Warning: Net '\genblk1.ptereg [0]' in module 'msrv_soc_tlbramline_4' has no pins
//  Warning: Net 'rtlcClkX' in module 'msrv_soc_tlbramline_4' has no pins
//  Warning: Net 'rtlcXXX' in module 'msrv_soc_tlbramline_4' has no pins
//  Warning: Net 'rtlcClkX' in module 'msrv_soc_flopenr_pv5_4' has no pins
//  Warning: Net 'rtlcXXX' in module 'msrv_soc_flopenr_pv5_4' has no pins
//  Warning: Net '\genblk1.ptereg [0]' in module 'msrv_soc_tlbramline_5' has no pins
//  Warning: Net 'rtlcClkX' in module 'msrv_soc_tlbramline_5' has no pins
//  Warning: Net 'rtlcXXX' in module 'msrv_soc_tlbramline_5' has no pins
//  Warning: Net 'rtlcClkX' in module 'msrv_soc_flopenr_pv5_5' has no pins
//  Warning: Net 'rtlcXXX' in module 'msrv_soc_flopenr_pv5_5' has no pins
//  Warning: Net '\genblk1.ptereg [0]' in module 'msrv_soc_tlbramline_6' has no pins
//  Warning: Net 'rtlcClkX' in module 'msrv_soc_tlbramline_6' has no pins
//  Warning: Net 'rtlcXXX' in module 'msrv_soc_tlbramline_6' has no pins
//  Warning: Net 'rtlcClkX' in module 'msrv_soc_flopenr_pv5_6' has no pins
//  Warning: Net 'rtlcXXX' in module 'msrv_soc_flopenr_pv5_6' has no pins
//  Warning: Net '\genblk1.ptereg [0]' in module 'msrv_soc_tlbramline_7' has no pins
//  Warning: Net 'rtlcClkX' in module 'msrv_soc_tlbramline_7' has no pins
//  Warning: Net 'rtlcXXX' in module 'msrv_soc_tlbramline_7' has no pins
//  Warning: Net 'rtlcClkX' in module 'msrv_soc_flopenr_pv5_7' has no pins
//  Warning: Net 'rtlcXXX' in module 'msrv_soc_flopenr_pv5_7' has no pins
//  Warning: Net '\genblk1.ptereg [0]' in module 'msrv_soc_tlbramline_8' has no pins
//  Warning: Net 'rtlcClkX' in module 'msrv_soc_tlbramline_8' has no pins
//  Warning: Net 'rtlcXXX' in module 'msrv_soc_tlbramline_8' has no pins
//  Warning: Net 'rtlcClkX' in module 'msrv_soc_flopenr_pv5_8' has no pins
//  Warning: Net 'rtlcXXX' in module 'msrv_soc_flopenr_pv5_8' has no pins
//  Warning: Net '\genblk1.ptereg [0]' in module 'msrv_soc_tlbramline_9' has no pins
//  Warning: Net 'rtlcClkX' in module 'msrv_soc_tlbramline_9' has no pins
//  Warning: Net 'rtlcXXX' in module 'msrv_soc_tlbramline_9' has no pins
//  Warning: Net 'rtlcClkX' in module 'msrv_soc_flopenr_pv5_9' has no pins
//  Warning: Net 'rtlcXXX' in module 'msrv_soc_flopenr_pv5_9' has no pins
//  Warning: Net '\genblk1.ptereg [0]' in module 'msrv_soc_tlbramline_10' has no pins
//  Warning: Net 'rtlcClkX' in module 'msrv_soc_tlbramline_10' has no pins
//  Warning: Net 'rtlcXXX' in module 'msrv_soc_tlbramline_10' has no pins
//  Warning: Net 'rtlcClkX' in module 'msrv_soc_flopenr_pv5_10' has no pins
//  Warning: Net 'rtlcXXX' in module 'msrv_soc_flopenr_pv5_10' has no pins
//  Warning: Net '\genblk1.ptereg [0]' in module 'msrv_soc_tlbramline_11' has no pins
//  Warning: Net 'rtlcClkX' in module 'msrv_soc_tlbramline_11' has no pins
//  Warning: Net 'rtlcXXX' in module 'msrv_soc_tlbramline_11' has no pins
//  Warning: Net 'rtlcClkX' in module 'msrv_soc_flopenr_pv5_11' has no pins
//  Warning: Net 'rtlcXXX' in module 'msrv_soc_flopenr_pv5_11' has no pins
//  Warning: Net '\genblk1.ptereg [0]' in module 'msrv_soc_tlbramline_12' has no pins
//  Warning: Net 'rtlcClkX' in module 'msrv_soc_tlbramline_12' has no pins
//  Warning: Net 'rtlcXXX' in module 'msrv_soc_tlbramline_12' has no pins
//  Warning: Net 'rtlcClkX' in module 'msrv_soc_flopenr_pv5_12' has no pins
//  Warning: Net 'rtlcXXX' in module 'msrv_soc_flopenr_pv5_12' has no pins
//  Warning: Net '\genblk1.ptereg [0]' in module 'msrv_soc_tlbramline_13' has no pins
//  Warning: Net 'rtlcClkX' in module 'msrv_soc_tlbramline_13' has no pins
//  Warning: Net 'rtlcXXX' in module 'msrv_soc_tlbramline_13' has no pins
//  Warning: Net 'rtlcClkX' in module 'msrv_soc_flopenr_pv5_13' has no pins
//  Warning: Net 'rtlcXXX' in module 'msrv_soc_flopenr_pv5_13' has no pins
//  Warning: Net '\genblk1.ptereg [0]' in module 'msrv_soc_tlbramline_14' has no pins
//  Warning: Net 'rtlcClkX' in module 'msrv_soc_tlbramline_14' has no pins
//  Warning: Net 'rtlcXXX' in module 'msrv_soc_tlbramline_14' has no pins
//  Warning: Net 'rtlcClkX' in module 'msrv_soc_flopenr_pv5_14' has no pins
//  Warning: Net 'rtlcXXX' in module 'msrv_soc_flopenr_pv5_14' has no pins
//  Warning: Net '\genblk1.ptereg [0]' in module 'msrv_soc_tlbramline_15' has no pins
//  Warning: Net 'rtlcClkX' in module 'msrv_soc_tlbramline_15' has no pins
//  Warning: Net 'rtlcXXX' in module 'msrv_soc_tlbramline_15' has no pins
//  Warning: Net 'rtlcClkX' in module 'msrv_soc_flopenr_pv5_15' has no pins
//  Warning: Net 'rtlcXXX' in module 'msrv_soc_flopenr_pv5_15' has no pins
//  Warning: Net '\genblk1.ptereg [0]' in module 'msrv_soc_tlbramline_16' has no pins
//  Warning: Net 'rtlcClkX' in module 'msrv_soc_tlbramline_16' has no pins
//  Warning: Net 'rtlcXXX' in module 'msrv_soc_tlbramline_16' has no pins
//  Warning: Net 'rtlcClkX' in module 'msrv_soc_flopenr_pv5_16' has no pins
//  Warning: Net 'rtlcXXX' in module 'msrv_soc_flopenr_pv5_16' has no pins
//  Warning: Net '\genblk1.ptereg [0]' in module 'msrv_soc_tlbramline_17' has no pins
//  Warning: Net 'rtlcClkX' in module 'msrv_soc_tlbramline_17' has no pins
//  Warning: Net 'rtlcXXX' in module 'msrv_soc_tlbramline_17' has no pins
//  Warning: Net 'rtlcClkX' in module 'msrv_soc_flopenr_pv5_17' has no pins
//  Warning: Net 'rtlcXXX' in module 'msrv_soc_flopenr_pv5_17' has no pins
//  Warning: Net '\genblk1.ptereg [0]' in module 'msrv_soc_tlbramline_18' has no pins
//  Warning: Net 'rtlcClkX' in module 'msrv_soc_tlbramline_18' has no pins
//  Warning: Net 'rtlcXXX' in module 'msrv_soc_tlbramline_18' has no pins
//  Warning: Net 'rtlcClkX' in module 'msrv_soc_flopenr_pv5_18' has no pins
//  Warning: Net 'rtlcXXX' in module 'msrv_soc_flopenr_pv5_18' has no pins
//  Warning: Net '\genblk1.ptereg [0]' in module 'msrv_soc_tlbramline_19' has no pins
//  Warning: Net 'rtlcClkX' in module 'msrv_soc_tlbramline_19' has no pins
//  Warning: Net 'rtlcXXX' in module 'msrv_soc_tlbramline_19' has no pins
//  Warning: Net 'rtlcClkX' in module 'msrv_soc_flopenr_pv5_19' has no pins
//  Warning: Net 'rtlcXXX' in module 'msrv_soc_flopenr_pv5_19' has no pins
//  Warning: Net '\genblk1.ptereg [0]' in module 'msrv_soc_tlbramline_20' has no pins
//  Warning: Net 'rtlcClkX' in module 'msrv_soc_tlbramline_20' has no pins
//  Warning: Net 'rtlcXXX' in module 'msrv_soc_tlbramline_20' has no pins
//  Warning: Net 'rtlcClkX' in module 'msrv_soc_flopenr_pv5_20' has no pins
//  Warning: Net 'rtlcXXX' in module 'msrv_soc_flopenr_pv5_20' has no pins
//  Warning: Net '\genblk1.ptereg [0]' in module 'msrv_soc_tlbramline_21' has no pins
//  Warning: Net 'rtlcClkX' in module 'msrv_soc_tlbramline_21' has no pins
//  Warning: Net 'rtlcXXX' in module 'msrv_soc_tlbramline_21' has no pins
//  Warning: Net 'rtlcClkX' in module 'msrv_soc_flopenr_pv5_21' has no pins
//  Warning: Net 'rtlcXXX' in module 'msrv_soc_flopenr_pv5_21' has no pins
//  Warning: Net '\genblk1.ptereg [0]' in module 'msrv_soc_tlbramline_22' has no pins
//  Warning: Net 'rtlcClkX' in module 'msrv_soc_tlbramline_22' has no pins
//  Warning: Net 'rtlcXXX' in module 'msrv_soc_tlbramline_22' has no pins
//  Warning: Net 'rtlcClkX' in module 'msrv_soc_flopenr_pv5_22' has no pins
//  Warning: Net 'rtlcXXX' in module 'msrv_soc_flopenr_pv5_22' has no pins
//  Warning: Net '\genblk1.ptereg [0]' in module 'msrv_soc_tlbramline_23' has no pins
//  Warning: Net 'rtlcClkX' in module 'msrv_soc_tlbramline_23' has no pins
//  Warning: Net 'rtlcXXX' in module 'msrv_soc_tlbramline_23' has no pins
//  Warning: Net 'rtlcClkX' in module 'msrv_soc_flopenr_pv5_23' has no pins
//  Warning: Net 'rtlcXXX' in module 'msrv_soc_flopenr_pv5_23' has no pins
//  Warning: Net '\genblk1.ptereg [0]' in module 'msrv_soc_tlbramline_24' has no pins
//  Warning: Net 'rtlcClkX' in module 'msrv_soc_tlbramline_24' has no pins
//  Warning: Net 'rtlcXXX' in module 'msrv_soc_tlbramline_24' has no pins
//  Warning: Net 'rtlcClkX' in module 'msrv_soc_flopenr_pv5_24' has no pins
//  Warning: Net 'rtlcXXX' in module 'msrv_soc_flopenr_pv5_24' has no pins
//  Warning: Net '\genblk1.ptereg [0]' in module 'msrv_soc_tlbramline_25' has no pins
//  Warning: Net 'rtlcClkX' in module 'msrv_soc_tlbramline_25' has no pins
//  Warning: Net 'rtlcXXX' in module 'msrv_soc_tlbramline_25' has no pins
//  Warning: Net 'rtlcClkX' in module 'msrv_soc_flopenr_pv5_25' has no pins
//  Warning: Net 'rtlcXXX' in module 'msrv_soc_flopenr_pv5_25' has no pins
//  Warning: Net '\genblk1.ptereg [0]' in module 'msrv_soc_tlbramline_26' has no pins
//  Warning: Net 'rtlcClkX' in module 'msrv_soc_tlbramline_26' has no pins
//  Warning: Net 'rtlcXXX' in module 'msrv_soc_tlbramline_26' has no pins
//  Warning: Net 'rtlcClkX' in module 'msrv_soc_flopenr_pv5_26' has no pins
//  Warning: Net 'rtlcXXX' in module 'msrv_soc_flopenr_pv5_26' has no pins
//  Warning: Net '\genblk1.ptereg [0]' in module 'msrv_soc_tlbramline_27' has no pins
//  Warning: Net 'rtlcClkX' in module 'msrv_soc_tlbramline_27' has no pins
//  Warning: Net 'rtlcXXX' in module 'msrv_soc_tlbramline_27' has no pins
//  Warning: Net 'rtlcClkX' in module 'msrv_soc_flopenr_pv5_27' has no pins
//  Warning: Net 'rtlcXXX' in module 'msrv_soc_flopenr_pv5_27' has no pins
//  Warning: Net '\genblk1.ptereg [0]' in module 'msrv_soc_tlbramline_28' has no pins
//  Warning: Net 'rtlcClkX' in module 'msrv_soc_tlbramline_28' has no pins
//  Warning: Net 'rtlcXXX' in module 'msrv_soc_tlbramline_28' has no pins
//  Warning: Net 'rtlcClkX' in module 'msrv_soc_flopenr_pv5_28' has no pins
//  Warning: Net 'rtlcXXX' in module 'msrv_soc_flopenr_pv5_28' has no pins
//  Warning: Net '\genblk1.ptereg [0]' in module 'msrv_soc_tlbramline_29' has no pins
//  Warning: Net 'rtlcClkX' in module 'msrv_soc_tlbramline_29' has no pins
//  Warning: Net 'rtlcXXX' in module 'msrv_soc_tlbramline_29' has no pins
//  Warning: Net 'rtlcClkX' in module 'msrv_soc_flopenr_pv5_29' has no pins
//  Warning: Net 'rtlcXXX' in module 'msrv_soc_flopenr_pv5_29' has no pins
//  Warning: Net '\genblk1.ptereg [0]' in module 'msrv_soc_tlbramline_30' has no pins
//  Warning: Net 'rtlcClkX' in module 'msrv_soc_tlbramline_30' has no pins
//  Warning: Net 'rtlcXXX' in module 'msrv_soc_tlbramline_30' has no pins
//  Warning: Net 'rtlcClkX' in module 'msrv_soc_flopenr_pv5_30' has no pins
//  Warning: Net 'rtlcXXX' in module 'msrv_soc_flopenr_pv5_30' has no pins
//  Warning: Net '\genblk1.ptereg [0]' in module 'msrv_soc_tlbramline_31' has no pins
//  Warning: Net 'rtlcClkX' in module 'msrv_soc_tlbramline_31' has no pins
//  Warning: Net 'rtlcXXX' in module 'msrv_soc_tlbramline_31' has no pins
//  Warning: Net 'rtlcClkX' in module 'msrv_soc_flopenr_pv5_31' has no pins
//  Warning: Net 'rtlcXXX' in module 'msrv_soc_flopenr_pv5_31' has no pins
//  Warning: Net '\genblk1.ptereg [0]' in module 'msrv_soc_tlbramline_32' has no pins
//  Warning: Net 'rtlcClkX' in module 'msrv_soc_tlbramline_32' has no pins
//  Warning: Net 'rtlcXXX' in module 'msrv_soc_tlbramline_32' has no pins
//  Warning: Net 'rtlcClkX' in module 'msrv_soc_flopenr_pv5_32' has no pins
//  Warning: Net 'rtlcXXX' in module 'msrv_soc_flopenr_pv5_32' has no pins
//  Warning: Net 'rtlcClkX' in module 'msrv_soc_or_rows_pv1' has no pins
//  Warning: Net 'rtlcXXX' in module 'msrv_soc_or_rows_pv1' has no pins
//  Warning: Net 'rtlcClkX' in module 'msrv_soc_tlbmixer' has no pins
//  Warning: Net 'rtlcXXX' in module 'msrv_soc_tlbmixer' has no pins
//  Warning: Net 'rtlcClkX' in module 'msrv_soc_mux4' has no pins
//  Warning: Net 'rtlcXXX' in module 'msrv_soc_mux4' has no pins
//  Warning: Net 'rtlcClkX' in module 'msrv_soc_mux2_pv2' has no pins
//  Warning: Net 'rtlcXXX' in module 'msrv_soc_mux2_pv2' has no pins
//  Warning: Net 'rtlc0n2' in module 'msrv_soc_pmpchecker' has no pins
//  Warning: Net 'rtlcClkX' in module 'msrv_soc_pmpchecker' has no pins
//  Warning: Net 'rtlcXXX' in module 'msrv_soc_pmpchecker' has no pins
//  Warning: Net 'rtlcClkX' in module 'msrv_soc_priorityonehot_pv1' has no pins
//  Warning: Net 'rtlcXXX' in module 'msrv_soc_priorityonehot_pv1' has no pins
//  Warning: Net 'rtlcClkX' in module 'msrv_soc_pmpadrdec' has no pins
//  Warning: Net 'rtlcXXX' in module 'msrv_soc_pmpadrdec' has no pins
//  Warning: Net 'rtlcN_out_mux0' in module 'M_RTLSIM_MUXN_4_2' has no pins
//  Warning: Net '\fetchbuffer[0].CaptureBeat [7]' in module 'msrv_soc_ahbcacheinterface' has no pins
//  Warning: Net '\fetchbuffer[0].CaptureBeat [6]' in module 'msrv_soc_ahbcacheinterface' has no pins
//  Warning: Net '\fetchbuffer[0].CaptureBeat [5]' in module 'msrv_soc_ahbcacheinterface' has no pins
//  Warning: Net '\fetchbuffer[0].CaptureBeat [4]' in module 'msrv_soc_ahbcacheinterface' has no pins
//  Warning: Net '\fetchbuffer[0].CaptureBeat [3]' in module 'msrv_soc_ahbcacheinterface' has no pins
//  Warning: Net '\fetchbuffer[0].CaptureBeat [2]' in module 'msrv_soc_ahbcacheinterface' has no pins
//  Warning: Net '\fetchbuffer[0].CaptureBeat [1]' in module 'msrv_soc_ahbcacheinterface' has no pins
//  Warning: Net '\fetchbuffer[1].CaptureBeat [7]' in module 'msrv_soc_ahbcacheinterface' has no pins
//  Warning: Net '\fetchbuffer[1].CaptureBeat [6]' in module 'msrv_soc_ahbcacheinterface' has no pins
//  Warning: Net '\fetchbuffer[1].CaptureBeat [5]' in module 'msrv_soc_ahbcacheinterface' has no pins
//  Warning: Net '\fetchbuffer[1].CaptureBeat [4]' in module 'msrv_soc_ahbcacheinterface' has no pins
//  Warning: Net '\fetchbuffer[1].CaptureBeat [3]' in module 'msrv_soc_ahbcacheinterface' has no pins
//  Warning: Net '\fetchbuffer[1].CaptureBeat [2]' in module 'msrv_soc_ahbcacheinterface' has no pins
//  Warning: Net '\fetchbuffer[1].CaptureBeat [0]' in module 'msrv_soc_ahbcacheinterface' has no pins
//  Warning: Net '\fetchbuffer[2].CaptureBeat [7]' in module 'msrv_soc_ahbcacheinterface' has no pins
//  Warning: Net '\fetchbuffer[2].CaptureBeat [6]' in module 'msrv_soc_ahbcacheinterface' has no pins
//  Warning: Net '\fetchbuffer[2].CaptureBeat [5]' in module 'msrv_soc_ahbcacheinterface' has no pins
//  Warning: Net '\fetchbuffer[2].CaptureBeat [4]' in module 'msrv_soc_ahbcacheinterface' has no pins
//  Warning: Net '\fetchbuffer[2].CaptureBeat [3]' in module 'msrv_soc_ahbcacheinterface' has no pins
//  Warning: Net '\fetchbuffer[2].CaptureBeat [1]' in module 'msrv_soc_ahbcacheinterface' has no pins
//  Warning: Net '\fetchbuffer[2].CaptureBeat [0]' in module 'msrv_soc_ahbcacheinterface' has no pins
//  Warning: Net '\fetchbuffer[3].CaptureBeat [7]' in module 'msrv_soc_ahbcacheinterface' has no pins
//  Warning: Net '\fetchbuffer[3].CaptureBeat [6]' in module 'msrv_soc_ahbcacheinterface' has no pins
//  Warning: Net '\fetchbuffer[3].CaptureBeat [5]' in module 'msrv_soc_ahbcacheinterface' has no pins
//  Warning: Net '\fetchbuffer[3].CaptureBeat [4]' in module 'msrv_soc_ahbcacheinterface' has no pins
//  Warning: Net '\fetchbuffer[3].CaptureBeat [2]' in module 'msrv_soc_ahbcacheinterface' has no pins
//  Warning: Net '\fetchbuffer[3].CaptureBeat [1]' in module 'msrv_soc_ahbcacheinterface' has no pins
//  Warning: Net '\fetchbuffer[3].CaptureBeat [0]' in module 'msrv_soc_ahbcacheinterface' has no pins
//  Warning: Net '\fetchbuffer[4].CaptureBeat [7]' in module 'msrv_soc_ahbcacheinterface' has no pins
//  Warning: Net '\fetchbuffer[4].CaptureBeat [6]' in module 'msrv_soc_ahbcacheinterface' has no pins
//  Warning: Net '\fetchbuffer[4].CaptureBeat [5]' in module 'msrv_soc_ahbcacheinterface' has no pins
//  Warning: Net '\fetchbuffer[4].CaptureBeat [3]' in module 'msrv_soc_ahbcacheinterface' has no pins
//  Warning: Net '\fetchbuffer[4].CaptureBeat [2]' in module 'msrv_soc_ahbcacheinterface' has no pins
//  Warning: Net '\fetchbuffer[4].CaptureBeat [1]' in module 'msrv_soc_ahbcacheinterface' has no pins
//  Warning: Net '\fetchbuffer[4].CaptureBeat [0]' in module 'msrv_soc_ahbcacheinterface' has no pins
//  Warning: Net '\fetchbuffer[5].CaptureBeat [7]' in module 'msrv_soc_ahbcacheinterface' has no pins
//  Warning: Net '\fetchbuffer[5].CaptureBeat [6]' in module 'msrv_soc_ahbcacheinterface' has no pins
//  Warning: Net '\fetchbuffer[5].CaptureBeat [4]' in module 'msrv_soc_ahbcacheinterface' has no pins
//  Warning: Net '\fetchbuffer[5].CaptureBeat [3]' in module 'msrv_soc_ahbcacheinterface' has no pins
//  Warning: Net '\fetchbuffer[5].CaptureBeat [2]' in module 'msrv_soc_ahbcacheinterface' has no pins
//  Warning: Net '\fetchbuffer[5].CaptureBeat [1]' in module 'msrv_soc_ahbcacheinterface' has no pins
//  Warning: Net '\fetchbuffer[5].CaptureBeat [0]' in module 'msrv_soc_ahbcacheinterface' has no pins
//  Warning: Net '\fetchbuffer[6].CaptureBeat [7]' in module 'msrv_soc_ahbcacheinterface' has no pins
//  Warning: Net '\fetchbuffer[6].CaptureBeat [5]' in module 'msrv_soc_ahbcacheinterface' has no pins
//  Warning: Net '\fetchbuffer[6].CaptureBeat [4]' in module 'msrv_soc_ahbcacheinterface' has no pins
//  Warning: Net '\fetchbuffer[6].CaptureBeat [3]' in module 'msrv_soc_ahbcacheinterface' has no pins
//  Warning: Net '\fetchbuffer[6].CaptureBeat [2]' in module 'msrv_soc_ahbcacheinterface' has no pins
//  Warning: Net '\fetchbuffer[6].CaptureBeat [1]' in module 'msrv_soc_ahbcacheinterface' has no pins
//  Warning: Net '\fetchbuffer[6].CaptureBeat [0]' in module 'msrv_soc_ahbcacheinterface' has no pins
//  Warning: Net '\fetchbuffer[7].CaptureBeat [6]' in module 'msrv_soc_ahbcacheinterface' has no pins
//  Warning: Net '\fetchbuffer[7].CaptureBeat [5]' in module 'msrv_soc_ahbcacheinterface' has no pins
//  Warning: Net '\fetchbuffer[7].CaptureBeat [4]' in module 'msrv_soc_ahbcacheinterface' has no pins
//  Warning: Net '\fetchbuffer[7].CaptureBeat [3]' in module 'msrv_soc_ahbcacheinterface' has no pins
//  Warning: Net '\fetchbuffer[7].CaptureBeat [2]' in module 'msrv_soc_ahbcacheinterface' has no pins
//  Warning: Net '\fetchbuffer[7].CaptureBeat [1]' in module 'msrv_soc_ahbcacheinterface' has no pins
//  Warning: Net '\fetchbuffer[7].CaptureBeat [0]' in module 'msrv_soc_ahbcacheinterface' has no pins
//  Warning: Net 'rtlcClkX' in module 'msrv_soc_ahbcacheinterface' has no pins
//  Warning: Net 'rtlcXXX' in module 'msrv_soc_ahbcacheinterface' has no pins
//  Warning: Net 'rtlcClkX' in module 'msrv_soc_mux2_pv4' has no pins
//  Warning: Net 'rtlcXXX' in module 'msrv_soc_mux2_pv4' has no pins
//  Warning: Net 'rtlcClkX' in module 'msrv_soc_mux2_pv5' has no pins
//  Warning: Net 'rtlcXXX' in module 'msrv_soc_mux2_pv5' has no pins
//  Warning: Net 'rtlcClkX' in module 'msrv_soc_flopen_2' has no pins
//  Warning: Net 'rtlcXXX' in module 'msrv_soc_flopen_2' has no pins
//  Warning: Net 'rtlc0n25' in module 'msrv_soc_buscachefsm' has no pins
//  Warning: Net 'rtlcClkX' in module 'msrv_soc_buscachefsm' has no pins
//  Warning: Net 'rtlcXXX' in module 'msrv_soc_buscachefsm' has no pins
//  Warning: Net 'rtlcClkX' in module 'msrv_soc_flopenr_pv6_1' has no pins
//  Warning: Net 'rtlcXXX' in module 'msrv_soc_flopenr_pv6_1' has no pins
//  Warning: Net 'rtlcClkX' in module 'msrv_soc_flopenr_pv6_2' has no pins
//  Warning: Net 'rtlcXXX' in module 'msrv_soc_flopenr_pv6_2' has no pins
//  Warning: Net 'rtlcClkX' in module 'msrv_soc_flopen_3' has no pins
//  Warning: Net 'rtlcXXX' in module 'msrv_soc_flopen_3' has no pins
//  Warning: Net 'rtlcClkX' in module 'msrv_soc_flopen_4' has no pins
//  Warning: Net 'rtlcXXX' in module 'msrv_soc_flopen_4' has no pins
//  Warning: Net 'rtlcClkX' in module 'msrv_soc_flopen_5' has no pins
//  Warning: Net 'rtlcXXX' in module 'msrv_soc_flopen_5' has no pins
//  Warning: Net 'rtlcClkX' in module 'msrv_soc_flopen_6' has no pins
//  Warning: Net 'rtlcXXX' in module 'msrv_soc_flopen_6' has no pins
//  Warning: Net 'rtlcClkX' in module 'msrv_soc_flopen_7' has no pins
//  Warning: Net 'rtlcXXX' in module 'msrv_soc_flopen_7' has no pins
//  Warning: Net 'rtlcClkX' in module 'msrv_soc_flopen_8' has no pins
//  Warning: Net 'rtlcXXX' in module 'msrv_soc_flopen_8' has no pins
//  Warning: Net 'rtlcClkX' in module 'msrv_soc_flopen_9' has no pins
//  Warning: Net 'rtlcXXX' in module 'msrv_soc_flopen_9' has no pins
//  Warning: Net 'rtlcClkX' in module 'msrv_soc_flopen_10' has no pins
//  Warning: Net 'rtlcXXX' in module 'msrv_soc_flopen_10' has no pins
//  Warning: Net 'rtlcClkX' in module 'msrv_soc_mux3' has no pins
//  Warning: Net 'rtlcXXX' in module 'msrv_soc_mux3' has no pins
//  Warning: Net 'rtlcClkX' in module 'msrv_soc_mux4_pv1' has no pins
//  Warning: Net 'rtlcXXX' in module 'msrv_soc_mux4_pv1' has no pins
//  Warning: Net 'RASTargetWrongE' in module 'msrv_soc_bpred' has no pins
//  Warning: Net 'BPBranchD' in module 'msrv_soc_bpred' has no pins
//  Warning: Net 'BPJumpD' in module 'msrv_soc_bpred' has no pins
//  Warning: Net 'BPReturnD' in module 'msrv_soc_bpred' has no pins
//  Warning: Net 'BPCallD' in module 'msrv_soc_bpred' has no pins
//  Warning: Net 'rtlc0n7' in module 'msrv_soc_bpred' has no pins
//  Warning: Net 'rtlc0n12' in module 'msrv_soc_bpred' has no pins
//  Warning: Net 'rtlcClkX' in module 'msrv_soc_bpred' has no pins
//  Warning: Net 'rtlcXXX' in module 'msrv_soc_bpred' has no pins
//  Warning: Net 'rtlcClkX' in module 'msrv_soc_flopenrc_pv2_1' has no pins
//  Warning: Net 'rtlcXXX' in module 'msrv_soc_flopenrc_pv2_1' has no pins
//  Warning: Net 'PCW[0]' in module 'msrv_soc_btb' has no pins
//  Warning: Net 'rtlc0n19' in module 'msrv_soc_btb' has no pins
//  Warning: Net 'rtlcClkX' in module 'msrv_soc_btb' has no pins
//  Warning: Net 'rtlcXXX' in module 'msrv_soc_btb' has no pins
//  Warning: Net 'rtlcClkX' in module 'msrv_soc_flopenrc_pv3_2' has no pins
//  Warning: Net 'rtlcXXX' in module 'msrv_soc_flopenrc_pv3_2' has no pins
//  Warning: Net 'rtlcClkX' in module 'msrv_soc_flopenrc_pv3_3' has no pins
//  Warning: Net 'rtlcXXX' in module 'msrv_soc_flopenrc_pv3_3' has no pins
//  Warning: Net 'rtlcClkX' in module 'msrv_soc_flopenrc_pv2_2' has no pins
//  Warning: Net 'rtlcXXX' in module 'msrv_soc_flopenrc_pv2_2' has no pins
//  Warning: Net 'rtlcClkX' in module 'msrv_soc_flopenr_pv8_2' has no pins
//  Warning: Net 'rtlcXXX' in module 'msrv_soc_flopenr_pv8_2' has no pins
//  Warning: Net 'rtlcClkX' in module 'msrv_soc_flopenr_pv8_3' has no pins
//  Warning: Net 'rtlcXXX' in module 'msrv_soc_flopenr_pv8_3' has no pins
//  Warning: Net 'rtlc0n57[2]' in module 'msrv_soc_icpred' has no pins
//  Warning: Net 'rtlcClkX' in module 'msrv_soc_icpred' has no pins
//  Warning: Net 'rtlcXXX' in module 'msrv_soc_icpred' has no pins
//  Warning: Net 'rtlcClkX' in module 'msrv_soc_flopenrc_pv1_1' has no pins
//  Warning: Net 'rtlcXXX' in module 'msrv_soc_flopenrc_pv1_1' has no pins
//  Warning: Net 'rtlcClkX' in module 'msrv_soc_flopenrc_pv4_1' has no pins
//  Warning: Net 'rtlcXXX' in module 'msrv_soc_flopenrc_pv4_1' has no pins
//  Warning: Net 'rtlcClkX' in module 'msrv_soc_flopenrc_pv4_2' has no pins
//  Warning: Net 'rtlcXXX' in module 'msrv_soc_flopenrc_pv4_2' has no pins
//  Warning: Net 'rtlcClkX' in module 'msrv_soc_flopenrc_pv2_3' has no pins
//  Warning: Net 'rtlcXXX' in module 'msrv_soc_flopenrc_pv2_3' has no pins
//  Warning: Net 'rtlcClkX' in module 'msrv_soc_flopenrc_pv2_4' has no pins
//  Warning: Net 'rtlcXXX' in module 'msrv_soc_flopenrc_pv2_4' has no pins
//  Warning: Net 'rtlcClkX' in module 'msrv_soc_flopenrc_pv4_3' has no pins
//  Warning: Net 'rtlcXXX' in module 'msrv_soc_flopenrc_pv4_3' has no pins
//  Warning: Net 'rtlc1n0[63]' in module 'msrv_soc_RASPredictor' has no pins
//  Warning: Net 'rtlc1n0[62]' in module 'msrv_soc_RASPredictor' has no pins
//  Warning: Net 'rtlc1n0[61]' in module 'msrv_soc_RASPredictor' has no pins
//  Warning: Net 'rtlc1n0[60]' in module 'msrv_soc_RASPredictor' has no pins
//  Warning: Net 'rtlc1n0[59]' in module 'msrv_soc_RASPredictor' has no pins
//  Warning: Net 'rtlc1n0[58]' in module 'msrv_soc_RASPredictor' has no pins
//  Warning: Net 'rtlc1n0[57]' in module 'msrv_soc_RASPredictor' has no pins
//  Warning: Net 'rtlc1n0[56]' in module 'msrv_soc_RASPredictor' has no pins
//  Warning: Net 'rtlc1n0[55]' in module 'msrv_soc_RASPredictor' has no pins
//  Warning: Net 'rtlc1n0[54]' in module 'msrv_soc_RASPredictor' has no pins
//  Warning: Net 'rtlc1n0[53]' in module 'msrv_soc_RASPredictor' has no pins
//  Warning: Net 'rtlc1n0[52]' in module 'msrv_soc_RASPredictor' has no pins
//  Warning: Net 'rtlc1n0[51]' in module 'msrv_soc_RASPredictor' has no pins
//  Warning: Net 'rtlc1n0[50]' in module 'msrv_soc_RASPredictor' has no pins
//  Warning: Net 'rtlc1n0[49]' in module 'msrv_soc_RASPredictor' has no pins
//  Warning: Net 'rtlc1n0[48]' in module 'msrv_soc_RASPredictor' has no pins
//  Warning: Net 'rtlc1n0[47]' in module 'msrv_soc_RASPredictor' has no pins
//  Warning: Net 'rtlc1n0[46]' in module 'msrv_soc_RASPredictor' has no pins
//  Warning: Net 'rtlc1n0[45]' in module 'msrv_soc_RASPredictor' has no pins
//  Warning: Net 'rtlc1n0[44]' in module 'msrv_soc_RASPredictor' has no pins
//  Warning: Net 'rtlc1n0[43]' in module 'msrv_soc_RASPredictor' has no pins
//  Warning: Net 'rtlc1n0[42]' in module 'msrv_soc_RASPredictor' has no pins
//  Warning: Net 'rtlc1n0[41]' in module 'msrv_soc_RASPredictor' has no pins
//  Warning: Net 'rtlc1n0[40]' in module 'msrv_soc_RASPredictor' has no pins
//  Warning: Net 'rtlc1n0[39]' in module 'msrv_soc_RASPredictor' has no pins
//  Warning: Net 'rtlc1n0[38]' in module 'msrv_soc_RASPredictor' has no pins
//  Warning: Net 'rtlc1n0[37]' in module 'msrv_soc_RASPredictor' has no pins
//  Warning: Net 'rtlc1n0[36]' in module 'msrv_soc_RASPredictor' has no pins
//  Warning: Net 'rtlc1n0[35]' in module 'msrv_soc_RASPredictor' has no pins
//  Warning: Net 'rtlc1n0[34]' in module 'msrv_soc_RASPredictor' has no pins
//  Warning: Net 'rtlc1n0[33]' in module 'msrv_soc_RASPredictor' has no pins
//  Warning: Net 'rtlc1n0[32]' in module 'msrv_soc_RASPredictor' has no pins
//  Warning: Net 'rtlc1n0[31]' in module 'msrv_soc_RASPredictor' has no pins
//  Warning: Net 'rtlc1n0[30]' in module 'msrv_soc_RASPredictor' has no pins
//  Warning: Net 'rtlc1n0[29]' in module 'msrv_soc_RASPredictor' has no pins
//  Warning: Net 'rtlc1n0[28]' in module 'msrv_soc_RASPredictor' has no pins
//  Warning: Net 'rtlc1n0[27]' in module 'msrv_soc_RASPredictor' has no pins
//  Warning: Net 'rtlc1n0[26]' in module 'msrv_soc_RASPredictor' has no pins
//  Warning: Net 'rtlc1n0[25]' in module 'msrv_soc_RASPredictor' has no pins
//  Warning: Net 'rtlc1n0[24]' in module 'msrv_soc_RASPredictor' has no pins
//  Warning: Net 'rtlc1n0[23]' in module 'msrv_soc_RASPredictor' has no pins
//  Warning: Net 'rtlc1n0[22]' in module 'msrv_soc_RASPredictor' has no pins
//  Warning: Net 'rtlc1n0[21]' in module 'msrv_soc_RASPredictor' has no pins
//  Warning: Net 'rtlc1n0[20]' in module 'msrv_soc_RASPredictor' has no pins
//  Warning: Net 'rtlc1n0[19]' in module 'msrv_soc_RASPredictor' has no pins
//  Warning: Net 'rtlc1n0[18]' in module 'msrv_soc_RASPredictor' has no pins
//  Warning: Net 'rtlc1n0[17]' in module 'msrv_soc_RASPredictor' has no pins
//  Warning: Net 'rtlc1n0[16]' in module 'msrv_soc_RASPredictor' has no pins
//  Warning: Net 'rtlc1n0[15]' in module 'msrv_soc_RASPredictor' has no pins
//  Warning: Net 'rtlc1n0[14]' in module 'msrv_soc_RASPredictor' has no pins
//  Warning: Net 'rtlc1n0[13]' in module 'msrv_soc_RASPredictor' has no pins
//  Warning: Net 'rtlc1n0[12]' in module 'msrv_soc_RASPredictor' has no pins
//  Warning: Net 'rtlc1n0[11]' in module 'msrv_soc_RASPredictor' has no pins
//  Warning: Net 'rtlc1n0[10]' in module 'msrv_soc_RASPredictor' has no pins
//  Warning: Net 'rtlc1n0[9]' in module 'msrv_soc_RASPredictor' has no pins
//  Warning: Net 'rtlc1n0[8]' in module 'msrv_soc_RASPredictor' has no pins
//  Warning: Net 'rtlc1n0[7]' in module 'msrv_soc_RASPredictor' has no pins
//  Warning: Net 'rtlc1n0[6]' in module 'msrv_soc_RASPredictor' has no pins
//  Warning: Net 'rtlc1n0[5]' in module 'msrv_soc_RASPredictor' has no pins
//  Warning: Net 'rtlc1n0[4]' in module 'msrv_soc_RASPredictor' has no pins
//  Warning: Net 'rtlc1n0[3]' in module 'msrv_soc_RASPredictor' has no pins
//  Warning: Net 'rtlc1n0[2]' in module 'msrv_soc_RASPredictor' has no pins
//  Warning: Net 'rtlc1n0[1]' in module 'msrv_soc_RASPredictor' has no pins
//  Warning: Net 'rtlc1n0[0]' in module 'msrv_soc_RASPredictor' has no pins
//  Warning: Net 'Ptr[0]' in module 'msrv_soc_RASPredictor' has no pins
//  Warning: Net 'rtlcClkX' in module 'msrv_soc_RASPredictor' has no pins
//  Warning: Net 'rtlcXXX' in module 'msrv_soc_RASPredictor' has no pins
//  Warning: Net 'rtlcClkX' in module 'msrv_soc_flopenr_pv9_1' has no pins
//  Warning: Net 'rtlcXXX' in module 'msrv_soc_flopenr_pv9_1' has no pins
//  Warning: Net 'rtlcClkX' in module 'msrv_soc_flopenrc_pv2_5' has no pins
//  Warning: Net 'rtlcXXX' in module 'msrv_soc_flopenrc_pv2_5' has no pins
//  Warning: Floating input 'wd2[67]' at instance 'PHT' in module 'msrv_soc_gshare'
//  Warning: Floating input 'wd2[66]' at instance 'PHT' in module 'msrv_soc_gshare'
//  Warning: Floating input 'wd2[65]' at instance 'PHT' in module 'msrv_soc_gshare'
//  Warning: Floating input 'wd2[64]' at instance 'PHT' in module 'msrv_soc_gshare'
//  Warning: Floating input 'wd2[63]' at instance 'PHT' in module 'msrv_soc_gshare'
//  Warning: Floating input 'wd2[62]' at instance 'PHT' in module 'msrv_soc_gshare'
//  Warning: Floating input 'wd2[61]' at instance 'PHT' in module 'msrv_soc_gshare'
//  Warning: Floating input 'wd2[60]' at instance 'PHT' in module 'msrv_soc_gshare'
//  Warning: Floating input 'wd2[59]' at instance 'PHT' in module 'msrv_soc_gshare'
//  Warning: Floating input 'wd2[58]' at instance 'PHT' in module 'msrv_soc_gshare'
//  Warning: Floating input 'wd2[57]' at instance 'PHT' in module 'msrv_soc_gshare'
//  Warning: Floating input 'wd2[56]' at instance 'PHT' in module 'msrv_soc_gshare'
//  Warning: Floating input 'wd2[55]' at instance 'PHT' in module 'msrv_soc_gshare'
//  Warning: Floating input 'wd2[54]' at instance 'PHT' in module 'msrv_soc_gshare'
//  Warning: Floating input 'wd2[53]' at instance 'PHT' in module 'msrv_soc_gshare'
//  Warning: Floating input 'wd2[52]' at instance 'PHT' in module 'msrv_soc_gshare'
//  Warning: Floating input 'wd2[51]' at instance 'PHT' in module 'msrv_soc_gshare'
//  Warning: Floating input 'wd2[50]' at instance 'PHT' in module 'msrv_soc_gshare'
//  Warning: Floating input 'wd2[49]' at instance 'PHT' in module 'msrv_soc_gshare'
//  Warning: Floating input 'wd2[48]' at instance 'PHT' in module 'msrv_soc_gshare'
//  Warning: Floating input 'wd2[47]' at instance 'PHT' in module 'msrv_soc_gshare'
//  Warning: Floating input 'wd2[46]' at instance 'PHT' in module 'msrv_soc_gshare'
//  Warning: Floating input 'wd2[45]' at instance 'PHT' in module 'msrv_soc_gshare'
//  Warning: Floating input 'wd2[44]' at instance 'PHT' in module 'msrv_soc_gshare'
//  Warning: Floating input 'wd2[43]' at instance 'PHT' in module 'msrv_soc_gshare'
//  Warning: Floating input 'wd2[42]' at instance 'PHT' in module 'msrv_soc_gshare'
//  Warning: Floating input 'wd2[41]' at instance 'PHT' in module 'msrv_soc_gshare'
//  Warning: Floating input 'wd2[40]' at instance 'PHT' in module 'msrv_soc_gshare'
//  Warning: Floating input 'wd2[39]' at instance 'PHT' in module 'msrv_soc_gshare'
//  Warning: Floating input 'wd2[38]' at instance 'PHT' in module 'msrv_soc_gshare'
//  Warning: Floating input 'wd2[37]' at instance 'PHT' in module 'msrv_soc_gshare'
//  Warning: Floating input 'wd2[36]' at instance 'PHT' in module 'msrv_soc_gshare'
//  Warning: Floating input 'wd2[35]' at instance 'PHT' in module 'msrv_soc_gshare'
//  Warning: Floating input 'wd2[34]' at instance 'PHT' in module 'msrv_soc_gshare'
//  Warning: Floating input 'wd2[33]' at instance 'PHT' in module 'msrv_soc_gshare'
//  Warning: Floating input 'wd2[32]' at instance 'PHT' in module 'msrv_soc_gshare'
//  Warning: Floating input 'wd2[31]' at instance 'PHT' in module 'msrv_soc_gshare'
//  Warning: Floating input 'wd2[30]' at instance 'PHT' in module 'msrv_soc_gshare'
//  Warning: Floating input 'wd2[29]' at instance 'PHT' in module 'msrv_soc_gshare'
//  Warning: Floating input 'wd2[28]' at instance 'PHT' in module 'msrv_soc_gshare'
//  Warning: Floating input 'wd2[27]' at instance 'PHT' in module 'msrv_soc_gshare'
//  Warning: Floating input 'wd2[26]' at instance 'PHT' in module 'msrv_soc_gshare'
//  Warning: Floating input 'wd2[25]' at instance 'PHT' in module 'msrv_soc_gshare'
//  Warning: Floating input 'wd2[24]' at instance 'PHT' in module 'msrv_soc_gshare'
//  Warning: Floating input 'wd2[23]' at instance 'PHT' in module 'msrv_soc_gshare'
//  Warning: Floating input 'wd2[22]' at instance 'PHT' in module 'msrv_soc_gshare'
//  Warning: Floating input 'wd2[21]' at instance 'PHT' in module 'msrv_soc_gshare'
//  Warning: Floating input 'wd2[20]' at instance 'PHT' in module 'msrv_soc_gshare'
//  Warning: Floating input 'wd2[19]' at instance 'PHT' in module 'msrv_soc_gshare'
//  Warning: Floating input 'wd2[18]' at instance 'PHT' in module 'msrv_soc_gshare'
//  Warning: Floating input 'wd2[17]' at instance 'PHT' in module 'msrv_soc_gshare'
//  Warning: Floating input 'wd2[16]' at instance 'PHT' in module 'msrv_soc_gshare'
//  Warning: Floating input 'wd2[15]' at instance 'PHT' in module 'msrv_soc_gshare'
//  Warning: Floating input 'wd2[14]' at instance 'PHT' in module 'msrv_soc_gshare'
//  Warning: Floating input 'wd2[13]' at instance 'PHT' in module 'msrv_soc_gshare'
//  Warning: Floating input 'wd2[12]' at instance 'PHT' in module 'msrv_soc_gshare'
//  Warning: Floating input 'wd2[11]' at instance 'PHT' in module 'msrv_soc_gshare'
//  Warning: Floating input 'wd2[10]' at instance 'PHT' in module 'msrv_soc_gshare'
//  Warning: Floating input 'wd2[9]' at instance 'PHT' in module 'msrv_soc_gshare'
//  Warning: Floating input 'wd2[8]' at instance 'PHT' in module 'msrv_soc_gshare'
//  Warning: Floating input 'wd2[7]' at instance 'PHT' in module 'msrv_soc_gshare'
//  Warning: Floating input 'wd2[6]' at instance 'PHT' in module 'msrv_soc_gshare'
//  Warning: Floating input 'wd2[5]' at instance 'PHT' in module 'msrv_soc_gshare'
//  Warning: Floating input 'wd2[4]' at instance 'PHT' in module 'msrv_soc_gshare'
//  Warning: Floating input 'wd2[3]' at instance 'PHT' in module 'msrv_soc_gshare'
//  Warning: Floating input 'wd2[2]' at instance 'PHT' in module 'msrv_soc_gshare'
//  Warning: Net 'BPDirE[0]' in module 'msrv_soc_gshare' has no pins
//  Warning: Net 'rtlc0n21' in module 'msrv_soc_gshare' has no pins
//  Warning: Net 'rtlcClkX' in module 'msrv_soc_gshare' has no pins
//  Warning: Net 'rtlcXXX' in module 'msrv_soc_gshare' has no pins
//  Warning: Net 'rtlcClkX' in module 'msrv_soc_flopenrc' has no pins
//  Warning: Net 'rtlcXXX' in module 'msrv_soc_flopenrc' has no pins
//  Warning: Net 'rtlcClkX' in module 'msrv_soc_flopenrc_pv1_2' has no pins
//  Warning: Net 'rtlcXXX' in module 'msrv_soc_flopenrc_pv1_2' has no pins
//  Warning: Net 'rtlcClkX' in module 'msrv_soc_flopenrc_pv1_3' has no pins
//  Warning: Net 'rtlcXXX' in module 'msrv_soc_flopenrc_pv1_3' has no pins
//  Warning: Net 'rtlcClkX' in module 'msrv_soc_satCounter2' has no pins
//  Warning: Net 'rtlcXXX' in module 'msrv_soc_satCounter2' has no pins
//  Warning: Net 'rtlcClkX' in module 'msrv_soc_flopenrc_pv1_4' has no pins
//  Warning: Net 'rtlcXXX' in module 'msrv_soc_flopenrc_pv1_4' has no pins
//  Warning: Net 'rtlcClkX' in module 'msrv_soc_flopenrc_pv1_5' has no pins
//  Warning: Net 'rtlcXXX' in module 'msrv_soc_flopenrc_pv1_5' has no pins
//  Warning: Net 'rtlcClkX' in module 'msrv_soc_flopenr_pv7' has no pins
//  Warning: Net 'rtlcXXX' in module 'msrv_soc_flopenr_pv7' has no pins
//  Warning: Net 'rtlcClkX' in module 'msrv_soc_flopenrc_pv2_6' has no pins
//  Warning: Net 'rtlcXXX' in module 'msrv_soc_flopenrc_pv2_6' has no pins
//  Warning: Net 'rtlcClkX' in module 'msrv_soc_flopenrc_pv3_4' has no pins
//  Warning: Net 'rtlcXXX' in module 'msrv_soc_flopenrc_pv3_4' has no pins
//  Warning: Net 'rtlcClkX' in module 'msrv_soc_flopenrc_pv3_5' has no pins
//  Warning: Net 'rtlcXXX' in module 'msrv_soc_flopenrc_pv3_5' has no pins
//  Warning: Net 'rtlcClkX' in module 'msrv_soc_flopenrc_pv1_6' has no pins
//  Warning: Net 'rtlcXXX' in module 'msrv_soc_flopenrc_pv1_6' has no pins
//  Warning: Net 'rtlc0n3' in module 'msrv_soc_decompress' has no pins
//  Warning: Net 'rtlc0n6' in module 'msrv_soc_decompress' has no pins
//  Warning: Net 'rtlc0n7' in module 'msrv_soc_decompress' has no pins
//  Warning: Net 'rtlc0n8' in module 'msrv_soc_decompress' has no pins
//  Warning: Net 'rtlc0n9' in module 'msrv_soc_decompress' has no pins
//  Warning: Net 'rtlc0n10' in module 'msrv_soc_decompress' has no pins
//  Warning: Net 'rtlc0n11' in module 'msrv_soc_decompress' has no pins
//  Warning: Net 'rtlc0n12' in module 'msrv_soc_decompress' has no pins
//  Warning: Net 'rtlc0n14' in module 'msrv_soc_decompress' has no pins
//  Warning: Net 'rtlc0n15' in module 'msrv_soc_decompress' has no pins
//  Warning: Net 'rtlc0n16' in module 'msrv_soc_decompress' has no pins
//  Warning: Net 'rtlc0n17' in module 'msrv_soc_decompress' has no pins
//  Warning: Net 'rtlc0n18' in module 'msrv_soc_decompress' has no pins
//  Warning: Net 'rtlc0n19' in module 'msrv_soc_decompress' has no pins
//  Warning: Net 'rtlc0n20' in module 'msrv_soc_decompress' has no pins
//  Warning: Net 'rtlc0n21' in module 'msrv_soc_decompress' has no pins
//  Warning: Net 'rtlcClkX' in module 'msrv_soc_decompress' has no pins
//  Warning: Net 'rtlcXXX' in module 'msrv_soc_decompress' has no pins
//  Warning: Net 'rtlcClkX' in module 'msrv_soc_flopenr_pv1_3' has no pins
//  Warning: Net 'rtlcXXX' in module 'msrv_soc_flopenr_pv1_3' has no pins
//  Warning: Net 'rtlcClkX' in module 'msrv_soc_flopenr_pv8_4' has no pins
//  Warning: Net 'rtlcXXX' in module 'msrv_soc_flopenr_pv8_4' has no pins
//  Warning: Net 'rtlcClkX' in module 'msrv_soc_flopenrc_pv2_7' has no pins
//  Warning: Net 'rtlcXXX' in module 'msrv_soc_flopenrc_pv2_7' has no pins
//  Warning: Net 'rtlcClkX' in module 'msrv_soc_flopenrc_pv2_8' has no pins
//  Warning: Net 'rtlcXXX' in module 'msrv_soc_flopenrc_pv2_8' has no pins
//  Warning: Net 'rtlcClkX' in module 'msrv_soc_flopenrc_pv5_1' has no pins
//  Warning: Net 'rtlcXXX' in module 'msrv_soc_flopenrc_pv5_1' has no pins
//  Warning: Net 'rtlcClkX' in module 'msrv_soc_flopenrc_pv5_2' has no pins
//  Warning: Net 'rtlcXXX' in module 'msrv_soc_flopenrc_pv5_2' has no pins
//  Warning: Net 'rtlcClkX' in module 'msrv_soc_flopenrc_pv2_9' has no pins
//  Warning: Net 'rtlcXXX' in module 'msrv_soc_flopenrc_pv2_9' has no pins
//  Warning: Net 'rtlcXXX' in module 'msrv_soc_ieu' has no pins
//  Warning: Net 'rtlcClkX' in module 'msrv_soc_ieu' has no pins
//  Warning: Net 'rtlc0n18' in module 'msrv_soc_controller' has no pins
//  Warning: Net 'rtlc0n19' in module 'msrv_soc_controller' has no pins
//  Warning: Net 'rtlc0n28' in module 'msrv_soc_controller' has no pins
//  Warning: Net 'rtlc0n29' in module 'msrv_soc_controller' has no pins
//  Warning: Net 'rtlc0n33' in module 'msrv_soc_controller' has no pins
//  Warning: Net 'rtlc0n34' in module 'msrv_soc_controller' has no pins
//  Warning: Net 'rtlc0n39' in module 'msrv_soc_controller' has no pins
//  Warning: Net 'rtlcClkX' in module 'msrv_soc_controller' has no pins
//  Warning: Net 'rtlcXXX' in module 'msrv_soc_controller' has no pins
//  Warning: Net 'rtlc3n1' in module 'msrv_soc_controller' has no pins
//  Warning: Net 'rtlc3n3' in module 'msrv_soc_controller' has no pins
//  Warning: Net 'rtlcClkX' in module 'msrv_soc_flopenrc_pv2_10' has no pins
//  Warning: Net 'rtlcXXX' in module 'msrv_soc_flopenrc_pv2_10' has no pins
//  Warning: Net 'rtlcClkX' in module 'msrv_soc_flopenrc_pv7' has no pins
//  Warning: Net 'rtlcXXX' in module 'msrv_soc_flopenrc_pv7' has no pins
//  Warning: Net 'rtlcClkX' in module 'msrv_soc_flopenrc_pv8_1' has no pins
//  Warning: Net 'rtlcXXX' in module 'msrv_soc_flopenrc_pv8_1' has no pins
//  Warning: Net 'rtlcClkX' in module 'msrv_soc_flopenrc_pv8_2' has no pins
//  Warning: Net 'rtlcXXX' in module 'msrv_soc_flopenrc_pv8_2' has no pins
//  Warning: Net 'rtlcClkX' in module 'msrv_soc_flopenrc_pv8_3' has no pins
//  Warning: Net 'rtlcXXX' in module 'msrv_soc_flopenrc_pv8_3' has no pins
//  Warning: Net 'rtlcClkX' in module 'msrv_soc_mux2_pv6' has no pins
//  Warning: Net 'rtlcXXX' in module 'msrv_soc_mux2_pv6' has no pins
//  Warning: Net 'rtlcClkX' in module 'msrv_soc_flopenrc_pv9' has no pins
//  Warning: Net 'rtlcXXX' in module 'msrv_soc_flopenrc_pv9' has no pins
//  Warning: Net 'rtlcClkX' in module 'msrv_soc_flopenrc_pv8_4' has no pins
//  Warning: Net 'rtlcXXX' in module 'msrv_soc_flopenrc_pv8_4' has no pins
//  Warning: Net 'rtlcClkX' in module 'msrv_soc_flopenrc_pv8_5' has no pins
//  Warning: Net 'rtlcXXX' in module 'msrv_soc_flopenrc_pv8_5' has no pins
//  Warning: Net 'rtlcClkX' in module 'msrv_soc_flopenrc_pv8_6' has no pins
//  Warning: Net 'rtlcXXX' in module 'msrv_soc_flopenrc_pv8_6' has no pins
//  Warning: Net 'rtlcn1[11]' in module 'msrv_soc_bmuctrl' has no pins
//  Warning: Net 'rtlcn1[10]' in module 'msrv_soc_bmuctrl' has no pins
//  Warning: Net 'rtlcn1[9]' in module 'msrv_soc_bmuctrl' has no pins
//  Warning: Net 'rtlcn1[8]' in module 'msrv_soc_bmuctrl' has no pins
//  Warning: Net 'rtlcn1[7]' in module 'msrv_soc_bmuctrl' has no pins
//  Warning: Net 'rtlcn1[6]' in module 'msrv_soc_bmuctrl' has no pins
//  Warning: Net 'rtlcn1[5]' in module 'msrv_soc_bmuctrl' has no pins
//  Warning: Net 'rtlcn1[4]' in module 'msrv_soc_bmuctrl' has no pins
//  Warning: Net 'rtlcn1[3]' in module 'msrv_soc_bmuctrl' has no pins
//  Warning: Net 'rtlcn1[2]' in module 'msrv_soc_bmuctrl' has no pins
//  Warning: Net 'rtlcn1[1]' in module 'msrv_soc_bmuctrl' has no pins
//  Warning: Net 'rtlcClkX' in module 'msrv_soc_bmuctrl' has no pins
//  Warning: Net 'rtlcXXX' in module 'msrv_soc_bmuctrl' has no pins
//  Warning: Net 'rtlcClkX' in module 'msrv_soc_flopenrc_pv6' has no pins
//  Warning: Net 'rtlcXXX' in module 'msrv_soc_flopenrc_pv6' has no pins
//  Warning: Net 'rtlcClkX' in module 'msrv_soc_datapath' has no pins
//  Warning: Net 'rtlcXXX' in module 'msrv_soc_datapath' has no pins
//  Warning: Net 'rf[0]' in module 'msrv_soc_regfile' has no pins
//  Warning: Net 'rtlc0n0[63]' in module 'msrv_soc_regfile' has no pins
//  Warning: Net 'rtlc0n0[62]' in module 'msrv_soc_regfile' has no pins
//  Warning: Net 'rtlc0n0[61]' in module 'msrv_soc_regfile' has no pins
//  Warning: Net 'rtlc0n0[60]' in module 'msrv_soc_regfile' has no pins
//  Warning: Net 'rtlc0n0[59]' in module 'msrv_soc_regfile' has no pins
//  Warning: Net 'rtlc0n0[58]' in module 'msrv_soc_regfile' has no pins
//  Warning: Net 'rtlc0n0[57]' in module 'msrv_soc_regfile' has no pins
//  Warning: Net 'rtlc0n0[56]' in module 'msrv_soc_regfile' has no pins
//  Warning: Net 'rtlc0n0[55]' in module 'msrv_soc_regfile' has no pins
//  Warning: Net 'rtlc0n0[54]' in module 'msrv_soc_regfile' has no pins
//  Warning: Net 'rtlc0n0[53]' in module 'msrv_soc_regfile' has no pins
//  Warning: Net 'rtlc0n0[52]' in module 'msrv_soc_regfile' has no pins
//  Warning: Net 'rtlc0n0[51]' in module 'msrv_soc_regfile' has no pins
//  Warning: Net 'rtlc0n0[50]' in module 'msrv_soc_regfile' has no pins
//  Warning: Net 'rtlc0n0[49]' in module 'msrv_soc_regfile' has no pins
//  Warning: Net 'rtlc0n0[48]' in module 'msrv_soc_regfile' has no pins
//  Warning: Net 'rtlc0n0[47]' in module 'msrv_soc_regfile' has no pins
//  Warning: Net 'rtlc0n0[46]' in module 'msrv_soc_regfile' has no pins
//  Warning: Net 'rtlc0n0[45]' in module 'msrv_soc_regfile' has no pins
//  Warning: Net 'rtlc0n0[44]' in module 'msrv_soc_regfile' has no pins
//  Warning: Net 'rtlc0n0[43]' in module 'msrv_soc_regfile' has no pins
//  Warning: Net 'rtlc0n0[42]' in module 'msrv_soc_regfile' has no pins
//  Warning: Net 'rtlc0n0[41]' in module 'msrv_soc_regfile' has no pins
//  Warning: Net 'rtlc0n0[40]' in module 'msrv_soc_regfile' has no pins
//  Warning: Net 'rtlc0n0[39]' in module 'msrv_soc_regfile' has no pins
//  Warning: Net 'rtlc0n0[38]' in module 'msrv_soc_regfile' has no pins
//  Warning: Net 'rtlc0n0[37]' in module 'msrv_soc_regfile' has no pins
//  Warning: Net 'rtlc0n0[36]' in module 'msrv_soc_regfile' has no pins
//  Warning: Net 'rtlc0n0[35]' in module 'msrv_soc_regfile' has no pins
//  Warning: Net 'rtlc0n0[34]' in module 'msrv_soc_regfile' has no pins
//  Warning: Net 'rtlc0n0[33]' in module 'msrv_soc_regfile' has no pins
//  Warning: Net 'rtlc0n0[32]' in module 'msrv_soc_regfile' has no pins
//  Warning: Net 'rtlc0n0[31]' in module 'msrv_soc_regfile' has no pins
//  Warning: Net 'rtlc0n0[30]' in module 'msrv_soc_regfile' has no pins
//  Warning: Net 'rtlc0n0[29]' in module 'msrv_soc_regfile' has no pins
//  Warning: Net 'rtlc0n0[28]' in module 'msrv_soc_regfile' has no pins
//  Warning: Net 'rtlc0n0[27]' in module 'msrv_soc_regfile' has no pins
//  Warning: Net 'rtlc0n0[26]' in module 'msrv_soc_regfile' has no pins
//  Warning: Net 'rtlc0n0[25]' in module 'msrv_soc_regfile' has no pins
//  Warning: Net 'rtlc0n0[24]' in module 'msrv_soc_regfile' has no pins
//  Warning: Net 'rtlc0n0[23]' in module 'msrv_soc_regfile' has no pins
//  Warning: Net 'rtlc0n0[22]' in module 'msrv_soc_regfile' has no pins
//  Warning: Net 'rtlc0n0[21]' in module 'msrv_soc_regfile' has no pins
//  Warning: Net 'rtlc0n0[20]' in module 'msrv_soc_regfile' has no pins
//  Warning: Net 'rtlc0n0[19]' in module 'msrv_soc_regfile' has no pins
//  Warning: Net 'rtlc0n0[18]' in module 'msrv_soc_regfile' has no pins
//  Warning: Net 'rtlc0n0[17]' in module 'msrv_soc_regfile' has no pins
//  Warning: Net 'rtlc0n0[16]' in module 'msrv_soc_regfile' has no pins
//  Warning: Net 'rtlc0n0[15]' in module 'msrv_soc_regfile' has no pins
//  Warning: Net 'rtlc0n0[14]' in module 'msrv_soc_regfile' has no pins
//  Warning: Net 'rtlc0n0[13]' in module 'msrv_soc_regfile' has no pins
//  Warning: Net 'rtlc0n0[12]' in module 'msrv_soc_regfile' has no pins
//  Warning: Net 'rtlc0n0[11]' in module 'msrv_soc_regfile' has no pins
//  Warning: Net 'rtlc0n0[10]' in module 'msrv_soc_regfile' has no pins
//  Warning: Net 'rtlc0n0[9]' in module 'msrv_soc_regfile' has no pins
//  Warning: Net 'rtlc0n0[8]' in module 'msrv_soc_regfile' has no pins
//  Warning: Net 'rtlc0n0[7]' in module 'msrv_soc_regfile' has no pins
//  Warning: Net 'rtlc0n0[6]' in module 'msrv_soc_regfile' has no pins
//  Warning: Net 'rtlc0n0[5]' in module 'msrv_soc_regfile' has no pins
//  Warning: Net 'rtlc0n0[4]' in module 'msrv_soc_regfile' has no pins
//  Warning: Net 'rtlc0n0[3]' in module 'msrv_soc_regfile' has no pins
//  Warning: Net 'rtlc0n0[2]' in module 'msrv_soc_regfile' has no pins
//  Warning: Net 'rtlc0n0[1]' in module 'msrv_soc_regfile' has no pins
//  Warning: Net 'rtlc0n0[0]' in module 'msrv_soc_regfile' has no pins
//  Warning: Net 'rtlc0n17[0]' in module 'msrv_soc_regfile' has no pins
//  Warning: Net 'rtlcClkX' in module 'msrv_soc_regfile' has no pins
//  Warning: Net 'rtlcXXX' in module 'msrv_soc_regfile' has no pins
//  Warning: Net 'rtlc1n1' in module 'msrv_soc_regfile' has no pins
//  Warning: Net 'rtlc1n4' in module 'msrv_soc_regfile' has no pins
//  Warning: Net 'rtlcClkX' in module 'msrv_soc_extend' has no pins
//  Warning: Net 'rtlcXXX' in module 'msrv_soc_extend' has no pins
//  Warning: Net 'rtlcClkX' in module 'msrv_soc_flopenrc_pv3_6' has no pins
//  Warning: Net 'rtlcXXX' in module 'msrv_soc_flopenrc_pv3_6' has no pins
//  Warning: Net 'rtlcClkX' in module 'msrv_soc_flopenrc_pv3_7' has no pins
//  Warning: Net 'rtlcXXX' in module 'msrv_soc_flopenrc_pv3_7' has no pins
//  Warning: Net 'rtlcClkX' in module 'msrv_soc_flopenrc_pv3_8' has no pins
//  Warning: Net 'rtlcXXX' in module 'msrv_soc_flopenrc_pv3_8' has no pins
//  Warning: Net 'rtlcClkX' in module 'msrv_soc_comparator' has no pins
//  Warning: Net 'rtlcXXX' in module 'msrv_soc_comparator' has no pins
//  Warning: Net 'rtlcClkX' in module 'msrv_soc_alu' has no pins
//  Warning: Net 'rtlcXXX' in module 'msrv_soc_alu' has no pins
//  Warning: Net 'rtlcn2[0]' in module 'msrv_soc_shifter' has no pins
//  Warning: Net 'rtlcClkX' in module 'msrv_soc_shifter' has no pins
//  Warning: Net 'rtlcXXX' in module 'msrv_soc_shifter' has no pins
//  Warning: Net 'rtlcClkX' in module 'msrv_soc_bitmanipalu' has no pins
//  Warning: Net 'rtlcXXX' in module 'msrv_soc_bitmanipalu' has no pins
//  Warning: Net 'rtlcClkX' in module 'msrv_soc_decoder' has no pins
//  Warning: Net 'rtlcXXX' in module 'msrv_soc_decoder' has no pins
//  Warning: Net 'rtlcClkX' in module 'msrv_soc_bitreverse' has no pins
//  Warning: Net 'rtlcXXX' in module 'msrv_soc_bitreverse' has no pins
//  Warning: Net 'rtlcClkX' in module 'msrv_soc_zbc' has no pins
//  Warning: Net 'rtlcXXX' in module 'msrv_soc_zbc' has no pins
//  Warning: Net 'S[4031]' in module 'msrv_soc_clmul' has no pins
//  Warning: Net 'S[3967]' in module 'msrv_soc_clmul' has no pins
//  Warning: Net 'S[3966]' in module 'msrv_soc_clmul' has no pins
//  Warning: Net 'S[3903]' in module 'msrv_soc_clmul' has no pins
//  Warning: Net 'S[3902]' in module 'msrv_soc_clmul' has no pins
//  Warning: Net 'S[3901]' in module 'msrv_soc_clmul' has no pins
//  Warning: Net 'S[3839]' in module 'msrv_soc_clmul' has no pins
//  Warning: Net 'S[3838]' in module 'msrv_soc_clmul' has no pins
//  Warning: Net 'S[3837]' in module 'msrv_soc_clmul' has no pins
//  Warning: Net 'S[3836]' in module 'msrv_soc_clmul' has no pins
//  Warning: Net 'S[3775]' in module 'msrv_soc_clmul' has no pins
//  Warning: Net 'S[3774]' in module 'msrv_soc_clmul' has no pins
//  Warning: Net 'S[3773]' in module 'msrv_soc_clmul' has no pins
//  Warning: Net 'S[3772]' in module 'msrv_soc_clmul' has no pins
//  Warning: Net 'S[3771]' in module 'msrv_soc_clmul' has no pins
//  Warning: Net 'S[3711]' in module 'msrv_soc_clmul' has no pins
//  Warning: Net 'S[3710]' in module 'msrv_soc_clmul' has no pins
//  Warning: Net 'S[3709]' in module 'msrv_soc_clmul' has no pins
//  Warning: Net 'S[3708]' in module 'msrv_soc_clmul' has no pins
//  Warning: Net 'S[3707]' in module 'msrv_soc_clmul' has no pins
//  Warning: Net 'S[3706]' in module 'msrv_soc_clmul' has no pins
//  Warning: Net 'S[3647]' in module 'msrv_soc_clmul' has no pins
//  Warning: Net 'S[3646]' in module 'msrv_soc_clmul' has no pins
//  Warning: Net 'S[3645]' in module 'msrv_soc_clmul' has no pins
//  Warning: Net 'S[3644]' in module 'msrv_soc_clmul' has no pins
//  Warning: Net 'S[3643]' in module 'msrv_soc_clmul' has no pins
//  Warning: Net 'S[3642]' in module 'msrv_soc_clmul' has no pins
//  Warning: Net 'S[3641]' in module 'msrv_soc_clmul' has no pins
//  Warning: Net 'S[3583]' in module 'msrv_soc_clmul' has no pins
//  Warning: Net 'S[3582]' in module 'msrv_soc_clmul' has no pins
//  Warning: Net 'S[3581]' in module 'msrv_soc_clmul' has no pins
//  Warning: Net 'S[3580]' in module 'msrv_soc_clmul' has no pins
//  Warning: Net 'S[3579]' in module 'msrv_soc_clmul' has no pins
//  Warning: Net 'S[3578]' in module 'msrv_soc_clmul' has no pins
//  Warning: Net 'S[3577]' in module 'msrv_soc_clmul' has no pins
//  Warning: Net 'S[3576]' in module 'msrv_soc_clmul' has no pins
//  Warning: Net 'S[3519]' in module 'msrv_soc_clmul' has no pins
//  Warning: Net 'S[3518]' in module 'msrv_soc_clmul' has no pins
//  Warning: Net 'S[3517]' in module 'msrv_soc_clmul' has no pins
//  Warning: Net 'S[3516]' in module 'msrv_soc_clmul' has no pins
//  Warning: Net 'S[3515]' in module 'msrv_soc_clmul' has no pins
//  Warning: Net 'S[3514]' in module 'msrv_soc_clmul' has no pins
//  Warning: Net 'S[3513]' in module 'msrv_soc_clmul' has no pins
//  Warning: Net 'S[3512]' in module 'msrv_soc_clmul' has no pins
//  Warning: Net 'S[3511]' in module 'msrv_soc_clmul' has no pins
//  Warning: Net 'S[3455]' in module 'msrv_soc_clmul' has no pins
//  Warning: Net 'S[3454]' in module 'msrv_soc_clmul' has no pins
//  Warning: Net 'S[3453]' in module 'msrv_soc_clmul' has no pins
//  Warning: Net 'S[3452]' in module 'msrv_soc_clmul' has no pins
//  Warning: Net 'S[3451]' in module 'msrv_soc_clmul' has no pins
//  Warning: Net 'S[3450]' in module 'msrv_soc_clmul' has no pins
//  Warning: Net 'S[3449]' in module 'msrv_soc_clmul' has no pins
//  Warning: Net 'S[3448]' in module 'msrv_soc_clmul' has no pins
//  Warning: Net 'S[3447]' in module 'msrv_soc_clmul' has no pins
//  Warning: Net 'S[3446]' in module 'msrv_soc_clmul' has no pins
//  Warning: Net 'S[3391]' in module 'msrv_soc_clmul' has no pins
//  Warning: Net 'S[3390]' in module 'msrv_soc_clmul' has no pins
//  Warning: Net 'S[3389]' in module 'msrv_soc_clmul' has no pins
//  Warning: Net 'S[3388]' in module 'msrv_soc_clmul' has no pins
//  Warning: Net 'S[3387]' in module 'msrv_soc_clmul' has no pins
//  Warning: Net 'S[3386]' in module 'msrv_soc_clmul' has no pins
//  Warning: Net 'S[3385]' in module 'msrv_soc_clmul' has no pins
//  Warning: Net 'S[3384]' in module 'msrv_soc_clmul' has no pins
//  Warning: Net 'S[3383]' in module 'msrv_soc_clmul' has no pins
//  Warning: Net 'S[3382]' in module 'msrv_soc_clmul' has no pins
//  Warning: Net 'S[3381]' in module 'msrv_soc_clmul' has no pins
//  Warning: Net 'S[3327]' in module 'msrv_soc_clmul' has no pins
//  Warning: Net 'S[3326]' in module 'msrv_soc_clmul' has no pins
//  Warning: Net 'S[3325]' in module 'msrv_soc_clmul' has no pins
//  Warning: Net 'S[3324]' in module 'msrv_soc_clmul' has no pins
//  Warning: Net 'S[3323]' in module 'msrv_soc_clmul' has no pins
//  Warning: Net 'S[3322]' in module 'msrv_soc_clmul' has no pins
//  Warning: Net 'S[3321]' in module 'msrv_soc_clmul' has no pins
//  Warning: Net 'S[3320]' in module 'msrv_soc_clmul' has no pins
//  Warning: Net 'S[3319]' in module 'msrv_soc_clmul' has no pins
//  Warning: Net 'S[3318]' in module 'msrv_soc_clmul' has no pins
//  Warning: Net 'S[3317]' in module 'msrv_soc_clmul' has no pins
//  Warning: Net 'S[3316]' in module 'msrv_soc_clmul' has no pins
//  Warning: Net 'S[3263]' in module 'msrv_soc_clmul' has no pins
//  Warning: Net 'S[3262]' in module 'msrv_soc_clmul' has no pins
//  Warning: Net 'S[3261]' in module 'msrv_soc_clmul' has no pins
//  Warning: Net 'S[3260]' in module 'msrv_soc_clmul' has no pins
//  Warning: Net 'S[3259]' in module 'msrv_soc_clmul' has no pins
//  Warning: Net 'S[3258]' in module 'msrv_soc_clmul' has no pins
//  Warning: Net 'S[3257]' in module 'msrv_soc_clmul' has no pins
//  Warning: Net 'S[3256]' in module 'msrv_soc_clmul' has no pins
//  Warning: Net 'S[3255]' in module 'msrv_soc_clmul' has no pins
//  Warning: Net 'S[3254]' in module 'msrv_soc_clmul' has no pins
//  Warning: Net 'S[3253]' in module 'msrv_soc_clmul' has no pins
//  Warning: Net 'S[3252]' in module 'msrv_soc_clmul' has no pins
//  Warning: Net 'S[3251]' in module 'msrv_soc_clmul' has no pins
//  Warning: Net 'S[3199]' in module 'msrv_soc_clmul' has no pins
//  Warning: Net 'S[3198]' in module 'msrv_soc_clmul' has no pins
//  Warning: Net 'S[3197]' in module 'msrv_soc_clmul' has no pins
//  Warning: Net 'S[3196]' in module 'msrv_soc_clmul' has no pins
//  Warning: Net 'S[3195]' in module 'msrv_soc_clmul' has no pins
//  Warning: Net 'S[3194]' in module 'msrv_soc_clmul' has no pins
//  Warning: Net 'S[3193]' in module 'msrv_soc_clmul' has no pins
//  Warning: Net 'S[3192]' in module 'msrv_soc_clmul' has no pins
//  Warning: Net 'S[3191]' in module 'msrv_soc_clmul' has no pins
//  Warning: Net 'S[3190]' in module 'msrv_soc_clmul' has no pins
//  Warning: Net 'S[3189]' in module 'msrv_soc_clmul' has no pins
//  Warning: Net 'S[3188]' in module 'msrv_soc_clmul' has no pins
//  Warning: Net 'S[3187]' in module 'msrv_soc_clmul' has no pins
//  Warning: Net 'S[3186]' in module 'msrv_soc_clmul' has no pins
//  Warning: Net 'S[3135]' in module 'msrv_soc_clmul' has no pins
//  Warning: Net 'S[3134]' in module 'msrv_soc_clmul' has no pins
//  Warning: Net 'S[3133]' in module 'msrv_soc_clmul' has no pins
//  Warning: Net 'S[3132]' in module 'msrv_soc_clmul' has no pins
//  Warning: Net 'S[3131]' in module 'msrv_soc_clmul' has no pins
//  Warning: Net 'S[3130]' in module 'msrv_soc_clmul' has no pins
//  Warning: Net 'S[3129]' in module 'msrv_soc_clmul' has no pins
//  Warning: Net 'S[3128]' in module 'msrv_soc_clmul' has no pins
//  Warning: Net 'S[3127]' in module 'msrv_soc_clmul' has no pins
//  Warning: Net 'S[3126]' in module 'msrv_soc_clmul' has no pins
//  Warning: Net 'S[3125]' in module 'msrv_soc_clmul' has no pins
//  Warning: Net 'S[3124]' in module 'msrv_soc_clmul' has no pins
//  Warning: Net 'S[3123]' in module 'msrv_soc_clmul' has no pins
//  Warning: Net 'S[3122]' in module 'msrv_soc_clmul' has no pins
//  Warning: Net 'S[3121]' in module 'msrv_soc_clmul' has no pins
//  Warning: Net 'S[3071]' in module 'msrv_soc_clmul' has no pins
//  Warning: Net 'S[3070]' in module 'msrv_soc_clmul' has no pins
//  Warning: Net 'S[3069]' in module 'msrv_soc_clmul' has no pins
//  Warning: Net 'S[3068]' in module 'msrv_soc_clmul' has no pins
//  Warning: Net 'S[3067]' in module 'msrv_soc_clmul' has no pins
//  Warning: Net 'S[3066]' in module 'msrv_soc_clmul' has no pins
//  Warning: Net 'S[3065]' in module 'msrv_soc_clmul' has no pins
//  Warning: Net 'S[3064]' in module 'msrv_soc_clmul' has no pins
//  Warning: Net 'S[3063]' in module 'msrv_soc_clmul' has no pins
//  Warning: Net 'S[3062]' in module 'msrv_soc_clmul' has no pins
//  Warning: Net 'S[3061]' in module 'msrv_soc_clmul' has no pins
//  Warning: Net 'S[3060]' in module 'msrv_soc_clmul' has no pins
//  Warning: Net 'S[3059]' in module 'msrv_soc_clmul' has no pins
//  Warning: Net 'S[3058]' in module 'msrv_soc_clmul' has no pins
//  Warning: Net 'S[3057]' in module 'msrv_soc_clmul' has no pins
//  Warning: Net 'S[3056]' in module 'msrv_soc_clmul' has no pins
//  Warning: Net 'S[3007]' in module 'msrv_soc_clmul' has no pins
//  Warning: Net 'S[3006]' in module 'msrv_soc_clmul' has no pins
//  Warning: Net 'S[3005]' in module 'msrv_soc_clmul' has no pins
//  Warning: Net 'S[3004]' in module 'msrv_soc_clmul' has no pins
//  Warning: Net 'S[3003]' in module 'msrv_soc_clmul' has no pins
//  Warning: Net 'S[3002]' in module 'msrv_soc_clmul' has no pins
//  Warning: Net 'S[3001]' in module 'msrv_soc_clmul' has no pins
//  Warning: Net 'S[3000]' in module 'msrv_soc_clmul' has no pins
//  Warning: Net 'S[2999]' in module 'msrv_soc_clmul' has no pins
//  Warning: Net 'S[2998]' in module 'msrv_soc_clmul' has no pins
//  Warning: Net 'S[2997]' in module 'msrv_soc_clmul' has no pins
//  Warning: Net 'S[2996]' in module 'msrv_soc_clmul' has no pins
//  Warning: Net 'S[2995]' in module 'msrv_soc_clmul' has no pins
//  Warning: Net 'S[2994]' in module 'msrv_soc_clmul' has no pins
//  Warning: Net 'S[2993]' in module 'msrv_soc_clmul' has no pins
//  Warning: Net 'S[2992]' in module 'msrv_soc_clmul' has no pins
//  Warning: Net 'S[2991]' in module 'msrv_soc_clmul' has no pins
//  Warning: Net 'S[2943]' in module 'msrv_soc_clmul' has no pins
//  Warning: Net 'S[2942]' in module 'msrv_soc_clmul' has no pins
//  Warning: Net 'S[2941]' in module 'msrv_soc_clmul' has no pins
//  Warning: Net 'S[2940]' in module 'msrv_soc_clmul' has no pins
//  Warning: Net 'S[2939]' in module 'msrv_soc_clmul' has no pins
//  Warning: Net 'S[2938]' in module 'msrv_soc_clmul' has no pins
//  Warning: Net 'S[2937]' in module 'msrv_soc_clmul' has no pins
//  Warning: Net 'S[2936]' in module 'msrv_soc_clmul' has no pins
//  Warning: Net 'S[2935]' in module 'msrv_soc_clmul' has no pins
//  Warning: Net 'S[2934]' in module 'msrv_soc_clmul' has no pins
//  Warning: Net 'S[2933]' in module 'msrv_soc_clmul' has no pins
//  Warning: Net 'S[2932]' in module 'msrv_soc_clmul' has no pins
//  Warning: Net 'S[2931]' in module 'msrv_soc_clmul' has no pins
//  Warning: Net 'S[2930]' in module 'msrv_soc_clmul' has no pins
//  Warning: Net 'S[2929]' in module 'msrv_soc_clmul' has no pins
//  Warning: Net 'S[2928]' in module 'msrv_soc_clmul' has no pins
//  Warning: Net 'S[2927]' in module 'msrv_soc_clmul' has no pins
//  Warning: Net 'S[2926]' in module 'msrv_soc_clmul' has no pins
//  Warning: Net 'S[2879]' in module 'msrv_soc_clmul' has no pins
//  Warning: Net 'S[2878]' in module 'msrv_soc_clmul' has no pins
//  Warning: Net 'S[2877]' in module 'msrv_soc_clmul' has no pins
//  Warning: Net 'S[2876]' in module 'msrv_soc_clmul' has no pins
//  Warning: Net 'S[2875]' in module 'msrv_soc_clmul' has no pins
//  Warning: Net 'S[2874]' in module 'msrv_soc_clmul' has no pins
//  Warning: Net 'S[2873]' in module 'msrv_soc_clmul' has no pins
//  Warning: Net 'S[2872]' in module 'msrv_soc_clmul' has no pins
//  Warning: Net 'S[2871]' in module 'msrv_soc_clmul' has no pins
//  Warning: Net 'S[2870]' in module 'msrv_soc_clmul' has no pins
//  Warning: Net 'S[2869]' in module 'msrv_soc_clmul' has no pins
//  Warning: Net 'S[2868]' in module 'msrv_soc_clmul' has no pins
//  Warning: Net 'S[2867]' in module 'msrv_soc_clmul' has no pins
//  Warning: Net 'S[2866]' in module 'msrv_soc_clmul' has no pins
//  Warning: Net 'S[2865]' in module 'msrv_soc_clmul' has no pins
//  Warning: Net 'S[2864]' in module 'msrv_soc_clmul' has no pins
//  Warning: Net 'S[2863]' in module 'msrv_soc_clmul' has no pins
//  Warning: Net 'S[2862]' in module 'msrv_soc_clmul' has no pins
//  Warning: Net 'S[2861]' in module 'msrv_soc_clmul' has no pins
//  Warning: Net 'S[2815]' in module 'msrv_soc_clmul' has no pins
//  Warning: Net 'S[2814]' in module 'msrv_soc_clmul' has no pins
//  Warning: Net 'S[2813]' in module 'msrv_soc_clmul' has no pins
//  Warning: Net 'S[2812]' in module 'msrv_soc_clmul' has no pins
//  Warning: Net 'S[2811]' in module 'msrv_soc_clmul' has no pins
//  Warning: Net 'S[2810]' in module 'msrv_soc_clmul' has no pins
//  Warning: Net 'S[2809]' in module 'msrv_soc_clmul' has no pins
//  Warning: Net 'S[2808]' in module 'msrv_soc_clmul' has no pins
//  Warning: Net 'S[2807]' in module 'msrv_soc_clmul' has no pins
//  Warning: Net 'S[2806]' in module 'msrv_soc_clmul' has no pins
//  Warning: Net 'S[2805]' in module 'msrv_soc_clmul' has no pins
//  Warning: Net 'S[2804]' in module 'msrv_soc_clmul' has no pins
//  Warning: Net 'S[2803]' in module 'msrv_soc_clmul' has no pins
//  Warning: Net 'S[2802]' in module 'msrv_soc_clmul' has no pins
//  Warning: Net 'S[2801]' in module 'msrv_soc_clmul' has no pins
//  Warning: Net 'S[2800]' in module 'msrv_soc_clmul' has no pins
//  Warning: Net 'S[2799]' in module 'msrv_soc_clmul' has no pins
//  Warning: Net 'S[2798]' in module 'msrv_soc_clmul' has no pins
//  Warning: Net 'S[2797]' in module 'msrv_soc_clmul' has no pins
//  Warning: Net 'S[2796]' in module 'msrv_soc_clmul' has no pins
//  Warning: Net 'S[2751]' in module 'msrv_soc_clmul' has no pins
//  Warning: Net 'S[2750]' in module 'msrv_soc_clmul' has no pins
//  Warning: Net 'S[2749]' in module 'msrv_soc_clmul' has no pins
//  Warning: Net 'S[2748]' in module 'msrv_soc_clmul' has no pins
//  Warning: Net 'S[2747]' in module 'msrv_soc_clmul' has no pins
//  Warning: Net 'S[2746]' in module 'msrv_soc_clmul' has no pins
//  Warning: Net 'S[2745]' in module 'msrv_soc_clmul' has no pins
//  Warning: Net 'S[2744]' in module 'msrv_soc_clmul' has no pins
//  Warning: Net 'S[2743]' in module 'msrv_soc_clmul' has no pins
//  Warning: Net 'S[2742]' in module 'msrv_soc_clmul' has no pins
//  Warning: Net 'S[2741]' in module 'msrv_soc_clmul' has no pins
//  Warning: Net 'S[2740]' in module 'msrv_soc_clmul' has no pins
//  Warning: Net 'S[2739]' in module 'msrv_soc_clmul' has no pins
//  Warning: Net 'S[2738]' in module 'msrv_soc_clmul' has no pins
//  Warning: Net 'S[2737]' in module 'msrv_soc_clmul' has no pins
//  Warning: Net 'S[2736]' in module 'msrv_soc_clmul' has no pins
//  Warning: Net 'S[2735]' in module 'msrv_soc_clmul' has no pins
//  Warning: Net 'S[2734]' in module 'msrv_soc_clmul' has no pins
//  Warning: Net 'S[2733]' in module 'msrv_soc_clmul' has no pins
//  Warning: Net 'S[2732]' in module 'msrv_soc_clmul' has no pins
//  Warning: Net 'S[2731]' in module 'msrv_soc_clmul' has no pins
//  Warning: Net 'S[2687]' in module 'msrv_soc_clmul' has no pins
//  Warning: Net 'S[2686]' in module 'msrv_soc_clmul' has no pins
//  Warning: Net 'S[2685]' in module 'msrv_soc_clmul' has no pins
//  Warning: Net 'S[2684]' in module 'msrv_soc_clmul' has no pins
//  Warning: Net 'S[2683]' in module 'msrv_soc_clmul' has no pins
//  Warning: Net 'S[2682]' in module 'msrv_soc_clmul' has no pins
//  Warning: Net 'S[2681]' in module 'msrv_soc_clmul' has no pins
//  Warning: Net 'S[2680]' in module 'msrv_soc_clmul' has no pins
//  Warning: Net 'S[2679]' in module 'msrv_soc_clmul' has no pins
//  Warning: Net 'S[2678]' in module 'msrv_soc_clmul' has no pins
//  Warning: Net 'S[2677]' in module 'msrv_soc_clmul' has no pins
//  Warning: Net 'S[2676]' in module 'msrv_soc_clmul' has no pins
//  Warning: Net 'S[2675]' in module 'msrv_soc_clmul' has no pins
//  Warning: Net 'S[2674]' in module 'msrv_soc_clmul' has no pins
//  Warning: Net 'S[2673]' in module 'msrv_soc_clmul' has no pins
//  Warning: Net 'S[2672]' in module 'msrv_soc_clmul' has no pins
//  Warning: Net 'S[2671]' in module 'msrv_soc_clmul' has no pins
//  Warning: Net 'S[2670]' in module 'msrv_soc_clmul' has no pins
//  Warning: Net 'S[2669]' in module 'msrv_soc_clmul' has no pins
//  Warning: Net 'S[2668]' in module 'msrv_soc_clmul' has no pins
//  Warning: Net 'S[2667]' in module 'msrv_soc_clmul' has no pins
//  Warning: Net 'S[2666]' in module 'msrv_soc_clmul' has no pins
//  Warning: Net 'S[2623]' in module 'msrv_soc_clmul' has no pins
//  Warning: Net 'S[2622]' in module 'msrv_soc_clmul' has no pins
//  Warning: Net 'S[2621]' in module 'msrv_soc_clmul' has no pins
//  Warning: Net 'S[2620]' in module 'msrv_soc_clmul' has no pins
//  Warning: Net 'S[2619]' in module 'msrv_soc_clmul' has no pins
//  Warning: Net 'S[2618]' in module 'msrv_soc_clmul' has no pins
//  Warning: Net 'S[2617]' in module 'msrv_soc_clmul' has no pins
//  Warning: Net 'S[2616]' in module 'msrv_soc_clmul' has no pins
//  Warning: Net 'S[2615]' in module 'msrv_soc_clmul' has no pins
//  Warning: Net 'S[2614]' in module 'msrv_soc_clmul' has no pins
//  Warning: Net 'S[2613]' in module 'msrv_soc_clmul' has no pins
//  Warning: Net 'S[2612]' in module 'msrv_soc_clmul' has no pins
//  Warning: Net 'S[2611]' in module 'msrv_soc_clmul' has no pins
//  Warning: Net 'S[2610]' in module 'msrv_soc_clmul' has no pins
//  Warning: Net 'S[2609]' in module 'msrv_soc_clmul' has no pins
//  Warning: Net 'S[2608]' in module 'msrv_soc_clmul' has no pins
//  Warning: Net 'S[2607]' in module 'msrv_soc_clmul' has no pins
//  Warning: Net 'S[2606]' in module 'msrv_soc_clmul' has no pins
//  Warning: Net 'S[2605]' in module 'msrv_soc_clmul' has no pins
//  Warning: Net 'S[2604]' in module 'msrv_soc_clmul' has no pins
//  Warning: Net 'S[2603]' in module 'msrv_soc_clmul' has no pins
//  Warning: Net 'S[2602]' in module 'msrv_soc_clmul' has no pins
//  Warning: Net 'S[2601]' in module 'msrv_soc_clmul' has no pins
//  Warning: Net 'S[2559]' in module 'msrv_soc_clmul' has no pins
//  Warning: Net 'S[2558]' in module 'msrv_soc_clmul' has no pins
//  Warning: Net 'S[2557]' in module 'msrv_soc_clmul' has no pins
//  Warning: Net 'S[2556]' in module 'msrv_soc_clmul' has no pins
//  Warning: Net 'S[2555]' in module 'msrv_soc_clmul' has no pins
//  Warning: Net 'S[2554]' in module 'msrv_soc_clmul' has no pins
//  Warning: Net 'S[2553]' in module 'msrv_soc_clmul' has no pins
//  Warning: Net 'S[2552]' in module 'msrv_soc_clmul' has no pins
//  Warning: Net 'S[2551]' in module 'msrv_soc_clmul' has no pins
//  Warning: Net 'S[2550]' in module 'msrv_soc_clmul' has no pins
//  Warning: Net 'S[2549]' in module 'msrv_soc_clmul' has no pins
//  Warning: Net 'S[2548]' in module 'msrv_soc_clmul' has no pins
//  Warning: Net 'S[2547]' in module 'msrv_soc_clmul' has no pins
//  Warning: Net 'S[2546]' in module 'msrv_soc_clmul' has no pins
//  Warning: Net 'S[2545]' in module 'msrv_soc_clmul' has no pins
//  Warning: Net 'S[2544]' in module 'msrv_soc_clmul' has no pins
//  Warning: Net 'S[2543]' in module 'msrv_soc_clmul' has no pins
//  Warning: Net 'S[2542]' in module 'msrv_soc_clmul' has no pins
//  Warning: Net 'S[2541]' in module 'msrv_soc_clmul' has no pins
//  Warning: Net 'S[2540]' in module 'msrv_soc_clmul' has no pins
//  Warning: Net 'S[2539]' in module 'msrv_soc_clmul' has no pins
//  Warning: Net 'S[2538]' in module 'msrv_soc_clmul' has no pins
//  Warning: Net 'S[2537]' in module 'msrv_soc_clmul' has no pins
//  Warning: Net 'S[2536]' in module 'msrv_soc_clmul' has no pins
//  Warning: Net 'S[2495]' in module 'msrv_soc_clmul' has no pins
//  Warning: Net 'S[2494]' in module 'msrv_soc_clmul' has no pins
//  Warning: Net 'S[2493]' in module 'msrv_soc_clmul' has no pins
//  Warning: Net 'S[2492]' in module 'msrv_soc_clmul' has no pins
//  Warning: Net 'S[2491]' in module 'msrv_soc_clmul' has no pins
//  Warning: Net 'S[2490]' in module 'msrv_soc_clmul' has no pins
//  Warning: Net 'S[2489]' in module 'msrv_soc_clmul' has no pins
//  Warning: Net 'S[2488]' in module 'msrv_soc_clmul' has no pins
//  Warning: Net 'S[2487]' in module 'msrv_soc_clmul' has no pins
//  Warning: Net 'S[2486]' in module 'msrv_soc_clmul' has no pins
//  Warning: Net 'S[2485]' in module 'msrv_soc_clmul' has no pins
//  Warning: Net 'S[2484]' in module 'msrv_soc_clmul' has no pins
//  Warning: Net 'S[2483]' in module 'msrv_soc_clmul' has no pins
//  Warning: Net 'S[2482]' in module 'msrv_soc_clmul' has no pins
//  Warning: Net 'S[2481]' in module 'msrv_soc_clmul' has no pins
//  Warning: Net 'S[2480]' in module 'msrv_soc_clmul' has no pins
//  Warning: Net 'S[2479]' in module 'msrv_soc_clmul' has no pins
//  Warning: Net 'S[2478]' in module 'msrv_soc_clmul' has no pins
//  Warning: Net 'S[2477]' in module 'msrv_soc_clmul' has no pins
//  Warning: Net 'S[2476]' in module 'msrv_soc_clmul' has no pins
//  Warning: Net 'S[2475]' in module 'msrv_soc_clmul' has no pins
//  Warning: Net 'S[2474]' in module 'msrv_soc_clmul' has no pins
//  Warning: Net 'S[2473]' in module 'msrv_soc_clmul' has no pins
//  Warning: Net 'S[2472]' in module 'msrv_soc_clmul' has no pins
//  Warning: Net 'S[2471]' in module 'msrv_soc_clmul' has no pins
//  Warning: Net 'S[2431]' in module 'msrv_soc_clmul' has no pins
//  Warning: Net 'S[2430]' in module 'msrv_soc_clmul' has no pins
//  Warning: Net 'S[2429]' in module 'msrv_soc_clmul' has no pins
//  Warning: Net 'S[2428]' in module 'msrv_soc_clmul' has no pins
//  Warning: Net 'S[2427]' in module 'msrv_soc_clmul' has no pins
//  Warning: Net 'S[2426]' in module 'msrv_soc_clmul' has no pins
//  Warning: Net 'S[2425]' in module 'msrv_soc_clmul' has no pins
//  Warning: Net 'S[2424]' in module 'msrv_soc_clmul' has no pins
//  Warning: Net 'S[2423]' in module 'msrv_soc_clmul' has no pins
//  Warning: Net 'S[2422]' in module 'msrv_soc_clmul' has no pins
//  Warning: Net 'S[2421]' in module 'msrv_soc_clmul' has no pins
//  Warning: Net 'S[2420]' in module 'msrv_soc_clmul' has no pins
//  Warning: Net 'S[2419]' in module 'msrv_soc_clmul' has no pins
//  Warning: Net 'S[2418]' in module 'msrv_soc_clmul' has no pins
//  Warning: Net 'S[2417]' in module 'msrv_soc_clmul' has no pins
//  Warning: Net 'S[2416]' in module 'msrv_soc_clmul' has no pins
//  Warning: Net 'S[2415]' in module 'msrv_soc_clmul' has no pins
//  Warning: Net 'S[2414]' in module 'msrv_soc_clmul' has no pins
//  Warning: Net 'S[2413]' in module 'msrv_soc_clmul' has no pins
//  Warning: Net 'S[2412]' in module 'msrv_soc_clmul' has no pins
//  Warning: Net 'S[2411]' in module 'msrv_soc_clmul' has no pins
//  Warning: Net 'S[2410]' in module 'msrv_soc_clmul' has no pins
//  Warning: Net 'S[2409]' in module 'msrv_soc_clmul' has no pins
//  Warning: Net 'S[2408]' in module 'msrv_soc_clmul' has no pins
//  Warning: Net 'S[2407]' in module 'msrv_soc_clmul' has no pins
//  Warning: Net 'S[2406]' in module 'msrv_soc_clmul' has no pins
//  Warning: Net 'S[2367]' in module 'msrv_soc_clmul' has no pins
//  Warning: Net 'S[2366]' in module 'msrv_soc_clmul' has no pins
//  Warning: Net 'S[2365]' in module 'msrv_soc_clmul' has no pins
//  Warning: Net 'S[2364]' in module 'msrv_soc_clmul' has no pins
//  Warning: Net 'S[2363]' in module 'msrv_soc_clmul' has no pins
//  Warning: Net 'S[2362]' in module 'msrv_soc_clmul' has no pins
//  Warning: Net 'S[2361]' in module 'msrv_soc_clmul' has no pins
//  Warning: Net 'S[2360]' in module 'msrv_soc_clmul' has no pins
//  Warning: Net 'S[2359]' in module 'msrv_soc_clmul' has no pins
//  Warning: Net 'S[2358]' in module 'msrv_soc_clmul' has no pins
//  Warning: Net 'S[2357]' in module 'msrv_soc_clmul' has no pins
//  Warning: Net 'S[2356]' in module 'msrv_soc_clmul' has no pins
//  Warning: Net 'S[2355]' in module 'msrv_soc_clmul' has no pins
//  Warning: Net 'S[2354]' in module 'msrv_soc_clmul' has no pins
//  Warning: Net 'S[2353]' in module 'msrv_soc_clmul' has no pins
//  Warning: Net 'S[2352]' in module 'msrv_soc_clmul' has no pins
//  Warning: Net 'S[2351]' in module 'msrv_soc_clmul' has no pins
//  Warning: Net 'S[2350]' in module 'msrv_soc_clmul' has no pins
//  Warning: Net 'S[2349]' in module 'msrv_soc_clmul' has no pins
//  Warning: Net 'S[2348]' in module 'msrv_soc_clmul' has no pins
//  Warning: Net 'S[2347]' in module 'msrv_soc_clmul' has no pins
//  Warning: Net 'S[2346]' in module 'msrv_soc_clmul' has no pins
//  Warning: Net 'S[2345]' in module 'msrv_soc_clmul' has no pins
//  Warning: Net 'S[2344]' in module 'msrv_soc_clmul' has no pins
//  Warning: Net 'S[2343]' in module 'msrv_soc_clmul' has no pins
//  Warning: Net 'S[2342]' in module 'msrv_soc_clmul' has no pins
//  Warning: Net 'S[2341]' in module 'msrv_soc_clmul' has no pins
//  Warning: Net 'S[2303]' in module 'msrv_soc_clmul' has no pins
//  Warning: Net 'S[2302]' in module 'msrv_soc_clmul' has no pins
//  Warning: Net 'S[2301]' in module 'msrv_soc_clmul' has no pins
//  Warning: Net 'S[2300]' in module 'msrv_soc_clmul' has no pins
//  Warning: Net 'S[2299]' in module 'msrv_soc_clmul' has no pins
//  Warning: Net 'S[2298]' in module 'msrv_soc_clmul' has no pins
//  Warning: Net 'S[2297]' in module 'msrv_soc_clmul' has no pins
//  Warning: Net 'S[2296]' in module 'msrv_soc_clmul' has no pins
//  Warning: Net 'S[2295]' in module 'msrv_soc_clmul' has no pins
//  Warning: Net 'S[2294]' in module 'msrv_soc_clmul' has no pins
//  Warning: Net 'S[2293]' in module 'msrv_soc_clmul' has no pins
//  Warning: Net 'S[2292]' in module 'msrv_soc_clmul' has no pins
//  Warning: Net 'S[2291]' in module 'msrv_soc_clmul' has no pins
//  Warning: Net 'S[2290]' in module 'msrv_soc_clmul' has no pins
//  Warning: Net 'S[2289]' in module 'msrv_soc_clmul' has no pins
//  Warning: Net 'S[2288]' in module 'msrv_soc_clmul' has no pins
//  Warning: Net 'S[2287]' in module 'msrv_soc_clmul' has no pins
//  Warning: Net 'S[2286]' in module 'msrv_soc_clmul' has no pins
//  Warning: Net 'S[2285]' in module 'msrv_soc_clmul' has no pins
//  Warning: Net 'S[2284]' in module 'msrv_soc_clmul' has no pins
//  Warning: Net 'S[2283]' in module 'msrv_soc_clmul' has no pins
//  Warning: Net 'S[2282]' in module 'msrv_soc_clmul' has no pins
//  Warning: Net 'S[2281]' in module 'msrv_soc_clmul' has no pins
//  Warning: Net 'S[2280]' in module 'msrv_soc_clmul' has no pins
//  Warning: Net 'S[2279]' in module 'msrv_soc_clmul' has no pins
//  Warning: Net 'S[2278]' in module 'msrv_soc_clmul' has no pins
//  Warning: Net 'S[2277]' in module 'msrv_soc_clmul' has no pins
//  Warning: Net 'S[2276]' in module 'msrv_soc_clmul' has no pins
//  Warning: Net 'S[2239]' in module 'msrv_soc_clmul' has no pins
//  Warning: Net 'S[2238]' in module 'msrv_soc_clmul' has no pins
//  Warning: Net 'S[2237]' in module 'msrv_soc_clmul' has no pins
//  Warning: Net 'S[2236]' in module 'msrv_soc_clmul' has no pins
//  Warning: Net 'S[2235]' in module 'msrv_soc_clmul' has no pins
//  Warning: Net 'S[2234]' in module 'msrv_soc_clmul' has no pins
//  Warning: Net 'S[2233]' in module 'msrv_soc_clmul' has no pins
//  Warning: Net 'S[2232]' in module 'msrv_soc_clmul' has no pins
//  Warning: Net 'S[2231]' in module 'msrv_soc_clmul' has no pins
//  Warning: Net 'S[2230]' in module 'msrv_soc_clmul' has no pins
//  Warning: Net 'S[2229]' in module 'msrv_soc_clmul' has no pins
//  Warning: Net 'S[2228]' in module 'msrv_soc_clmul' has no pins
//  Warning: Net 'S[2227]' in module 'msrv_soc_clmul' has no pins
//  Warning: Net 'S[2226]' in module 'msrv_soc_clmul' has no pins
//  Warning: Net 'S[2225]' in module 'msrv_soc_clmul' has no pins
//  Warning: Net 'S[2224]' in module 'msrv_soc_clmul' has no pins
//  Warning: Net 'S[2223]' in module 'msrv_soc_clmul' has no pins
//  Warning: Net 'S[2222]' in module 'msrv_soc_clmul' has no pins
//  Warning: Net 'S[2221]' in module 'msrv_soc_clmul' has no pins
//  Warning: Net 'S[2220]' in module 'msrv_soc_clmul' has no pins
//  Warning: Net 'S[2219]' in module 'msrv_soc_clmul' has no pins
//  Warning: Net 'S[2218]' in module 'msrv_soc_clmul' has no pins
//  Warning: Net 'S[2217]' in module 'msrv_soc_clmul' has no pins
//  Warning: Net 'S[2216]' in module 'msrv_soc_clmul' has no pins
//  Warning: Net 'S[2215]' in module 'msrv_soc_clmul' has no pins
//  Warning: Net 'S[2214]' in module 'msrv_soc_clmul' has no pins
//  Warning: Net 'S[2213]' in module 'msrv_soc_clmul' has no pins
//  Warning: Net 'S[2212]' in module 'msrv_soc_clmul' has no pins
//  Warning: Net 'S[2211]' in module 'msrv_soc_clmul' has no pins
//  Warning: Net 'S[2175]' in module 'msrv_soc_clmul' has no pins
//  Warning: Net 'S[2174]' in module 'msrv_soc_clmul' has no pins
//  Warning: Net 'S[2173]' in module 'msrv_soc_clmul' has no pins
//  Warning: Net 'S[2172]' in module 'msrv_soc_clmul' has no pins
//  Warning: Net 'S[2171]' in module 'msrv_soc_clmul' has no pins
//  Warning: Net 'S[2170]' in module 'msrv_soc_clmul' has no pins
//  Warning: Net 'S[2169]' in module 'msrv_soc_clmul' has no pins
//  Warning: Net 'S[2168]' in module 'msrv_soc_clmul' has no pins
//  Warning: Net 'S[2167]' in module 'msrv_soc_clmul' has no pins
//  Warning: Net 'S[2166]' in module 'msrv_soc_clmul' has no pins
//  Warning: Net 'S[2165]' in module 'msrv_soc_clmul' has no pins
//  Warning: Net 'S[2164]' in module 'msrv_soc_clmul' has no pins
//  Warning: Net 'S[2163]' in module 'msrv_soc_clmul' has no pins
//  Warning: Net 'S[2162]' in module 'msrv_soc_clmul' has no pins
//  Warning: Net 'S[2161]' in module 'msrv_soc_clmul' has no pins
//  Warning: Net 'S[2160]' in module 'msrv_soc_clmul' has no pins
//  Warning: Net 'S[2159]' in module 'msrv_soc_clmul' has no pins
//  Warning: Net 'S[2158]' in module 'msrv_soc_clmul' has no pins
//  Warning: Net 'S[2157]' in module 'msrv_soc_clmul' has no pins
//  Warning: Net 'S[2156]' in module 'msrv_soc_clmul' has no pins
//  Warning: Net 'S[2155]' in module 'msrv_soc_clmul' has no pins
//  Warning: Net 'S[2154]' in module 'msrv_soc_clmul' has no pins
//  Warning: Net 'S[2153]' in module 'msrv_soc_clmul' has no pins
//  Warning: Net 'S[2152]' in module 'msrv_soc_clmul' has no pins
//  Warning: Net 'S[2151]' in module 'msrv_soc_clmul' has no pins
//  Warning: Net 'S[2150]' in module 'msrv_soc_clmul' has no pins
//  Warning: Net 'S[2149]' in module 'msrv_soc_clmul' has no pins
//  Warning: Net 'S[2148]' in module 'msrv_soc_clmul' has no pins
//  Warning: Net 'S[2147]' in module 'msrv_soc_clmul' has no pins
//  Warning: Net 'S[2146]' in module 'msrv_soc_clmul' has no pins
//  Warning: Net 'S[2111]' in module 'msrv_soc_clmul' has no pins
//  Warning: Net 'S[2110]' in module 'msrv_soc_clmul' has no pins
//  Warning: Net 'S[2109]' in module 'msrv_soc_clmul' has no pins
//  Warning: Net 'S[2108]' in module 'msrv_soc_clmul' has no pins
//  Warning: Net 'S[2107]' in module 'msrv_soc_clmul' has no pins
//  Warning: Net 'S[2106]' in module 'msrv_soc_clmul' has no pins
//  Warning: Net 'S[2105]' in module 'msrv_soc_clmul' has no pins
//  Warning: Net 'S[2104]' in module 'msrv_soc_clmul' has no pins
//  Warning: Net 'S[2103]' in module 'msrv_soc_clmul' has no pins
//  Warning: Net 'S[2102]' in module 'msrv_soc_clmul' has no pins
//  Warning: Net 'S[2101]' in module 'msrv_soc_clmul' has no pins
//  Warning: Net 'S[2100]' in module 'msrv_soc_clmul' has no pins
//  Warning: Net 'S[2099]' in module 'msrv_soc_clmul' has no pins
//  Warning: Net 'S[2098]' in module 'msrv_soc_clmul' has no pins
//  Warning: Net 'S[2097]' in module 'msrv_soc_clmul' has no pins
//  Warning: Net 'S[2096]' in module 'msrv_soc_clmul' has no pins
//  Warning: Net 'S[2095]' in module 'msrv_soc_clmul' has no pins
//  Warning: Net 'S[2094]' in module 'msrv_soc_clmul' has no pins
//  Warning: Net 'S[2093]' in module 'msrv_soc_clmul' has no pins
//  Warning: Net 'S[2092]' in module 'msrv_soc_clmul' has no pins
//  Warning: Net 'S[2091]' in module 'msrv_soc_clmul' has no pins
//  Warning: Net 'S[2090]' in module 'msrv_soc_clmul' has no pins
//  Warning: Net 'S[2089]' in module 'msrv_soc_clmul' has no pins
//  Warning: Net 'S[2088]' in module 'msrv_soc_clmul' has no pins
//  Warning: Net 'S[2087]' in module 'msrv_soc_clmul' has no pins
//  Warning: Net 'S[2086]' in module 'msrv_soc_clmul' has no pins
//  Warning: Net 'S[2085]' in module 'msrv_soc_clmul' has no pins
//  Warning: Net 'S[2084]' in module 'msrv_soc_clmul' has no pins
//  Warning: Net 'S[2083]' in module 'msrv_soc_clmul' has no pins
//  Warning: Net 'S[2082]' in module 'msrv_soc_clmul' has no pins
//  Warning: Net 'S[2081]' in module 'msrv_soc_clmul' has no pins
//  Warning: Net 'S[2047]' in module 'msrv_soc_clmul' has no pins
//  Warning: Net 'S[2046]' in module 'msrv_soc_clmul' has no pins
//  Warning: Net 'S[2045]' in module 'msrv_soc_clmul' has no pins
//  Warning: Net 'S[2044]' in module 'msrv_soc_clmul' has no pins
//  Warning: Net 'S[2043]' in module 'msrv_soc_clmul' has no pins
//  Warning: Net 'S[2042]' in module 'msrv_soc_clmul' has no pins
//  Warning: Net 'S[2041]' in module 'msrv_soc_clmul' has no pins
//  Warning: Net 'S[2040]' in module 'msrv_soc_clmul' has no pins
//  Warning: Net 'S[2039]' in module 'msrv_soc_clmul' has no pins
//  Warning: Net 'S[2038]' in module 'msrv_soc_clmul' has no pins
//  Warning: Net 'S[2037]' in module 'msrv_soc_clmul' has no pins
//  Warning: Net 'S[2036]' in module 'msrv_soc_clmul' has no pins
//  Warning: Net 'S[2035]' in module 'msrv_soc_clmul' has no pins
//  Warning: Net 'S[2034]' in module 'msrv_soc_clmul' has no pins
//  Warning: Net 'S[2033]' in module 'msrv_soc_clmul' has no pins
//  Warning: Net 'S[2032]' in module 'msrv_soc_clmul' has no pins
//  Warning: Net 'S[2031]' in module 'msrv_soc_clmul' has no pins
//  Warning: Net 'S[2030]' in module 'msrv_soc_clmul' has no pins
//  Warning: Net 'S[2029]' in module 'msrv_soc_clmul' has no pins
//  Warning: Net 'S[2028]' in module 'msrv_soc_clmul' has no pins
//  Warning: Net 'S[2027]' in module 'msrv_soc_clmul' has no pins
//  Warning: Net 'S[2026]' in module 'msrv_soc_clmul' has no pins
//  Warning: Net 'S[2025]' in module 'msrv_soc_clmul' has no pins
//  Warning: Net 'S[2024]' in module 'msrv_soc_clmul' has no pins
//  Warning: Net 'S[2023]' in module 'msrv_soc_clmul' has no pins
//  Warning: Net 'S[2022]' in module 'msrv_soc_clmul' has no pins
//  Warning: Net 'S[2021]' in module 'msrv_soc_clmul' has no pins
//  Warning: Net 'S[2020]' in module 'msrv_soc_clmul' has no pins
//  Warning: Net 'S[2019]' in module 'msrv_soc_clmul' has no pins
//  Warning: Net 'S[2018]' in module 'msrv_soc_clmul' has no pins
//  Warning: Net 'S[2017]' in module 'msrv_soc_clmul' has no pins
//  Warning: Net 'S[2016]' in module 'msrv_soc_clmul' has no pins
//  Warning: Net 'S[1983]' in module 'msrv_soc_clmul' has no pins
//  Warning: Net 'S[1982]' in module 'msrv_soc_clmul' has no pins
//  Warning: Net 'S[1981]' in module 'msrv_soc_clmul' has no pins
//  Warning: Net 'S[1980]' in module 'msrv_soc_clmul' has no pins
//  Warning: Net 'S[1979]' in module 'msrv_soc_clmul' has no pins
//  Warning: Net 'S[1978]' in module 'msrv_soc_clmul' has no pins
//  Warning: Net 'S[1977]' in module 'msrv_soc_clmul' has no pins
//  Warning: Net 'S[1976]' in module 'msrv_soc_clmul' has no pins
//  Warning: Net 'S[1975]' in module 'msrv_soc_clmul' has no pins
//  Warning: Net 'S[1974]' in module 'msrv_soc_clmul' has no pins
//  Warning: Net 'S[1973]' in module 'msrv_soc_clmul' has no pins
//  Warning: Net 'S[1972]' in module 'msrv_soc_clmul' has no pins
//  Warning: Net 'S[1971]' in module 'msrv_soc_clmul' has no pins
//  Warning: Net 'S[1970]' in module 'msrv_soc_clmul' has no pins
//  Warning: Net 'S[1969]' in module 'msrv_soc_clmul' has no pins
//  Warning: Net 'S[1968]' in module 'msrv_soc_clmul' has no pins
//  Warning: Net 'S[1967]' in module 'msrv_soc_clmul' has no pins
//  Warning: Net 'S[1966]' in module 'msrv_soc_clmul' has no pins
//  Warning: Net 'S[1965]' in module 'msrv_soc_clmul' has no pins
//  Warning: Net 'S[1964]' in module 'msrv_soc_clmul' has no pins
//  Warning: Net 'S[1963]' in module 'msrv_soc_clmul' has no pins
//  Warning: Net 'S[1962]' in module 'msrv_soc_clmul' has no pins
//  Warning: Net 'S[1961]' in module 'msrv_soc_clmul' has no pins
//  Warning: Net 'S[1960]' in module 'msrv_soc_clmul' has no pins
//  Warning: Net 'S[1959]' in module 'msrv_soc_clmul' has no pins
//  Warning: Net 'S[1958]' in module 'msrv_soc_clmul' has no pins
//  Warning: Net 'S[1957]' in module 'msrv_soc_clmul' has no pins
//  Warning: Net 'S[1956]' in module 'msrv_soc_clmul' has no pins
//  Warning: Net 'S[1955]' in module 'msrv_soc_clmul' has no pins
//  Warning: Net 'S[1954]' in module 'msrv_soc_clmul' has no pins
//  Warning: Net 'S[1953]' in module 'msrv_soc_clmul' has no pins
//  Warning: Net 'S[1952]' in module 'msrv_soc_clmul' has no pins
//  Warning: Net 'S[1951]' in module 'msrv_soc_clmul' has no pins
//  Warning: Net 'S[1919]' in module 'msrv_soc_clmul' has no pins
//  Warning: Net 'S[1918]' in module 'msrv_soc_clmul' has no pins
//  Warning: Net 'S[1917]' in module 'msrv_soc_clmul' has no pins
//  Warning: Net 'S[1916]' in module 'msrv_soc_clmul' has no pins
//  Warning: Net 'S[1915]' in module 'msrv_soc_clmul' has no pins
//  Warning: Net 'S[1914]' in module 'msrv_soc_clmul' has no pins
//  Warning: Net 'S[1913]' in module 'msrv_soc_clmul' has no pins
//  Warning: Net 'S[1912]' in module 'msrv_soc_clmul' has no pins
//  Warning: Net 'S[1911]' in module 'msrv_soc_clmul' has no pins
//  Warning: Net 'S[1910]' in module 'msrv_soc_clmul' has no pins
//  Warning: Net 'S[1909]' in module 'msrv_soc_clmul' has no pins
//  Warning: Net 'S[1908]' in module 'msrv_soc_clmul' has no pins
//  Warning: Net 'S[1907]' in module 'msrv_soc_clmul' has no pins
//  Warning: Net 'S[1906]' in module 'msrv_soc_clmul' has no pins
//  Warning: Net 'S[1905]' in module 'msrv_soc_clmul' has no pins
//  Warning: Net 'S[1904]' in module 'msrv_soc_clmul' has no pins
//  Warning: Net 'S[1903]' in module 'msrv_soc_clmul' has no pins
//  Warning: Net 'S[1902]' in module 'msrv_soc_clmul' has no pins
//  Warning: Net 'S[1901]' in module 'msrv_soc_clmul' has no pins
//  Warning: Net 'S[1900]' in module 'msrv_soc_clmul' has no pins
//  Warning: Net 'S[1899]' in module 'msrv_soc_clmul' has no pins
//  Warning: Net 'S[1898]' in module 'msrv_soc_clmul' has no pins
//  Warning: Net 'S[1897]' in module 'msrv_soc_clmul' has no pins
//  Warning: Net 'S[1896]' in module 'msrv_soc_clmul' has no pins
//  Warning: Net 'S[1895]' in module 'msrv_soc_clmul' has no pins
//  Warning: Net 'S[1894]' in module 'msrv_soc_clmul' has no pins
//  Warning: Net 'S[1893]' in module 'msrv_soc_clmul' has no pins
//  Warning: Net 'S[1892]' in module 'msrv_soc_clmul' has no pins
//  Warning: Net 'S[1891]' in module 'msrv_soc_clmul' has no pins
//  Warning: Net 'S[1890]' in module 'msrv_soc_clmul' has no pins
//  Warning: Net 'S[1889]' in module 'msrv_soc_clmul' has no pins
//  Warning: Net 'S[1888]' in module 'msrv_soc_clmul' has no pins
//  Warning: Net 'S[1887]' in module 'msrv_soc_clmul' has no pins
//  Warning: Net 'S[1886]' in module 'msrv_soc_clmul' has no pins
//  Warning: Net 'S[1855]' in module 'msrv_soc_clmul' has no pins
//  Warning: Net 'S[1854]' in module 'msrv_soc_clmul' has no pins
//  Warning: Net 'S[1853]' in module 'msrv_soc_clmul' has no pins
//  Warning: Net 'S[1852]' in module 'msrv_soc_clmul' has no pins
//  Warning: Net 'S[1851]' in module 'msrv_soc_clmul' has no pins
//  Warning: Net 'S[1850]' in module 'msrv_soc_clmul' has no pins
//  Warning: Net 'S[1849]' in module 'msrv_soc_clmul' has no pins
//  Warning: Net 'S[1848]' in module 'msrv_soc_clmul' has no pins
//  Warning: Net 'S[1847]' in module 'msrv_soc_clmul' has no pins
//  Warning: Net 'S[1846]' in module 'msrv_soc_clmul' has no pins
//  Warning: Net 'S[1845]' in module 'msrv_soc_clmul' has no pins
//  Warning: Net 'S[1844]' in module 'msrv_soc_clmul' has no pins
//  Warning: Net 'S[1843]' in module 'msrv_soc_clmul' has no pins
//  Warning: Net 'S[1842]' in module 'msrv_soc_clmul' has no pins
//  Warning: Net 'S[1841]' in module 'msrv_soc_clmul' has no pins
//  Warning: Net 'S[1840]' in module 'msrv_soc_clmul' has no pins
//  Warning: Net 'S[1839]' in module 'msrv_soc_clmul' has no pins
//  Warning: Net 'S[1838]' in module 'msrv_soc_clmul' has no pins
//  Warning: Net 'S[1837]' in module 'msrv_soc_clmul' has no pins
//  Warning: Net 'S[1836]' in module 'msrv_soc_clmul' has no pins
//  Warning: Net 'S[1835]' in module 'msrv_soc_clmul' has no pins
//  Warning: Net 'S[1834]' in module 'msrv_soc_clmul' has no pins
//  Warning: Net 'S[1833]' in module 'msrv_soc_clmul' has no pins
//  Warning: Net 'S[1832]' in module 'msrv_soc_clmul' has no pins
//  Warning: Net 'S[1831]' in module 'msrv_soc_clmul' has no pins
//  Warning: Net 'S[1830]' in module 'msrv_soc_clmul' has no pins
//  Warning: Net 'S[1829]' in module 'msrv_soc_clmul' has no pins
//  Warning: Net 'S[1828]' in module 'msrv_soc_clmul' has no pins
//  Warning: Net 'S[1827]' in module 'msrv_soc_clmul' has no pins
//  Warning: Net 'S[1826]' in module 'msrv_soc_clmul' has no pins
//  Warning: Net 'S[1825]' in module 'msrv_soc_clmul' has no pins
//  Warning: Net 'S[1824]' in module 'msrv_soc_clmul' has no pins
//  Warning: Net 'S[1823]' in module 'msrv_soc_clmul' has no pins
//  Warning: Net 'S[1822]' in module 'msrv_soc_clmul' has no pins
//  Warning: Net 'S[1821]' in module 'msrv_soc_clmul' has no pins
//  Warning: Net 'S[1791]' in module 'msrv_soc_clmul' has no pins
//  Warning: Net 'S[1790]' in module 'msrv_soc_clmul' has no pins
//  Warning: Net 'S[1789]' in module 'msrv_soc_clmul' has no pins
//  Warning: Net 'S[1788]' in module 'msrv_soc_clmul' has no pins
//  Warning: Net 'S[1787]' in module 'msrv_soc_clmul' has no pins
//  Warning: Net 'S[1786]' in module 'msrv_soc_clmul' has no pins
//  Warning: Net 'S[1785]' in module 'msrv_soc_clmul' has no pins
//  Warning: Net 'S[1784]' in module 'msrv_soc_clmul' has no pins
//  Warning: Net 'S[1783]' in module 'msrv_soc_clmul' has no pins
//  Warning: Net 'S[1782]' in module 'msrv_soc_clmul' has no pins
//  Warning: Net 'S[1781]' in module 'msrv_soc_clmul' has no pins
//  Warning: Net 'S[1780]' in module 'msrv_soc_clmul' has no pins
//  Warning: Net 'S[1779]' in module 'msrv_soc_clmul' has no pins
//  Warning: Net 'S[1778]' in module 'msrv_soc_clmul' has no pins
//  Warning: Net 'S[1777]' in module 'msrv_soc_clmul' has no pins
//  Warning: Net 'S[1776]' in module 'msrv_soc_clmul' has no pins
//  Warning: Net 'S[1775]' in module 'msrv_soc_clmul' has no pins
//  Warning: Net 'S[1774]' in module 'msrv_soc_clmul' has no pins
//  Warning: Net 'S[1773]' in module 'msrv_soc_clmul' has no pins
//  Warning: Net 'S[1772]' in module 'msrv_soc_clmul' has no pins
//  Warning: Net 'S[1771]' in module 'msrv_soc_clmul' has no pins
//  Warning: Net 'S[1770]' in module 'msrv_soc_clmul' has no pins
//  Warning: Net 'S[1769]' in module 'msrv_soc_clmul' has no pins
//  Warning: Net 'S[1768]' in module 'msrv_soc_clmul' has no pins
//  Warning: Net 'S[1767]' in module 'msrv_soc_clmul' has no pins
//  Warning: Net 'S[1766]' in module 'msrv_soc_clmul' has no pins
//  Warning: Net 'S[1765]' in module 'msrv_soc_clmul' has no pins
//  Warning: Net 'S[1764]' in module 'msrv_soc_clmul' has no pins
//  Warning: Net 'S[1763]' in module 'msrv_soc_clmul' has no pins
//  Warning: Net 'S[1762]' in module 'msrv_soc_clmul' has no pins
//  Warning: Net 'S[1761]' in module 'msrv_soc_clmul' has no pins
//  Warning: Net 'S[1760]' in module 'msrv_soc_clmul' has no pins
//  Warning: Net 'S[1759]' in module 'msrv_soc_clmul' has no pins
//  Warning: Net 'S[1758]' in module 'msrv_soc_clmul' has no pins
//  Warning: Net 'S[1757]' in module 'msrv_soc_clmul' has no pins
//  Warning: Net 'S[1756]' in module 'msrv_soc_clmul' has no pins
//  Warning: Net 'S[1727]' in module 'msrv_soc_clmul' has no pins
//  Warning: Net 'S[1726]' in module 'msrv_soc_clmul' has no pins
//  Warning: Net 'S[1725]' in module 'msrv_soc_clmul' has no pins
//  Warning: Net 'S[1724]' in module 'msrv_soc_clmul' has no pins
//  Warning: Net 'S[1723]' in module 'msrv_soc_clmul' has no pins
//  Warning: Net 'S[1722]' in module 'msrv_soc_clmul' has no pins
//  Warning: Net 'S[1721]' in module 'msrv_soc_clmul' has no pins
//  Warning: Net 'S[1720]' in module 'msrv_soc_clmul' has no pins
//  Warning: Net 'S[1719]' in module 'msrv_soc_clmul' has no pins
//  Warning: Net 'S[1718]' in module 'msrv_soc_clmul' has no pins
//  Warning: Net 'S[1717]' in module 'msrv_soc_clmul' has no pins
//  Warning: Net 'S[1716]' in module 'msrv_soc_clmul' has no pins
//  Warning: Net 'S[1715]' in module 'msrv_soc_clmul' has no pins
//  Warning: Net 'S[1714]' in module 'msrv_soc_clmul' has no pins
//  Warning: Net 'S[1713]' in module 'msrv_soc_clmul' has no pins
//  Warning: Net 'S[1712]' in module 'msrv_soc_clmul' has no pins
//  Warning: Net 'S[1711]' in module 'msrv_soc_clmul' has no pins
//  Warning: Net 'S[1710]' in module 'msrv_soc_clmul' has no pins
//  Warning: Net 'S[1709]' in module 'msrv_soc_clmul' has no pins
//  Warning: Net 'S[1708]' in module 'msrv_soc_clmul' has no pins
//  Warning: Net 'S[1707]' in module 'msrv_soc_clmul' has no pins
//  Warning: Net 'S[1706]' in module 'msrv_soc_clmul' has no pins
//  Warning: Net 'S[1705]' in module 'msrv_soc_clmul' has no pins
//  Warning: Net 'S[1704]' in module 'msrv_soc_clmul' has no pins
//  Warning: Net 'S[1703]' in module 'msrv_soc_clmul' has no pins
//  Warning: Net 'S[1702]' in module 'msrv_soc_clmul' has no pins
//  Warning: Net 'S[1701]' in module 'msrv_soc_clmul' has no pins
//  Warning: Net 'S[1700]' in module 'msrv_soc_clmul' has no pins
//  Warning: Net 'S[1699]' in module 'msrv_soc_clmul' has no pins
//  Warning: Net 'S[1698]' in module 'msrv_soc_clmul' has no pins
//  Warning: Net 'S[1697]' in module 'msrv_soc_clmul' has no pins
//  Warning: Net 'S[1696]' in module 'msrv_soc_clmul' has no pins
//  Warning: Net 'S[1695]' in module 'msrv_soc_clmul' has no pins
//  Warning: Net 'S[1694]' in module 'msrv_soc_clmul' has no pins
//  Warning: Net 'S[1693]' in module 'msrv_soc_clmul' has no pins
//  Warning: Net 'S[1692]' in module 'msrv_soc_clmul' has no pins
//  Warning: Net 'S[1691]' in module 'msrv_soc_clmul' has no pins
//  Warning: Net 'S[1663]' in module 'msrv_soc_clmul' has no pins
//  Warning: Net 'S[1662]' in module 'msrv_soc_clmul' has no pins
//  Warning: Net 'S[1661]' in module 'msrv_soc_clmul' has no pins
//  Warning: Net 'S[1660]' in module 'msrv_soc_clmul' has no pins
//  Warning: Net 'S[1659]' in module 'msrv_soc_clmul' has no pins
//  Warning: Net 'S[1658]' in module 'msrv_soc_clmul' has no pins
//  Warning: Net 'S[1657]' in module 'msrv_soc_clmul' has no pins
//  Warning: Net 'S[1656]' in module 'msrv_soc_clmul' has no pins
//  Warning: Net 'S[1655]' in module 'msrv_soc_clmul' has no pins
//  Warning: Net 'S[1654]' in module 'msrv_soc_clmul' has no pins
//  Warning: Net 'S[1653]' in module 'msrv_soc_clmul' has no pins
//  Warning: Net 'S[1652]' in module 'msrv_soc_clmul' has no pins
//  Warning: Net 'S[1651]' in module 'msrv_soc_clmul' has no pins
//  Warning: Net 'S[1650]' in module 'msrv_soc_clmul' has no pins
//  Warning: Net 'S[1649]' in module 'msrv_soc_clmul' has no pins
//  Warning: Net 'S[1648]' in module 'msrv_soc_clmul' has no pins
//  Warning: Net 'S[1647]' in module 'msrv_soc_clmul' has no pins
//  Warning: Net 'S[1646]' in module 'msrv_soc_clmul' has no pins
//  Warning: Net 'S[1645]' in module 'msrv_soc_clmul' has no pins
//  Warning: Net 'S[1644]' in module 'msrv_soc_clmul' has no pins
//  Warning: Net 'S[1643]' in module 'msrv_soc_clmul' has no pins
//  Warning: Net 'S[1642]' in module 'msrv_soc_clmul' has no pins
//  Warning: Net 'S[1641]' in module 'msrv_soc_clmul' has no pins
//  Warning: Net 'S[1640]' in module 'msrv_soc_clmul' has no pins
//  Warning: Net 'S[1639]' in module 'msrv_soc_clmul' has no pins
//  Warning: Net 'S[1638]' in module 'msrv_soc_clmul' has no pins
//  Warning: Net 'S[1637]' in module 'msrv_soc_clmul' has no pins
//  Warning: Net 'S[1636]' in module 'msrv_soc_clmul' has no pins
//  Warning: Net 'S[1635]' in module 'msrv_soc_clmul' has no pins
//  Warning: Net 'S[1634]' in module 'msrv_soc_clmul' has no pins
//  Warning: Net 'S[1633]' in module 'msrv_soc_clmul' has no pins
//  Warning: Net 'S[1632]' in module 'msrv_soc_clmul' has no pins
//  Warning: Net 'S[1631]' in module 'msrv_soc_clmul' has no pins
//  Warning: Net 'S[1630]' in module 'msrv_soc_clmul' has no pins
//  Warning: Net 'S[1629]' in module 'msrv_soc_clmul' has no pins
//  Warning: Net 'S[1628]' in module 'msrv_soc_clmul' has no pins
//  Warning: Net 'S[1627]' in module 'msrv_soc_clmul' has no pins
//  Warning: Net 'S[1626]' in module 'msrv_soc_clmul' has no pins
//  Warning: Net 'S[1599]' in module 'msrv_soc_clmul' has no pins
//  Warning: Net 'S[1598]' in module 'msrv_soc_clmul' has no pins
//  Warning: Net 'S[1597]' in module 'msrv_soc_clmul' has no pins
//  Warning: Net 'S[1596]' in module 'msrv_soc_clmul' has no pins
//  Warning: Net 'S[1595]' in module 'msrv_soc_clmul' has no pins
//  Warning: Net 'S[1594]' in module 'msrv_soc_clmul' has no pins
//  Warning: Net 'S[1593]' in module 'msrv_soc_clmul' has no pins
//  Warning: Net 'S[1592]' in module 'msrv_soc_clmul' has no pins
//  Warning: Net 'S[1591]' in module 'msrv_soc_clmul' has no pins
//  Warning: Net 'S[1590]' in module 'msrv_soc_clmul' has no pins
//  Warning: Net 'S[1589]' in module 'msrv_soc_clmul' has no pins
//  Warning: Net 'S[1588]' in module 'msrv_soc_clmul' has no pins
//  Warning: Net 'S[1587]' in module 'msrv_soc_clmul' has no pins
//  Warning: Net 'S[1586]' in module 'msrv_soc_clmul' has no pins
//  Warning: Net 'S[1585]' in module 'msrv_soc_clmul' has no pins
//  Warning: Net 'S[1584]' in module 'msrv_soc_clmul' has no pins
//  Warning: Net 'S[1583]' in module 'msrv_soc_clmul' has no pins
//  Warning: Net 'S[1582]' in module 'msrv_soc_clmul' has no pins
//  Warning: Net 'S[1581]' in module 'msrv_soc_clmul' has no pins
//  Warning: Net 'S[1580]' in module 'msrv_soc_clmul' has no pins
//  Warning: Net 'S[1579]' in module 'msrv_soc_clmul' has no pins
//  Warning: Net 'S[1578]' in module 'msrv_soc_clmul' has no pins
//  Warning: Net 'S[1577]' in module 'msrv_soc_clmul' has no pins
//  Warning: Net 'S[1576]' in module 'msrv_soc_clmul' has no pins
//  Warning: Net 'S[1575]' in module 'msrv_soc_clmul' has no pins
//  Warning: Net 'S[1574]' in module 'msrv_soc_clmul' has no pins
//  Warning: Net 'S[1573]' in module 'msrv_soc_clmul' has no pins
//  Warning: Net 'S[1572]' in module 'msrv_soc_clmul' has no pins
//  Warning: Net 'S[1571]' in module 'msrv_soc_clmul' has no pins
//  Warning: Net 'S[1570]' in module 'msrv_soc_clmul' has no pins
//  Warning: Net 'S[1569]' in module 'msrv_soc_clmul' has no pins
//  Warning: Net 'S[1568]' in module 'msrv_soc_clmul' has no pins
//  Warning: Net 'S[1567]' in module 'msrv_soc_clmul' has no pins
//  Warning: Net 'S[1566]' in module 'msrv_soc_clmul' has no pins
//  Warning: Net 'S[1565]' in module 'msrv_soc_clmul' has no pins
//  Warning: Net 'S[1564]' in module 'msrv_soc_clmul' has no pins
//  Warning: Net 'S[1563]' in module 'msrv_soc_clmul' has no pins
//  Warning: Net 'S[1562]' in module 'msrv_soc_clmul' has no pins
//  Warning: Net 'S[1561]' in module 'msrv_soc_clmul' has no pins
//  Warning: Net 'S[1535]' in module 'msrv_soc_clmul' has no pins
//  Warning: Net 'S[1534]' in module 'msrv_soc_clmul' has no pins
//  Warning: Net 'S[1533]' in module 'msrv_soc_clmul' has no pins
//  Warning: Net 'S[1532]' in module 'msrv_soc_clmul' has no pins
//  Warning: Net 'S[1531]' in module 'msrv_soc_clmul' has no pins
//  Warning: Net 'S[1530]' in module 'msrv_soc_clmul' has no pins
//  Warning: Net 'S[1529]' in module 'msrv_soc_clmul' has no pins
//  Warning: Net 'S[1528]' in module 'msrv_soc_clmul' has no pins
//  Warning: Net 'S[1527]' in module 'msrv_soc_clmul' has no pins
//  Warning: Net 'S[1526]' in module 'msrv_soc_clmul' has no pins
//  Warning: Net 'S[1525]' in module 'msrv_soc_clmul' has no pins
//  Warning: Net 'S[1524]' in module 'msrv_soc_clmul' has no pins
//  Warning: Net 'S[1523]' in module 'msrv_soc_clmul' has no pins
//  Warning: Net 'S[1522]' in module 'msrv_soc_clmul' has no pins
//  Warning: Net 'S[1521]' in module 'msrv_soc_clmul' has no pins
//  Warning: Net 'S[1520]' in module 'msrv_soc_clmul' has no pins
//  Warning: Net 'S[1519]' in module 'msrv_soc_clmul' has no pins
//  Warning: Net 'S[1518]' in module 'msrv_soc_clmul' has no pins
//  Warning: Net 'S[1517]' in module 'msrv_soc_clmul' has no pins
//  Warning: Net 'S[1516]' in module 'msrv_soc_clmul' has no pins
//  Warning: Net 'S[1515]' in module 'msrv_soc_clmul' has no pins
//  Warning: Net 'S[1514]' in module 'msrv_soc_clmul' has no pins
//  Warning: Net 'S[1513]' in module 'msrv_soc_clmul' has no pins
//  Warning: Net 'S[1512]' in module 'msrv_soc_clmul' has no pins
//  Warning: Net 'S[1511]' in module 'msrv_soc_clmul' has no pins
//  Warning: Net 'S[1510]' in module 'msrv_soc_clmul' has no pins
//  Warning: Net 'S[1509]' in module 'msrv_soc_clmul' has no pins
//  Warning: Net 'S[1508]' in module 'msrv_soc_clmul' has no pins
//  Warning: Net 'S[1507]' in module 'msrv_soc_clmul' has no pins
//  Warning: Net 'S[1506]' in module 'msrv_soc_clmul' has no pins
//  Warning: Net 'S[1505]' in module 'msrv_soc_clmul' has no pins
//  Warning: Net 'S[1504]' in module 'msrv_soc_clmul' has no pins
//  Warning: Net 'S[1503]' in module 'msrv_soc_clmul' has no pins
//  Warning: Net 'S[1502]' in module 'msrv_soc_clmul' has no pins
//  Warning: Net 'S[1501]' in module 'msrv_soc_clmul' has no pins
//  Warning: Net 'S[1500]' in module 'msrv_soc_clmul' has no pins
//  Warning: Net 'S[1499]' in module 'msrv_soc_clmul' has no pins
//  Warning: Net 'S[1498]' in module 'msrv_soc_clmul' has no pins
//  Warning: Net 'S[1497]' in module 'msrv_soc_clmul' has no pins
//  Warning: Net 'S[1496]' in module 'msrv_soc_clmul' has no pins
//  Warning: Net 'S[1471]' in module 'msrv_soc_clmul' has no pins
//  Warning: Net 'S[1470]' in module 'msrv_soc_clmul' has no pins
//  Warning: Net 'S[1469]' in module 'msrv_soc_clmul' has no pins
//  Warning: Net 'S[1468]' in module 'msrv_soc_clmul' has no pins
//  Warning: Net 'S[1467]' in module 'msrv_soc_clmul' has no pins
//  Warning: Net 'S[1466]' in module 'msrv_soc_clmul' has no pins
//  Warning: Net 'S[1465]' in module 'msrv_soc_clmul' has no pins
//  Warning: Net 'S[1464]' in module 'msrv_soc_clmul' has no pins
//  Warning: Net 'S[1463]' in module 'msrv_soc_clmul' has no pins
//  Warning: Net 'S[1462]' in module 'msrv_soc_clmul' has no pins
//  Warning: Net 'S[1461]' in module 'msrv_soc_clmul' has no pins
//  Warning: Net 'S[1460]' in module 'msrv_soc_clmul' has no pins
//  Warning: Net 'S[1459]' in module 'msrv_soc_clmul' has no pins
//  Warning: Net 'S[1458]' in module 'msrv_soc_clmul' has no pins
//  Warning: Net 'S[1457]' in module 'msrv_soc_clmul' has no pins
//  Warning: Net 'S[1456]' in module 'msrv_soc_clmul' has no pins
//  Warning: Net 'S[1455]' in module 'msrv_soc_clmul' has no pins
//  Warning: Net 'S[1454]' in module 'msrv_soc_clmul' has no pins
//  Warning: Net 'S[1453]' in module 'msrv_soc_clmul' has no pins
//  Warning: Net 'S[1452]' in module 'msrv_soc_clmul' has no pins
//  Warning: Net 'S[1451]' in module 'msrv_soc_clmul' has no pins
//  Warning: Net 'S[1450]' in module 'msrv_soc_clmul' has no pins
//  Warning: Net 'S[1449]' in module 'msrv_soc_clmul' has no pins
//  Warning: Net 'S[1448]' in module 'msrv_soc_clmul' has no pins
//  Warning: Net 'S[1447]' in module 'msrv_soc_clmul' has no pins
//  Warning: Net 'S[1446]' in module 'msrv_soc_clmul' has no pins
//  Warning: Net 'S[1445]' in module 'msrv_soc_clmul' has no pins
//  Warning: Net 'S[1444]' in module 'msrv_soc_clmul' has no pins
//  Warning: Net 'S[1443]' in module 'msrv_soc_clmul' has no pins
//  Warning: Net 'S[1442]' in module 'msrv_soc_clmul' has no pins
//  Warning: Net 'S[1441]' in module 'msrv_soc_clmul' has no pins
//  Warning: Net 'S[1440]' in module 'msrv_soc_clmul' has no pins
//  Warning: Net 'S[1439]' in module 'msrv_soc_clmul' has no pins
//  Warning: Net 'S[1438]' in module 'msrv_soc_clmul' has no pins
//  Warning: Net 'S[1437]' in module 'msrv_soc_clmul' has no pins
//  Warning: Net 'S[1436]' in module 'msrv_soc_clmul' has no pins
//  Warning: Net 'S[1435]' in module 'msrv_soc_clmul' has no pins
//  Warning: Net 'S[1434]' in module 'msrv_soc_clmul' has no pins
//  Warning: Net 'S[1433]' in module 'msrv_soc_clmul' has no pins
//  Warning: Net 'S[1432]' in module 'msrv_soc_clmul' has no pins
//  Warning: Net 'S[1431]' in module 'msrv_soc_clmul' has no pins
//  Warning: Net 'S[1407]' in module 'msrv_soc_clmul' has no pins
//  Warning: Net 'S[1406]' in module 'msrv_soc_clmul' has no pins
//  Warning: Net 'S[1405]' in module 'msrv_soc_clmul' has no pins
//  Warning: Net 'S[1404]' in module 'msrv_soc_clmul' has no pins
//  Warning: Net 'S[1403]' in module 'msrv_soc_clmul' has no pins
//  Warning: Net 'S[1402]' in module 'msrv_soc_clmul' has no pins
//  Warning: Net 'S[1401]' in module 'msrv_soc_clmul' has no pins
//  Warning: Net 'S[1400]' in module 'msrv_soc_clmul' has no pins
//  Warning: Net 'S[1399]' in module 'msrv_soc_clmul' has no pins
//  Warning: Net 'S[1398]' in module 'msrv_soc_clmul' has no pins
//  Warning: Net 'S[1397]' in module 'msrv_soc_clmul' has no pins
//  Warning: Net 'S[1396]' in module 'msrv_soc_clmul' has no pins
//  Warning: Net 'S[1395]' in module 'msrv_soc_clmul' has no pins
//  Warning: Net 'S[1394]' in module 'msrv_soc_clmul' has no pins
//  Warning: Net 'S[1393]' in module 'msrv_soc_clmul' has no pins
//  Warning: Net 'S[1392]' in module 'msrv_soc_clmul' has no pins
//  Warning: Net 'S[1391]' in module 'msrv_soc_clmul' has no pins
//  Warning: Net 'S[1390]' in module 'msrv_soc_clmul' has no pins
//  Warning: Net 'S[1389]' in module 'msrv_soc_clmul' has no pins
//  Warning: Net 'S[1388]' in module 'msrv_soc_clmul' has no pins
//  Warning: Net 'S[1387]' in module 'msrv_soc_clmul' has no pins
//  Warning: Net 'S[1386]' in module 'msrv_soc_clmul' has no pins
//  Warning: Net 'S[1385]' in module 'msrv_soc_clmul' has no pins
//  Warning: Net 'S[1384]' in module 'msrv_soc_clmul' has no pins
//  Warning: Net 'S[1383]' in module 'msrv_soc_clmul' has no pins
//  Warning: Net 'S[1382]' in module 'msrv_soc_clmul' has no pins
//  Warning: Net 'S[1381]' in module 'msrv_soc_clmul' has no pins
//  Warning: Net 'S[1380]' in module 'msrv_soc_clmul' has no pins
//  Warning: Net 'S[1379]' in module 'msrv_soc_clmul' has no pins
//  Warning: Net 'S[1378]' in module 'msrv_soc_clmul' has no pins
//  Warning: Net 'S[1377]' in module 'msrv_soc_clmul' has no pins
//  Warning: Net 'S[1376]' in module 'msrv_soc_clmul' has no pins
//  Warning: Net 'S[1375]' in module 'msrv_soc_clmul' has no pins
//  Warning: Net 'S[1374]' in module 'msrv_soc_clmul' has no pins
//  Warning: Net 'S[1373]' in module 'msrv_soc_clmul' has no pins
//  Warning: Net 'S[1372]' in module 'msrv_soc_clmul' has no pins
//  Warning: Net 'S[1371]' in module 'msrv_soc_clmul' has no pins
//  Warning: Net 'S[1370]' in module 'msrv_soc_clmul' has no pins
//  Warning: Net 'S[1369]' in module 'msrv_soc_clmul' has no pins
//  Warning: Net 'S[1368]' in module 'msrv_soc_clmul' has no pins
//  Warning: Net 'S[1367]' in module 'msrv_soc_clmul' has no pins
//  Warning: Net 'S[1366]' in module 'msrv_soc_clmul' has no pins
//  Warning: Net 'S[1343]' in module 'msrv_soc_clmul' has no pins
//  Warning: Net 'S[1342]' in module 'msrv_soc_clmul' has no pins
//  Warning: Net 'S[1341]' in module 'msrv_soc_clmul' has no pins
//  Warning: Net 'S[1340]' in module 'msrv_soc_clmul' has no pins
//  Warning: Net 'S[1339]' in module 'msrv_soc_clmul' has no pins
//  Warning: Net 'S[1338]' in module 'msrv_soc_clmul' has no pins
//  Warning: Net 'S[1337]' in module 'msrv_soc_clmul' has no pins
//  Warning: Net 'S[1336]' in module 'msrv_soc_clmul' has no pins
//  Warning: Net 'S[1335]' in module 'msrv_soc_clmul' has no pins
//  Warning: Net 'S[1334]' in module 'msrv_soc_clmul' has no pins
//  Warning: Net 'S[1333]' in module 'msrv_soc_clmul' has no pins
//  Warning: Net 'S[1332]' in module 'msrv_soc_clmul' has no pins
//  Warning: Net 'S[1331]' in module 'msrv_soc_clmul' has no pins
//  Warning: Net 'S[1330]' in module 'msrv_soc_clmul' has no pins
//  Warning: Net 'S[1329]' in module 'msrv_soc_clmul' has no pins
//  Warning: Net 'S[1328]' in module 'msrv_soc_clmul' has no pins
//  Warning: Net 'S[1327]' in module 'msrv_soc_clmul' has no pins
//  Warning: Net 'S[1326]' in module 'msrv_soc_clmul' has no pins
//  Warning: Net 'S[1325]' in module 'msrv_soc_clmul' has no pins
//  Warning: Net 'S[1324]' in module 'msrv_soc_clmul' has no pins
//  Warning: Net 'S[1323]' in module 'msrv_soc_clmul' has no pins
//  Warning: Net 'S[1322]' in module 'msrv_soc_clmul' has no pins
//  Warning: Net 'S[1321]' in module 'msrv_soc_clmul' has no pins
//  Warning: Net 'S[1320]' in module 'msrv_soc_clmul' has no pins
//  Warning: Net 'S[1319]' in module 'msrv_soc_clmul' has no pins
//  Warning: Net 'S[1318]' in module 'msrv_soc_clmul' has no pins
//  Warning: Net 'S[1317]' in module 'msrv_soc_clmul' has no pins
//  Warning: Net 'S[1316]' in module 'msrv_soc_clmul' has no pins
//  Warning: Net 'S[1315]' in module 'msrv_soc_clmul' has no pins
//  Warning: Net 'S[1314]' in module 'msrv_soc_clmul' has no pins
//  Warning: Net 'S[1313]' in module 'msrv_soc_clmul' has no pins
//  Warning: Net 'S[1312]' in module 'msrv_soc_clmul' has no pins
//  Warning: Net 'S[1311]' in module 'msrv_soc_clmul' has no pins
//  Warning: Net 'S[1310]' in module 'msrv_soc_clmul' has no pins
//  Warning: Net 'S[1309]' in module 'msrv_soc_clmul' has no pins
//  Warning: Net 'S[1308]' in module 'msrv_soc_clmul' has no pins
//  Warning: Net 'S[1307]' in module 'msrv_soc_clmul' has no pins
//  Warning: Net 'S[1306]' in module 'msrv_soc_clmul' has no pins
//  Warning: Net 'S[1305]' in module 'msrv_soc_clmul' has no pins
//  Warning: Net 'S[1304]' in module 'msrv_soc_clmul' has no pins
//  Warning: Net 'S[1303]' in module 'msrv_soc_clmul' has no pins
//  Warning: Net 'S[1302]' in module 'msrv_soc_clmul' has no pins
//  Warning: Net 'S[1301]' in module 'msrv_soc_clmul' has no pins
//  Warning: Net 'S[1279]' in module 'msrv_soc_clmul' has no pins
//  Warning: Net 'S[1278]' in module 'msrv_soc_clmul' has no pins
//  Warning: Net 'S[1277]' in module 'msrv_soc_clmul' has no pins
//  Warning: Net 'S[1276]' in module 'msrv_soc_clmul' has no pins
//  Warning: Net 'S[1275]' in module 'msrv_soc_clmul' has no pins
//  Warning: Net 'S[1274]' in module 'msrv_soc_clmul' has no pins
//  Warning: Net 'S[1273]' in module 'msrv_soc_clmul' has no pins
//  Warning: Net 'S[1272]' in module 'msrv_soc_clmul' has no pins
//  Warning: Net 'S[1271]' in module 'msrv_soc_clmul' has no pins
//  Warning: Net 'S[1270]' in module 'msrv_soc_clmul' has no pins
//  Warning: Net 'S[1269]' in module 'msrv_soc_clmul' has no pins
//  Warning: Net 'S[1268]' in module 'msrv_soc_clmul' has no pins
//  Warning: Net 'S[1267]' in module 'msrv_soc_clmul' has no pins
//  Warning: Net 'S[1266]' in module 'msrv_soc_clmul' has no pins
//  Warning: Net 'S[1265]' in module 'msrv_soc_clmul' has no pins
//  Warning: Net 'S[1264]' in module 'msrv_soc_clmul' has no pins
//  Warning: Net 'S[1263]' in module 'msrv_soc_clmul' has no pins
//  Warning: Net 'S[1262]' in module 'msrv_soc_clmul' has no pins
//  Warning: Net 'S[1261]' in module 'msrv_soc_clmul' has no pins
//  Warning: Net 'S[1260]' in module 'msrv_soc_clmul' has no pins
//  Warning: Net 'S[1259]' in module 'msrv_soc_clmul' has no pins
//  Warning: Net 'S[1258]' in module 'msrv_soc_clmul' has no pins
//  Warning: Net 'S[1257]' in module 'msrv_soc_clmul' has no pins
//  Warning: Net 'S[1256]' in module 'msrv_soc_clmul' has no pins
//  Warning: Net 'S[1255]' in module 'msrv_soc_clmul' has no pins
//  Warning: Net 'S[1254]' in module 'msrv_soc_clmul' has no pins
//  Warning: Net 'S[1253]' in module 'msrv_soc_clmul' has no pins
//  Warning: Net 'S[1252]' in module 'msrv_soc_clmul' has no pins
//  Warning: Net 'S[1251]' in module 'msrv_soc_clmul' has no pins
//  Warning: Net 'S[1250]' in module 'msrv_soc_clmul' has no pins
//  Warning: Net 'S[1249]' in module 'msrv_soc_clmul' has no pins
//  Warning: Net 'S[1248]' in module 'msrv_soc_clmul' has no pins
//  Warning: Net 'S[1247]' in module 'msrv_soc_clmul' has no pins
//  Warning: Net 'S[1246]' in module 'msrv_soc_clmul' has no pins
//  Warning: Net 'S[1245]' in module 'msrv_soc_clmul' has no pins
//  Warning: Net 'S[1244]' in module 'msrv_soc_clmul' has no pins
//  Warning: Net 'S[1243]' in module 'msrv_soc_clmul' has no pins
//  Warning: Net 'S[1242]' in module 'msrv_soc_clmul' has no pins
//  Warning: Net 'S[1241]' in module 'msrv_soc_clmul' has no pins
//  Warning: Net 'S[1240]' in module 'msrv_soc_clmul' has no pins
//  Warning: Net 'S[1239]' in module 'msrv_soc_clmul' has no pins
//  Warning: Net 'S[1238]' in module 'msrv_soc_clmul' has no pins
//  Warning: Net 'S[1237]' in module 'msrv_soc_clmul' has no pins
//  Warning: Net 'S[1236]' in module 'msrv_soc_clmul' has no pins
//  Warning: Net 'S[1215]' in module 'msrv_soc_clmul' has no pins
//  Warning: Net 'S[1214]' in module 'msrv_soc_clmul' has no pins
//  Warning: Net 'S[1213]' in module 'msrv_soc_clmul' has no pins
//  Warning: Net 'S[1212]' in module 'msrv_soc_clmul' has no pins
//  Warning: Net 'S[1211]' in module 'msrv_soc_clmul' has no pins
//  Warning: Net 'S[1210]' in module 'msrv_soc_clmul' has no pins
//  Warning: Net 'S[1209]' in module 'msrv_soc_clmul' has no pins
//  Warning: Net 'S[1208]' in module 'msrv_soc_clmul' has no pins
//  Warning: Net 'S[1207]' in module 'msrv_soc_clmul' has no pins
//  Warning: Net 'S[1206]' in module 'msrv_soc_clmul' has no pins
//  Warning: Net 'S[1205]' in module 'msrv_soc_clmul' has no pins
//  Warning: Net 'S[1204]' in module 'msrv_soc_clmul' has no pins
//  Warning: Net 'S[1203]' in module 'msrv_soc_clmul' has no pins
//  Warning: Net 'S[1202]' in module 'msrv_soc_clmul' has no pins
//  Warning: Net 'S[1201]' in module 'msrv_soc_clmul' has no pins
//  Warning: Net 'S[1200]' in module 'msrv_soc_clmul' has no pins
//  Warning: Net 'S[1199]' in module 'msrv_soc_clmul' has no pins
//  Warning: Net 'S[1198]' in module 'msrv_soc_clmul' has no pins
//  Warning: Net 'S[1197]' in module 'msrv_soc_clmul' has no pins
//  Warning: Net 'S[1196]' in module 'msrv_soc_clmul' has no pins
//  Warning: Net 'S[1195]' in module 'msrv_soc_clmul' has no pins
//  Warning: Net 'S[1194]' in module 'msrv_soc_clmul' has no pins
//  Warning: Net 'S[1193]' in module 'msrv_soc_clmul' has no pins
//  Warning: Net 'S[1192]' in module 'msrv_soc_clmul' has no pins
//  Warning: Net 'S[1191]' in module 'msrv_soc_clmul' has no pins
//  Warning: Net 'S[1190]' in module 'msrv_soc_clmul' has no pins
//  Warning: Net 'S[1189]' in module 'msrv_soc_clmul' has no pins
//  Warning: Net 'S[1188]' in module 'msrv_soc_clmul' has no pins
//  Warning: Net 'S[1187]' in module 'msrv_soc_clmul' has no pins
//  Warning: Net 'S[1186]' in module 'msrv_soc_clmul' has no pins
//  Warning: Net 'S[1185]' in module 'msrv_soc_clmul' has no pins
//  Warning: Net 'S[1184]' in module 'msrv_soc_clmul' has no pins
//  Warning: Net 'S[1183]' in module 'msrv_soc_clmul' has no pins
//  Warning: Net 'S[1182]' in module 'msrv_soc_clmul' has no pins
//  Warning: Net 'S[1181]' in module 'msrv_soc_clmul' has no pins
//  Warning: Net 'S[1180]' in module 'msrv_soc_clmul' has no pins
//  Warning: Net 'S[1179]' in module 'msrv_soc_clmul' has no pins
//  Warning: Net 'S[1178]' in module 'msrv_soc_clmul' has no pins
//  Warning: Net 'S[1177]' in module 'msrv_soc_clmul' has no pins
//  Warning: Net 'S[1176]' in module 'msrv_soc_clmul' has no pins
//  Warning: Net 'S[1175]' in module 'msrv_soc_clmul' has no pins
//  Warning: Net 'S[1174]' in module 'msrv_soc_clmul' has no pins
//  Warning: Net 'S[1173]' in module 'msrv_soc_clmul' has no pins
//  Warning: Net 'S[1172]' in module 'msrv_soc_clmul' has no pins
//  Warning: Net 'S[1171]' in module 'msrv_soc_clmul' has no pins
//  Warning: Net 'S[1151]' in module 'msrv_soc_clmul' has no pins
//  Warning: Net 'S[1150]' in module 'msrv_soc_clmul' has no pins
//  Warning: Net 'S[1149]' in module 'msrv_soc_clmul' has no pins
//  Warning: Net 'S[1148]' in module 'msrv_soc_clmul' has no pins
//  Warning: Net 'S[1147]' in module 'msrv_soc_clmul' has no pins
//  Warning: Net 'S[1146]' in module 'msrv_soc_clmul' has no pins
//  Warning: Net 'S[1145]' in module 'msrv_soc_clmul' has no pins
//  Warning: Net 'S[1144]' in module 'msrv_soc_clmul' has no pins
//  Warning: Net 'S[1143]' in module 'msrv_soc_clmul' has no pins
//  Warning: Net 'S[1142]' in module 'msrv_soc_clmul' has no pins
//  Warning: Net 'S[1141]' in module 'msrv_soc_clmul' has no pins
//  Warning: Net 'S[1140]' in module 'msrv_soc_clmul' has no pins
//  Warning: Net 'S[1139]' in module 'msrv_soc_clmul' has no pins
//  Warning: Net 'S[1138]' in module 'msrv_soc_clmul' has no pins
//  Warning: Net 'S[1137]' in module 'msrv_soc_clmul' has no pins
//  Warning: Net 'S[1136]' in module 'msrv_soc_clmul' has no pins
//  Warning: Net 'S[1135]' in module 'msrv_soc_clmul' has no pins
//  Warning: Net 'S[1134]' in module 'msrv_soc_clmul' has no pins
//  Warning: Net 'S[1133]' in module 'msrv_soc_clmul' has no pins
//  Warning: Net 'S[1132]' in module 'msrv_soc_clmul' has no pins
//  Warning: Net 'S[1131]' in module 'msrv_soc_clmul' has no pins
//  Warning: Net 'S[1130]' in module 'msrv_soc_clmul' has no pins
//  Warning: Net 'S[1129]' in module 'msrv_soc_clmul' has no pins
//  Warning: Net 'S[1128]' in module 'msrv_soc_clmul' has no pins
//  Warning: Net 'S[1127]' in module 'msrv_soc_clmul' has no pins
//  Warning: Net 'S[1126]' in module 'msrv_soc_clmul' has no pins
//  Warning: Net 'S[1125]' in module 'msrv_soc_clmul' has no pins
//  Warning: Net 'S[1124]' in module 'msrv_soc_clmul' has no pins
//  Warning: Net 'S[1123]' in module 'msrv_soc_clmul' has no pins
//  Warning: Net 'S[1122]' in module 'msrv_soc_clmul' has no pins
//  Warning: Net 'S[1121]' in module 'msrv_soc_clmul' has no pins
//  Warning: Net 'S[1120]' in module 'msrv_soc_clmul' has no pins
//  Warning: Net 'S[1119]' in module 'msrv_soc_clmul' has no pins
//  Warning: Net 'S[1118]' in module 'msrv_soc_clmul' has no pins
//  Warning: Net 'S[1117]' in module 'msrv_soc_clmul' has no pins
//  Warning: Net 'S[1116]' in module 'msrv_soc_clmul' has no pins
//  Warning: Net 'S[1115]' in module 'msrv_soc_clmul' has no pins
//  Warning: Net 'S[1114]' in module 'msrv_soc_clmul' has no pins
//  Warning: Net 'S[1113]' in module 'msrv_soc_clmul' has no pins
//  Warning: Net 'S[1112]' in module 'msrv_soc_clmul' has no pins
//  Warning: Net 'S[1111]' in module 'msrv_soc_clmul' has no pins
//  Warning: Net 'S[1110]' in module 'msrv_soc_clmul' has no pins
//  Warning: Net 'S[1109]' in module 'msrv_soc_clmul' has no pins
//  Warning: Net 'S[1108]' in module 'msrv_soc_clmul' has no pins
//  Warning: Net 'S[1107]' in module 'msrv_soc_clmul' has no pins
//  Warning: Net 'S[1106]' in module 'msrv_soc_clmul' has no pins
//  Warning: Net 'S[1087]' in module 'msrv_soc_clmul' has no pins
//  Warning: Net 'S[1086]' in module 'msrv_soc_clmul' has no pins
//  Warning: Net 'S[1085]' in module 'msrv_soc_clmul' has no pins
//  Warning: Net 'S[1084]' in module 'msrv_soc_clmul' has no pins
//  Warning: Net 'S[1083]' in module 'msrv_soc_clmul' has no pins
//  Warning: Net 'S[1082]' in module 'msrv_soc_clmul' has no pins
//  Warning: Net 'S[1081]' in module 'msrv_soc_clmul' has no pins
//  Warning: Net 'S[1080]' in module 'msrv_soc_clmul' has no pins
//  Warning: Net 'S[1079]' in module 'msrv_soc_clmul' has no pins
//  Warning: Net 'S[1078]' in module 'msrv_soc_clmul' has no pins
//  Warning: Net 'S[1077]' in module 'msrv_soc_clmul' has no pins
//  Warning: Net 'S[1076]' in module 'msrv_soc_clmul' has no pins
//  Warning: Net 'S[1075]' in module 'msrv_soc_clmul' has no pins
//  Warning: Net 'S[1074]' in module 'msrv_soc_clmul' has no pins
//  Warning: Net 'S[1073]' in module 'msrv_soc_clmul' has no pins
//  Warning: Net 'S[1072]' in module 'msrv_soc_clmul' has no pins
//  Warning: Net 'S[1071]' in module 'msrv_soc_clmul' has no pins
//  Warning: Net 'S[1070]' in module 'msrv_soc_clmul' has no pins
//  Warning: Net 'S[1069]' in module 'msrv_soc_clmul' has no pins
//  Warning: Net 'S[1068]' in module 'msrv_soc_clmul' has no pins
//  Warning: Net 'S[1067]' in module 'msrv_soc_clmul' has no pins
//  Warning: Net 'S[1066]' in module 'msrv_soc_clmul' has no pins
//  Warning: Net 'S[1065]' in module 'msrv_soc_clmul' has no pins
//  Warning: Net 'S[1064]' in module 'msrv_soc_clmul' has no pins
//  Warning: Net 'S[1063]' in module 'msrv_soc_clmul' has no pins
//  Warning: Net 'S[1062]' in module 'msrv_soc_clmul' has no pins
//  Warning: Net 'S[1061]' in module 'msrv_soc_clmul' has no pins
//  Warning: Net 'S[1060]' in module 'msrv_soc_clmul' has no pins
//  Warning: Net 'S[1059]' in module 'msrv_soc_clmul' has no pins
//  Warning: Net 'S[1058]' in module 'msrv_soc_clmul' has no pins
//  Warning: Net 'S[1057]' in module 'msrv_soc_clmul' has no pins
//  Warning: Net 'S[1056]' in module 'msrv_soc_clmul' has no pins
//  Warning: Net 'S[1055]' in module 'msrv_soc_clmul' has no pins
//  Warning: Net 'S[1054]' in module 'msrv_soc_clmul' has no pins
//  Warning: Net 'S[1053]' in module 'msrv_soc_clmul' has no pins
//  Warning: Net 'S[1052]' in module 'msrv_soc_clmul' has no pins
//  Warning: Net 'S[1051]' in module 'msrv_soc_clmul' has no pins
//  Warning: Net 'S[1050]' in module 'msrv_soc_clmul' has no pins
//  Warning: Net 'S[1049]' in module 'msrv_soc_clmul' has no pins
//  Warning: Net 'S[1048]' in module 'msrv_soc_clmul' has no pins
//  Warning: Net 'S[1047]' in module 'msrv_soc_clmul' has no pins
//  Warning: Net 'S[1046]' in module 'msrv_soc_clmul' has no pins
//  Warning: Net 'S[1045]' in module 'msrv_soc_clmul' has no pins
//  Warning: Net 'S[1044]' in module 'msrv_soc_clmul' has no pins
//  Warning: Net 'S[1043]' in module 'msrv_soc_clmul' has no pins
//  Warning: Net 'S[1042]' in module 'msrv_soc_clmul' has no pins
//  Warning: Net 'S[1041]' in module 'msrv_soc_clmul' has no pins
//  Warning: Net 'S[1023]' in module 'msrv_soc_clmul' has no pins
//  Warning: Net 'S[1022]' in module 'msrv_soc_clmul' has no pins
//  Warning: Net 'S[1021]' in module 'msrv_soc_clmul' has no pins
//  Warning: Net 'S[1020]' in module 'msrv_soc_clmul' has no pins
//  Warning: Net 'S[1019]' in module 'msrv_soc_clmul' has no pins
//  Warning: Net 'S[1018]' in module 'msrv_soc_clmul' has no pins
//  Warning: Net 'S[1017]' in module 'msrv_soc_clmul' has no pins
//  Warning: Net 'S[1016]' in module 'msrv_soc_clmul' has no pins
//  Warning: Net 'S[1015]' in module 'msrv_soc_clmul' has no pins
//  Warning: Net 'S[1014]' in module 'msrv_soc_clmul' has no pins
//  Warning: Net 'S[1013]' in module 'msrv_soc_clmul' has no pins
//  Warning: Net 'S[1012]' in module 'msrv_soc_clmul' has no pins
//  Warning: Net 'S[1011]' in module 'msrv_soc_clmul' has no pins
//  Warning: Net 'S[1010]' in module 'msrv_soc_clmul' has no pins
//  Warning: Net 'S[1009]' in module 'msrv_soc_clmul' has no pins
//  Warning: Net 'S[1008]' in module 'msrv_soc_clmul' has no pins
//  Warning: Net 'S[1007]' in module 'msrv_soc_clmul' has no pins
//  Warning: Net 'S[1006]' in module 'msrv_soc_clmul' has no pins
//  Warning: Net 'S[1005]' in module 'msrv_soc_clmul' has no pins
//  Warning: Net 'S[1004]' in module 'msrv_soc_clmul' has no pins
//  Warning: Net 'S[1003]' in module 'msrv_soc_clmul' has no pins
//  Warning: Net 'S[1002]' in module 'msrv_soc_clmul' has no pins
//  Warning: Net 'S[1001]' in module 'msrv_soc_clmul' has no pins
//  Warning: Net 'S[1000]' in module 'msrv_soc_clmul' has no pins
//  Warning: Net 'S[999]' in module 'msrv_soc_clmul' has no pins
//  Warning: Net 'S[998]' in module 'msrv_soc_clmul' has no pins
//  Warning: Net 'S[997]' in module 'msrv_soc_clmul' has no pins
//  Warning: Net 'S[996]' in module 'msrv_soc_clmul' has no pins
//  Warning: Net 'S[995]' in module 'msrv_soc_clmul' has no pins
//  Warning: Net 'S[994]' in module 'msrv_soc_clmul' has no pins
//  Warning: Net 'S[993]' in module 'msrv_soc_clmul' has no pins
//  Warning: Net 'S[992]' in module 'msrv_soc_clmul' has no pins
//  Warning: Net 'S[991]' in module 'msrv_soc_clmul' has no pins
//  Warning: Net 'S[990]' in module 'msrv_soc_clmul' has no pins
//  Warning: Net 'S[989]' in module 'msrv_soc_clmul' has no pins
//  Warning: Net 'S[988]' in module 'msrv_soc_clmul' has no pins
//  Warning: Net 'S[987]' in module 'msrv_soc_clmul' has no pins
//  Warning: Net 'S[986]' in module 'msrv_soc_clmul' has no pins
//  Warning: Net 'S[985]' in module 'msrv_soc_clmul' has no pins
//  Warning: Net 'S[984]' in module 'msrv_soc_clmul' has no pins
//  Warning: Net 'S[983]' in module 'msrv_soc_clmul' has no pins
//  Warning: Net 'S[982]' in module 'msrv_soc_clmul' has no pins
//  Warning: Net 'S[981]' in module 'msrv_soc_clmul' has no pins
//  Warning: Net 'S[980]' in module 'msrv_soc_clmul' has no pins
//  Warning: Net 'S[979]' in module 'msrv_soc_clmul' has no pins
//  Warning: Net 'S[978]' in module 'msrv_soc_clmul' has no pins
//  Warning: Net 'S[977]' in module 'msrv_soc_clmul' has no pins
//  Warning: Net 'S[976]' in module 'msrv_soc_clmul' has no pins
//  Warning: Net 'S[959]' in module 'msrv_soc_clmul' has no pins
//  Warning: Net 'S[958]' in module 'msrv_soc_clmul' has no pins
//  Warning: Net 'S[957]' in module 'msrv_soc_clmul' has no pins
//  Warning: Net 'S[956]' in module 'msrv_soc_clmul' has no pins
//  Warning: Net 'S[955]' in module 'msrv_soc_clmul' has no pins
//  Warning: Net 'S[954]' in module 'msrv_soc_clmul' has no pins
//  Warning: Net 'S[953]' in module 'msrv_soc_clmul' has no pins
//  Warning: Net 'S[952]' in module 'msrv_soc_clmul' has no pins
//  Warning: Net 'S[951]' in module 'msrv_soc_clmul' has no pins
//  Warning: Net 'S[950]' in module 'msrv_soc_clmul' has no pins
//  Warning: Net 'S[949]' in module 'msrv_soc_clmul' has no pins
//  Warning: Net 'S[948]' in module 'msrv_soc_clmul' has no pins
//  Warning: Net 'S[947]' in module 'msrv_soc_clmul' has no pins
//  Warning: Net 'S[946]' in module 'msrv_soc_clmul' has no pins
//  Warning: Net 'S[945]' in module 'msrv_soc_clmul' has no pins
//  Warning: Net 'S[944]' in module 'msrv_soc_clmul' has no pins
//  Warning: Net 'S[943]' in module 'msrv_soc_clmul' has no pins
//  Warning: Net 'S[942]' in module 'msrv_soc_clmul' has no pins
//  Warning: Net 'S[941]' in module 'msrv_soc_clmul' has no pins
//  Warning: Net 'S[940]' in module 'msrv_soc_clmul' has no pins
//  Warning: Net 'S[939]' in module 'msrv_soc_clmul' has no pins
//  Warning: Net 'S[938]' in module 'msrv_soc_clmul' has no pins
//  Warning: Net 'S[937]' in module 'msrv_soc_clmul' has no pins
//  Warning: Net 'S[936]' in module 'msrv_soc_clmul' has no pins
//  Warning: Net 'S[935]' in module 'msrv_soc_clmul' has no pins
//  Warning: Net 'S[934]' in module 'msrv_soc_clmul' has no pins
//  Warning: Net 'S[933]' in module 'msrv_soc_clmul' has no pins
//  Warning: Net 'S[932]' in module 'msrv_soc_clmul' has no pins
//  Warning: Net 'S[931]' in module 'msrv_soc_clmul' has no pins
//  Warning: Net 'S[930]' in module 'msrv_soc_clmul' has no pins
//  Warning: Net 'S[929]' in module 'msrv_soc_clmul' has no pins
//  Warning: Net 'S[928]' in module 'msrv_soc_clmul' has no pins
//  Warning: Net 'S[927]' in module 'msrv_soc_clmul' has no pins
//  Warning: Net 'S[926]' in module 'msrv_soc_clmul' has no pins
//  Warning: Net 'S[925]' in module 'msrv_soc_clmul' has no pins
//  Warning: Net 'S[924]' in module 'msrv_soc_clmul' has no pins
//  Warning: Net 'S[923]' in module 'msrv_soc_clmul' has no pins
//  Warning: Net 'S[922]' in module 'msrv_soc_clmul' has no pins
//  Warning: Net 'S[921]' in module 'msrv_soc_clmul' has no pins
//  Warning: Net 'S[920]' in module 'msrv_soc_clmul' has no pins
//  Warning: Net 'S[919]' in module 'msrv_soc_clmul' has no pins
//  Warning: Net 'S[918]' in module 'msrv_soc_clmul' has no pins
//  Warning: Net 'S[917]' in module 'msrv_soc_clmul' has no pins
//  Warning: Net 'S[916]' in module 'msrv_soc_clmul' has no pins
//  Warning: Net 'S[915]' in module 'msrv_soc_clmul' has no pins
//  Warning: Net 'S[914]' in module 'msrv_soc_clmul' has no pins
//  Warning: Net 'S[913]' in module 'msrv_soc_clmul' has no pins
//  Warning: Net 'S[912]' in module 'msrv_soc_clmul' has no pins
//  Warning: Net 'S[911]' in module 'msrv_soc_clmul' has no pins
//  Warning: Net 'S[895]' in module 'msrv_soc_clmul' has no pins
//  Warning: Net 'S[894]' in module 'msrv_soc_clmul' has no pins
//  Warning: Net 'S[893]' in module 'msrv_soc_clmul' has no pins
//  Warning: Net 'S[892]' in module 'msrv_soc_clmul' has no pins
//  Warning: Net 'S[891]' in module 'msrv_soc_clmul' has no pins
//  Warning: Net 'S[890]' in module 'msrv_soc_clmul' has no pins
//  Warning: Net 'S[889]' in module 'msrv_soc_clmul' has no pins
//  Warning: Net 'S[888]' in module 'msrv_soc_clmul' has no pins
//  Warning: Net 'S[887]' in module 'msrv_soc_clmul' has no pins
//  Warning: Net 'S[886]' in module 'msrv_soc_clmul' has no pins
//  Warning: Net 'S[885]' in module 'msrv_soc_clmul' has no pins
//  Warning: Net 'S[884]' in module 'msrv_soc_clmul' has no pins
//  Warning: Net 'S[883]' in module 'msrv_soc_clmul' has no pins
//  Warning: Net 'S[882]' in module 'msrv_soc_clmul' has no pins
//  Warning: Net 'S[881]' in module 'msrv_soc_clmul' has no pins
//  Warning: Net 'S[880]' in module 'msrv_soc_clmul' has no pins
//  Warning: Net 'S[879]' in module 'msrv_soc_clmul' has no pins
//  Warning: Net 'S[878]' in module 'msrv_soc_clmul' has no pins
//  Warning: Net 'S[877]' in module 'msrv_soc_clmul' has no pins
//  Warning: Net 'S[876]' in module 'msrv_soc_clmul' has no pins
//  Warning: Net 'S[875]' in module 'msrv_soc_clmul' has no pins
//  Warning: Net 'S[874]' in module 'msrv_soc_clmul' has no pins
//  Warning: Net 'S[873]' in module 'msrv_soc_clmul' has no pins
//  Warning: Net 'S[872]' in module 'msrv_soc_clmul' has no pins
//  Warning: Net 'S[871]' in module 'msrv_soc_clmul' has no pins
//  Warning: Net 'S[870]' in module 'msrv_soc_clmul' has no pins
//  Warning: Net 'S[869]' in module 'msrv_soc_clmul' has no pins
//  Warning: Net 'S[868]' in module 'msrv_soc_clmul' has no pins
//  Warning: Net 'S[867]' in module 'msrv_soc_clmul' has no pins
//  Warning: Net 'S[866]' in module 'msrv_soc_clmul' has no pins
//  Warning: Net 'S[865]' in module 'msrv_soc_clmul' has no pins
//  Warning: Net 'S[864]' in module 'msrv_soc_clmul' has no pins
//  Warning: Net 'S[863]' in module 'msrv_soc_clmul' has no pins
//  Warning: Net 'S[862]' in module 'msrv_soc_clmul' has no pins
//  Warning: Net 'S[861]' in module 'msrv_soc_clmul' has no pins
//  Warning: Net 'S[860]' in module 'msrv_soc_clmul' has no pins
//  Warning: Net 'S[859]' in module 'msrv_soc_clmul' has no pins
//  Warning: Net 'S[858]' in module 'msrv_soc_clmul' has no pins
//  Warning: Net 'S[857]' in module 'msrv_soc_clmul' has no pins
//  Warning: Net 'S[856]' in module 'msrv_soc_clmul' has no pins
//  Warning: Net 'S[855]' in module 'msrv_soc_clmul' has no pins
//  Warning: Net 'S[854]' in module 'msrv_soc_clmul' has no pins
//  Warning: Net 'S[853]' in module 'msrv_soc_clmul' has no pins
//  Warning: Net 'S[852]' in module 'msrv_soc_clmul' has no pins
//  Warning: Net 'S[851]' in module 'msrv_soc_clmul' has no pins
//  Warning: Net 'S[850]' in module 'msrv_soc_clmul' has no pins
//  Warning: Net 'S[849]' in module 'msrv_soc_clmul' has no pins
//  Warning: Net 'S[848]' in module 'msrv_soc_clmul' has no pins
//  Warning: Net 'S[847]' in module 'msrv_soc_clmul' has no pins
//  Warning: Net 'S[846]' in module 'msrv_soc_clmul' has no pins
//  Warning: Net 'S[831]' in module 'msrv_soc_clmul' has no pins
//  Warning: Net 'S[830]' in module 'msrv_soc_clmul' has no pins
//  Warning: Net 'S[829]' in module 'msrv_soc_clmul' has no pins
//  Warning: Net 'S[828]' in module 'msrv_soc_clmul' has no pins
//  Warning: Net 'S[827]' in module 'msrv_soc_clmul' has no pins
//  Warning: Net 'S[826]' in module 'msrv_soc_clmul' has no pins
//  Warning: Net 'S[825]' in module 'msrv_soc_clmul' has no pins
//  Warning: Net 'S[824]' in module 'msrv_soc_clmul' has no pins
//  Warning: Net 'S[823]' in module 'msrv_soc_clmul' has no pins
//  Warning: Net 'S[822]' in module 'msrv_soc_clmul' has no pins
//  Warning: Net 'S[821]' in module 'msrv_soc_clmul' has no pins
//  Warning: Net 'S[820]' in module 'msrv_soc_clmul' has no pins
//  Warning: Net 'S[819]' in module 'msrv_soc_clmul' has no pins
//  Warning: Net 'S[818]' in module 'msrv_soc_clmul' has no pins
//  Warning: Net 'S[817]' in module 'msrv_soc_clmul' has no pins
//  Warning: Net 'S[816]' in module 'msrv_soc_clmul' has no pins
//  Warning: Net 'S[815]' in module 'msrv_soc_clmul' has no pins
//  Warning: Net 'S[814]' in module 'msrv_soc_clmul' has no pins
//  Warning: Net 'S[813]' in module 'msrv_soc_clmul' has no pins
//  Warning: Net 'S[812]' in module 'msrv_soc_clmul' has no pins
//  Warning: Net 'S[811]' in module 'msrv_soc_clmul' has no pins
//  Warning: Net 'S[810]' in module 'msrv_soc_clmul' has no pins
//  Warning: Net 'S[809]' in module 'msrv_soc_clmul' has no pins
//  Warning: Net 'S[808]' in module 'msrv_soc_clmul' has no pins
//  Warning: Net 'S[807]' in module 'msrv_soc_clmul' has no pins
//  Warning: Net 'S[806]' in module 'msrv_soc_clmul' has no pins
//  Warning: Net 'S[805]' in module 'msrv_soc_clmul' has no pins
//  Warning: Net 'S[804]' in module 'msrv_soc_clmul' has no pins
//  Warning: Net 'S[803]' in module 'msrv_soc_clmul' has no pins
//  Warning: Net 'S[802]' in module 'msrv_soc_clmul' has no pins
//  Warning: Net 'S[801]' in module 'msrv_soc_clmul' has no pins
//  Warning: Net 'S[800]' in module 'msrv_soc_clmul' has no pins
//  Warning: Net 'S[799]' in module 'msrv_soc_clmul' has no pins
//  Warning: Net 'S[798]' in module 'msrv_soc_clmul' has no pins
//  Warning: Net 'S[797]' in module 'msrv_soc_clmul' has no pins
//  Warning: Net 'S[796]' in module 'msrv_soc_clmul' has no pins
//  Warning: Net 'S[795]' in module 'msrv_soc_clmul' has no pins
//  Warning: Net 'S[794]' in module 'msrv_soc_clmul' has no pins
//  Warning: Net 'S[793]' in module 'msrv_soc_clmul' has no pins
//  Warning: Net 'S[792]' in module 'msrv_soc_clmul' has no pins
//  Warning: Net 'S[791]' in module 'msrv_soc_clmul' has no pins
//  Warning: Net 'S[790]' in module 'msrv_soc_clmul' has no pins
//  Warning: Net 'S[789]' in module 'msrv_soc_clmul' has no pins
//  Warning: Net 'S[788]' in module 'msrv_soc_clmul' has no pins
//  Warning: Net 'S[787]' in module 'msrv_soc_clmul' has no pins
//  Warning: Net 'S[786]' in module 'msrv_soc_clmul' has no pins
//  Warning: Net 'S[785]' in module 'msrv_soc_clmul' has no pins
//  Warning: Net 'S[784]' in module 'msrv_soc_clmul' has no pins
//  Warning: Net 'S[783]' in module 'msrv_soc_clmul' has no pins
//  Warning: Net 'S[782]' in module 'msrv_soc_clmul' has no pins
//  Warning: Net 'S[781]' in module 'msrv_soc_clmul' has no pins
//  Warning: Net 'S[767]' in module 'msrv_soc_clmul' has no pins
//  Warning: Net 'S[766]' in module 'msrv_soc_clmul' has no pins
//  Warning: Net 'S[765]' in module 'msrv_soc_clmul' has no pins
//  Warning: Net 'S[764]' in module 'msrv_soc_clmul' has no pins
//  Warning: Net 'S[763]' in module 'msrv_soc_clmul' has no pins
//  Warning: Net 'S[762]' in module 'msrv_soc_clmul' has no pins
//  Warning: Net 'S[761]' in module 'msrv_soc_clmul' has no pins
//  Warning: Net 'S[760]' in module 'msrv_soc_clmul' has no pins
//  Warning: Net 'S[759]' in module 'msrv_soc_clmul' has no pins
//  Warning: Net 'S[758]' in module 'msrv_soc_clmul' has no pins
//  Warning: Net 'S[757]' in module 'msrv_soc_clmul' has no pins
//  Warning: Net 'S[756]' in module 'msrv_soc_clmul' has no pins
//  Warning: Net 'S[755]' in module 'msrv_soc_clmul' has no pins
//  Warning: Net 'S[754]' in module 'msrv_soc_clmul' has no pins
//  Warning: Net 'S[753]' in module 'msrv_soc_clmul' has no pins
//  Warning: Net 'S[752]' in module 'msrv_soc_clmul' has no pins
//  Warning: Net 'S[751]' in module 'msrv_soc_clmul' has no pins
//  Warning: Net 'S[750]' in module 'msrv_soc_clmul' has no pins
//  Warning: Net 'S[749]' in module 'msrv_soc_clmul' has no pins
//  Warning: Net 'S[748]' in module 'msrv_soc_clmul' has no pins
//  Warning: Net 'S[747]' in module 'msrv_soc_clmul' has no pins
//  Warning: Net 'S[746]' in module 'msrv_soc_clmul' has no pins
//  Warning: Net 'S[745]' in module 'msrv_soc_clmul' has no pins
//  Warning: Net 'S[744]' in module 'msrv_soc_clmul' has no pins
//  Warning: Net 'S[743]' in module 'msrv_soc_clmul' has no pins
//  Warning: Net 'S[742]' in module 'msrv_soc_clmul' has no pins
//  Warning: Net 'S[741]' in module 'msrv_soc_clmul' has no pins
//  Warning: Net 'S[740]' in module 'msrv_soc_clmul' has no pins
//  Warning: Net 'S[739]' in module 'msrv_soc_clmul' has no pins
//  Warning: Net 'S[738]' in module 'msrv_soc_clmul' has no pins
//  Warning: Net 'S[737]' in module 'msrv_soc_clmul' has no pins
//  Warning: Net 'S[736]' in module 'msrv_soc_clmul' has no pins
//  Warning: Net 'S[735]' in module 'msrv_soc_clmul' has no pins
//  Warning: Net 'S[734]' in module 'msrv_soc_clmul' has no pins
//  Warning: Net 'S[733]' in module 'msrv_soc_clmul' has no pins
//  Warning: Net 'S[732]' in module 'msrv_soc_clmul' has no pins
//  Warning: Net 'S[731]' in module 'msrv_soc_clmul' has no pins
//  Warning: Net 'S[730]' in module 'msrv_soc_clmul' has no pins
//  Warning: Net 'S[729]' in module 'msrv_soc_clmul' has no pins
//  Warning: Net 'S[728]' in module 'msrv_soc_clmul' has no pins
//  Warning: Net 'S[727]' in module 'msrv_soc_clmul' has no pins
//  Warning: Net 'S[726]' in module 'msrv_soc_clmul' has no pins
//  Warning: Net 'S[725]' in module 'msrv_soc_clmul' has no pins
//  Warning: Net 'S[724]' in module 'msrv_soc_clmul' has no pins
//  Warning: Net 'S[723]' in module 'msrv_soc_clmul' has no pins
//  Warning: Net 'S[722]' in module 'msrv_soc_clmul' has no pins
//  Warning: Net 'S[721]' in module 'msrv_soc_clmul' has no pins
//  Warning: Net 'S[720]' in module 'msrv_soc_clmul' has no pins
//  Warning: Net 'S[719]' in module 'msrv_soc_clmul' has no pins
//  Warning: Net 'S[718]' in module 'msrv_soc_clmul' has no pins
//  Warning: Net 'S[717]' in module 'msrv_soc_clmul' has no pins
//  Warning: Net 'S[716]' in module 'msrv_soc_clmul' has no pins
//  Warning: Net 'S[703]' in module 'msrv_soc_clmul' has no pins
//  Warning: Net 'S[702]' in module 'msrv_soc_clmul' has no pins
//  Warning: Net 'S[701]' in module 'msrv_soc_clmul' has no pins
//  Warning: Net 'S[700]' in module 'msrv_soc_clmul' has no pins
//  Warning: Net 'S[699]' in module 'msrv_soc_clmul' has no pins
//  Warning: Net 'S[698]' in module 'msrv_soc_clmul' has no pins
//  Warning: Net 'S[697]' in module 'msrv_soc_clmul' has no pins
//  Warning: Net 'S[696]' in module 'msrv_soc_clmul' has no pins
//  Warning: Net 'S[695]' in module 'msrv_soc_clmul' has no pins
//  Warning: Net 'S[694]' in module 'msrv_soc_clmul' has no pins
//  Warning: Net 'S[693]' in module 'msrv_soc_clmul' has no pins
//  Warning: Net 'S[692]' in module 'msrv_soc_clmul' has no pins
//  Warning: Net 'S[691]' in module 'msrv_soc_clmul' has no pins
//  Warning: Net 'S[690]' in module 'msrv_soc_clmul' has no pins
//  Warning: Net 'S[689]' in module 'msrv_soc_clmul' has no pins
//  Warning: Net 'S[688]' in module 'msrv_soc_clmul' has no pins
//  Warning: Net 'S[687]' in module 'msrv_soc_clmul' has no pins
//  Warning: Net 'S[686]' in module 'msrv_soc_clmul' has no pins
//  Warning: Net 'S[685]' in module 'msrv_soc_clmul' has no pins
//  Warning: Net 'S[684]' in module 'msrv_soc_clmul' has no pins
//  Warning: Net 'S[683]' in module 'msrv_soc_clmul' has no pins
//  Warning: Net 'S[682]' in module 'msrv_soc_clmul' has no pins
//  Warning: Net 'S[681]' in module 'msrv_soc_clmul' has no pins
//  Warning: Net 'S[680]' in module 'msrv_soc_clmul' has no pins
//  Warning: Net 'S[679]' in module 'msrv_soc_clmul' has no pins
//  Warning: Net 'S[678]' in module 'msrv_soc_clmul' has no pins
//  Warning: Net 'S[677]' in module 'msrv_soc_clmul' has no pins
//  Warning: Net 'S[676]' in module 'msrv_soc_clmul' has no pins
//  Warning: Net 'S[675]' in module 'msrv_soc_clmul' has no pins
//  Warning: Net 'S[674]' in module 'msrv_soc_clmul' has no pins
//  Warning: Net 'S[673]' in module 'msrv_soc_clmul' has no pins
//  Warning: Net 'S[672]' in module 'msrv_soc_clmul' has no pins
//  Warning: Net 'S[671]' in module 'msrv_soc_clmul' has no pins
//  Warning: Net 'S[670]' in module 'msrv_soc_clmul' has no pins
//  Warning: Net 'S[669]' in module 'msrv_soc_clmul' has no pins
//  Warning: Net 'S[668]' in module 'msrv_soc_clmul' has no pins
//  Warning: Net 'S[667]' in module 'msrv_soc_clmul' has no pins
//  Warning: Net 'S[666]' in module 'msrv_soc_clmul' has no pins
//  Warning: Net 'S[665]' in module 'msrv_soc_clmul' has no pins
//  Warning: Net 'S[664]' in module 'msrv_soc_clmul' has no pins
//  Warning: Net 'S[663]' in module 'msrv_soc_clmul' has no pins
//  Warning: Net 'S[662]' in module 'msrv_soc_clmul' has no pins
//  Warning: Net 'S[661]' in module 'msrv_soc_clmul' has no pins
//  Warning: Net 'S[660]' in module 'msrv_soc_clmul' has no pins
//  Warning: Net 'S[659]' in module 'msrv_soc_clmul' has no pins
//  Warning: Net 'S[658]' in module 'msrv_soc_clmul' has no pins
//  Warning: Net 'S[657]' in module 'msrv_soc_clmul' has no pins
//  Warning: Net 'S[656]' in module 'msrv_soc_clmul' has no pins
//  Warning: Net 'S[655]' in module 'msrv_soc_clmul' has no pins
//  Warning: Net 'S[654]' in module 'msrv_soc_clmul' has no pins
//  Warning: Net 'S[653]' in module 'msrv_soc_clmul' has no pins
//  Warning: Net 'S[652]' in module 'msrv_soc_clmul' has no pins
//  Warning: Net 'S[651]' in module 'msrv_soc_clmul' has no pins
//  Warning: Net 'S[639]' in module 'msrv_soc_clmul' has no pins
//  Warning: Net 'S[638]' in module 'msrv_soc_clmul' has no pins
//  Warning: Net 'S[637]' in module 'msrv_soc_clmul' has no pins
//  Warning: Net 'S[636]' in module 'msrv_soc_clmul' has no pins
//  Warning: Net 'S[635]' in module 'msrv_soc_clmul' has no pins
//  Warning: Net 'S[634]' in module 'msrv_soc_clmul' has no pins
//  Warning: Net 'S[633]' in module 'msrv_soc_clmul' has no pins
//  Warning: Net 'S[632]' in module 'msrv_soc_clmul' has no pins
//  Warning: Net 'S[631]' in module 'msrv_soc_clmul' has no pins
//  Warning: Net 'S[630]' in module 'msrv_soc_clmul' has no pins
//  Warning: Net 'S[629]' in module 'msrv_soc_clmul' has no pins
//  Warning: Net 'S[628]' in module 'msrv_soc_clmul' has no pins
//  Warning: Net 'S[627]' in module 'msrv_soc_clmul' has no pins
//  Warning: Net 'S[626]' in module 'msrv_soc_clmul' has no pins
//  Warning: Net 'S[625]' in module 'msrv_soc_clmul' has no pins
//  Warning: Net 'S[624]' in module 'msrv_soc_clmul' has no pins
//  Warning: Net 'S[623]' in module 'msrv_soc_clmul' has no pins
//  Warning: Net 'S[622]' in module 'msrv_soc_clmul' has no pins
//  Warning: Net 'S[621]' in module 'msrv_soc_clmul' has no pins
//  Warning: Net 'S[620]' in module 'msrv_soc_clmul' has no pins
//  Warning: Net 'S[619]' in module 'msrv_soc_clmul' has no pins
//  Warning: Net 'S[618]' in module 'msrv_soc_clmul' has no pins
//  Warning: Net 'S[617]' in module 'msrv_soc_clmul' has no pins
//  Warning: Net 'S[616]' in module 'msrv_soc_clmul' has no pins
//  Warning: Net 'S[615]' in module 'msrv_soc_clmul' has no pins
//  Warning: Net 'S[614]' in module 'msrv_soc_clmul' has no pins
//  Warning: Net 'S[613]' in module 'msrv_soc_clmul' has no pins
//  Warning: Net 'S[612]' in module 'msrv_soc_clmul' has no pins
//  Warning: Net 'S[611]' in module 'msrv_soc_clmul' has no pins
//  Warning: Net 'S[610]' in module 'msrv_soc_clmul' has no pins
//  Warning: Net 'S[609]' in module 'msrv_soc_clmul' has no pins
//  Warning: Net 'S[608]' in module 'msrv_soc_clmul' has no pins
//  Warning: Net 'S[607]' in module 'msrv_soc_clmul' has no pins
//  Warning: Net 'S[606]' in module 'msrv_soc_clmul' has no pins
//  Warning: Net 'S[605]' in module 'msrv_soc_clmul' has no pins
//  Warning: Net 'S[604]' in module 'msrv_soc_clmul' has no pins
//  Warning: Net 'S[603]' in module 'msrv_soc_clmul' has no pins
//  Warning: Net 'S[602]' in module 'msrv_soc_clmul' has no pins
//  Warning: Net 'S[601]' in module 'msrv_soc_clmul' has no pins
//  Warning: Net 'S[600]' in module 'msrv_soc_clmul' has no pins
//  Warning: Net 'S[599]' in module 'msrv_soc_clmul' has no pins
//  Warning: Net 'S[598]' in module 'msrv_soc_clmul' has no pins
//  Warning: Net 'S[597]' in module 'msrv_soc_clmul' has no pins
//  Warning: Net 'S[596]' in module 'msrv_soc_clmul' has no pins
//  Warning: Net 'S[595]' in module 'msrv_soc_clmul' has no pins
//  Warning: Net 'S[594]' in module 'msrv_soc_clmul' has no pins
//  Warning: Net 'S[593]' in module 'msrv_soc_clmul' has no pins
//  Warning: Net 'S[592]' in module 'msrv_soc_clmul' has no pins
//  Warning: Net 'S[591]' in module 'msrv_soc_clmul' has no pins
//  Warning: Net 'S[590]' in module 'msrv_soc_clmul' has no pins
//  Warning: Net 'S[589]' in module 'msrv_soc_clmul' has no pins
//  Warning: Net 'S[588]' in module 'msrv_soc_clmul' has no pins
//  Warning: Net 'S[587]' in module 'msrv_soc_clmul' has no pins
//  Warning: Net 'S[586]' in module 'msrv_soc_clmul' has no pins
//  Warning: Net 'S[575]' in module 'msrv_soc_clmul' has no pins
//  Warning: Net 'S[574]' in module 'msrv_soc_clmul' has no pins
//  Warning: Net 'S[573]' in module 'msrv_soc_clmul' has no pins
//  Warning: Net 'S[572]' in module 'msrv_soc_clmul' has no pins
//  Warning: Net 'S[571]' in module 'msrv_soc_clmul' has no pins
//  Warning: Net 'S[570]' in module 'msrv_soc_clmul' has no pins
//  Warning: Net 'S[569]' in module 'msrv_soc_clmul' has no pins
//  Warning: Net 'S[568]' in module 'msrv_soc_clmul' has no pins
//  Warning: Net 'S[567]' in module 'msrv_soc_clmul' has no pins
//  Warning: Net 'S[566]' in module 'msrv_soc_clmul' has no pins
//  Warning: Net 'S[565]' in module 'msrv_soc_clmul' has no pins
//  Warning: Net 'S[564]' in module 'msrv_soc_clmul' has no pins
//  Warning: Net 'S[563]' in module 'msrv_soc_clmul' has no pins
//  Warning: Net 'S[562]' in module 'msrv_soc_clmul' has no pins
//  Warning: Net 'S[561]' in module 'msrv_soc_clmul' has no pins
//  Warning: Net 'S[560]' in module 'msrv_soc_clmul' has no pins
//  Warning: Net 'S[559]' in module 'msrv_soc_clmul' has no pins
//  Warning: Net 'S[558]' in module 'msrv_soc_clmul' has no pins
//  Warning: Net 'S[557]' in module 'msrv_soc_clmul' has no pins
//  Warning: Net 'S[556]' in module 'msrv_soc_clmul' has no pins
//  Warning: Net 'S[555]' in module 'msrv_soc_clmul' has no pins
//  Warning: Net 'S[554]' in module 'msrv_soc_clmul' has no pins
//  Warning: Net 'S[553]' in module 'msrv_soc_clmul' has no pins
//  Warning: Net 'S[552]' in module 'msrv_soc_clmul' has no pins
//  Warning: Net 'S[551]' in module 'msrv_soc_clmul' has no pins
//  Warning: Net 'S[550]' in module 'msrv_soc_clmul' has no pins
//  Warning: Net 'S[549]' in module 'msrv_soc_clmul' has no pins
//  Warning: Net 'S[548]' in module 'msrv_soc_clmul' has no pins
//  Warning: Net 'S[547]' in module 'msrv_soc_clmul' has no pins
//  Warning: Net 'S[546]' in module 'msrv_soc_clmul' has no pins
//  Warning: Net 'S[545]' in module 'msrv_soc_clmul' has no pins
//  Warning: Net 'S[544]' in module 'msrv_soc_clmul' has no pins
//  Warning: Net 'S[543]' in module 'msrv_soc_clmul' has no pins
//  Warning: Net 'S[542]' in module 'msrv_soc_clmul' has no pins
//  Warning: Net 'S[541]' in module 'msrv_soc_clmul' has no pins
//  Warning: Net 'S[540]' in module 'msrv_soc_clmul' has no pins
//  Warning: Net 'S[539]' in module 'msrv_soc_clmul' has no pins
//  Warning: Net 'S[538]' in module 'msrv_soc_clmul' has no pins
//  Warning: Net 'S[537]' in module 'msrv_soc_clmul' has no pins
//  Warning: Net 'S[536]' in module 'msrv_soc_clmul' has no pins
//  Warning: Net 'S[535]' in module 'msrv_soc_clmul' has no pins
//  Warning: Net 'S[534]' in module 'msrv_soc_clmul' has no pins
//  Warning: Net 'S[533]' in module 'msrv_soc_clmul' has no pins
//  Warning: Net 'S[532]' in module 'msrv_soc_clmul' has no pins
//  Warning: Net 'S[531]' in module 'msrv_soc_clmul' has no pins
//  Warning: Net 'S[530]' in module 'msrv_soc_clmul' has no pins
//  Warning: Net 'S[529]' in module 'msrv_soc_clmul' has no pins
//  Warning: Net 'S[528]' in module 'msrv_soc_clmul' has no pins
//  Warning: Net 'S[527]' in module 'msrv_soc_clmul' has no pins
//  Warning: Net 'S[526]' in module 'msrv_soc_clmul' has no pins
//  Warning: Net 'S[525]' in module 'msrv_soc_clmul' has no pins
//  Warning: Net 'S[524]' in module 'msrv_soc_clmul' has no pins
//  Warning: Net 'S[523]' in module 'msrv_soc_clmul' has no pins
//  Warning: Net 'S[522]' in module 'msrv_soc_clmul' has no pins
//  Warning: Net 'S[521]' in module 'msrv_soc_clmul' has no pins
//  Warning: Net 'S[511]' in module 'msrv_soc_clmul' has no pins
//  Warning: Net 'S[510]' in module 'msrv_soc_clmul' has no pins
//  Warning: Net 'S[509]' in module 'msrv_soc_clmul' has no pins
//  Warning: Net 'S[508]' in module 'msrv_soc_clmul' has no pins
//  Warning: Net 'S[507]' in module 'msrv_soc_clmul' has no pins
//  Warning: Net 'S[506]' in module 'msrv_soc_clmul' has no pins
//  Warning: Net 'S[505]' in module 'msrv_soc_clmul' has no pins
//  Warning: Net 'S[504]' in module 'msrv_soc_clmul' has no pins
//  Warning: Net 'S[503]' in module 'msrv_soc_clmul' has no pins
//  Warning: Net 'S[502]' in module 'msrv_soc_clmul' has no pins
//  Warning: Net 'S[501]' in module 'msrv_soc_clmul' has no pins
//  Warning: Net 'S[500]' in module 'msrv_soc_clmul' has no pins
//  Warning: Net 'S[499]' in module 'msrv_soc_clmul' has no pins
//  Warning: Net 'S[498]' in module 'msrv_soc_clmul' has no pins
//  Warning: Net 'S[497]' in module 'msrv_soc_clmul' has no pins
//  Warning: Net 'S[496]' in module 'msrv_soc_clmul' has no pins
//  Warning: Net 'S[495]' in module 'msrv_soc_clmul' has no pins
//  Warning: Net 'S[494]' in module 'msrv_soc_clmul' has no pins
//  Warning: Net 'S[493]' in module 'msrv_soc_clmul' has no pins
//  Warning: Net 'S[492]' in module 'msrv_soc_clmul' has no pins
//  Warning: Net 'S[491]' in module 'msrv_soc_clmul' has no pins
//  Warning: Net 'S[490]' in module 'msrv_soc_clmul' has no pins
//  Warning: Net 'S[489]' in module 'msrv_soc_clmul' has no pins
//  Warning: Net 'S[488]' in module 'msrv_soc_clmul' has no pins
//  Warning: Net 'S[487]' in module 'msrv_soc_clmul' has no pins
//  Warning: Net 'S[486]' in module 'msrv_soc_clmul' has no pins
//  Warning: Net 'S[485]' in module 'msrv_soc_clmul' has no pins
//  Warning: Net 'S[484]' in module 'msrv_soc_clmul' has no pins
//  Warning: Net 'S[483]' in module 'msrv_soc_clmul' has no pins
//  Warning: Net 'S[482]' in module 'msrv_soc_clmul' has no pins
//  Warning: Net 'S[481]' in module 'msrv_soc_clmul' has no pins
//  Warning: Net 'S[480]' in module 'msrv_soc_clmul' has no pins
//  Warning: Net 'S[479]' in module 'msrv_soc_clmul' has no pins
//  Warning: Net 'S[478]' in module 'msrv_soc_clmul' has no pins
//  Warning: Net 'S[477]' in module 'msrv_soc_clmul' has no pins
//  Warning: Net 'S[476]' in module 'msrv_soc_clmul' has no pins
//  Warning: Net 'S[475]' in module 'msrv_soc_clmul' has no pins
//  Warning: Net 'S[474]' in module 'msrv_soc_clmul' has no pins
//  Warning: Net 'S[473]' in module 'msrv_soc_clmul' has no pins
//  Warning: Net 'S[472]' in module 'msrv_soc_clmul' has no pins
//  Warning: Net 'S[471]' in module 'msrv_soc_clmul' has no pins
//  Warning: Net 'S[470]' in module 'msrv_soc_clmul' has no pins
//  Warning: Net 'S[469]' in module 'msrv_soc_clmul' has no pins
//  Warning: Net 'S[468]' in module 'msrv_soc_clmul' has no pins
//  Warning: Net 'S[467]' in module 'msrv_soc_clmul' has no pins
//  Warning: Net 'S[466]' in module 'msrv_soc_clmul' has no pins
//  Warning: Net 'S[465]' in module 'msrv_soc_clmul' has no pins
//  Warning: Net 'S[464]' in module 'msrv_soc_clmul' has no pins
//  Warning: Net 'S[463]' in module 'msrv_soc_clmul' has no pins
//  Warning: Net 'S[462]' in module 'msrv_soc_clmul' has no pins
//  Warning: Net 'S[461]' in module 'msrv_soc_clmul' has no pins
//  Warning: Net 'S[460]' in module 'msrv_soc_clmul' has no pins
//  Warning: Net 'S[459]' in module 'msrv_soc_clmul' has no pins
//  Warning: Net 'S[458]' in module 'msrv_soc_clmul' has no pins
//  Warning: Net 'S[457]' in module 'msrv_soc_clmul' has no pins
//  Warning: Net 'S[456]' in module 'msrv_soc_clmul' has no pins
//  Warning: Net 'S[447]' in module 'msrv_soc_clmul' has no pins
//  Warning: Net 'S[446]' in module 'msrv_soc_clmul' has no pins
//  Warning: Net 'S[445]' in module 'msrv_soc_clmul' has no pins
//  Warning: Net 'S[444]' in module 'msrv_soc_clmul' has no pins
//  Warning: Net 'S[443]' in module 'msrv_soc_clmul' has no pins
//  Warning: Net 'S[442]' in module 'msrv_soc_clmul' has no pins
//  Warning: Net 'S[441]' in module 'msrv_soc_clmul' has no pins
//  Warning: Net 'S[440]' in module 'msrv_soc_clmul' has no pins
//  Warning: Net 'S[439]' in module 'msrv_soc_clmul' has no pins
//  Warning: Net 'S[438]' in module 'msrv_soc_clmul' has no pins
//  Warning: Net 'S[437]' in module 'msrv_soc_clmul' has no pins
//  Warning: Net 'S[436]' in module 'msrv_soc_clmul' has no pins
//  Warning: Net 'S[435]' in module 'msrv_soc_clmul' has no pins
//  Warning: Net 'S[434]' in module 'msrv_soc_clmul' has no pins
//  Warning: Net 'S[433]' in module 'msrv_soc_clmul' has no pins
//  Warning: Net 'S[432]' in module 'msrv_soc_clmul' has no pins
//  Warning: Net 'S[431]' in module 'msrv_soc_clmul' has no pins
//  Warning: Net 'S[430]' in module 'msrv_soc_clmul' has no pins
//  Warning: Net 'S[429]' in module 'msrv_soc_clmul' has no pins
//  Warning: Net 'S[428]' in module 'msrv_soc_clmul' has no pins
//  Warning: Net 'S[427]' in module 'msrv_soc_clmul' has no pins
//  Warning: Net 'S[426]' in module 'msrv_soc_clmul' has no pins
//  Warning: Net 'S[425]' in module 'msrv_soc_clmul' has no pins
//  Warning: Net 'S[424]' in module 'msrv_soc_clmul' has no pins
//  Warning: Net 'S[423]' in module 'msrv_soc_clmul' has no pins
//  Warning: Net 'S[422]' in module 'msrv_soc_clmul' has no pins
//  Warning: Net 'S[421]' in module 'msrv_soc_clmul' has no pins
//  Warning: Net 'S[420]' in module 'msrv_soc_clmul' has no pins
//  Warning: Net 'S[419]' in module 'msrv_soc_clmul' has no pins
//  Warning: Net 'S[418]' in module 'msrv_soc_clmul' has no pins
//  Warning: Net 'S[417]' in module 'msrv_soc_clmul' has no pins
//  Warning: Net 'S[416]' in module 'msrv_soc_clmul' has no pins
//  Warning: Net 'S[415]' in module 'msrv_soc_clmul' has no pins
//  Warning: Net 'S[414]' in module 'msrv_soc_clmul' has no pins
//  Warning: Net 'S[413]' in module 'msrv_soc_clmul' has no pins
//  Warning: Net 'S[412]' in module 'msrv_soc_clmul' has no pins
//  Warning: Net 'S[411]' in module 'msrv_soc_clmul' has no pins
//  Warning: Net 'S[410]' in module 'msrv_soc_clmul' has no pins
//  Warning: Net 'S[409]' in module 'msrv_soc_clmul' has no pins
//  Warning: Net 'S[408]' in module 'msrv_soc_clmul' has no pins
//  Warning: Net 'S[407]' in module 'msrv_soc_clmul' has no pins
//  Warning: Net 'S[406]' in module 'msrv_soc_clmul' has no pins
//  Warning: Net 'S[405]' in module 'msrv_soc_clmul' has no pins
//  Warning: Net 'S[404]' in module 'msrv_soc_clmul' has no pins
//  Warning: Net 'S[403]' in module 'msrv_soc_clmul' has no pins
//  Warning: Net 'S[402]' in module 'msrv_soc_clmul' has no pins
//  Warning: Net 'S[401]' in module 'msrv_soc_clmul' has no pins
//  Warning: Net 'S[400]' in module 'msrv_soc_clmul' has no pins
//  Warning: Net 'S[399]' in module 'msrv_soc_clmul' has no pins
//  Warning: Net 'S[398]' in module 'msrv_soc_clmul' has no pins
//  Warning: Net 'S[397]' in module 'msrv_soc_clmul' has no pins
//  Warning: Net 'S[396]' in module 'msrv_soc_clmul' has no pins
//  Warning: Net 'S[395]' in module 'msrv_soc_clmul' has no pins
//  Warning: Net 'S[394]' in module 'msrv_soc_clmul' has no pins
//  Warning: Net 'S[393]' in module 'msrv_soc_clmul' has no pins
//  Warning: Net 'S[392]' in module 'msrv_soc_clmul' has no pins
//  Warning: Net 'S[391]' in module 'msrv_soc_clmul' has no pins
//  Warning: Net 'S[383]' in module 'msrv_soc_clmul' has no pins
//  Warning: Net 'S[382]' in module 'msrv_soc_clmul' has no pins
//  Warning: Net 'S[381]' in module 'msrv_soc_clmul' has no pins
//  Warning: Net 'S[380]' in module 'msrv_soc_clmul' has no pins
//  Warning: Net 'S[379]' in module 'msrv_soc_clmul' has no pins
//  Warning: Net 'S[378]' in module 'msrv_soc_clmul' has no pins
//  Warning: Net 'S[377]' in module 'msrv_soc_clmul' has no pins
//  Warning: Net 'S[376]' in module 'msrv_soc_clmul' has no pins
//  Warning: Net 'S[375]' in module 'msrv_soc_clmul' has no pins
//  Warning: Net 'S[374]' in module 'msrv_soc_clmul' has no pins
//  Warning: Net 'S[373]' in module 'msrv_soc_clmul' has no pins
//  Warning: Net 'S[372]' in module 'msrv_soc_clmul' has no pins
//  Warning: Net 'S[371]' in module 'msrv_soc_clmul' has no pins
//  Warning: Net 'S[370]' in module 'msrv_soc_clmul' has no pins
//  Warning: Net 'S[369]' in module 'msrv_soc_clmul' has no pins
//  Warning: Net 'S[368]' in module 'msrv_soc_clmul' has no pins
//  Warning: Net 'S[367]' in module 'msrv_soc_clmul' has no pins
//  Warning: Net 'S[366]' in module 'msrv_soc_clmul' has no pins
//  Warning: Net 'S[365]' in module 'msrv_soc_clmul' has no pins
//  Warning: Net 'S[364]' in module 'msrv_soc_clmul' has no pins
//  Warning: Net 'S[363]' in module 'msrv_soc_clmul' has no pins
//  Warning: Net 'S[362]' in module 'msrv_soc_clmul' has no pins
//  Warning: Net 'S[361]' in module 'msrv_soc_clmul' has no pins
//  Warning: Net 'S[360]' in module 'msrv_soc_clmul' has no pins
//  Warning: Net 'S[359]' in module 'msrv_soc_clmul' has no pins
//  Warning: Net 'S[358]' in module 'msrv_soc_clmul' has no pins
//  Warning: Net 'S[357]' in module 'msrv_soc_clmul' has no pins
//  Warning: Net 'S[356]' in module 'msrv_soc_clmul' has no pins
//  Warning: Net 'S[355]' in module 'msrv_soc_clmul' has no pins
//  Warning: Net 'S[354]' in module 'msrv_soc_clmul' has no pins
//  Warning: Net 'S[353]' in module 'msrv_soc_clmul' has no pins
//  Warning: Net 'S[352]' in module 'msrv_soc_clmul' has no pins
//  Warning: Net 'S[351]' in module 'msrv_soc_clmul' has no pins
//  Warning: Net 'S[350]' in module 'msrv_soc_clmul' has no pins
//  Warning: Net 'S[349]' in module 'msrv_soc_clmul' has no pins
//  Warning: Net 'S[348]' in module 'msrv_soc_clmul' has no pins
//  Warning: Net 'S[347]' in module 'msrv_soc_clmul' has no pins
//  Warning: Net 'S[346]' in module 'msrv_soc_clmul' has no pins
//  Warning: Net 'S[345]' in module 'msrv_soc_clmul' has no pins
//  Warning: Net 'S[344]' in module 'msrv_soc_clmul' has no pins
//  Warning: Net 'S[343]' in module 'msrv_soc_clmul' has no pins
//  Warning: Net 'S[342]' in module 'msrv_soc_clmul' has no pins
//  Warning: Net 'S[341]' in module 'msrv_soc_clmul' has no pins
//  Warning: Net 'S[340]' in module 'msrv_soc_clmul' has no pins
//  Warning: Net 'S[339]' in module 'msrv_soc_clmul' has no pins
//  Warning: Net 'S[338]' in module 'msrv_soc_clmul' has no pins
//  Warning: Net 'S[337]' in module 'msrv_soc_clmul' has no pins
//  Warning: Net 'S[336]' in module 'msrv_soc_clmul' has no pins
//  Warning: Net 'S[335]' in module 'msrv_soc_clmul' has no pins
//  Warning: Net 'S[334]' in module 'msrv_soc_clmul' has no pins
//  Warning: Net 'S[333]' in module 'msrv_soc_clmul' has no pins
//  Warning: Net 'S[332]' in module 'msrv_soc_clmul' has no pins
//  Warning: Net 'S[331]' in module 'msrv_soc_clmul' has no pins
//  Warning: Net 'S[330]' in module 'msrv_soc_clmul' has no pins
//  Warning: Net 'S[329]' in module 'msrv_soc_clmul' has no pins
//  Warning: Net 'S[328]' in module 'msrv_soc_clmul' has no pins
//  Warning: Net 'S[327]' in module 'msrv_soc_clmul' has no pins
//  Warning: Net 'S[326]' in module 'msrv_soc_clmul' has no pins
//  Warning: Net 'S[319]' in module 'msrv_soc_clmul' has no pins
//  Warning: Net 'S[318]' in module 'msrv_soc_clmul' has no pins
//  Warning: Net 'S[317]' in module 'msrv_soc_clmul' has no pins
//  Warning: Net 'S[316]' in module 'msrv_soc_clmul' has no pins
//  Warning: Net 'S[315]' in module 'msrv_soc_clmul' has no pins
//  Warning: Net 'S[314]' in module 'msrv_soc_clmul' has no pins
//  Warning: Net 'S[313]' in module 'msrv_soc_clmul' has no pins
//  Warning: Net 'S[312]' in module 'msrv_soc_clmul' has no pins
//  Warning: Net 'S[311]' in module 'msrv_soc_clmul' has no pins
//  Warning: Net 'S[310]' in module 'msrv_soc_clmul' has no pins
//  Warning: Net 'S[309]' in module 'msrv_soc_clmul' has no pins
//  Warning: Net 'S[308]' in module 'msrv_soc_clmul' has no pins
//  Warning: Net 'S[307]' in module 'msrv_soc_clmul' has no pins
//  Warning: Net 'S[306]' in module 'msrv_soc_clmul' has no pins
//  Warning: Net 'S[305]' in module 'msrv_soc_clmul' has no pins
//  Warning: Net 'S[304]' in module 'msrv_soc_clmul' has no pins
//  Warning: Net 'S[303]' in module 'msrv_soc_clmul' has no pins
//  Warning: Net 'S[302]' in module 'msrv_soc_clmul' has no pins
//  Warning: Net 'S[301]' in module 'msrv_soc_clmul' has no pins
//  Warning: Net 'S[300]' in module 'msrv_soc_clmul' has no pins
//  Warning: Net 'S[299]' in module 'msrv_soc_clmul' has no pins
//  Warning: Net 'S[298]' in module 'msrv_soc_clmul' has no pins
//  Warning: Net 'S[297]' in module 'msrv_soc_clmul' has no pins
//  Warning: Net 'S[296]' in module 'msrv_soc_clmul' has no pins
//  Warning: Net 'S[295]' in module 'msrv_soc_clmul' has no pins
//  Warning: Net 'S[294]' in module 'msrv_soc_clmul' has no pins
//  Warning: Net 'S[293]' in module 'msrv_soc_clmul' has no pins
//  Warning: Net 'S[292]' in module 'msrv_soc_clmul' has no pins
//  Warning: Net 'S[291]' in module 'msrv_soc_clmul' has no pins
//  Warning: Net 'S[290]' in module 'msrv_soc_clmul' has no pins
//  Warning: Net 'S[289]' in module 'msrv_soc_clmul' has no pins
//  Warning: Net 'S[288]' in module 'msrv_soc_clmul' has no pins
//  Warning: Net 'S[287]' in module 'msrv_soc_clmul' has no pins
//  Warning: Net 'S[286]' in module 'msrv_soc_clmul' has no pins
//  Warning: Net 'S[285]' in module 'msrv_soc_clmul' has no pins
//  Warning: Net 'S[284]' in module 'msrv_soc_clmul' has no pins
//  Warning: Net 'S[283]' in module 'msrv_soc_clmul' has no pins
//  Warning: Net 'S[282]' in module 'msrv_soc_clmul' has no pins
//  Warning: Net 'S[281]' in module 'msrv_soc_clmul' has no pins
//  Warning: Net 'S[280]' in module 'msrv_soc_clmul' has no pins
//  Warning: Net 'S[279]' in module 'msrv_soc_clmul' has no pins
//  Warning: Net 'S[278]' in module 'msrv_soc_clmul' has no pins
//  Warning: Net 'S[277]' in module 'msrv_soc_clmul' has no pins
//  Warning: Net 'S[276]' in module 'msrv_soc_clmul' has no pins
//  Warning: Net 'S[275]' in module 'msrv_soc_clmul' has no pins
//  Warning: Net 'S[274]' in module 'msrv_soc_clmul' has no pins
//  Warning: Net 'S[273]' in module 'msrv_soc_clmul' has no pins
//  Warning: Net 'S[272]' in module 'msrv_soc_clmul' has no pins
//  Warning: Net 'S[271]' in module 'msrv_soc_clmul' has no pins
//  Warning: Net 'S[270]' in module 'msrv_soc_clmul' has no pins
//  Warning: Net 'S[269]' in module 'msrv_soc_clmul' has no pins
//  Warning: Net 'S[268]' in module 'msrv_soc_clmul' has no pins
//  Warning: Net 'S[267]' in module 'msrv_soc_clmul' has no pins
//  Warning: Net 'S[266]' in module 'msrv_soc_clmul' has no pins
//  Warning: Net 'S[265]' in module 'msrv_soc_clmul' has no pins
//  Warning: Net 'S[264]' in module 'msrv_soc_clmul' has no pins
//  Warning: Net 'S[263]' in module 'msrv_soc_clmul' has no pins
//  Warning: Net 'S[262]' in module 'msrv_soc_clmul' has no pins
//  Warning: Net 'S[261]' in module 'msrv_soc_clmul' has no pins
//  Warning: Net 'S[255]' in module 'msrv_soc_clmul' has no pins
//  Warning: Net 'S[254]' in module 'msrv_soc_clmul' has no pins
//  Warning: Net 'S[253]' in module 'msrv_soc_clmul' has no pins
//  Warning: Net 'S[252]' in module 'msrv_soc_clmul' has no pins
//  Warning: Net 'S[251]' in module 'msrv_soc_clmul' has no pins
//  Warning: Net 'S[250]' in module 'msrv_soc_clmul' has no pins
//  Warning: Net 'S[249]' in module 'msrv_soc_clmul' has no pins
//  Warning: Net 'S[248]' in module 'msrv_soc_clmul' has no pins
//  Warning: Net 'S[247]' in module 'msrv_soc_clmul' has no pins
//  Warning: Net 'S[246]' in module 'msrv_soc_clmul' has no pins
//  Warning: Net 'S[245]' in module 'msrv_soc_clmul' has no pins
//  Warning: Net 'S[244]' in module 'msrv_soc_clmul' has no pins
//  Warning: Net 'S[243]' in module 'msrv_soc_clmul' has no pins
//  Warning: Net 'S[242]' in module 'msrv_soc_clmul' has no pins
//  Warning: Net 'S[241]' in module 'msrv_soc_clmul' has no pins
//  Warning: Net 'S[240]' in module 'msrv_soc_clmul' has no pins
//  Warning: Net 'S[239]' in module 'msrv_soc_clmul' has no pins
//  Warning: Net 'S[238]' in module 'msrv_soc_clmul' has no pins
//  Warning: Net 'S[237]' in module 'msrv_soc_clmul' has no pins
//  Warning: Net 'S[236]' in module 'msrv_soc_clmul' has no pins
//  Warning: Net 'S[235]' in module 'msrv_soc_clmul' has no pins
//  Warning: Net 'S[234]' in module 'msrv_soc_clmul' has no pins
//  Warning: Net 'S[233]' in module 'msrv_soc_clmul' has no pins
//  Warning: Net 'S[232]' in module 'msrv_soc_clmul' has no pins
//  Warning: Net 'S[231]' in module 'msrv_soc_clmul' has no pins
//  Warning: Net 'S[230]' in module 'msrv_soc_clmul' has no pins
//  Warning: Net 'S[229]' in module 'msrv_soc_clmul' has no pins
//  Warning: Net 'S[228]' in module 'msrv_soc_clmul' has no pins
//  Warning: Net 'S[227]' in module 'msrv_soc_clmul' has no pins
//  Warning: Net 'S[226]' in module 'msrv_soc_clmul' has no pins
//  Warning: Net 'S[225]' in module 'msrv_soc_clmul' has no pins
//  Warning: Net 'S[224]' in module 'msrv_soc_clmul' has no pins
//  Warning: Net 'S[223]' in module 'msrv_soc_clmul' has no pins
//  Warning: Net 'S[222]' in module 'msrv_soc_clmul' has no pins
//  Warning: Net 'S[221]' in module 'msrv_soc_clmul' has no pins
//  Warning: Net 'S[220]' in module 'msrv_soc_clmul' has no pins
//  Warning: Net 'S[219]' in module 'msrv_soc_clmul' has no pins
//  Warning: Net 'S[218]' in module 'msrv_soc_clmul' has no pins
//  Warning: Net 'S[217]' in module 'msrv_soc_clmul' has no pins
//  Warning: Net 'S[216]' in module 'msrv_soc_clmul' has no pins
//  Warning: Net 'S[215]' in module 'msrv_soc_clmul' has no pins
//  Warning: Net 'S[214]' in module 'msrv_soc_clmul' has no pins
//  Warning: Net 'S[213]' in module 'msrv_soc_clmul' has no pins
//  Warning: Net 'S[212]' in module 'msrv_soc_clmul' has no pins
//  Warning: Net 'S[211]' in module 'msrv_soc_clmul' has no pins
//  Warning: Net 'S[210]' in module 'msrv_soc_clmul' has no pins
//  Warning: Net 'S[209]' in module 'msrv_soc_clmul' has no pins
//  Warning: Net 'S[208]' in module 'msrv_soc_clmul' has no pins
//  Warning: Net 'S[207]' in module 'msrv_soc_clmul' has no pins
//  Warning: Net 'S[206]' in module 'msrv_soc_clmul' has no pins
//  Warning: Net 'S[205]' in module 'msrv_soc_clmul' has no pins
//  Warning: Net 'S[204]' in module 'msrv_soc_clmul' has no pins
//  Warning: Net 'S[203]' in module 'msrv_soc_clmul' has no pins
//  Warning: Net 'S[202]' in module 'msrv_soc_clmul' has no pins
//  Warning: Net 'S[201]' in module 'msrv_soc_clmul' has no pins
//  Warning: Net 'S[200]' in module 'msrv_soc_clmul' has no pins
//  Warning: Net 'S[199]' in module 'msrv_soc_clmul' has no pins
//  Warning: Net 'S[198]' in module 'msrv_soc_clmul' has no pins
//  Warning: Net 'S[197]' in module 'msrv_soc_clmul' has no pins
//  Warning: Net 'S[196]' in module 'msrv_soc_clmul' has no pins
//  Warning: Net 'S[191]' in module 'msrv_soc_clmul' has no pins
//  Warning: Net 'S[190]' in module 'msrv_soc_clmul' has no pins
//  Warning: Net 'S[189]' in module 'msrv_soc_clmul' has no pins
//  Warning: Net 'S[188]' in module 'msrv_soc_clmul' has no pins
//  Warning: Net 'S[187]' in module 'msrv_soc_clmul' has no pins
//  Warning: Net 'S[186]' in module 'msrv_soc_clmul' has no pins
//  Warning: Net 'S[185]' in module 'msrv_soc_clmul' has no pins
//  Warning: Net 'S[184]' in module 'msrv_soc_clmul' has no pins
//  Warning: Net 'S[183]' in module 'msrv_soc_clmul' has no pins
//  Warning: Net 'S[182]' in module 'msrv_soc_clmul' has no pins
//  Warning: Net 'S[181]' in module 'msrv_soc_clmul' has no pins
//  Warning: Net 'S[180]' in module 'msrv_soc_clmul' has no pins
//  Warning: Net 'S[179]' in module 'msrv_soc_clmul' has no pins
//  Warning: Net 'S[178]' in module 'msrv_soc_clmul' has no pins
//  Warning: Net 'S[177]' in module 'msrv_soc_clmul' has no pins
//  Warning: Net 'S[176]' in module 'msrv_soc_clmul' has no pins
//  Warning: Net 'S[175]' in module 'msrv_soc_clmul' has no pins
//  Warning: Net 'S[174]' in module 'msrv_soc_clmul' has no pins
//  Warning: Net 'S[173]' in module 'msrv_soc_clmul' has no pins
//  Warning: Net 'S[172]' in module 'msrv_soc_clmul' has no pins
//  Warning: Net 'S[171]' in module 'msrv_soc_clmul' has no pins
//  Warning: Net 'S[170]' in module 'msrv_soc_clmul' has no pins
//  Warning: Net 'S[169]' in module 'msrv_soc_clmul' has no pins
//  Warning: Net 'S[168]' in module 'msrv_soc_clmul' has no pins
//  Warning: Net 'S[167]' in module 'msrv_soc_clmul' has no pins
//  Warning: Net 'S[166]' in module 'msrv_soc_clmul' has no pins
//  Warning: Net 'S[165]' in module 'msrv_soc_clmul' has no pins
//  Warning: Net 'S[164]' in module 'msrv_soc_clmul' has no pins
//  Warning: Net 'S[163]' in module 'msrv_soc_clmul' has no pins
//  Warning: Net 'S[162]' in module 'msrv_soc_clmul' has no pins
//  Warning: Net 'S[161]' in module 'msrv_soc_clmul' has no pins
//  Warning: Net 'S[160]' in module 'msrv_soc_clmul' has no pins
//  Warning: Net 'S[159]' in module 'msrv_soc_clmul' has no pins
//  Warning: Net 'S[158]' in module 'msrv_soc_clmul' has no pins
//  Warning: Net 'S[157]' in module 'msrv_soc_clmul' has no pins
//  Warning: Net 'S[156]' in module 'msrv_soc_clmul' has no pins
//  Warning: Net 'S[155]' in module 'msrv_soc_clmul' has no pins
//  Warning: Net 'S[154]' in module 'msrv_soc_clmul' has no pins
//  Warning: Net 'S[153]' in module 'msrv_soc_clmul' has no pins
//  Warning: Net 'S[152]' in module 'msrv_soc_clmul' has no pins
//  Warning: Net 'S[151]' in module 'msrv_soc_clmul' has no pins
//  Warning: Net 'S[150]' in module 'msrv_soc_clmul' has no pins
//  Warning: Net 'S[149]' in module 'msrv_soc_clmul' has no pins
//  Warning: Net 'S[148]' in module 'msrv_soc_clmul' has no pins
//  Warning: Net 'S[147]' in module 'msrv_soc_clmul' has no pins
//  Warning: Net 'S[146]' in module 'msrv_soc_clmul' has no pins
//  Warning: Net 'S[145]' in module 'msrv_soc_clmul' has no pins
//  Warning: Net 'S[144]' in module 'msrv_soc_clmul' has no pins
//  Warning: Net 'S[143]' in module 'msrv_soc_clmul' has no pins
//  Warning: Net 'S[142]' in module 'msrv_soc_clmul' has no pins
//  Warning: Net 'S[141]' in module 'msrv_soc_clmul' has no pins
//  Warning: Net 'S[140]' in module 'msrv_soc_clmul' has no pins
//  Warning: Net 'S[139]' in module 'msrv_soc_clmul' has no pins
//  Warning: Net 'S[138]' in module 'msrv_soc_clmul' has no pins
//  Warning: Net 'S[137]' in module 'msrv_soc_clmul' has no pins
//  Warning: Net 'S[136]' in module 'msrv_soc_clmul' has no pins
//  Warning: Net 'S[135]' in module 'msrv_soc_clmul' has no pins
//  Warning: Net 'S[134]' in module 'msrv_soc_clmul' has no pins
//  Warning: Net 'S[133]' in module 'msrv_soc_clmul' has no pins
//  Warning: Net 'S[132]' in module 'msrv_soc_clmul' has no pins
//  Warning: Net 'S[131]' in module 'msrv_soc_clmul' has no pins
//  Warning: Net 'S[127]' in module 'msrv_soc_clmul' has no pins
//  Warning: Net 'S[126]' in module 'msrv_soc_clmul' has no pins
//  Warning: Net 'S[125]' in module 'msrv_soc_clmul' has no pins
//  Warning: Net 'S[124]' in module 'msrv_soc_clmul' has no pins
//  Warning: Net 'S[123]' in module 'msrv_soc_clmul' has no pins
//  Warning: Net 'S[122]' in module 'msrv_soc_clmul' has no pins
//  Warning: Net 'S[121]' in module 'msrv_soc_clmul' has no pins
//  Warning: Net 'S[120]' in module 'msrv_soc_clmul' has no pins
//  Warning: Net 'S[119]' in module 'msrv_soc_clmul' has no pins
//  Warning: Net 'S[118]' in module 'msrv_soc_clmul' has no pins
//  Warning: Net 'S[117]' in module 'msrv_soc_clmul' has no pins
//  Warning: Net 'S[116]' in module 'msrv_soc_clmul' has no pins
//  Warning: Net 'S[115]' in module 'msrv_soc_clmul' has no pins
//  Warning: Net 'S[114]' in module 'msrv_soc_clmul' has no pins
//  Warning: Net 'S[113]' in module 'msrv_soc_clmul' has no pins
//  Warning: Net 'S[112]' in module 'msrv_soc_clmul' has no pins
//  Warning: Net 'S[111]' in module 'msrv_soc_clmul' has no pins
//  Warning: Net 'S[110]' in module 'msrv_soc_clmul' has no pins
//  Warning: Net 'S[109]' in module 'msrv_soc_clmul' has no pins
//  Warning: Net 'S[108]' in module 'msrv_soc_clmul' has no pins
//  Warning: Net 'S[107]' in module 'msrv_soc_clmul' has no pins
//  Warning: Net 'S[106]' in module 'msrv_soc_clmul' has no pins
//  Warning: Net 'S[105]' in module 'msrv_soc_clmul' has no pins
//  Warning: Net 'S[104]' in module 'msrv_soc_clmul' has no pins
//  Warning: Net 'S[103]' in module 'msrv_soc_clmul' has no pins
//  Warning: Net 'S[102]' in module 'msrv_soc_clmul' has no pins
//  Warning: Net 'S[101]' in module 'msrv_soc_clmul' has no pins
//  Warning: Net 'S[100]' in module 'msrv_soc_clmul' has no pins
//  Warning: Net 'S[99]' in module 'msrv_soc_clmul' has no pins
//  Warning: Net 'S[98]' in module 'msrv_soc_clmul' has no pins
//  Warning: Net 'S[97]' in module 'msrv_soc_clmul' has no pins
//  Warning: Net 'S[96]' in module 'msrv_soc_clmul' has no pins
//  Warning: Net 'S[95]' in module 'msrv_soc_clmul' has no pins
//  Warning: Net 'S[94]' in module 'msrv_soc_clmul' has no pins
//  Warning: Net 'S[93]' in module 'msrv_soc_clmul' has no pins
//  Warning: Net 'S[92]' in module 'msrv_soc_clmul' has no pins
//  Warning: Net 'S[91]' in module 'msrv_soc_clmul' has no pins
//  Warning: Net 'S[90]' in module 'msrv_soc_clmul' has no pins
//  Warning: Net 'S[89]' in module 'msrv_soc_clmul' has no pins
//  Warning: Net 'S[88]' in module 'msrv_soc_clmul' has no pins
//  Warning: Net 'S[87]' in module 'msrv_soc_clmul' has no pins
//  Warning: Net 'S[86]' in module 'msrv_soc_clmul' has no pins
//  Warning: Net 'S[85]' in module 'msrv_soc_clmul' has no pins
//  Warning: Net 'S[84]' in module 'msrv_soc_clmul' has no pins
//  Warning: Net 'S[83]' in module 'msrv_soc_clmul' has no pins
//  Warning: Net 'S[82]' in module 'msrv_soc_clmul' has no pins
//  Warning: Net 'S[81]' in module 'msrv_soc_clmul' has no pins
//  Warning: Net 'S[80]' in module 'msrv_soc_clmul' has no pins
//  Warning: Net 'S[79]' in module 'msrv_soc_clmul' has no pins
//  Warning: Net 'S[78]' in module 'msrv_soc_clmul' has no pins
//  Warning: Net 'S[77]' in module 'msrv_soc_clmul' has no pins
//  Warning: Net 'S[76]' in module 'msrv_soc_clmul' has no pins
//  Warning: Net 'S[75]' in module 'msrv_soc_clmul' has no pins
//  Warning: Net 'S[74]' in module 'msrv_soc_clmul' has no pins
//  Warning: Net 'S[73]' in module 'msrv_soc_clmul' has no pins
//  Warning: Net 'S[72]' in module 'msrv_soc_clmul' has no pins
//  Warning: Net 'S[71]' in module 'msrv_soc_clmul' has no pins
//  Warning: Net 'S[70]' in module 'msrv_soc_clmul' has no pins
//  Warning: Net 'S[69]' in module 'msrv_soc_clmul' has no pins
//  Warning: Net 'S[68]' in module 'msrv_soc_clmul' has no pins
//  Warning: Net 'S[67]' in module 'msrv_soc_clmul' has no pins
//  Warning: Net 'S[66]' in module 'msrv_soc_clmul' has no pins
//  Warning: Net 'S[63]' in module 'msrv_soc_clmul' has no pins
//  Warning: Net 'S[62]' in module 'msrv_soc_clmul' has no pins
//  Warning: Net 'S[61]' in module 'msrv_soc_clmul' has no pins
//  Warning: Net 'S[60]' in module 'msrv_soc_clmul' has no pins
//  Warning: Net 'S[59]' in module 'msrv_soc_clmul' has no pins
//  Warning: Net 'S[58]' in module 'msrv_soc_clmul' has no pins
//  Warning: Net 'S[57]' in module 'msrv_soc_clmul' has no pins
//  Warning: Net 'S[56]' in module 'msrv_soc_clmul' has no pins
//  Warning: Net 'S[55]' in module 'msrv_soc_clmul' has no pins
//  Warning: Net 'S[54]' in module 'msrv_soc_clmul' has no pins
//  Warning: Net 'S[53]' in module 'msrv_soc_clmul' has no pins
//  Warning: Net 'S[52]' in module 'msrv_soc_clmul' has no pins
//  Warning: Net 'S[51]' in module 'msrv_soc_clmul' has no pins
//  Warning: Net 'S[50]' in module 'msrv_soc_clmul' has no pins
//  Warning: Net 'S[49]' in module 'msrv_soc_clmul' has no pins
//  Warning: Net 'S[48]' in module 'msrv_soc_clmul' has no pins
//  Warning: Net 'S[47]' in module 'msrv_soc_clmul' has no pins
//  Warning: Net 'S[46]' in module 'msrv_soc_clmul' has no pins
//  Warning: Net 'S[45]' in module 'msrv_soc_clmul' has no pins
//  Warning: Net 'S[44]' in module 'msrv_soc_clmul' has no pins
//  Warning: Net 'S[43]' in module 'msrv_soc_clmul' has no pins
//  Warning: Net 'S[42]' in module 'msrv_soc_clmul' has no pins
//  Warning: Net 'S[41]' in module 'msrv_soc_clmul' has no pins
//  Warning: Net 'S[40]' in module 'msrv_soc_clmul' has no pins
//  Warning: Net 'S[39]' in module 'msrv_soc_clmul' has no pins
//  Warning: Net 'S[38]' in module 'msrv_soc_clmul' has no pins
//  Warning: Net 'S[37]' in module 'msrv_soc_clmul' has no pins
//  Warning: Net 'S[36]' in module 'msrv_soc_clmul' has no pins
//  Warning: Net 'S[35]' in module 'msrv_soc_clmul' has no pins
//  Warning: Net 'S[34]' in module 'msrv_soc_clmul' has no pins
//  Warning: Net 'S[33]' in module 'msrv_soc_clmul' has no pins
//  Warning: Net 'S[32]' in module 'msrv_soc_clmul' has no pins
//  Warning: Net 'S[31]' in module 'msrv_soc_clmul' has no pins
//  Warning: Net 'S[30]' in module 'msrv_soc_clmul' has no pins
//  Warning: Net 'S[29]' in module 'msrv_soc_clmul' has no pins
//  Warning: Net 'S[28]' in module 'msrv_soc_clmul' has no pins
//  Warning: Net 'S[27]' in module 'msrv_soc_clmul' has no pins
//  Warning: Net 'S[26]' in module 'msrv_soc_clmul' has no pins
//  Warning: Net 'S[25]' in module 'msrv_soc_clmul' has no pins
//  Warning: Net 'S[24]' in module 'msrv_soc_clmul' has no pins
//  Warning: Net 'S[23]' in module 'msrv_soc_clmul' has no pins
//  Warning: Net 'S[22]' in module 'msrv_soc_clmul' has no pins
//  Warning: Net 'S[21]' in module 'msrv_soc_clmul' has no pins
//  Warning: Net 'S[20]' in module 'msrv_soc_clmul' has no pins
//  Warning: Net 'S[19]' in module 'msrv_soc_clmul' has no pins
//  Warning: Net 'S[18]' in module 'msrv_soc_clmul' has no pins
//  Warning: Net 'S[17]' in module 'msrv_soc_clmul' has no pins
//  Warning: Net 'S[16]' in module 'msrv_soc_clmul' has no pins
//  Warning: Net 'S[15]' in module 'msrv_soc_clmul' has no pins
//  Warning: Net 'S[14]' in module 'msrv_soc_clmul' has no pins
//  Warning: Net 'S[13]' in module 'msrv_soc_clmul' has no pins
//  Warning: Net 'S[12]' in module 'msrv_soc_clmul' has no pins
//  Warning: Net 'S[11]' in module 'msrv_soc_clmul' has no pins
//  Warning: Net 'S[10]' in module 'msrv_soc_clmul' has no pins
//  Warning: Net 'S[9]' in module 'msrv_soc_clmul' has no pins
//  Warning: Net 'S[8]' in module 'msrv_soc_clmul' has no pins
//  Warning: Net 'S[7]' in module 'msrv_soc_clmul' has no pins
//  Warning: Net 'S[6]' in module 'msrv_soc_clmul' has no pins
//  Warning: Net 'S[5]' in module 'msrv_soc_clmul' has no pins
//  Warning: Net 'S[4]' in module 'msrv_soc_clmul' has no pins
//  Warning: Net 'S[3]' in module 'msrv_soc_clmul' has no pins
//  Warning: Net 'S[2]' in module 'msrv_soc_clmul' has no pins
//  Warning: Net 'S[1]' in module 'msrv_soc_clmul' has no pins
//  Warning: Net 'rtlcClkX' in module 'msrv_soc_clmul' has no pins
//  Warning: Net 'rtlcXXX' in module 'msrv_soc_clmul' has no pins
//  Warning: Net 'rtlcClkX' in module 'msrv_soc_zbb' has no pins
//  Warning: Net 'rtlcXXX' in module 'msrv_soc_zbb' has no pins
//  Warning: Net 'rtlcClkX' in module 'msrv_soc_cnt' has no pins
//  Warning: Net 'rtlcXXX' in module 'msrv_soc_cnt' has no pins
//  Warning: Net 'rtlcClkX' in module 'msrv_soc_lzc' has no pins
//  Warning: Net 'rtlcXXX' in module 'msrv_soc_lzc' has no pins
//  Warning: Net 'rtlc0n27[7]' in module 'msrv_soc_popcnt' has no pins
//  Warning: Net 'rtlc0n27[6]' in module 'msrv_soc_popcnt' has no pins
//  Warning: Net 'rtlc0n27[5]' in module 'msrv_soc_popcnt' has no pins
//  Warning: Net 'rtlc0n27[4]' in module 'msrv_soc_popcnt' has no pins
//  Warning: Net 'rtlc0n27[3]' in module 'msrv_soc_popcnt' has no pins
//  Warning: Net 'rtlc0n27[2]' in module 'msrv_soc_popcnt' has no pins
//  Warning: Net 'rtlc0n27[1]' in module 'msrv_soc_popcnt' has no pins
//  Warning: Net 'rtlc0n45[7]' in module 'msrv_soc_popcnt' has no pins
//  Warning: Net 'rtlc0n45[6]' in module 'msrv_soc_popcnt' has no pins
//  Warning: Net 'rtlc0n45[5]' in module 'msrv_soc_popcnt' has no pins
//  Warning: Net 'rtlc0n45[4]' in module 'msrv_soc_popcnt' has no pins
//  Warning: Net 'rtlc0n45[3]' in module 'msrv_soc_popcnt' has no pins
//  Warning: Net 'rtlc0n45[2]' in module 'msrv_soc_popcnt' has no pins
//  Warning: Net 'rtlc0n63[7]' in module 'msrv_soc_popcnt' has no pins
//  Warning: Net 'rtlc0n63[6]' in module 'msrv_soc_popcnt' has no pins
//  Warning: Net 'rtlc0n63[5]' in module 'msrv_soc_popcnt' has no pins
//  Warning: Net 'rtlc0n63[4]' in module 'msrv_soc_popcnt' has no pins
//  Warning: Net 'rtlc0n63[3]' in module 'msrv_soc_popcnt' has no pins
//  Warning: Net 'rtlc0n81[7]' in module 'msrv_soc_popcnt' has no pins
//  Warning: Net 'rtlc0n81[6]' in module 'msrv_soc_popcnt' has no pins
//  Warning: Net 'rtlc0n81[5]' in module 'msrv_soc_popcnt' has no pins
//  Warning: Net 'rtlc0n81[4]' in module 'msrv_soc_popcnt' has no pins
//  Warning: Net 'rtlc0n99[7]' in module 'msrv_soc_popcnt' has no pins
//  Warning: Net 'rtlc0n99[6]' in module 'msrv_soc_popcnt' has no pins
//  Warning: Net 'rtlc0n99[5]' in module 'msrv_soc_popcnt' has no pins
//  Warning: Net 'rtlc0n117[7]' in module 'msrv_soc_popcnt' has no pins
//  Warning: Net 'rtlc0n117[6]' in module 'msrv_soc_popcnt' has no pins
//  Warning: Net 'rtlc0n135[7]' in module 'msrv_soc_popcnt' has no pins
//  Warning: Net 'rtlc0n153[7]' in module 'msrv_soc_popcnt' has no pins
//  Warning: Net 'rtlc0n171[7]' in module 'msrv_soc_popcnt' has no pins
//  Warning: Net 'rtlc0n189[7]' in module 'msrv_soc_popcnt' has no pins
//  Warning: Net 'rtlc0n207[7]' in module 'msrv_soc_popcnt' has no pins
//  Warning: Net 'rtlc0n225[7]' in module 'msrv_soc_popcnt' has no pins
//  Warning: Net 'rtlc0n243[7]' in module 'msrv_soc_popcnt' has no pins
//  Warning: Net 'rtlc0n261[7]' in module 'msrv_soc_popcnt' has no pins
//  Warning: Net 'rtlc0n279[7]' in module 'msrv_soc_popcnt' has no pins
//  Warning: Net 'rtlc0n297[7]' in module 'msrv_soc_popcnt' has no pins
//  Warning: Net 'rtlc0n315[7]' in module 'msrv_soc_popcnt' has no pins
//  Warning: Net 'rtlc0n333[7]' in module 'msrv_soc_popcnt' has no pins
//  Warning: Net 'rtlc0n351[7]' in module 'msrv_soc_popcnt' has no pins
//  Warning: Net 'rtlc0n369[7]' in module 'msrv_soc_popcnt' has no pins
//  Warning: Net 'rtlc0n387[7]' in module 'msrv_soc_popcnt' has no pins
//  Warning: Net 'rtlc0n405[7]' in module 'msrv_soc_popcnt' has no pins
//  Warning: Net 'rtlc0n423[7]' in module 'msrv_soc_popcnt' has no pins
//  Warning: Net 'rtlc0n441[7]' in module 'msrv_soc_popcnt' has no pins
//  Warning: Net 'rtlc0n459[7]' in module 'msrv_soc_popcnt' has no pins
//  Warning: Net 'rtlc0n477[7]' in module 'msrv_soc_popcnt' has no pins
//  Warning: Net 'rtlc0n495[7]' in module 'msrv_soc_popcnt' has no pins
//  Warning: Net 'rtlc0n513[7]' in module 'msrv_soc_popcnt' has no pins
//  Warning: Net 'rtlc0n531[7]' in module 'msrv_soc_popcnt' has no pins
//  Warning: Net 'rtlc0n549[7]' in module 'msrv_soc_popcnt' has no pins
//  Warning: Net 'rtlc0n567[7]' in module 'msrv_soc_popcnt' has no pins
//  Warning: Net 'rtlcClkX' in module 'msrv_soc_popcnt' has no pins
//  Warning: Net 'rtlcXXX' in module 'msrv_soc_popcnt' has no pins
//  Warning: Net 'rtlcClkX' in module 'msrv_soc_mux4_pv2' has no pins
//  Warning: Net 'rtlcXXX' in module 'msrv_soc_mux4_pv2' has no pins
//  Warning: Net 'rtlcClkX' in module 'msrv_soc_byteop' has no pins
//  Warning: Net 'rtlcXXX' in module 'msrv_soc_byteop' has no pins
//  Warning: Net 'rtlcClkX' in module 'msrv_soc_ext' has no pins
//  Warning: Net 'rtlcXXX' in module 'msrv_soc_ext' has no pins
//  Warning: Net 'rtlcClkX' in module 'msrv_soc_zbkb' has no pins
//  Warning: Net 'rtlcXXX' in module 'msrv_soc_zbkb' has no pins
//  Warning: Net 'rtlcClkX' in module 'msrv_soc_packer' has no pins
//  Warning: Net 'rtlcXXX' in module 'msrv_soc_packer' has no pins
//  Warning: Net 'rtlcClkX' in module 'msrv_soc_zipper' has no pins
//  Warning: Net 'rtlcXXX' in module 'msrv_soc_zipper' has no pins
//  Warning: Net 'rtlcClkX' in module 'msrv_soc_zbkx' has no pins
//  Warning: Net 'rtlcXXX' in module 'msrv_soc_zbkx' has no pins
//  Warning: Net 'rtlcXXX' in module 'msrv_soc_zknde64' has no pins
//  Warning: Net 'rtlcClkX' in module 'msrv_soc_zknde64' has no pins
//  Warning: Net 'rtlcXXX' in module 'msrv_soc_aessbox32' has no pins
//  Warning: Net 'rtlcClkX' in module 'msrv_soc_aessbox32' has no pins
//  Warning: Net 'rtlcClkX' in module 'msrv_soc_aessbox8' has no pins
//  Warning: Net 'rtlcXXX' in module 'msrv_soc_aessbox8' has no pins
//  Warning: Net 'rtlcClkX' in module 'msrv_soc_aes64ks1i' has no pins
//  Warning: Net 'rtlcXXX' in module 'msrv_soc_aes64ks1i' has no pins
//  Warning: Net 'rtlcClkX' in module 'msrv_soc_rconlut32' has no pins
//  Warning: Net 'rtlcXXX' in module 'msrv_soc_rconlut32' has no pins
//  Warning: Net 'rtlcClkX' in module 'msrv_soc_aes64ks2' has no pins
//  Warning: Net 'rtlcXXX' in module 'msrv_soc_aes64ks2' has no pins
//  Warning: Net 'rtlcClkX' in module 'msrv_soc_aes64d' has no pins
//  Warning: Net 'rtlcXXX' in module 'msrv_soc_aes64d' has no pins
//  Warning: Net 'rtlcClkX' in module 'msrv_soc_aesinvshiftrows64' has no pins
//  Warning: Net 'rtlcXXX' in module 'msrv_soc_aesinvshiftrows64' has no pins
//  Warning: Net 'rtlcXXX' in module 'msrv_soc_aesinvsbox64' has no pins
//  Warning: Net 'rtlcClkX' in module 'msrv_soc_aesinvsbox64' has no pins
//  Warning: Net 'rtlcClkX' in module 'msrv_soc_aesinvsbox8' has no pins
//  Warning: Net 'rtlcXXX' in module 'msrv_soc_aesinvsbox8' has no pins
//  Warning: Net 'rtlc0n45[10]' in module 'msrv_soc_aesinvmixcolumns32' has no pins
//  Warning: Net 'rtlc0n45[9]' in module 'msrv_soc_aesinvmixcolumns32' has no pins
//  Warning: Net 'rtlc0n45[2]' in module 'msrv_soc_aesinvmixcolumns32' has no pins
//  Warning: Net 'rtlc0n45[1]' in module 'msrv_soc_aesinvmixcolumns32' has no pins
//  Warning: Net 'rtlc0n45[0]' in module 'msrv_soc_aesinvmixcolumns32' has no pins
//  Warning: Net 'rtlc0n52[10]' in module 'msrv_soc_aesinvmixcolumns32' has no pins
//  Warning: Net 'rtlc0n52[9]' in module 'msrv_soc_aesinvmixcolumns32' has no pins
//  Warning: Net 'rtlc0n52[8]' in module 'msrv_soc_aesinvmixcolumns32' has no pins
//  Warning: Net 'rtlc0n52[1]' in module 'msrv_soc_aesinvmixcolumns32' has no pins
//  Warning: Net 'rtlc0n52[0]' in module 'msrv_soc_aesinvmixcolumns32' has no pins
//  Warning: Net 'rtlc0n56[10]' in module 'msrv_soc_aesinvmixcolumns32' has no pins
//  Warning: Net 'rtlc0n56[9]' in module 'msrv_soc_aesinvmixcolumns32' has no pins
//  Warning: Net 'rtlc0n56[8]' in module 'msrv_soc_aesinvmixcolumns32' has no pins
//  Warning: Net 'rtlc0n56[0]' in module 'msrv_soc_aesinvmixcolumns32' has no pins
//  Warning: Net 'rtlc0n69[10]' in module 'msrv_soc_aesinvmixcolumns32' has no pins
//  Warning: Net 'rtlc0n69[9]' in module 'msrv_soc_aesinvmixcolumns32' has no pins
//  Warning: Net 'rtlc0n69[2]' in module 'msrv_soc_aesinvmixcolumns32' has no pins
//  Warning: Net 'rtlc0n69[1]' in module 'msrv_soc_aesinvmixcolumns32' has no pins
//  Warning: Net 'rtlc0n69[0]' in module 'msrv_soc_aesinvmixcolumns32' has no pins
//  Warning: Net 'rtlc0n76[10]' in module 'msrv_soc_aesinvmixcolumns32' has no pins
//  Warning: Net 'rtlc0n76[9]' in module 'msrv_soc_aesinvmixcolumns32' has no pins
//  Warning: Net 'rtlc0n76[8]' in module 'msrv_soc_aesinvmixcolumns32' has no pins
//  Warning: Net 'rtlc0n76[1]' in module 'msrv_soc_aesinvmixcolumns32' has no pins
//  Warning: Net 'rtlc0n76[0]' in module 'msrv_soc_aesinvmixcolumns32' has no pins
//  Warning: Net 'rtlc0n80[10]' in module 'msrv_soc_aesinvmixcolumns32' has no pins
//  Warning: Net 'rtlc0n80[9]' in module 'msrv_soc_aesinvmixcolumns32' has no pins
//  Warning: Net 'rtlc0n80[8]' in module 'msrv_soc_aesinvmixcolumns32' has no pins
//  Warning: Net 'rtlc0n80[0]' in module 'msrv_soc_aesinvmixcolumns32' has no pins
//  Warning: Net 'rtlc0n100[10]' in module 'msrv_soc_aesinvmixcolumns32' has no pins
//  Warning: Net 'rtlc0n100[9]' in module 'msrv_soc_aesinvmixcolumns32' has no pins
//  Warning: Net 'rtlc0n100[8]' in module 'msrv_soc_aesinvmixcolumns32' has no pins
//  Warning: Net 'rtlc0n100[1]' in module 'msrv_soc_aesinvmixcolumns32' has no pins
//  Warning: Net 'rtlc0n100[0]' in module 'msrv_soc_aesinvmixcolumns32' has no pins
//  Warning: Net 'rtlc0n104[10]' in module 'msrv_soc_aesinvmixcolumns32' has no pins
//  Warning: Net 'rtlc0n104[9]' in module 'msrv_soc_aesinvmixcolumns32' has no pins
//  Warning: Net 'rtlc0n104[8]' in module 'msrv_soc_aesinvmixcolumns32' has no pins
//  Warning: Net 'rtlc0n104[0]' in module 'msrv_soc_aesinvmixcolumns32' has no pins
//  Warning: Net 'rtlc0n124[10]' in module 'msrv_soc_aesinvmixcolumns32' has no pins
//  Warning: Net 'rtlc0n124[9]' in module 'msrv_soc_aesinvmixcolumns32' has no pins
//  Warning: Net 'rtlc0n124[8]' in module 'msrv_soc_aesinvmixcolumns32' has no pins
//  Warning: Net 'rtlc0n124[1]' in module 'msrv_soc_aesinvmixcolumns32' has no pins
//  Warning: Net 'rtlc0n124[0]' in module 'msrv_soc_aesinvmixcolumns32' has no pins
//  Warning: Net 'rtlc0n128[10]' in module 'msrv_soc_aesinvmixcolumns32' has no pins
//  Warning: Net 'rtlc0n128[9]' in module 'msrv_soc_aesinvmixcolumns32' has no pins
//  Warning: Net 'rtlc0n128[8]' in module 'msrv_soc_aesinvmixcolumns32' has no pins
//  Warning: Net 'rtlc0n128[0]' in module 'msrv_soc_aesinvmixcolumns32' has no pins
//  Warning: Net 'rtlcClkX' in module 'msrv_soc_aesinvmixcolumns32' has no pins
//  Warning: Net 'rtlcXXX' in module 'msrv_soc_aesinvmixcolumns32' has no pins
//  Warning: Net 'rtlc0n7[7]' in module 'msrv_soc_galoismultinverse8' has no pins
//  Warning: Net 'rtlc0n7[6]' in module 'msrv_soc_galoismultinverse8' has no pins
//  Warning: Net 'rtlc0n7[5]' in module 'msrv_soc_galoismultinverse8' has no pins
//  Warning: Net 'rtlc0n7[2]' in module 'msrv_soc_galoismultinverse8' has no pins
//  Warning: Net 'rtlc0n12[7]' in module 'msrv_soc_galoismultinverse8' has no pins
//  Warning: Net 'rtlc0n12[6]' in module 'msrv_soc_galoismultinverse8' has no pins
//  Warning: Net 'rtlc0n12[3]' in module 'msrv_soc_galoismultinverse8' has no pins
//  Warning: Net 'rtlc0n12[0]' in module 'msrv_soc_galoismultinverse8' has no pins
//  Warning: Net 'rtlc0n18[7]' in module 'msrv_soc_galoismultinverse8' has no pins
//  Warning: Net 'rtlc0n18[4]' in module 'msrv_soc_galoismultinverse8' has no pins
//  Warning: Net 'rtlc0n18[1]' in module 'msrv_soc_galoismultinverse8' has no pins
//  Warning: Net 'rtlc0n18[0]' in module 'msrv_soc_galoismultinverse8' has no pins
//  Warning: Net 'rtlcClkX' in module 'msrv_soc_galoismultinverse8' has no pins
//  Warning: Net 'rtlcXXX' in module 'msrv_soc_galoismultinverse8' has no pins
//  Warning: Net 'rtlcClkX' in module 'msrv_soc_aes64e' has no pins
//  Warning: Net 'rtlcXXX' in module 'msrv_soc_aes64e' has no pins
//  Warning: Net 'rtlcClkX' in module 'msrv_soc_aesshiftrows64' has no pins
//  Warning: Net 'rtlcXXX' in module 'msrv_soc_aesshiftrows64' has no pins
//  Warning: Net 'rtlcClkX' in module 'msrv_soc_aesmixcolumns32' has no pins
//  Warning: Net 'rtlcXXX' in module 'msrv_soc_aesmixcolumns32' has no pins
//  Warning: Net 'rtlc0n8[7]' in module 'msrv_soc_galoismultforward8' has no pins
//  Warning: Net 'rtlc0n8[6]' in module 'msrv_soc_galoismultforward8' has no pins
//  Warning: Net 'rtlc0n8[5]' in module 'msrv_soc_galoismultforward8' has no pins
//  Warning: Net 'rtlc0n8[2]' in module 'msrv_soc_galoismultforward8' has no pins
//  Warning: Net 'rtlcClkX' in module 'msrv_soc_galoismultforward8' has no pins
//  Warning: Net 'rtlcXXX' in module 'msrv_soc_galoismultforward8' has no pins
//  Warning: Net 'rtlcClkX' in module 'msrv_soc_zknh64' has no pins
//  Warning: Net 'rtlcXXX' in module 'msrv_soc_zknh64' has no pins
//  Warning: Net 'rtlcClkX' in module 'msrv_soc_sha256' has no pins
//  Warning: Net 'rtlcXXX' in module 'msrv_soc_sha256' has no pins
//  Warning: Net 'rtlcClkX' in module 'msrv_soc_sha512_64' has no pins
//  Warning: Net 'rtlcXXX' in module 'msrv_soc_sha512_64' has no pins
//  Warning: Net 'rtlcClkX' in module 'msrv_soc_flopenrc_pv3_9' has no pins
//  Warning: Net 'rtlcXXX' in module 'msrv_soc_flopenrc_pv3_9' has no pins
//  Warning: Net 'rtlcClkX' in module 'msrv_soc_flopenrc_pv3_10' has no pins
//  Warning: Net 'rtlcXXX' in module 'msrv_soc_flopenrc_pv3_10' has no pins
//  Warning: Net 'rtlcClkX' in module 'msrv_soc_flopenrc_pv3_11' has no pins
//  Warning: Net 'rtlcXXX' in module 'msrv_soc_flopenrc_pv3_11' has no pins
//  Warning: Net 'rtlcClkX' in module 'msrv_soc_flopenrc_pv3_12' has no pins
//  Warning: Net 'rtlcXXX' in module 'msrv_soc_flopenrc_pv3_12' has no pins
//  Warning: Net 'rtlcClkX' in module 'msrv_soc_mux5' has no pins
//  Warning: Net 'rtlcXXX' in module 'msrv_soc_mux5' has no pins
//  Warning: Net 'ITLBWriteF' in module 'msrv_soc_lsu' is not driven
//  Warning: Net 'MemRWSpillM[1]' in module 'msrv_soc_lsu' has no pins
//  Warning: Net 'MemRWSpillM[0]' in module 'msrv_soc_lsu' has no pins
//  Warning: Net 'rtlcn7[1]' in module 'msrv_soc_lsu' has no pins
//  Warning: Net '\hptw.DcacheBusStallM ' in module 'msrv_soc_lsu' is not driven
//  Warning: Net 'rtlcClkX' in module 'msrv_soc_lsu' has no pins
//  Warning: Net 'rtlcXXX' in module 'msrv_soc_lsu' has no pins
//  Warning: Net 'rtlcClkX' in module 'msrv_soc_flopenrc_pv3_13' has no pins
//  Warning: Net 'rtlcXXX' in module 'msrv_soc_flopenrc_pv3_13' has no pins
//  Warning: Net 'rtlcClkX' in module 'msrv_soc_subwordread' has no pins
//  Warning: Net 'rtlcXXX' in module 'msrv_soc_subwordread' has no pins
//  Warning: Net 'rtlcClkX' in module 'msrv_soc_mux2_pv11' has no pins
//  Warning: Net 'rtlcXXX' in module 'msrv_soc_mux2_pv11' has no pins
//  Warning: Net 'rtlcClkX' in module 'msrv_soc_mux2_pv12' has no pins
//  Warning: Net 'rtlcXXX' in module 'msrv_soc_mux2_pv12' has no pins
//  Warning: Net 'rtlcXXX' in module 'msrv_soc_subwordwrite' has no pins
//  Warning: Net 'rtlcClkX' in module 'msrv_soc_subwordwrite' has no pins
//  Warning: Net 'rtlc0n10[31]' in module 'msrv_soc_swbytemask_pv1' has no pins
//  Warning: Net 'rtlc0n10[30]' in module 'msrv_soc_swbytemask_pv1' has no pins
//  Warning: Net 'rtlc0n10[29]' in module 'msrv_soc_swbytemask_pv1' has no pins
//  Warning: Net 'rtlc0n10[28]' in module 'msrv_soc_swbytemask_pv1' has no pins
//  Warning: Net 'rtlc0n10[27]' in module 'msrv_soc_swbytemask_pv1' has no pins
//  Warning: Net 'rtlc0n10[26]' in module 'msrv_soc_swbytemask_pv1' has no pins
//  Warning: Net 'rtlc0n10[25]' in module 'msrv_soc_swbytemask_pv1' has no pins
//  Warning: Net 'rtlc0n10[24]' in module 'msrv_soc_swbytemask_pv1' has no pins
//  Warning: Net 'rtlc0n10[23]' in module 'msrv_soc_swbytemask_pv1' has no pins
//  Warning: Net 'rtlc0n10[22]' in module 'msrv_soc_swbytemask_pv1' has no pins
//  Warning: Net 'rtlc0n10[21]' in module 'msrv_soc_swbytemask_pv1' has no pins
//  Warning: Net 'rtlc0n10[20]' in module 'msrv_soc_swbytemask_pv1' has no pins
//  Warning: Net 'rtlc0n10[19]' in module 'msrv_soc_swbytemask_pv1' has no pins
//  Warning: Net 'rtlc0n10[18]' in module 'msrv_soc_swbytemask_pv1' has no pins
//  Warning: Net 'rtlc0n10[17]' in module 'msrv_soc_swbytemask_pv1' has no pins
//  Warning: Net 'rtlc0n10[16]' in module 'msrv_soc_swbytemask_pv1' has no pins
//  Warning: Net 'rtlc0n10[15]' in module 'msrv_soc_swbytemask_pv1' has no pins
//  Warning: Net 'rtlc0n10[14]' in module 'msrv_soc_swbytemask_pv1' has no pins
//  Warning: Net 'rtlc0n10[13]' in module 'msrv_soc_swbytemask_pv1' has no pins
//  Warning: Net 'rtlc0n10[12]' in module 'msrv_soc_swbytemask_pv1' has no pins
//  Warning: Net 'rtlc0n10[11]' in module 'msrv_soc_swbytemask_pv1' has no pins
//  Warning: Net 'rtlc0n10[10]' in module 'msrv_soc_swbytemask_pv1' has no pins
//  Warning: Net 'rtlc0n10[9]' in module 'msrv_soc_swbytemask_pv1' has no pins
//  Warning: Net 'rtlc0n10[8]' in module 'msrv_soc_swbytemask_pv1' has no pins
//  Warning: Net 'rtlc0n13[31]' in module 'msrv_soc_swbytemask_pv1' has no pins
//  Warning: Net 'rtlc0n13[30]' in module 'msrv_soc_swbytemask_pv1' has no pins
//  Warning: Net 'rtlc0n13[29]' in module 'msrv_soc_swbytemask_pv1' has no pins
//  Warning: Net 'rtlc0n13[28]' in module 'msrv_soc_swbytemask_pv1' has no pins
//  Warning: Net 'rtlc0n13[27]' in module 'msrv_soc_swbytemask_pv1' has no pins
//  Warning: Net 'rtlc0n13[26]' in module 'msrv_soc_swbytemask_pv1' has no pins
//  Warning: Net 'rtlc0n13[25]' in module 'msrv_soc_swbytemask_pv1' has no pins
//  Warning: Net 'rtlc0n13[24]' in module 'msrv_soc_swbytemask_pv1' has no pins
//  Warning: Net 'rtlc0n13[23]' in module 'msrv_soc_swbytemask_pv1' has no pins
//  Warning: Net 'rtlc0n13[22]' in module 'msrv_soc_swbytemask_pv1' has no pins
//  Warning: Net 'rtlc0n13[21]' in module 'msrv_soc_swbytemask_pv1' has no pins
//  Warning: Net 'rtlc0n13[20]' in module 'msrv_soc_swbytemask_pv1' has no pins
//  Warning: Net 'rtlc0n13[19]' in module 'msrv_soc_swbytemask_pv1' has no pins
//  Warning: Net 'rtlc0n13[18]' in module 'msrv_soc_swbytemask_pv1' has no pins
//  Warning: Net 'rtlc0n13[17]' in module 'msrv_soc_swbytemask_pv1' has no pins
//  Warning: Net 'rtlc0n13[16]' in module 'msrv_soc_swbytemask_pv1' has no pins
//  Warning: Net 'rtlc0n15[31]' in module 'msrv_soc_swbytemask_pv1' has no pins
//  Warning: Net 'rtlc0n15[30]' in module 'msrv_soc_swbytemask_pv1' has no pins
//  Warning: Net 'rtlc0n15[29]' in module 'msrv_soc_swbytemask_pv1' has no pins
//  Warning: Net 'rtlc0n15[28]' in module 'msrv_soc_swbytemask_pv1' has no pins
//  Warning: Net 'rtlc0n15[27]' in module 'msrv_soc_swbytemask_pv1' has no pins
//  Warning: Net 'rtlc0n15[26]' in module 'msrv_soc_swbytemask_pv1' has no pins
//  Warning: Net 'rtlc0n15[25]' in module 'msrv_soc_swbytemask_pv1' has no pins
//  Warning: Net 'rtlc0n15[24]' in module 'msrv_soc_swbytemask_pv1' has no pins
//  Warning: Net 'rtlc0n15[23]' in module 'msrv_soc_swbytemask_pv1' has no pins
//  Warning: Net 'rtlc0n15[22]' in module 'msrv_soc_swbytemask_pv1' has no pins
//  Warning: Net 'rtlc0n15[21]' in module 'msrv_soc_swbytemask_pv1' has no pins
//  Warning: Net 'rtlc0n15[20]' in module 'msrv_soc_swbytemask_pv1' has no pins
//  Warning: Net 'rtlc0n15[19]' in module 'msrv_soc_swbytemask_pv1' has no pins
//  Warning: Net 'rtlc0n15[18]' in module 'msrv_soc_swbytemask_pv1' has no pins
//  Warning: Net 'rtlc0n15[17]' in module 'msrv_soc_swbytemask_pv1' has no pins
//  Warning: Net 'rtlc0n15[16]' in module 'msrv_soc_swbytemask_pv1' has no pins
//  Warning: Net 'rtlcClkX' in module 'msrv_soc_swbytemask_pv1' has no pins
//  Warning: Net 'rtlcXXX' in module 'msrv_soc_swbytemask_pv1' has no pins
//  Warning: Net 'rtlcClkX' in module 'msrv_soc_flopen_11' has no pins
//  Warning: Net 'rtlcXXX' in module 'msrv_soc_flopen_11' has no pins
//  Warning: Net 'ReadDataWordFirstHalfM[0]' in module 'msrv_soc_align' has no pins
//  Warning: Net 'rtlc0n14[1]' in module 'msrv_soc_align' has no pins
//  Warning: Net 'rtlc0n14[0]' in module 'msrv_soc_align' has no pins
//  Warning: Net 'rtlc0n10' in module 'msrv_soc_align' has no pins
//  Warning: Net 'rtlcClkX' in module 'msrv_soc_align' has no pins
//  Warning: Net 'rtlcXXX' in module 'msrv_soc_align' has no pins
//  Warning: Net 'rtlcClkX' in module 'msrv_soc_flopenr_pv8_5' has no pins
//  Warning: Net 'rtlcXXX' in module 'msrv_soc_flopenr_pv8_5' has no pins
//  Warning: Net 'rtlcClkX' in module 'msrv_soc_mux2_pv7' has no pins
//  Warning: Net 'rtlcXXX' in module 'msrv_soc_mux2_pv7' has no pins
//  Warning: Net 'rtlcClkX' in module 'msrv_soc_mux3_pv2' has no pins
//  Warning: Net 'rtlcXXX' in module 'msrv_soc_mux3_pv2' has no pins
//  Warning: Net 'HPTWAccessFaultDelay' in module 'msrv_soc_hptw' has no pins
//  Warning: Net 'rtlc0n14' in module 'msrv_soc_hptw' has no pins
//  Warning: Net 'rtlc0n20' in module 'msrv_soc_hptw' has no pins
//  Warning: Net 'rtlc0n22' in module 'msrv_soc_hptw' has no pins
//  Warning: Net 'rtlc0n23' in module 'msrv_soc_hptw' has no pins
//  Warning: Net 'rtlc0n24' in module 'msrv_soc_hptw' has no pins
//  Warning: Net 'rtlc0n25' in module 'msrv_soc_hptw' has no pins
//  Warning: Net 'rtlcClkX' in module 'msrv_soc_hptw' has no pins
//  Warning: Net 'rtlcXXX' in module 'msrv_soc_hptw' has no pins
//  Warning: Net 'rtlcClkX' in module 'msrv_soc_flopr_pv2' has no pins
//  Warning: Net 'rtlcXXX' in module 'msrv_soc_flopr_pv2' has no pins
//  Warning: Net 'rtlcClkX' in module 'msrv_soc_flopenr_pv3_34' has no pins
//  Warning: Net 'rtlcXXX' in module 'msrv_soc_flopenr_pv3_34' has no pins
//  Warning: Net 'rtlcClkX' in module 'msrv_soc_flopenr_pv8_6' has no pins
//  Warning: Net 'rtlcXXX' in module 'msrv_soc_flopenr_pv8_6' has no pins
//  Warning: Net 'rtlcClkX' in module 'msrv_soc_flopr_pv3' has no pins
//  Warning: Net 'rtlcXXX' in module 'msrv_soc_flopr_pv3' has no pins
//  Warning: Net 'rtlcClkX' in module 'msrv_soc_flopenl_pv1' has no pins
//  Warning: Net 'rtlcXXX' in module 'msrv_soc_flopenl_pv1' has no pins
//  Warning: Net 'rtlcClkX' in module 'msrv_soc_mux2_pv8' has no pins
//  Warning: Net 'rtlcXXX' in module 'msrv_soc_mux2_pv8' has no pins
//  Warning: Net 'rtlcClkX' in module 'msrv_soc_mux2_pv9' has no pins
//  Warning: Net 'rtlcXXX' in module 'msrv_soc_mux2_pv9' has no pins
//  Warning: Net 'rtlcClkX' in module 'msrv_soc_mux2_pv10' has no pins
//  Warning: Net 'rtlcXXX' in module 'msrv_soc_mux2_pv10' has no pins
//  Warning: Net 'rtlcClkX' in module 'msrv_soc_flopenr_pv10' has no pins
//  Warning: Net 'rtlcXXX' in module 'msrv_soc_flopenr_pv10' has no pins
//  Warning: Net 'rtlcClkX' in module 'msrv_soc_flopr_pv1_2' has no pins
//  Warning: Net 'rtlcXXX' in module 'msrv_soc_flopr_pv1_2' has no pins
//  Warning: Net 'rtlcClkX' in module 'msrv_soc_mmu_pv1' has no pins
//  Warning: Net 'rtlcXXX' in module 'msrv_soc_mmu_pv1' has no pins
//  Warning: Net 'rtlcClkX' in module 'msrv_soc_tlb_pv1' has no pins
//  Warning: Net 'rtlcXXX' in module 'msrv_soc_tlb_pv1' has no pins
//  Warning: Net 'rtlc0n9' in module 'msrv_soc_tlbcontrol_pv1' has no pins
//  Warning: Net 'rtlc0n10' in module 'msrv_soc_tlbcontrol_pv1' has no pins
//  Warning: Net 'rtlc0n13' in module 'msrv_soc_tlbcontrol_pv1' has no pins
//  Warning: Net 'rtlcClkX' in module 'msrv_soc_tlbcontrol_pv1' has no pins
//  Warning: Net 'rtlcXXX' in module 'msrv_soc_tlbcontrol_pv1' has no pins
//  Warning: Net 'RUBits[0]' in module 'msrv_soc_tlblru' has no pins
//  Warning: Net 'rtlcClkX' in module 'msrv_soc_tlblru' has no pins
//  Warning: Net 'rtlcXXX' in module 'msrv_soc_tlblru' has no pins
//  Warning: Net 'rtlcClkX' in module 'msrv_soc_flopenr_pv1_4' has no pins
//  Warning: Net 'rtlcXXX' in module 'msrv_soc_flopenr_pv1_4' has no pins
//  Warning: Net 'rtlcClkX' in module 'msrv_soc_tlbcam' has no pins
//  Warning: Net 'rtlcXXX' in module 'msrv_soc_tlbcam' has no pins
//  Warning: Net 'rtlcClkX' in module 'msrv_soc_tlbcamline_33' has no pins
//  Warning: Net 'rtlcXXX' in module 'msrv_soc_tlbcamline_33' has no pins
//  Warning: Net 'rtlcClkX' in module 'msrv_soc_flopenr_pv2_33' has no pins
//  Warning: Net 'rtlcXXX' in module 'msrv_soc_flopenr_pv2_33' has no pins
//  Warning: Net 'rtlcClkX' in module 'msrv_soc_flopenr_pv3_35' has no pins
//  Warning: Net 'rtlcXXX' in module 'msrv_soc_flopenr_pv3_35' has no pins
//  Warning: Net 'rtlcClkX' in module 'msrv_soc_flopenr_pv4_33' has no pins
//  Warning: Net 'rtlcXXX' in module 'msrv_soc_flopenr_pv4_33' has no pins
//  Warning: Net 'rtlcClkX' in module 'msrv_soc_tlbcamline_34' has no pins
//  Warning: Net 'rtlcXXX' in module 'msrv_soc_tlbcamline_34' has no pins
//  Warning: Net 'rtlcClkX' in module 'msrv_soc_flopenr_pv2_34' has no pins
//  Warning: Net 'rtlcXXX' in module 'msrv_soc_flopenr_pv2_34' has no pins
//  Warning: Net 'rtlcClkX' in module 'msrv_soc_flopenr_pv3_36' has no pins
//  Warning: Net 'rtlcXXX' in module 'msrv_soc_flopenr_pv3_36' has no pins
//  Warning: Net 'rtlcClkX' in module 'msrv_soc_flopenr_pv4_34' has no pins
//  Warning: Net 'rtlcXXX' in module 'msrv_soc_flopenr_pv4_34' has no pins
//  Warning: Net 'rtlcClkX' in module 'msrv_soc_tlbcamline_35' has no pins
//  Warning: Net 'rtlcXXX' in module 'msrv_soc_tlbcamline_35' has no pins
//  Warning: Net 'rtlcClkX' in module 'msrv_soc_flopenr_pv2_35' has no pins
//  Warning: Net 'rtlcXXX' in module 'msrv_soc_flopenr_pv2_35' has no pins
//  Warning: Net 'rtlcClkX' in module 'msrv_soc_flopenr_pv3_37' has no pins
//  Warning: Net 'rtlcXXX' in module 'msrv_soc_flopenr_pv3_37' has no pins
//  Warning: Net 'rtlcClkX' in module 'msrv_soc_flopenr_pv4_35' has no pins
//  Warning: Net 'rtlcXXX' in module 'msrv_soc_flopenr_pv4_35' has no pins
//  Warning: Net 'rtlcClkX' in module 'msrv_soc_tlbcamline_36' has no pins
//  Warning: Net 'rtlcXXX' in module 'msrv_soc_tlbcamline_36' has no pins
//  Warning: Net 'rtlcClkX' in module 'msrv_soc_flopenr_pv2_36' has no pins
//  Warning: Net 'rtlcXXX' in module 'msrv_soc_flopenr_pv2_36' has no pins
//  Warning: Net 'rtlcClkX' in module 'msrv_soc_flopenr_pv3_38' has no pins
//  Warning: Net 'rtlcXXX' in module 'msrv_soc_flopenr_pv3_38' has no pins
//  Warning: Net 'rtlcClkX' in module 'msrv_soc_flopenr_pv4_36' has no pins
//  Warning: Net 'rtlcXXX' in module 'msrv_soc_flopenr_pv4_36' has no pins
//  Warning: Net 'rtlcClkX' in module 'msrv_soc_tlbcamline_37' has no pins
//  Warning: Net 'rtlcXXX' in module 'msrv_soc_tlbcamline_37' has no pins
//  Warning: Net 'rtlcClkX' in module 'msrv_soc_flopenr_pv2_37' has no pins
//  Warning: Net 'rtlcXXX' in module 'msrv_soc_flopenr_pv2_37' has no pins
//  Warning: Net 'rtlcClkX' in module 'msrv_soc_flopenr_pv3_39' has no pins
//  Warning: Net 'rtlcXXX' in module 'msrv_soc_flopenr_pv3_39' has no pins
//  Warning: Net 'rtlcClkX' in module 'msrv_soc_flopenr_pv4_37' has no pins
//  Warning: Net 'rtlcXXX' in module 'msrv_soc_flopenr_pv4_37' has no pins
//  Warning: Net 'rtlcClkX' in module 'msrv_soc_tlbcamline_38' has no pins
//  Warning: Net 'rtlcXXX' in module 'msrv_soc_tlbcamline_38' has no pins
//  Warning: Net 'rtlcClkX' in module 'msrv_soc_flopenr_pv2_38' has no pins
//  Warning: Net 'rtlcXXX' in module 'msrv_soc_flopenr_pv2_38' has no pins
//  Warning: Net 'rtlcClkX' in module 'msrv_soc_flopenr_pv3_40' has no pins
//  Warning: Net 'rtlcXXX' in module 'msrv_soc_flopenr_pv3_40' has no pins
//  Warning: Net 'rtlcClkX' in module 'msrv_soc_flopenr_pv4_38' has no pins
//  Warning: Net 'rtlcXXX' in module 'msrv_soc_flopenr_pv4_38' has no pins
//  Warning: Net 'rtlcClkX' in module 'msrv_soc_tlbcamline_39' has no pins
//  Warning: Net 'rtlcXXX' in module 'msrv_soc_tlbcamline_39' has no pins
//  Warning: Net 'rtlcClkX' in module 'msrv_soc_flopenr_pv2_39' has no pins
//  Warning: Net 'rtlcXXX' in module 'msrv_soc_flopenr_pv2_39' has no pins
//  Warning: Net 'rtlcClkX' in module 'msrv_soc_flopenr_pv3_41' has no pins
//  Warning: Net 'rtlcXXX' in module 'msrv_soc_flopenr_pv3_41' has no pins
//  Warning: Net 'rtlcClkX' in module 'msrv_soc_flopenr_pv4_39' has no pins
//  Warning: Net 'rtlcXXX' in module 'msrv_soc_flopenr_pv4_39' has no pins
//  Warning: Net 'rtlcClkX' in module 'msrv_soc_tlbcamline_40' has no pins
//  Warning: Net 'rtlcXXX' in module 'msrv_soc_tlbcamline_40' has no pins
//  Warning: Net 'rtlcClkX' in module 'msrv_soc_flopenr_pv2_40' has no pins
//  Warning: Net 'rtlcXXX' in module 'msrv_soc_flopenr_pv2_40' has no pins
//  Warning: Net 'rtlcClkX' in module 'msrv_soc_flopenr_pv3_42' has no pins
//  Warning: Net 'rtlcXXX' in module 'msrv_soc_flopenr_pv3_42' has no pins
//  Warning: Net 'rtlcClkX' in module 'msrv_soc_flopenr_pv4_40' has no pins
//  Warning: Net 'rtlcXXX' in module 'msrv_soc_flopenr_pv4_40' has no pins
//  Warning: Net 'rtlcClkX' in module 'msrv_soc_tlbcamline_41' has no pins
//  Warning: Net 'rtlcXXX' in module 'msrv_soc_tlbcamline_41' has no pins
//  Warning: Net 'rtlcClkX' in module 'msrv_soc_flopenr_pv2_41' has no pins
//  Warning: Net 'rtlcXXX' in module 'msrv_soc_flopenr_pv2_41' has no pins
//  Warning: Net 'rtlcClkX' in module 'msrv_soc_flopenr_pv3_43' has no pins
//  Warning: Net 'rtlcXXX' in module 'msrv_soc_flopenr_pv3_43' has no pins
//  Warning: Net 'rtlcClkX' in module 'msrv_soc_flopenr_pv4_41' has no pins
//  Warning: Net 'rtlcXXX' in module 'msrv_soc_flopenr_pv4_41' has no pins
//  Warning: Net 'rtlcClkX' in module 'msrv_soc_tlbcamline_42' has no pins
//  Warning: Net 'rtlcXXX' in module 'msrv_soc_tlbcamline_42' has no pins
//  Warning: Net 'rtlcClkX' in module 'msrv_soc_flopenr_pv2_42' has no pins
//  Warning: Net 'rtlcXXX' in module 'msrv_soc_flopenr_pv2_42' has no pins
//  Warning: Net 'rtlcClkX' in module 'msrv_soc_flopenr_pv3_44' has no pins
//  Warning: Net 'rtlcXXX' in module 'msrv_soc_flopenr_pv3_44' has no pins
//  Warning: Net 'rtlcClkX' in module 'msrv_soc_flopenr_pv4_42' has no pins
//  Warning: Net 'rtlcXXX' in module 'msrv_soc_flopenr_pv4_42' has no pins
//  Warning: Net 'rtlcClkX' in module 'msrv_soc_tlbcamline_43' has no pins
//  Warning: Net 'rtlcXXX' in module 'msrv_soc_tlbcamline_43' has no pins
//  Warning: Net 'rtlcClkX' in module 'msrv_soc_flopenr_pv2_43' has no pins
//  Warning: Net 'rtlcXXX' in module 'msrv_soc_flopenr_pv2_43' has no pins
//  Warning: Net 'rtlcClkX' in module 'msrv_soc_flopenr_pv3_45' has no pins
//  Warning: Net 'rtlcXXX' in module 'msrv_soc_flopenr_pv3_45' has no pins
//  Warning: Net 'rtlcClkX' in module 'msrv_soc_flopenr_pv4_43' has no pins
//  Warning: Net 'rtlcXXX' in module 'msrv_soc_flopenr_pv4_43' has no pins
//  Warning: Net 'rtlcClkX' in module 'msrv_soc_tlbcamline_44' has no pins
//  Warning: Net 'rtlcXXX' in module 'msrv_soc_tlbcamline_44' has no pins
//  Warning: Net 'rtlcClkX' in module 'msrv_soc_flopenr_pv2_44' has no pins
//  Warning: Net 'rtlcXXX' in module 'msrv_soc_flopenr_pv2_44' has no pins
//  Warning: Net 'rtlcClkX' in module 'msrv_soc_flopenr_pv3_46' has no pins
//  Warning: Net 'rtlcXXX' in module 'msrv_soc_flopenr_pv3_46' has no pins
//  Warning: Net 'rtlcClkX' in module 'msrv_soc_flopenr_pv4_44' has no pins
//  Warning: Net 'rtlcXXX' in module 'msrv_soc_flopenr_pv4_44' has no pins
//  Warning: Net 'rtlcClkX' in module 'msrv_soc_tlbcamline_45' has no pins
//  Warning: Net 'rtlcXXX' in module 'msrv_soc_tlbcamline_45' has no pins
//  Warning: Net 'rtlcClkX' in module 'msrv_soc_flopenr_pv2_45' has no pins
//  Warning: Net 'rtlcXXX' in module 'msrv_soc_flopenr_pv2_45' has no pins
//  Warning: Net 'rtlcClkX' in module 'msrv_soc_flopenr_pv3_47' has no pins
//  Warning: Net 'rtlcXXX' in module 'msrv_soc_flopenr_pv3_47' has no pins
//  Warning: Net 'rtlcClkX' in module 'msrv_soc_flopenr_pv4_45' has no pins
//  Warning: Net 'rtlcXXX' in module 'msrv_soc_flopenr_pv4_45' has no pins
//  Warning: Net 'rtlcClkX' in module 'msrv_soc_tlbcamline_46' has no pins
//  Warning: Net 'rtlcXXX' in module 'msrv_soc_tlbcamline_46' has no pins
//  Warning: Net 'rtlcClkX' in module 'msrv_soc_flopenr_pv2_46' has no pins
//  Warning: Net 'rtlcXXX' in module 'msrv_soc_flopenr_pv2_46' has no pins
//  Warning: Net 'rtlcClkX' in module 'msrv_soc_flopenr_pv3_48' has no pins
//  Warning: Net 'rtlcXXX' in module 'msrv_soc_flopenr_pv3_48' has no pins
//  Warning: Net 'rtlcClkX' in module 'msrv_soc_flopenr_pv4_46' has no pins
//  Warning: Net 'rtlcXXX' in module 'msrv_soc_flopenr_pv4_46' has no pins
//  Warning: Net 'rtlcClkX' in module 'msrv_soc_tlbcamline_47' has no pins
//  Warning: Net 'rtlcXXX' in module 'msrv_soc_tlbcamline_47' has no pins
//  Warning: Net 'rtlcClkX' in module 'msrv_soc_flopenr_pv2_47' has no pins
//  Warning: Net 'rtlcXXX' in module 'msrv_soc_flopenr_pv2_47' has no pins
//  Warning: Net 'rtlcClkX' in module 'msrv_soc_flopenr_pv3_49' has no pins
//  Warning: Net 'rtlcXXX' in module 'msrv_soc_flopenr_pv3_49' has no pins
//  Warning: Net 'rtlcClkX' in module 'msrv_soc_flopenr_pv4_47' has no pins
//  Warning: Net 'rtlcXXX' in module 'msrv_soc_flopenr_pv4_47' has no pins
//  Warning: Net 'rtlcClkX' in module 'msrv_soc_tlbcamline_48' has no pins
//  Warning: Net 'rtlcXXX' in module 'msrv_soc_tlbcamline_48' has no pins
//  Warning: Net 'rtlcClkX' in module 'msrv_soc_flopenr_pv2_48' has no pins
//  Warning: Net 'rtlcXXX' in module 'msrv_soc_flopenr_pv2_48' has no pins
//  Warning: Net 'rtlcClkX' in module 'msrv_soc_flopenr_pv3_50' has no pins
//  Warning: Net 'rtlcXXX' in module 'msrv_soc_flopenr_pv3_50' has no pins
//  Warning: Net 'rtlcClkX' in module 'msrv_soc_flopenr_pv4_48' has no pins
//  Warning: Net 'rtlcXXX' in module 'msrv_soc_flopenr_pv4_48' has no pins
//  Warning: Net 'rtlcClkX' in module 'msrv_soc_tlbcamline_49' has no pins
//  Warning: Net 'rtlcXXX' in module 'msrv_soc_tlbcamline_49' has no pins
//  Warning: Net 'rtlcClkX' in module 'msrv_soc_flopenr_pv2_49' has no pins
//  Warning: Net 'rtlcXXX' in module 'msrv_soc_flopenr_pv2_49' has no pins
//  Warning: Net 'rtlcClkX' in module 'msrv_soc_flopenr_pv3_51' has no pins
//  Warning: Net 'rtlcXXX' in module 'msrv_soc_flopenr_pv3_51' has no pins
//  Warning: Net 'rtlcClkX' in module 'msrv_soc_flopenr_pv4_49' has no pins
//  Warning: Net 'rtlcXXX' in module 'msrv_soc_flopenr_pv4_49' has no pins
//  Warning: Net 'rtlcClkX' in module 'msrv_soc_tlbcamline_50' has no pins
//  Warning: Net 'rtlcXXX' in module 'msrv_soc_tlbcamline_50' has no pins
//  Warning: Net 'rtlcClkX' in module 'msrv_soc_flopenr_pv2_50' has no pins
//  Warning: Net 'rtlcXXX' in module 'msrv_soc_flopenr_pv2_50' has no pins
//  Warning: Net 'rtlcClkX' in module 'msrv_soc_flopenr_pv3_52' has no pins
//  Warning: Net 'rtlcXXX' in module 'msrv_soc_flopenr_pv3_52' has no pins
//  Warning: Net 'rtlcClkX' in module 'msrv_soc_flopenr_pv4_50' has no pins
//  Warning: Net 'rtlcXXX' in module 'msrv_soc_flopenr_pv4_50' has no pins
//  Warning: Net 'rtlcClkX' in module 'msrv_soc_tlbcamline_51' has no pins
//  Warning: Net 'rtlcXXX' in module 'msrv_soc_tlbcamline_51' has no pins
//  Warning: Net 'rtlcClkX' in module 'msrv_soc_flopenr_pv2_51' has no pins
//  Warning: Net 'rtlcXXX' in module 'msrv_soc_flopenr_pv2_51' has no pins
//  Warning: Net 'rtlcClkX' in module 'msrv_soc_flopenr_pv3_53' has no pins
//  Warning: Net 'rtlcXXX' in module 'msrv_soc_flopenr_pv3_53' has no pins
//  Warning: Net 'rtlcClkX' in module 'msrv_soc_flopenr_pv4_51' has no pins
//  Warning: Net 'rtlcXXX' in module 'msrv_soc_flopenr_pv4_51' has no pins
//  Warning: Net 'rtlcClkX' in module 'msrv_soc_tlbcamline_52' has no pins
//  Warning: Net 'rtlcXXX' in module 'msrv_soc_tlbcamline_52' has no pins
//  Warning: Net 'rtlcClkX' in module 'msrv_soc_flopenr_pv2_52' has no pins
//  Warning: Net 'rtlcXXX' in module 'msrv_soc_flopenr_pv2_52' has no pins
//  Warning: Net 'rtlcClkX' in module 'msrv_soc_flopenr_pv3_54' has no pins
//  Warning: Net 'rtlcXXX' in module 'msrv_soc_flopenr_pv3_54' has no pins
//  Warning: Net 'rtlcClkX' in module 'msrv_soc_flopenr_pv4_52' has no pins
//  Warning: Net 'rtlcXXX' in module 'msrv_soc_flopenr_pv4_52' has no pins
//  Warning: Net 'rtlcClkX' in module 'msrv_soc_tlbcamline_53' has no pins
//  Warning: Net 'rtlcXXX' in module 'msrv_soc_tlbcamline_53' has no pins
//  Warning: Net 'rtlcClkX' in module 'msrv_soc_flopenr_pv2_53' has no pins
//  Warning: Net 'rtlcXXX' in module 'msrv_soc_flopenr_pv2_53' has no pins
//  Warning: Net 'rtlcClkX' in module 'msrv_soc_flopenr_pv3_55' has no pins
//  Warning: Net 'rtlcXXX' in module 'msrv_soc_flopenr_pv3_55' has no pins
//  Warning: Net 'rtlcClkX' in module 'msrv_soc_flopenr_pv4_53' has no pins
//  Warning: Net 'rtlcXXX' in module 'msrv_soc_flopenr_pv4_53' has no pins
//  Warning: Net 'rtlcClkX' in module 'msrv_soc_tlbcamline_54' has no pins
//  Warning: Net 'rtlcXXX' in module 'msrv_soc_tlbcamline_54' has no pins
//  Warning: Net 'rtlcClkX' in module 'msrv_soc_flopenr_pv2_54' has no pins
//  Warning: Net 'rtlcXXX' in module 'msrv_soc_flopenr_pv2_54' has no pins
//  Warning: Net 'rtlcClkX' in module 'msrv_soc_flopenr_pv3_56' has no pins
//  Warning: Net 'rtlcXXX' in module 'msrv_soc_flopenr_pv3_56' has no pins
//  Warning: Net 'rtlcClkX' in module 'msrv_soc_flopenr_pv4_54' has no pins
//  Warning: Net 'rtlcXXX' in module 'msrv_soc_flopenr_pv4_54' has no pins
//  Warning: Net 'rtlcClkX' in module 'msrv_soc_tlbcamline_55' has no pins
//  Warning: Net 'rtlcXXX' in module 'msrv_soc_tlbcamline_55' has no pins
//  Warning: Net 'rtlcClkX' in module 'msrv_soc_flopenr_pv2_55' has no pins
//  Warning: Net 'rtlcXXX' in module 'msrv_soc_flopenr_pv2_55' has no pins
//  Warning: Net 'rtlcClkX' in module 'msrv_soc_flopenr_pv3_57' has no pins
//  Warning: Net 'rtlcXXX' in module 'msrv_soc_flopenr_pv3_57' has no pins
//  Warning: Net 'rtlcClkX' in module 'msrv_soc_flopenr_pv4_55' has no pins
//  Warning: Net 'rtlcXXX' in module 'msrv_soc_flopenr_pv4_55' has no pins
//  Warning: Net 'rtlcClkX' in module 'msrv_soc_tlbcamline_56' has no pins
//  Warning: Net 'rtlcXXX' in module 'msrv_soc_tlbcamline_56' has no pins
//  Warning: Net 'rtlcClkX' in module 'msrv_soc_flopenr_pv2_56' has no pins
//  Warning: Net 'rtlcXXX' in module 'msrv_soc_flopenr_pv2_56' has no pins
//  Warning: Net 'rtlcClkX' in module 'msrv_soc_flopenr_pv3_58' has no pins
//  Warning: Net 'rtlcXXX' in module 'msrv_soc_flopenr_pv3_58' has no pins
//  Warning: Net 'rtlcClkX' in module 'msrv_soc_flopenr_pv4_56' has no pins
//  Warning: Net 'rtlcXXX' in module 'msrv_soc_flopenr_pv4_56' has no pins
//  Warning: Net 'rtlcClkX' in module 'msrv_soc_tlbcamline_57' has no pins
//  Warning: Net 'rtlcXXX' in module 'msrv_soc_tlbcamline_57' has no pins
//  Warning: Net 'rtlcClkX' in module 'msrv_soc_flopenr_pv2_57' has no pins
//  Warning: Net 'rtlcXXX' in module 'msrv_soc_flopenr_pv2_57' has no pins
//  Warning: Net 'rtlcClkX' in module 'msrv_soc_flopenr_pv3_59' has no pins
//  Warning: Net 'rtlcXXX' in module 'msrv_soc_flopenr_pv3_59' has no pins
//  Warning: Net 'rtlcClkX' in module 'msrv_soc_flopenr_pv4_57' has no pins
//  Warning: Net 'rtlcXXX' in module 'msrv_soc_flopenr_pv4_57' has no pins
//  Warning: Net 'rtlcClkX' in module 'msrv_soc_tlbcamline_58' has no pins
//  Warning: Net 'rtlcXXX' in module 'msrv_soc_tlbcamline_58' has no pins
//  Warning: Net 'rtlcClkX' in module 'msrv_soc_flopenr_pv2_58' has no pins
//  Warning: Net 'rtlcXXX' in module 'msrv_soc_flopenr_pv2_58' has no pins
//  Warning: Net 'rtlcClkX' in module 'msrv_soc_flopenr_pv3_60' has no pins
//  Warning: Net 'rtlcXXX' in module 'msrv_soc_flopenr_pv3_60' has no pins
//  Warning: Net 'rtlcClkX' in module 'msrv_soc_flopenr_pv4_58' has no pins
//  Warning: Net 'rtlcXXX' in module 'msrv_soc_flopenr_pv4_58' has no pins
//  Warning: Net 'rtlcClkX' in module 'msrv_soc_tlbcamline_59' has no pins
//  Warning: Net 'rtlcXXX' in module 'msrv_soc_tlbcamline_59' has no pins
//  Warning: Net 'rtlcClkX' in module 'msrv_soc_flopenr_pv2_59' has no pins
//  Warning: Net 'rtlcXXX' in module 'msrv_soc_flopenr_pv2_59' has no pins
//  Warning: Net 'rtlcClkX' in module 'msrv_soc_flopenr_pv3_61' has no pins
//  Warning: Net 'rtlcXXX' in module 'msrv_soc_flopenr_pv3_61' has no pins
//  Warning: Net 'rtlcClkX' in module 'msrv_soc_flopenr_pv4_59' has no pins
//  Warning: Net 'rtlcXXX' in module 'msrv_soc_flopenr_pv4_59' has no pins
//  Warning: Net 'rtlcClkX' in module 'msrv_soc_tlbcamline_60' has no pins
//  Warning: Net 'rtlcXXX' in module 'msrv_soc_tlbcamline_60' has no pins
//  Warning: Net 'rtlcClkX' in module 'msrv_soc_flopenr_pv2_60' has no pins
//  Warning: Net 'rtlcXXX' in module 'msrv_soc_flopenr_pv2_60' has no pins
//  Warning: Net 'rtlcClkX' in module 'msrv_soc_flopenr_pv3_62' has no pins
//  Warning: Net 'rtlcXXX' in module 'msrv_soc_flopenr_pv3_62' has no pins
//  Warning: Net 'rtlcClkX' in module 'msrv_soc_flopenr_pv4_60' has no pins
//  Warning: Net 'rtlcXXX' in module 'msrv_soc_flopenr_pv4_60' has no pins
//  Warning: Net 'rtlcClkX' in module 'msrv_soc_tlbcamline_61' has no pins
//  Warning: Net 'rtlcXXX' in module 'msrv_soc_tlbcamline_61' has no pins
//  Warning: Net 'rtlcClkX' in module 'msrv_soc_flopenr_pv2_61' has no pins
//  Warning: Net 'rtlcXXX' in module 'msrv_soc_flopenr_pv2_61' has no pins
//  Warning: Net 'rtlcClkX' in module 'msrv_soc_flopenr_pv3_63' has no pins
//  Warning: Net 'rtlcXXX' in module 'msrv_soc_flopenr_pv3_63' has no pins
//  Warning: Net 'rtlcClkX' in module 'msrv_soc_flopenr_pv4_61' has no pins
//  Warning: Net 'rtlcXXX' in module 'msrv_soc_flopenr_pv4_61' has no pins
//  Warning: Net 'rtlcClkX' in module 'msrv_soc_tlbcamline_62' has no pins
//  Warning: Net 'rtlcXXX' in module 'msrv_soc_tlbcamline_62' has no pins
//  Warning: Net 'rtlcClkX' in module 'msrv_soc_flopenr_pv2_62' has no pins
//  Warning: Net 'rtlcXXX' in module 'msrv_soc_flopenr_pv2_62' has no pins
//  Warning: Net 'rtlcClkX' in module 'msrv_soc_flopenr_pv3_64' has no pins
//  Warning: Net 'rtlcXXX' in module 'msrv_soc_flopenr_pv3_64' has no pins
//  Warning: Net 'rtlcClkX' in module 'msrv_soc_flopenr_pv4_62' has no pins
//  Warning: Net 'rtlcXXX' in module 'msrv_soc_flopenr_pv4_62' has no pins
//  Warning: Net 'rtlcClkX' in module 'msrv_soc_tlbcamline_63' has no pins
//  Warning: Net 'rtlcXXX' in module 'msrv_soc_tlbcamline_63' has no pins
//  Warning: Net 'rtlcClkX' in module 'msrv_soc_flopenr_pv2_63' has no pins
//  Warning: Net 'rtlcXXX' in module 'msrv_soc_flopenr_pv2_63' has no pins
//  Warning: Net 'rtlcClkX' in module 'msrv_soc_flopenr_pv3_65' has no pins
//  Warning: Net 'rtlcXXX' in module 'msrv_soc_flopenr_pv3_65' has no pins
//  Warning: Net 'rtlcClkX' in module 'msrv_soc_flopenr_pv4_63' has no pins
//  Warning: Net 'rtlcXXX' in module 'msrv_soc_flopenr_pv4_63' has no pins
//  Warning: Net 'rtlcClkX' in module 'msrv_soc_tlbcamline' has no pins
//  Warning: Net 'rtlcXXX' in module 'msrv_soc_tlbcamline' has no pins
//  Warning: Net 'rtlcClkX' in module 'msrv_soc_flopenr_pv2' has no pins
//  Warning: Net 'rtlcXXX' in module 'msrv_soc_flopenr_pv2' has no pins
//  Warning: Net 'rtlcClkX' in module 'msrv_soc_flopenr_pv3_66' has no pins
//  Warning: Net 'rtlcXXX' in module 'msrv_soc_flopenr_pv3_66' has no pins
//  Warning: Net 'rtlcClkX' in module 'msrv_soc_flopenr_pv4' has no pins
//  Warning: Net 'rtlcXXX' in module 'msrv_soc_flopenr_pv4' has no pins
//  Warning: Net 'rtlcClkX' in module 'msrv_soc_tlbram' has no pins
//  Warning: Net 'rtlcXXX' in module 'msrv_soc_tlbram' has no pins
//  Warning: Net '\genblk1.ptereg [0]' in module 'msrv_soc_tlbramline_33' has no pins
//  Warning: Net 'rtlcClkX' in module 'msrv_soc_tlbramline_33' has no pins
//  Warning: Net 'rtlcXXX' in module 'msrv_soc_tlbramline_33' has no pins
//  Warning: Net 'rtlcClkX' in module 'msrv_soc_flopenr_pv5_33' has no pins
//  Warning: Net 'rtlcXXX' in module 'msrv_soc_flopenr_pv5_33' has no pins
//  Warning: Net '\genblk1.ptereg [0]' in module 'msrv_soc_tlbramline_34' has no pins
//  Warning: Net 'rtlcClkX' in module 'msrv_soc_tlbramline_34' has no pins
//  Warning: Net 'rtlcXXX' in module 'msrv_soc_tlbramline_34' has no pins
//  Warning: Net 'rtlcClkX' in module 'msrv_soc_flopenr_pv5_34' has no pins
//  Warning: Net 'rtlcXXX' in module 'msrv_soc_flopenr_pv5_34' has no pins
//  Warning: Net '\genblk1.ptereg [0]' in module 'msrv_soc_tlbramline_35' has no pins
//  Warning: Net 'rtlcClkX' in module 'msrv_soc_tlbramline_35' has no pins
//  Warning: Net 'rtlcXXX' in module 'msrv_soc_tlbramline_35' has no pins
//  Warning: Net 'rtlcClkX' in module 'msrv_soc_flopenr_pv5_35' has no pins
//  Warning: Net 'rtlcXXX' in module 'msrv_soc_flopenr_pv5_35' has no pins
//  Warning: Net '\genblk1.ptereg [0]' in module 'msrv_soc_tlbramline_36' has no pins
//  Warning: Net 'rtlcClkX' in module 'msrv_soc_tlbramline_36' has no pins
//  Warning: Net 'rtlcXXX' in module 'msrv_soc_tlbramline_36' has no pins
//  Warning: Net 'rtlcClkX' in module 'msrv_soc_flopenr_pv5_36' has no pins
//  Warning: Net 'rtlcXXX' in module 'msrv_soc_flopenr_pv5_36' has no pins
//  Warning: Net '\genblk1.ptereg [0]' in module 'msrv_soc_tlbramline_37' has no pins
//  Warning: Net 'rtlcClkX' in module 'msrv_soc_tlbramline_37' has no pins
//  Warning: Net 'rtlcXXX' in module 'msrv_soc_tlbramline_37' has no pins
//  Warning: Net 'rtlcClkX' in module 'msrv_soc_flopenr_pv5_37' has no pins
//  Warning: Net 'rtlcXXX' in module 'msrv_soc_flopenr_pv5_37' has no pins
//  Warning: Net '\genblk1.ptereg [0]' in module 'msrv_soc_tlbramline_38' has no pins
//  Warning: Net 'rtlcClkX' in module 'msrv_soc_tlbramline_38' has no pins
//  Warning: Net 'rtlcXXX' in module 'msrv_soc_tlbramline_38' has no pins
//  Warning: Net 'rtlcClkX' in module 'msrv_soc_flopenr_pv5_38' has no pins
//  Warning: Net 'rtlcXXX' in module 'msrv_soc_flopenr_pv5_38' has no pins
//  Warning: Net '\genblk1.ptereg [0]' in module 'msrv_soc_tlbramline_39' has no pins
//  Warning: Net 'rtlcClkX' in module 'msrv_soc_tlbramline_39' has no pins
//  Warning: Net 'rtlcXXX' in module 'msrv_soc_tlbramline_39' has no pins
//  Warning: Net 'rtlcClkX' in module 'msrv_soc_flopenr_pv5_39' has no pins
//  Warning: Net 'rtlcXXX' in module 'msrv_soc_flopenr_pv5_39' has no pins
//  Warning: Net '\genblk1.ptereg [0]' in module 'msrv_soc_tlbramline_40' has no pins
//  Warning: Net 'rtlcClkX' in module 'msrv_soc_tlbramline_40' has no pins
//  Warning: Net 'rtlcXXX' in module 'msrv_soc_tlbramline_40' has no pins
//  Warning: Net 'rtlcClkX' in module 'msrv_soc_flopenr_pv5_40' has no pins
//  Warning: Net 'rtlcXXX' in module 'msrv_soc_flopenr_pv5_40' has no pins
//  Warning: Net '\genblk1.ptereg [0]' in module 'msrv_soc_tlbramline_41' has no pins
//  Warning: Net 'rtlcClkX' in module 'msrv_soc_tlbramline_41' has no pins
//  Warning: Net 'rtlcXXX' in module 'msrv_soc_tlbramline_41' has no pins
//  Warning: Net 'rtlcClkX' in module 'msrv_soc_flopenr_pv5_41' has no pins
//  Warning: Net 'rtlcXXX' in module 'msrv_soc_flopenr_pv5_41' has no pins
//  Warning: Net '\genblk1.ptereg [0]' in module 'msrv_soc_tlbramline_42' has no pins
//  Warning: Net 'rtlcClkX' in module 'msrv_soc_tlbramline_42' has no pins
//  Warning: Net 'rtlcXXX' in module 'msrv_soc_tlbramline_42' has no pins
//  Warning: Net 'rtlcClkX' in module 'msrv_soc_flopenr_pv5_42' has no pins
//  Warning: Net 'rtlcXXX' in module 'msrv_soc_flopenr_pv5_42' has no pins
//  Warning: Net '\genblk1.ptereg [0]' in module 'msrv_soc_tlbramline_43' has no pins
//  Warning: Net 'rtlcClkX' in module 'msrv_soc_tlbramline_43' has no pins
//  Warning: Net 'rtlcXXX' in module 'msrv_soc_tlbramline_43' has no pins
//  Warning: Net 'rtlcClkX' in module 'msrv_soc_flopenr_pv5_43' has no pins
//  Warning: Net 'rtlcXXX' in module 'msrv_soc_flopenr_pv5_43' has no pins
//  Warning: Net '\genblk1.ptereg [0]' in module 'msrv_soc_tlbramline_44' has no pins
//  Warning: Net 'rtlcClkX' in module 'msrv_soc_tlbramline_44' has no pins
//  Warning: Net 'rtlcXXX' in module 'msrv_soc_tlbramline_44' has no pins
//  Warning: Net 'rtlcClkX' in module 'msrv_soc_flopenr_pv5_44' has no pins
//  Warning: Net 'rtlcXXX' in module 'msrv_soc_flopenr_pv5_44' has no pins
//  Warning: Net '\genblk1.ptereg [0]' in module 'msrv_soc_tlbramline_45' has no pins
//  Warning: Net 'rtlcClkX' in module 'msrv_soc_tlbramline_45' has no pins
//  Warning: Net 'rtlcXXX' in module 'msrv_soc_tlbramline_45' has no pins
//  Warning: Net 'rtlcClkX' in module 'msrv_soc_flopenr_pv5_45' has no pins
//  Warning: Net 'rtlcXXX' in module 'msrv_soc_flopenr_pv5_45' has no pins
//  Warning: Net '\genblk1.ptereg [0]' in module 'msrv_soc_tlbramline_46' has no pins
//  Warning: Net 'rtlcClkX' in module 'msrv_soc_tlbramline_46' has no pins
//  Warning: Net 'rtlcXXX' in module 'msrv_soc_tlbramline_46' has no pins
//  Warning: Net 'rtlcClkX' in module 'msrv_soc_flopenr_pv5_46' has no pins
//  Warning: Net 'rtlcXXX' in module 'msrv_soc_flopenr_pv5_46' has no pins
//  Warning: Net '\genblk1.ptereg [0]' in module 'msrv_soc_tlbramline_47' has no pins
//  Warning: Net 'rtlcClkX' in module 'msrv_soc_tlbramline_47' has no pins
//  Warning: Net 'rtlcXXX' in module 'msrv_soc_tlbramline_47' has no pins
//  Warning: Net 'rtlcClkX' in module 'msrv_soc_flopenr_pv5_47' has no pins
//  Warning: Net 'rtlcXXX' in module 'msrv_soc_flopenr_pv5_47' has no pins
//  Warning: Net '\genblk1.ptereg [0]' in module 'msrv_soc_tlbramline_48' has no pins
//  Warning: Net 'rtlcClkX' in module 'msrv_soc_tlbramline_48' has no pins
//  Warning: Net 'rtlcXXX' in module 'msrv_soc_tlbramline_48' has no pins
//  Warning: Net 'rtlcClkX' in module 'msrv_soc_flopenr_pv5_48' has no pins
//  Warning: Net 'rtlcXXX' in module 'msrv_soc_flopenr_pv5_48' has no pins
//  Warning: Net '\genblk1.ptereg [0]' in module 'msrv_soc_tlbramline_49' has no pins
//  Warning: Net 'rtlcClkX' in module 'msrv_soc_tlbramline_49' has no pins
//  Warning: Net 'rtlcXXX' in module 'msrv_soc_tlbramline_49' has no pins
//  Warning: Net 'rtlcClkX' in module 'msrv_soc_flopenr_pv5_49' has no pins
//  Warning: Net 'rtlcXXX' in module 'msrv_soc_flopenr_pv5_49' has no pins
//  Warning: Net '\genblk1.ptereg [0]' in module 'msrv_soc_tlbramline_50' has no pins
//  Warning: Net 'rtlcClkX' in module 'msrv_soc_tlbramline_50' has no pins
//  Warning: Net 'rtlcXXX' in module 'msrv_soc_tlbramline_50' has no pins
//  Warning: Net 'rtlcClkX' in module 'msrv_soc_flopenr_pv5_50' has no pins
//  Warning: Net 'rtlcXXX' in module 'msrv_soc_flopenr_pv5_50' has no pins
//  Warning: Net '\genblk1.ptereg [0]' in module 'msrv_soc_tlbramline_51' has no pins
//  Warning: Net 'rtlcClkX' in module 'msrv_soc_tlbramline_51' has no pins
//  Warning: Net 'rtlcXXX' in module 'msrv_soc_tlbramline_51' has no pins
//  Warning: Net 'rtlcClkX' in module 'msrv_soc_flopenr_pv5_51' has no pins
//  Warning: Net 'rtlcXXX' in module 'msrv_soc_flopenr_pv5_51' has no pins
//  Warning: Net '\genblk1.ptereg [0]' in module 'msrv_soc_tlbramline_52' has no pins
//  Warning: Net 'rtlcClkX' in module 'msrv_soc_tlbramline_52' has no pins
//  Warning: Net 'rtlcXXX' in module 'msrv_soc_tlbramline_52' has no pins
//  Warning: Net 'rtlcClkX' in module 'msrv_soc_flopenr_pv5_52' has no pins
//  Warning: Net 'rtlcXXX' in module 'msrv_soc_flopenr_pv5_52' has no pins
//  Warning: Net '\genblk1.ptereg [0]' in module 'msrv_soc_tlbramline_53' has no pins
//  Warning: Net 'rtlcClkX' in module 'msrv_soc_tlbramline_53' has no pins
//  Warning: Net 'rtlcXXX' in module 'msrv_soc_tlbramline_53' has no pins
//  Warning: Net 'rtlcClkX' in module 'msrv_soc_flopenr_pv5_53' has no pins
//  Warning: Net 'rtlcXXX' in module 'msrv_soc_flopenr_pv5_53' has no pins
//  Warning: Net '\genblk1.ptereg [0]' in module 'msrv_soc_tlbramline_54' has no pins
//  Warning: Net 'rtlcClkX' in module 'msrv_soc_tlbramline_54' has no pins
//  Warning: Net 'rtlcXXX' in module 'msrv_soc_tlbramline_54' has no pins
//  Warning: Net 'rtlcClkX' in module 'msrv_soc_flopenr_pv5_54' has no pins
//  Warning: Net 'rtlcXXX' in module 'msrv_soc_flopenr_pv5_54' has no pins
//  Warning: Net '\genblk1.ptereg [0]' in module 'msrv_soc_tlbramline_55' has no pins
//  Warning: Net 'rtlcClkX' in module 'msrv_soc_tlbramline_55' has no pins
//  Warning: Net 'rtlcXXX' in module 'msrv_soc_tlbramline_55' has no pins
//  Warning: Net 'rtlcClkX' in module 'msrv_soc_flopenr_pv5_55' has no pins
//  Warning: Net 'rtlcXXX' in module 'msrv_soc_flopenr_pv5_55' has no pins
//  Warning: Net '\genblk1.ptereg [0]' in module 'msrv_soc_tlbramline_56' has no pins
//  Warning: Net 'rtlcClkX' in module 'msrv_soc_tlbramline_56' has no pins
//  Warning: Net 'rtlcXXX' in module 'msrv_soc_tlbramline_56' has no pins
//  Warning: Net 'rtlcClkX' in module 'msrv_soc_flopenr_pv5_56' has no pins
//  Warning: Net 'rtlcXXX' in module 'msrv_soc_flopenr_pv5_56' has no pins
//  Warning: Net '\genblk1.ptereg [0]' in module 'msrv_soc_tlbramline_57' has no pins
//  Warning: Net 'rtlcClkX' in module 'msrv_soc_tlbramline_57' has no pins
//  Warning: Net 'rtlcXXX' in module 'msrv_soc_tlbramline_57' has no pins
//  Warning: Net 'rtlcClkX' in module 'msrv_soc_flopenr_pv5_57' has no pins
//  Warning: Net 'rtlcXXX' in module 'msrv_soc_flopenr_pv5_57' has no pins
//  Warning: Net '\genblk1.ptereg [0]' in module 'msrv_soc_tlbramline_58' has no pins
//  Warning: Net 'rtlcClkX' in module 'msrv_soc_tlbramline_58' has no pins
//  Warning: Net 'rtlcXXX' in module 'msrv_soc_tlbramline_58' has no pins
//  Warning: Net 'rtlcClkX' in module 'msrv_soc_flopenr_pv5_58' has no pins
//  Warning: Net 'rtlcXXX' in module 'msrv_soc_flopenr_pv5_58' has no pins
//  Warning: Net '\genblk1.ptereg [0]' in module 'msrv_soc_tlbramline_59' has no pins
//  Warning: Net 'rtlcClkX' in module 'msrv_soc_tlbramline_59' has no pins
//  Warning: Net 'rtlcXXX' in module 'msrv_soc_tlbramline_59' has no pins
//  Warning: Net 'rtlcClkX' in module 'msrv_soc_flopenr_pv5_59' has no pins
//  Warning: Net 'rtlcXXX' in module 'msrv_soc_flopenr_pv5_59' has no pins
//  Warning: Net '\genblk1.ptereg [0]' in module 'msrv_soc_tlbramline_60' has no pins
//  Warning: Net 'rtlcClkX' in module 'msrv_soc_tlbramline_60' has no pins
//  Warning: Net 'rtlcXXX' in module 'msrv_soc_tlbramline_60' has no pins
//  Warning: Net 'rtlcClkX' in module 'msrv_soc_flopenr_pv5_60' has no pins
//  Warning: Net 'rtlcXXX' in module 'msrv_soc_flopenr_pv5_60' has no pins
//  Warning: Net '\genblk1.ptereg [0]' in module 'msrv_soc_tlbramline_61' has no pins
//  Warning: Net 'rtlcClkX' in module 'msrv_soc_tlbramline_61' has no pins
//  Warning: Net 'rtlcXXX' in module 'msrv_soc_tlbramline_61' has no pins
//  Warning: Net 'rtlcClkX' in module 'msrv_soc_flopenr_pv5_61' has no pins
//  Warning: Net 'rtlcXXX' in module 'msrv_soc_flopenr_pv5_61' has no pins
//  Warning: Net '\genblk1.ptereg [0]' in module 'msrv_soc_tlbramline_62' has no pins
//  Warning: Net 'rtlcClkX' in module 'msrv_soc_tlbramline_62' has no pins
//  Warning: Net 'rtlcXXX' in module 'msrv_soc_tlbramline_62' has no pins
//  Warning: Net 'rtlcClkX' in module 'msrv_soc_flopenr_pv5_62' has no pins
//  Warning: Net 'rtlcXXX' in module 'msrv_soc_flopenr_pv5_62' has no pins
//  Warning: Net '\genblk1.ptereg [0]' in module 'msrv_soc_tlbramline_63' has no pins
//  Warning: Net 'rtlcClkX' in module 'msrv_soc_tlbramline_63' has no pins
//  Warning: Net 'rtlcXXX' in module 'msrv_soc_tlbramline_63' has no pins
//  Warning: Net 'rtlcClkX' in module 'msrv_soc_flopenr_pv5_63' has no pins
//  Warning: Net 'rtlcXXX' in module 'msrv_soc_flopenr_pv5_63' has no pins
//  Warning: Net '\genblk1.ptereg [0]' in module 'msrv_soc_tlbramline' has no pins
//  Warning: Net 'rtlcClkX' in module 'msrv_soc_tlbramline' has no pins
//  Warning: Net 'rtlcXXX' in module 'msrv_soc_tlbramline' has no pins
//  Warning: Net 'rtlcClkX' in module 'msrv_soc_flopenr_pv5' has no pins
//  Warning: Net 'rtlcXXX' in module 'msrv_soc_flopenr_pv5' has no pins
//  Warning: Net '\fetchbuffer[0].CaptureBeat [7]' in module 'msrv_soc_ahbcacheinterface_pv1' has no pins
//  Warning: Net '\fetchbuffer[0].CaptureBeat [6]' in module 'msrv_soc_ahbcacheinterface_pv1' has no pins
//  Warning: Net '\fetchbuffer[0].CaptureBeat [5]' in module 'msrv_soc_ahbcacheinterface_pv1' has no pins
//  Warning: Net '\fetchbuffer[0].CaptureBeat [4]' in module 'msrv_soc_ahbcacheinterface_pv1' has no pins
//  Warning: Net '\fetchbuffer[0].CaptureBeat [3]' in module 'msrv_soc_ahbcacheinterface_pv1' has no pins
//  Warning: Net '\fetchbuffer[0].CaptureBeat [2]' in module 'msrv_soc_ahbcacheinterface_pv1' has no pins
//  Warning: Net '\fetchbuffer[0].CaptureBeat [1]' in module 'msrv_soc_ahbcacheinterface_pv1' has no pins
//  Warning: Net '\fetchbuffer[1].CaptureBeat [7]' in module 'msrv_soc_ahbcacheinterface_pv1' has no pins
//  Warning: Net '\fetchbuffer[1].CaptureBeat [6]' in module 'msrv_soc_ahbcacheinterface_pv1' has no pins
//  Warning: Net '\fetchbuffer[1].CaptureBeat [5]' in module 'msrv_soc_ahbcacheinterface_pv1' has no pins
//  Warning: Net '\fetchbuffer[1].CaptureBeat [4]' in module 'msrv_soc_ahbcacheinterface_pv1' has no pins
//  Warning: Net '\fetchbuffer[1].CaptureBeat [3]' in module 'msrv_soc_ahbcacheinterface_pv1' has no pins
//  Warning: Net '\fetchbuffer[1].CaptureBeat [2]' in module 'msrv_soc_ahbcacheinterface_pv1' has no pins
//  Warning: Net '\fetchbuffer[1].CaptureBeat [0]' in module 'msrv_soc_ahbcacheinterface_pv1' has no pins
//  Warning: Net '\fetchbuffer[2].CaptureBeat [7]' in module 'msrv_soc_ahbcacheinterface_pv1' has no pins
//  Warning: Net '\fetchbuffer[2].CaptureBeat [6]' in module 'msrv_soc_ahbcacheinterface_pv1' has no pins
//  Warning: Net '\fetchbuffer[2].CaptureBeat [5]' in module 'msrv_soc_ahbcacheinterface_pv1' has no pins
//  Warning: Net '\fetchbuffer[2].CaptureBeat [4]' in module 'msrv_soc_ahbcacheinterface_pv1' has no pins
//  Warning: Net '\fetchbuffer[2].CaptureBeat [3]' in module 'msrv_soc_ahbcacheinterface_pv1' has no pins
//  Warning: Net '\fetchbuffer[2].CaptureBeat [1]' in module 'msrv_soc_ahbcacheinterface_pv1' has no pins
//  Warning: Net '\fetchbuffer[2].CaptureBeat [0]' in module 'msrv_soc_ahbcacheinterface_pv1' has no pins
//  Warning: Net '\fetchbuffer[3].CaptureBeat [7]' in module 'msrv_soc_ahbcacheinterface_pv1' has no pins
//  Warning: Net '\fetchbuffer[3].CaptureBeat [6]' in module 'msrv_soc_ahbcacheinterface_pv1' has no pins
//  Warning: Net '\fetchbuffer[3].CaptureBeat [5]' in module 'msrv_soc_ahbcacheinterface_pv1' has no pins
//  Warning: Net '\fetchbuffer[3].CaptureBeat [4]' in module 'msrv_soc_ahbcacheinterface_pv1' has no pins
//  Warning: Net '\fetchbuffer[3].CaptureBeat [2]' in module 'msrv_soc_ahbcacheinterface_pv1' has no pins
//  Warning: Net '\fetchbuffer[3].CaptureBeat [1]' in module 'msrv_soc_ahbcacheinterface_pv1' has no pins
//  Warning: Net '\fetchbuffer[3].CaptureBeat [0]' in module 'msrv_soc_ahbcacheinterface_pv1' has no pins
//  Warning: Net '\fetchbuffer[4].CaptureBeat [7]' in module 'msrv_soc_ahbcacheinterface_pv1' has no pins
//  Warning: Net '\fetchbuffer[4].CaptureBeat [6]' in module 'msrv_soc_ahbcacheinterface_pv1' has no pins
//  Warning: Net '\fetchbuffer[4].CaptureBeat [5]' in module 'msrv_soc_ahbcacheinterface_pv1' has no pins
//  Warning: Net '\fetchbuffer[4].CaptureBeat [3]' in module 'msrv_soc_ahbcacheinterface_pv1' has no pins
//  Warning: Net '\fetchbuffer[4].CaptureBeat [2]' in module 'msrv_soc_ahbcacheinterface_pv1' has no pins
//  Warning: Net '\fetchbuffer[4].CaptureBeat [1]' in module 'msrv_soc_ahbcacheinterface_pv1' has no pins
//  Warning: Net '\fetchbuffer[4].CaptureBeat [0]' in module 'msrv_soc_ahbcacheinterface_pv1' has no pins
//  Warning: Net '\fetchbuffer[5].CaptureBeat [7]' in module 'msrv_soc_ahbcacheinterface_pv1' has no pins
//  Warning: Net '\fetchbuffer[5].CaptureBeat [6]' in module 'msrv_soc_ahbcacheinterface_pv1' has no pins
//  Warning: Net '\fetchbuffer[5].CaptureBeat [4]' in module 'msrv_soc_ahbcacheinterface_pv1' has no pins
//  Warning: Net '\fetchbuffer[5].CaptureBeat [3]' in module 'msrv_soc_ahbcacheinterface_pv1' has no pins
//  Warning: Net '\fetchbuffer[5].CaptureBeat [2]' in module 'msrv_soc_ahbcacheinterface_pv1' has no pins
//  Warning: Net '\fetchbuffer[5].CaptureBeat [1]' in module 'msrv_soc_ahbcacheinterface_pv1' has no pins
//  Warning: Net '\fetchbuffer[5].CaptureBeat [0]' in module 'msrv_soc_ahbcacheinterface_pv1' has no pins
//  Warning: Net '\fetchbuffer[6].CaptureBeat [7]' in module 'msrv_soc_ahbcacheinterface_pv1' has no pins
//  Warning: Net '\fetchbuffer[6].CaptureBeat [5]' in module 'msrv_soc_ahbcacheinterface_pv1' has no pins
//  Warning: Net '\fetchbuffer[6].CaptureBeat [4]' in module 'msrv_soc_ahbcacheinterface_pv1' has no pins
//  Warning: Net '\fetchbuffer[6].CaptureBeat [3]' in module 'msrv_soc_ahbcacheinterface_pv1' has no pins
//  Warning: Net '\fetchbuffer[6].CaptureBeat [2]' in module 'msrv_soc_ahbcacheinterface_pv1' has no pins
//  Warning: Net '\fetchbuffer[6].CaptureBeat [1]' in module 'msrv_soc_ahbcacheinterface_pv1' has no pins
//  Warning: Net '\fetchbuffer[6].CaptureBeat [0]' in module 'msrv_soc_ahbcacheinterface_pv1' has no pins
//  Warning: Net '\fetchbuffer[7].CaptureBeat [6]' in module 'msrv_soc_ahbcacheinterface_pv1' has no pins
//  Warning: Net '\fetchbuffer[7].CaptureBeat [5]' in module 'msrv_soc_ahbcacheinterface_pv1' has no pins
//  Warning: Net '\fetchbuffer[7].CaptureBeat [4]' in module 'msrv_soc_ahbcacheinterface_pv1' has no pins
//  Warning: Net '\fetchbuffer[7].CaptureBeat [3]' in module 'msrv_soc_ahbcacheinterface_pv1' has no pins
//  Warning: Net '\fetchbuffer[7].CaptureBeat [2]' in module 'msrv_soc_ahbcacheinterface_pv1' has no pins
//  Warning: Net '\fetchbuffer[7].CaptureBeat [1]' in module 'msrv_soc_ahbcacheinterface_pv1' has no pins
//  Warning: Net '\fetchbuffer[7].CaptureBeat [0]' in module 'msrv_soc_ahbcacheinterface_pv1' has no pins
//  Warning: Net 'rtlcClkX' in module 'msrv_soc_ahbcacheinterface_pv1' has no pins
//  Warning: Net 'rtlcXXX' in module 'msrv_soc_ahbcacheinterface_pv1' has no pins
//  Warning: Net 'rtlcClkX' in module 'msrv_soc_flopen_12' has no pins
//  Warning: Net 'rtlcXXX' in module 'msrv_soc_flopen_12' has no pins
//  Warning: Net 'rtlc0n142[31]' in module 'msrv_soc_buscachefsm_pv1' has no pins
//  Warning: Net 'rtlc0n142[30]' in module 'msrv_soc_buscachefsm_pv1' has no pins
//  Warning: Net 'rtlc0n142[29]' in module 'msrv_soc_buscachefsm_pv1' has no pins
//  Warning: Net 'rtlc0n142[28]' in module 'msrv_soc_buscachefsm_pv1' has no pins
//  Warning: Net 'rtlc0n142[27]' in module 'msrv_soc_buscachefsm_pv1' has no pins
//  Warning: Net 'rtlc0n142[26]' in module 'msrv_soc_buscachefsm_pv1' has no pins
//  Warning: Net 'rtlc0n142[25]' in module 'msrv_soc_buscachefsm_pv1' has no pins
//  Warning: Net 'rtlc0n142[24]' in module 'msrv_soc_buscachefsm_pv1' has no pins
//  Warning: Net 'rtlc0n142[23]' in module 'msrv_soc_buscachefsm_pv1' has no pins
//  Warning: Net 'rtlc0n142[22]' in module 'msrv_soc_buscachefsm_pv1' has no pins
//  Warning: Net 'rtlc0n142[21]' in module 'msrv_soc_buscachefsm_pv1' has no pins
//  Warning: Net 'rtlc0n142[20]' in module 'msrv_soc_buscachefsm_pv1' has no pins
//  Warning: Net 'rtlc0n142[19]' in module 'msrv_soc_buscachefsm_pv1' has no pins
//  Warning: Net 'rtlc0n142[18]' in module 'msrv_soc_buscachefsm_pv1' has no pins
//  Warning: Net 'rtlc0n142[17]' in module 'msrv_soc_buscachefsm_pv1' has no pins
//  Warning: Net 'rtlc0n142[16]' in module 'msrv_soc_buscachefsm_pv1' has no pins
//  Warning: Net 'rtlc0n142[15]' in module 'msrv_soc_buscachefsm_pv1' has no pins
//  Warning: Net 'rtlc0n142[14]' in module 'msrv_soc_buscachefsm_pv1' has no pins
//  Warning: Net 'rtlc0n142[13]' in module 'msrv_soc_buscachefsm_pv1' has no pins
//  Warning: Net 'rtlc0n142[12]' in module 'msrv_soc_buscachefsm_pv1' has no pins
//  Warning: Net 'rtlc0n142[11]' in module 'msrv_soc_buscachefsm_pv1' has no pins
//  Warning: Net 'rtlc0n142[10]' in module 'msrv_soc_buscachefsm_pv1' has no pins
//  Warning: Net 'rtlc0n142[9]' in module 'msrv_soc_buscachefsm_pv1' has no pins
//  Warning: Net 'rtlc0n142[8]' in module 'msrv_soc_buscachefsm_pv1' has no pins
//  Warning: Net 'rtlc0n142[7]' in module 'msrv_soc_buscachefsm_pv1' has no pins
//  Warning: Net 'rtlc0n142[6]' in module 'msrv_soc_buscachefsm_pv1' has no pins
//  Warning: Net 'rtlc0n142[5]' in module 'msrv_soc_buscachefsm_pv1' has no pins
//  Warning: Net 'rtlc0n142[4]' in module 'msrv_soc_buscachefsm_pv1' has no pins
//  Warning: Net 'rtlc0n142[3]' in module 'msrv_soc_buscachefsm_pv1' has no pins
//  Warning: Net 'rtlc0n142[2]' in module 'msrv_soc_buscachefsm_pv1' has no pins
//  Warning: Net 'rtlc0n142[1]' in module 'msrv_soc_buscachefsm_pv1' has no pins
//  Warning: Net 'rtlc0n145[31]' in module 'msrv_soc_buscachefsm_pv1' has no pins
//  Warning: Net 'rtlc0n145[30]' in module 'msrv_soc_buscachefsm_pv1' has no pins
//  Warning: Net 'rtlc0n145[29]' in module 'msrv_soc_buscachefsm_pv1' has no pins
//  Warning: Net 'rtlc0n145[28]' in module 'msrv_soc_buscachefsm_pv1' has no pins
//  Warning: Net 'rtlc0n145[27]' in module 'msrv_soc_buscachefsm_pv1' has no pins
//  Warning: Net 'rtlc0n145[26]' in module 'msrv_soc_buscachefsm_pv1' has no pins
//  Warning: Net 'rtlc0n145[25]' in module 'msrv_soc_buscachefsm_pv1' has no pins
//  Warning: Net 'rtlc0n145[24]' in module 'msrv_soc_buscachefsm_pv1' has no pins
//  Warning: Net 'rtlc0n145[23]' in module 'msrv_soc_buscachefsm_pv1' has no pins
//  Warning: Net 'rtlc0n145[22]' in module 'msrv_soc_buscachefsm_pv1' has no pins
//  Warning: Net 'rtlc0n145[21]' in module 'msrv_soc_buscachefsm_pv1' has no pins
//  Warning: Net 'rtlc0n145[20]' in module 'msrv_soc_buscachefsm_pv1' has no pins
//  Warning: Net 'rtlc0n145[19]' in module 'msrv_soc_buscachefsm_pv1' has no pins
//  Warning: Net 'rtlc0n145[18]' in module 'msrv_soc_buscachefsm_pv1' has no pins
//  Warning: Net 'rtlc0n145[17]' in module 'msrv_soc_buscachefsm_pv1' has no pins
//  Warning: Net 'rtlc0n145[16]' in module 'msrv_soc_buscachefsm_pv1' has no pins
//  Warning: Net 'rtlc0n145[15]' in module 'msrv_soc_buscachefsm_pv1' has no pins
//  Warning: Net 'rtlc0n145[14]' in module 'msrv_soc_buscachefsm_pv1' has no pins
//  Warning: Net 'rtlc0n145[13]' in module 'msrv_soc_buscachefsm_pv1' has no pins
//  Warning: Net 'rtlc0n145[12]' in module 'msrv_soc_buscachefsm_pv1' has no pins
//  Warning: Net 'rtlc0n145[11]' in module 'msrv_soc_buscachefsm_pv1' has no pins
//  Warning: Net 'rtlc0n145[10]' in module 'msrv_soc_buscachefsm_pv1' has no pins
//  Warning: Net 'rtlc0n145[9]' in module 'msrv_soc_buscachefsm_pv1' has no pins
//  Warning: Net 'rtlc0n145[8]' in module 'msrv_soc_buscachefsm_pv1' has no pins
//  Warning: Net 'rtlc0n145[7]' in module 'msrv_soc_buscachefsm_pv1' has no pins
//  Warning: Net 'rtlc0n145[6]' in module 'msrv_soc_buscachefsm_pv1' has no pins
//  Warning: Net 'rtlc0n145[5]' in module 'msrv_soc_buscachefsm_pv1' has no pins
//  Warning: Net 'rtlc0n145[4]' in module 'msrv_soc_buscachefsm_pv1' has no pins
//  Warning: Net 'rtlc0n145[3]' in module 'msrv_soc_buscachefsm_pv1' has no pins
//  Warning: Net 'rtlc0n145[2]' in module 'msrv_soc_buscachefsm_pv1' has no pins
//  Warning: Net 'rtlc0n145[1]' in module 'msrv_soc_buscachefsm_pv1' has no pins
//  Warning: Net 'rtlc0n150[31]' in module 'msrv_soc_buscachefsm_pv1' has no pins
//  Warning: Net 'rtlc0n150[30]' in module 'msrv_soc_buscachefsm_pv1' has no pins
//  Warning: Net 'rtlc0n150[29]' in module 'msrv_soc_buscachefsm_pv1' has no pins
//  Warning: Net 'rtlc0n150[28]' in module 'msrv_soc_buscachefsm_pv1' has no pins
//  Warning: Net 'rtlc0n150[27]' in module 'msrv_soc_buscachefsm_pv1' has no pins
//  Warning: Net 'rtlc0n150[26]' in module 'msrv_soc_buscachefsm_pv1' has no pins
//  Warning: Net 'rtlc0n150[25]' in module 'msrv_soc_buscachefsm_pv1' has no pins
//  Warning: Net 'rtlc0n150[24]' in module 'msrv_soc_buscachefsm_pv1' has no pins
//  Warning: Net 'rtlc0n150[23]' in module 'msrv_soc_buscachefsm_pv1' has no pins
//  Warning: Net 'rtlc0n150[22]' in module 'msrv_soc_buscachefsm_pv1' has no pins
//  Warning: Net 'rtlc0n150[21]' in module 'msrv_soc_buscachefsm_pv1' has no pins
//  Warning: Net 'rtlc0n150[20]' in module 'msrv_soc_buscachefsm_pv1' has no pins
//  Warning: Net 'rtlc0n150[19]' in module 'msrv_soc_buscachefsm_pv1' has no pins
//  Warning: Net 'rtlc0n150[18]' in module 'msrv_soc_buscachefsm_pv1' has no pins
//  Warning: Net 'rtlc0n150[17]' in module 'msrv_soc_buscachefsm_pv1' has no pins
//  Warning: Net 'rtlc0n150[16]' in module 'msrv_soc_buscachefsm_pv1' has no pins
//  Warning: Net 'rtlc0n150[15]' in module 'msrv_soc_buscachefsm_pv1' has no pins
//  Warning: Net 'rtlc0n150[14]' in module 'msrv_soc_buscachefsm_pv1' has no pins
//  Warning: Net 'rtlc0n150[13]' in module 'msrv_soc_buscachefsm_pv1' has no pins
//  Warning: Net 'rtlc0n150[12]' in module 'msrv_soc_buscachefsm_pv1' has no pins
//  Warning: Net 'rtlc0n150[11]' in module 'msrv_soc_buscachefsm_pv1' has no pins
//  Warning: Net 'rtlc0n150[10]' in module 'msrv_soc_buscachefsm_pv1' has no pins
//  Warning: Net 'rtlc0n150[9]' in module 'msrv_soc_buscachefsm_pv1' has no pins
//  Warning: Net 'rtlc0n150[8]' in module 'msrv_soc_buscachefsm_pv1' has no pins
//  Warning: Net 'rtlc0n150[7]' in module 'msrv_soc_buscachefsm_pv1' has no pins
//  Warning: Net 'rtlc0n150[6]' in module 'msrv_soc_buscachefsm_pv1' has no pins
//  Warning: Net 'rtlc0n150[5]' in module 'msrv_soc_buscachefsm_pv1' has no pins
//  Warning: Net 'rtlc0n150[4]' in module 'msrv_soc_buscachefsm_pv1' has no pins
//  Warning: Net 'rtlc0n150[3]' in module 'msrv_soc_buscachefsm_pv1' has no pins
//  Warning: Net 'rtlc0n150[2]' in module 'msrv_soc_buscachefsm_pv1' has no pins
//  Warning: Net 'rtlc0n150[1]' in module 'msrv_soc_buscachefsm_pv1' has no pins
//  Warning: Net 'rtlc0n153[31]' in module 'msrv_soc_buscachefsm_pv1' has no pins
//  Warning: Net 'rtlc0n153[30]' in module 'msrv_soc_buscachefsm_pv1' has no pins
//  Warning: Net 'rtlc0n153[29]' in module 'msrv_soc_buscachefsm_pv1' has no pins
//  Warning: Net 'rtlc0n153[28]' in module 'msrv_soc_buscachefsm_pv1' has no pins
//  Warning: Net 'rtlc0n153[27]' in module 'msrv_soc_buscachefsm_pv1' has no pins
//  Warning: Net 'rtlc0n153[26]' in module 'msrv_soc_buscachefsm_pv1' has no pins
//  Warning: Net 'rtlc0n153[25]' in module 'msrv_soc_buscachefsm_pv1' has no pins
//  Warning: Net 'rtlc0n153[24]' in module 'msrv_soc_buscachefsm_pv1' has no pins
//  Warning: Net 'rtlc0n153[23]' in module 'msrv_soc_buscachefsm_pv1' has no pins
//  Warning: Net 'rtlc0n153[22]' in module 'msrv_soc_buscachefsm_pv1' has no pins
//  Warning: Net 'rtlc0n153[21]' in module 'msrv_soc_buscachefsm_pv1' has no pins
//  Warning: Net 'rtlc0n153[20]' in module 'msrv_soc_buscachefsm_pv1' has no pins
//  Warning: Net 'rtlc0n153[19]' in module 'msrv_soc_buscachefsm_pv1' has no pins
//  Warning: Net 'rtlc0n153[18]' in module 'msrv_soc_buscachefsm_pv1' has no pins
//  Warning: Net 'rtlc0n153[17]' in module 'msrv_soc_buscachefsm_pv1' has no pins
//  Warning: Net 'rtlc0n153[16]' in module 'msrv_soc_buscachefsm_pv1' has no pins
//  Warning: Net 'rtlc0n153[15]' in module 'msrv_soc_buscachefsm_pv1' has no pins
//  Warning: Net 'rtlc0n153[14]' in module 'msrv_soc_buscachefsm_pv1' has no pins
//  Warning: Net 'rtlc0n153[13]' in module 'msrv_soc_buscachefsm_pv1' has no pins
//  Warning: Net 'rtlc0n153[12]' in module 'msrv_soc_buscachefsm_pv1' has no pins
//  Warning: Net 'rtlc0n153[11]' in module 'msrv_soc_buscachefsm_pv1' has no pins
//  Warning: Net 'rtlc0n153[10]' in module 'msrv_soc_buscachefsm_pv1' has no pins
//  Warning: Net 'rtlc0n153[9]' in module 'msrv_soc_buscachefsm_pv1' has no pins
//  Warning: Net 'rtlc0n153[8]' in module 'msrv_soc_buscachefsm_pv1' has no pins
//  Warning: Net 'rtlc0n153[7]' in module 'msrv_soc_buscachefsm_pv1' has no pins
//  Warning: Net 'rtlc0n153[6]' in module 'msrv_soc_buscachefsm_pv1' has no pins
//  Warning: Net 'rtlc0n153[5]' in module 'msrv_soc_buscachefsm_pv1' has no pins
//  Warning: Net 'rtlc0n153[4]' in module 'msrv_soc_buscachefsm_pv1' has no pins
//  Warning: Net 'rtlc0n153[3]' in module 'msrv_soc_buscachefsm_pv1' has no pins
//  Warning: Net 'rtlc0n153[2]' in module 'msrv_soc_buscachefsm_pv1' has no pins
//  Warning: Net 'rtlc0n153[1]' in module 'msrv_soc_buscachefsm_pv1' has no pins
//  Warning: Net 'rtlc0n157[31]' in module 'msrv_soc_buscachefsm_pv1' has no pins
//  Warning: Net 'rtlc0n157[30]' in module 'msrv_soc_buscachefsm_pv1' has no pins
//  Warning: Net 'rtlc0n157[29]' in module 'msrv_soc_buscachefsm_pv1' has no pins
//  Warning: Net 'rtlc0n157[28]' in module 'msrv_soc_buscachefsm_pv1' has no pins
//  Warning: Net 'rtlc0n157[27]' in module 'msrv_soc_buscachefsm_pv1' has no pins
//  Warning: Net 'rtlc0n157[26]' in module 'msrv_soc_buscachefsm_pv1' has no pins
//  Warning: Net 'rtlc0n157[25]' in module 'msrv_soc_buscachefsm_pv1' has no pins
//  Warning: Net 'rtlc0n157[24]' in module 'msrv_soc_buscachefsm_pv1' has no pins
//  Warning: Net 'rtlc0n157[23]' in module 'msrv_soc_buscachefsm_pv1' has no pins
//  Warning: Net 'rtlc0n157[22]' in module 'msrv_soc_buscachefsm_pv1' has no pins
//  Warning: Net 'rtlc0n157[21]' in module 'msrv_soc_buscachefsm_pv1' has no pins
//  Warning: Net 'rtlc0n157[20]' in module 'msrv_soc_buscachefsm_pv1' has no pins
//  Warning: Net 'rtlc0n157[19]' in module 'msrv_soc_buscachefsm_pv1' has no pins
//  Warning: Net 'rtlc0n157[18]' in module 'msrv_soc_buscachefsm_pv1' has no pins
//  Warning: Net 'rtlc0n157[17]' in module 'msrv_soc_buscachefsm_pv1' has no pins
//  Warning: Net 'rtlc0n157[16]' in module 'msrv_soc_buscachefsm_pv1' has no pins
//  Warning: Net 'rtlc0n157[15]' in module 'msrv_soc_buscachefsm_pv1' has no pins
//  Warning: Net 'rtlc0n157[14]' in module 'msrv_soc_buscachefsm_pv1' has no pins
//  Warning: Net 'rtlc0n157[13]' in module 'msrv_soc_buscachefsm_pv1' has no pins
//  Warning: Net 'rtlc0n157[12]' in module 'msrv_soc_buscachefsm_pv1' has no pins
//  Warning: Net 'rtlc0n157[11]' in module 'msrv_soc_buscachefsm_pv1' has no pins
//  Warning: Net 'rtlc0n157[10]' in module 'msrv_soc_buscachefsm_pv1' has no pins
//  Warning: Net 'rtlc0n157[9]' in module 'msrv_soc_buscachefsm_pv1' has no pins
//  Warning: Net 'rtlc0n157[8]' in module 'msrv_soc_buscachefsm_pv1' has no pins
//  Warning: Net 'rtlc0n157[7]' in module 'msrv_soc_buscachefsm_pv1' has no pins
//  Warning: Net 'rtlc0n157[6]' in module 'msrv_soc_buscachefsm_pv1' has no pins
//  Warning: Net 'rtlc0n157[5]' in module 'msrv_soc_buscachefsm_pv1' has no pins
//  Warning: Net 'rtlc0n157[4]' in module 'msrv_soc_buscachefsm_pv1' has no pins
//  Warning: Net 'rtlc0n157[3]' in module 'msrv_soc_buscachefsm_pv1' has no pins
//  Warning: Net 'rtlc0n157[2]' in module 'msrv_soc_buscachefsm_pv1' has no pins
//  Warning: Net 'rtlc0n157[1]' in module 'msrv_soc_buscachefsm_pv1' has no pins
//  Warning: Net 'rtlc0n160[31]' in module 'msrv_soc_buscachefsm_pv1' has no pins
//  Warning: Net 'rtlc0n160[30]' in module 'msrv_soc_buscachefsm_pv1' has no pins
//  Warning: Net 'rtlc0n160[29]' in module 'msrv_soc_buscachefsm_pv1' has no pins
//  Warning: Net 'rtlc0n160[28]' in module 'msrv_soc_buscachefsm_pv1' has no pins
//  Warning: Net 'rtlc0n160[27]' in module 'msrv_soc_buscachefsm_pv1' has no pins
//  Warning: Net 'rtlc0n160[26]' in module 'msrv_soc_buscachefsm_pv1' has no pins
//  Warning: Net 'rtlc0n160[25]' in module 'msrv_soc_buscachefsm_pv1' has no pins
//  Warning: Net 'rtlc0n160[24]' in module 'msrv_soc_buscachefsm_pv1' has no pins
//  Warning: Net 'rtlc0n160[23]' in module 'msrv_soc_buscachefsm_pv1' has no pins
//  Warning: Net 'rtlc0n160[22]' in module 'msrv_soc_buscachefsm_pv1' has no pins
//  Warning: Net 'rtlc0n160[21]' in module 'msrv_soc_buscachefsm_pv1' has no pins
//  Warning: Net 'rtlc0n160[20]' in module 'msrv_soc_buscachefsm_pv1' has no pins
//  Warning: Net 'rtlc0n160[19]' in module 'msrv_soc_buscachefsm_pv1' has no pins
//  Warning: Net 'rtlc0n160[18]' in module 'msrv_soc_buscachefsm_pv1' has no pins
//  Warning: Net 'rtlc0n160[17]' in module 'msrv_soc_buscachefsm_pv1' has no pins
//  Warning: Net 'rtlc0n160[16]' in module 'msrv_soc_buscachefsm_pv1' has no pins
//  Warning: Net 'rtlc0n160[15]' in module 'msrv_soc_buscachefsm_pv1' has no pins
//  Warning: Net 'rtlc0n160[14]' in module 'msrv_soc_buscachefsm_pv1' has no pins
//  Warning: Net 'rtlc0n160[13]' in module 'msrv_soc_buscachefsm_pv1' has no pins
//  Warning: Net 'rtlc0n160[12]' in module 'msrv_soc_buscachefsm_pv1' has no pins
//  Warning: Net 'rtlc0n160[11]' in module 'msrv_soc_buscachefsm_pv1' has no pins
//  Warning: Net 'rtlc0n160[10]' in module 'msrv_soc_buscachefsm_pv1' has no pins
//  Warning: Net 'rtlc0n160[9]' in module 'msrv_soc_buscachefsm_pv1' has no pins
//  Warning: Net 'rtlc0n160[8]' in module 'msrv_soc_buscachefsm_pv1' has no pins
//  Warning: Net 'rtlc0n160[7]' in module 'msrv_soc_buscachefsm_pv1' has no pins
//  Warning: Net 'rtlc0n160[6]' in module 'msrv_soc_buscachefsm_pv1' has no pins
//  Warning: Net 'rtlc0n160[5]' in module 'msrv_soc_buscachefsm_pv1' has no pins
//  Warning: Net 'rtlc0n160[4]' in module 'msrv_soc_buscachefsm_pv1' has no pins
//  Warning: Net 'rtlc0n160[3]' in module 'msrv_soc_buscachefsm_pv1' has no pins
//  Warning: Net 'rtlc0n160[2]' in module 'msrv_soc_buscachefsm_pv1' has no pins
//  Warning: Net 'rtlc0n160[1]' in module 'msrv_soc_buscachefsm_pv1' has no pins
//  Warning: Net 'rtlc0n165[31]' in module 'msrv_soc_buscachefsm_pv1' has no pins
//  Warning: Net 'rtlc0n165[30]' in module 'msrv_soc_buscachefsm_pv1' has no pins
//  Warning: Net 'rtlc0n165[29]' in module 'msrv_soc_buscachefsm_pv1' has no pins
//  Warning: Net 'rtlc0n165[28]' in module 'msrv_soc_buscachefsm_pv1' has no pins
//  Warning: Net 'rtlc0n165[27]' in module 'msrv_soc_buscachefsm_pv1' has no pins
//  Warning: Net 'rtlc0n165[26]' in module 'msrv_soc_buscachefsm_pv1' has no pins
//  Warning: Net 'rtlc0n165[25]' in module 'msrv_soc_buscachefsm_pv1' has no pins
//  Warning: Net 'rtlc0n165[24]' in module 'msrv_soc_buscachefsm_pv1' has no pins
//  Warning: Net 'rtlc0n165[23]' in module 'msrv_soc_buscachefsm_pv1' has no pins
//  Warning: Net 'rtlc0n165[22]' in module 'msrv_soc_buscachefsm_pv1' has no pins
//  Warning: Net 'rtlc0n165[21]' in module 'msrv_soc_buscachefsm_pv1' has no pins
//  Warning: Net 'rtlc0n165[20]' in module 'msrv_soc_buscachefsm_pv1' has no pins
//  Warning: Net 'rtlc0n165[19]' in module 'msrv_soc_buscachefsm_pv1' has no pins
//  Warning: Net 'rtlc0n165[18]' in module 'msrv_soc_buscachefsm_pv1' has no pins
//  Warning: Net 'rtlc0n165[17]' in module 'msrv_soc_buscachefsm_pv1' has no pins
//  Warning: Net 'rtlc0n165[16]' in module 'msrv_soc_buscachefsm_pv1' has no pins
//  Warning: Net 'rtlc0n165[15]' in module 'msrv_soc_buscachefsm_pv1' has no pins
//  Warning: Net 'rtlc0n165[14]' in module 'msrv_soc_buscachefsm_pv1' has no pins
//  Warning: Net 'rtlc0n165[13]' in module 'msrv_soc_buscachefsm_pv1' has no pins
//  Warning: Net 'rtlc0n165[12]' in module 'msrv_soc_buscachefsm_pv1' has no pins
//  Warning: Net 'rtlc0n165[11]' in module 'msrv_soc_buscachefsm_pv1' has no pins
//  Warning: Net 'rtlc0n165[10]' in module 'msrv_soc_buscachefsm_pv1' has no pins
//  Warning: Net 'rtlc0n165[9]' in module 'msrv_soc_buscachefsm_pv1' has no pins
//  Warning: Net 'rtlc0n165[8]' in module 'msrv_soc_buscachefsm_pv1' has no pins
//  Warning: Net 'rtlc0n165[7]' in module 'msrv_soc_buscachefsm_pv1' has no pins
//  Warning: Net 'rtlc0n165[6]' in module 'msrv_soc_buscachefsm_pv1' has no pins
//  Warning: Net 'rtlc0n165[5]' in module 'msrv_soc_buscachefsm_pv1' has no pins
//  Warning: Net 'rtlc0n165[4]' in module 'msrv_soc_buscachefsm_pv1' has no pins
//  Warning: Net 'rtlc0n165[3]' in module 'msrv_soc_buscachefsm_pv1' has no pins
//  Warning: Net 'rtlc0n165[2]' in module 'msrv_soc_buscachefsm_pv1' has no pins
//  Warning: Net 'rtlc0n165[1]' in module 'msrv_soc_buscachefsm_pv1' has no pins
//  Warning: Net 'rtlc1n52[31]' in module 'msrv_soc_buscachefsm_pv1' has no pins
//  Warning: Net 'rtlc1n52[30]' in module 'msrv_soc_buscachefsm_pv1' has no pins
//  Warning: Net 'rtlc1n52[29]' in module 'msrv_soc_buscachefsm_pv1' has no pins
//  Warning: Net 'rtlc1n52[28]' in module 'msrv_soc_buscachefsm_pv1' has no pins
//  Warning: Net 'rtlc1n52[27]' in module 'msrv_soc_buscachefsm_pv1' has no pins
//  Warning: Net 'rtlc1n52[26]' in module 'msrv_soc_buscachefsm_pv1' has no pins
//  Warning: Net 'rtlc1n52[25]' in module 'msrv_soc_buscachefsm_pv1' has no pins
//  Warning: Net 'rtlc1n52[24]' in module 'msrv_soc_buscachefsm_pv1' has no pins
//  Warning: Net 'rtlc1n52[23]' in module 'msrv_soc_buscachefsm_pv1' has no pins
//  Warning: Net 'rtlc1n52[22]' in module 'msrv_soc_buscachefsm_pv1' has no pins
//  Warning: Net 'rtlc1n52[21]' in module 'msrv_soc_buscachefsm_pv1' has no pins
//  Warning: Net 'rtlc1n52[20]' in module 'msrv_soc_buscachefsm_pv1' has no pins
//  Warning: Net 'rtlc1n52[19]' in module 'msrv_soc_buscachefsm_pv1' has no pins
//  Warning: Net 'rtlc1n52[18]' in module 'msrv_soc_buscachefsm_pv1' has no pins
//  Warning: Net 'rtlc1n52[17]' in module 'msrv_soc_buscachefsm_pv1' has no pins
//  Warning: Net 'rtlc1n52[16]' in module 'msrv_soc_buscachefsm_pv1' has no pins
//  Warning: Net 'rtlc1n52[15]' in module 'msrv_soc_buscachefsm_pv1' has no pins
//  Warning: Net 'rtlc1n52[14]' in module 'msrv_soc_buscachefsm_pv1' has no pins
//  Warning: Net 'rtlc1n52[13]' in module 'msrv_soc_buscachefsm_pv1' has no pins
//  Warning: Net 'rtlc1n52[12]' in module 'msrv_soc_buscachefsm_pv1' has no pins
//  Warning: Net 'rtlc1n52[11]' in module 'msrv_soc_buscachefsm_pv1' has no pins
//  Warning: Net 'rtlc1n52[10]' in module 'msrv_soc_buscachefsm_pv1' has no pins
//  Warning: Net 'rtlc1n52[9]' in module 'msrv_soc_buscachefsm_pv1' has no pins
//  Warning: Net 'rtlc1n52[8]' in module 'msrv_soc_buscachefsm_pv1' has no pins
//  Warning: Net 'rtlc1n52[7]' in module 'msrv_soc_buscachefsm_pv1' has no pins
//  Warning: Net 'rtlc1n52[6]' in module 'msrv_soc_buscachefsm_pv1' has no pins
//  Warning: Net 'rtlc1n52[5]' in module 'msrv_soc_buscachefsm_pv1' has no pins
//  Warning: Net 'rtlc1n52[4]' in module 'msrv_soc_buscachefsm_pv1' has no pins
//  Warning: Net 'rtlc1n52[3]' in module 'msrv_soc_buscachefsm_pv1' has no pins
//  Warning: Net 'rtlc1n52[2]' in module 'msrv_soc_buscachefsm_pv1' has no pins
//  Warning: Net 'rtlc1n52[1]' in module 'msrv_soc_buscachefsm_pv1' has no pins
//  Warning: Net 'rtlc1n76[31]' in module 'msrv_soc_buscachefsm_pv1' has no pins
//  Warning: Net 'rtlc1n76[30]' in module 'msrv_soc_buscachefsm_pv1' has no pins
//  Warning: Net 'rtlc1n76[29]' in module 'msrv_soc_buscachefsm_pv1' has no pins
//  Warning: Net 'rtlc1n76[28]' in module 'msrv_soc_buscachefsm_pv1' has no pins
//  Warning: Net 'rtlc1n76[27]' in module 'msrv_soc_buscachefsm_pv1' has no pins
//  Warning: Net 'rtlc1n76[26]' in module 'msrv_soc_buscachefsm_pv1' has no pins
//  Warning: Net 'rtlc1n76[25]' in module 'msrv_soc_buscachefsm_pv1' has no pins
//  Warning: Net 'rtlc1n76[24]' in module 'msrv_soc_buscachefsm_pv1' has no pins
//  Warning: Net 'rtlc1n76[23]' in module 'msrv_soc_buscachefsm_pv1' has no pins
//  Warning: Net 'rtlc1n76[22]' in module 'msrv_soc_buscachefsm_pv1' has no pins
//  Warning: Net 'rtlc1n76[21]' in module 'msrv_soc_buscachefsm_pv1' has no pins
//  Warning: Net 'rtlc1n76[20]' in module 'msrv_soc_buscachefsm_pv1' has no pins
//  Warning: Net 'rtlc1n76[19]' in module 'msrv_soc_buscachefsm_pv1' has no pins
//  Warning: Net 'rtlc1n76[18]' in module 'msrv_soc_buscachefsm_pv1' has no pins
//  Warning: Net 'rtlc1n76[17]' in module 'msrv_soc_buscachefsm_pv1' has no pins
//  Warning: Net 'rtlc1n76[16]' in module 'msrv_soc_buscachefsm_pv1' has no pins
//  Warning: Net 'rtlc1n76[15]' in module 'msrv_soc_buscachefsm_pv1' has no pins
//  Warning: Net 'rtlc1n76[14]' in module 'msrv_soc_buscachefsm_pv1' has no pins
//  Warning: Net 'rtlc1n76[13]' in module 'msrv_soc_buscachefsm_pv1' has no pins
//  Warning: Net 'rtlc1n76[12]' in module 'msrv_soc_buscachefsm_pv1' has no pins
//  Warning: Net 'rtlc1n76[11]' in module 'msrv_soc_buscachefsm_pv1' has no pins
//  Warning: Net 'rtlc1n76[10]' in module 'msrv_soc_buscachefsm_pv1' has no pins
//  Warning: Net 'rtlc1n76[9]' in module 'msrv_soc_buscachefsm_pv1' has no pins
//  Warning: Net 'rtlc1n76[8]' in module 'msrv_soc_buscachefsm_pv1' has no pins
//  Warning: Net 'rtlc1n76[7]' in module 'msrv_soc_buscachefsm_pv1' has no pins
//  Warning: Net 'rtlc1n76[6]' in module 'msrv_soc_buscachefsm_pv1' has no pins
//  Warning: Net 'rtlc1n76[5]' in module 'msrv_soc_buscachefsm_pv1' has no pins
//  Warning: Net 'rtlc1n76[4]' in module 'msrv_soc_buscachefsm_pv1' has no pins
//  Warning: Net 'rtlc1n76[3]' in module 'msrv_soc_buscachefsm_pv1' has no pins
//  Warning: Net 'rtlc1n76[2]' in module 'msrv_soc_buscachefsm_pv1' has no pins
//  Warning: Net 'rtlc1n76[1]' in module 'msrv_soc_buscachefsm_pv1' has no pins
//  Warning: Net 'rtlc0n25' in module 'msrv_soc_buscachefsm_pv1' has no pins
//  Warning: Net 'rtlcClkX' in module 'msrv_soc_buscachefsm_pv1' has no pins
//  Warning: Net 'rtlcXXX' in module 'msrv_soc_buscachefsm_pv1' has no pins
//  Warning: Net 'rtlcClkX' in module 'msrv_soc_flopenr_pv6_3' has no pins
//  Warning: Net 'rtlcXXX' in module 'msrv_soc_flopenr_pv6_3' has no pins
//  Warning: Net 'rtlcClkX' in module 'msrv_soc_flopenr_pv6_4' has no pins
//  Warning: Net 'rtlcXXX' in module 'msrv_soc_flopenr_pv6_4' has no pins
//  Warning: Net 'rtlcClkX' in module 'msrv_soc_flopen_13' has no pins
//  Warning: Net 'rtlcXXX' in module 'msrv_soc_flopen_13' has no pins
//  Warning: Net 'rtlcClkX' in module 'msrv_soc_flopen_14' has no pins
//  Warning: Net 'rtlcXXX' in module 'msrv_soc_flopen_14' has no pins
//  Warning: Net 'rtlcClkX' in module 'msrv_soc_flopen_15' has no pins
//  Warning: Net 'rtlcXXX' in module 'msrv_soc_flopen_15' has no pins
//  Warning: Net 'rtlcClkX' in module 'msrv_soc_flopen_16' has no pins
//  Warning: Net 'rtlcXXX' in module 'msrv_soc_flopen_16' has no pins
//  Warning: Net 'rtlcClkX' in module 'msrv_soc_flopen_17' has no pins
//  Warning: Net 'rtlcXXX' in module 'msrv_soc_flopen_17' has no pins
//  Warning: Net 'rtlcClkX' in module 'msrv_soc_flopen_18' has no pins
//  Warning: Net 'rtlcXXX' in module 'msrv_soc_flopen_18' has no pins
//  Warning: Net 'rtlcClkX' in module 'msrv_soc_flopen_19' has no pins
//  Warning: Net 'rtlcXXX' in module 'msrv_soc_flopen_19' has no pins
//  Warning: Net 'rtlcClkX' in module 'msrv_soc_flopen_20' has no pins
//  Warning: Net 'rtlcXXX' in module 'msrv_soc_flopen_20' has no pins
//  Warning: Net 'rtlc0n9[31]' in module 'msrv_soc_swbytemask' has no pins
//  Warning: Net 'rtlc0n9[30]' in module 'msrv_soc_swbytemask' has no pins
//  Warning: Net 'rtlc0n9[29]' in module 'msrv_soc_swbytemask' has no pins
//  Warning: Net 'rtlc0n9[28]' in module 'msrv_soc_swbytemask' has no pins
//  Warning: Net 'rtlc0n9[27]' in module 'msrv_soc_swbytemask' has no pins
//  Warning: Net 'rtlc0n9[26]' in module 'msrv_soc_swbytemask' has no pins
//  Warning: Net 'rtlc0n9[25]' in module 'msrv_soc_swbytemask' has no pins
//  Warning: Net 'rtlc0n9[24]' in module 'msrv_soc_swbytemask' has no pins
//  Warning: Net 'rtlc0n9[23]' in module 'msrv_soc_swbytemask' has no pins
//  Warning: Net 'rtlc0n9[22]' in module 'msrv_soc_swbytemask' has no pins
//  Warning: Net 'rtlc0n9[21]' in module 'msrv_soc_swbytemask' has no pins
//  Warning: Net 'rtlc0n9[20]' in module 'msrv_soc_swbytemask' has no pins
//  Warning: Net 'rtlc0n9[19]' in module 'msrv_soc_swbytemask' has no pins
//  Warning: Net 'rtlc0n9[18]' in module 'msrv_soc_swbytemask' has no pins
//  Warning: Net 'rtlc0n9[17]' in module 'msrv_soc_swbytemask' has no pins
//  Warning: Net 'rtlc0n9[16]' in module 'msrv_soc_swbytemask' has no pins
//  Warning: Net 'rtlc0n9[15]' in module 'msrv_soc_swbytemask' has no pins
//  Warning: Net 'rtlc0n9[14]' in module 'msrv_soc_swbytemask' has no pins
//  Warning: Net 'rtlc0n9[13]' in module 'msrv_soc_swbytemask' has no pins
//  Warning: Net 'rtlc0n9[12]' in module 'msrv_soc_swbytemask' has no pins
//  Warning: Net 'rtlc0n9[11]' in module 'msrv_soc_swbytemask' has no pins
//  Warning: Net 'rtlc0n9[10]' in module 'msrv_soc_swbytemask' has no pins
//  Warning: Net 'rtlc0n9[9]' in module 'msrv_soc_swbytemask' has no pins
//  Warning: Net 'rtlc0n9[8]' in module 'msrv_soc_swbytemask' has no pins
//  Warning: Net 'rtlc0n12[31]' in module 'msrv_soc_swbytemask' has no pins
//  Warning: Net 'rtlc0n12[30]' in module 'msrv_soc_swbytemask' has no pins
//  Warning: Net 'rtlc0n12[29]' in module 'msrv_soc_swbytemask' has no pins
//  Warning: Net 'rtlc0n12[28]' in module 'msrv_soc_swbytemask' has no pins
//  Warning: Net 'rtlc0n12[27]' in module 'msrv_soc_swbytemask' has no pins
//  Warning: Net 'rtlc0n12[26]' in module 'msrv_soc_swbytemask' has no pins
//  Warning: Net 'rtlc0n12[25]' in module 'msrv_soc_swbytemask' has no pins
//  Warning: Net 'rtlc0n12[24]' in module 'msrv_soc_swbytemask' has no pins
//  Warning: Net 'rtlc0n12[23]' in module 'msrv_soc_swbytemask' has no pins
//  Warning: Net 'rtlc0n12[22]' in module 'msrv_soc_swbytemask' has no pins
//  Warning: Net 'rtlc0n12[21]' in module 'msrv_soc_swbytemask' has no pins
//  Warning: Net 'rtlc0n12[20]' in module 'msrv_soc_swbytemask' has no pins
//  Warning: Net 'rtlc0n12[19]' in module 'msrv_soc_swbytemask' has no pins
//  Warning: Net 'rtlc0n12[18]' in module 'msrv_soc_swbytemask' has no pins
//  Warning: Net 'rtlc0n12[17]' in module 'msrv_soc_swbytemask' has no pins
//  Warning: Net 'rtlc0n12[16]' in module 'msrv_soc_swbytemask' has no pins
//  Warning: Net 'rtlc0n12[15]' in module 'msrv_soc_swbytemask' has no pins
//  Warning: Net 'rtlc0n12[14]' in module 'msrv_soc_swbytemask' has no pins
//  Warning: Net 'rtlc0n12[13]' in module 'msrv_soc_swbytemask' has no pins
//  Warning: Net 'rtlc0n12[12]' in module 'msrv_soc_swbytemask' has no pins
//  Warning: Net 'rtlc0n12[11]' in module 'msrv_soc_swbytemask' has no pins
//  Warning: Net 'rtlc0n12[10]' in module 'msrv_soc_swbytemask' has no pins
//  Warning: Net 'rtlc0n12[9]' in module 'msrv_soc_swbytemask' has no pins
//  Warning: Net 'rtlc0n12[8]' in module 'msrv_soc_swbytemask' has no pins
//  Warning: Net 'rtlc0n14[31]' in module 'msrv_soc_swbytemask' has no pins
//  Warning: Net 'rtlc0n14[30]' in module 'msrv_soc_swbytemask' has no pins
//  Warning: Net 'rtlc0n14[29]' in module 'msrv_soc_swbytemask' has no pins
//  Warning: Net 'rtlc0n14[28]' in module 'msrv_soc_swbytemask' has no pins
//  Warning: Net 'rtlc0n14[27]' in module 'msrv_soc_swbytemask' has no pins
//  Warning: Net 'rtlc0n14[26]' in module 'msrv_soc_swbytemask' has no pins
//  Warning: Net 'rtlc0n14[25]' in module 'msrv_soc_swbytemask' has no pins
//  Warning: Net 'rtlc0n14[24]' in module 'msrv_soc_swbytemask' has no pins
//  Warning: Net 'rtlc0n14[23]' in module 'msrv_soc_swbytemask' has no pins
//  Warning: Net 'rtlc0n14[22]' in module 'msrv_soc_swbytemask' has no pins
//  Warning: Net 'rtlc0n14[21]' in module 'msrv_soc_swbytemask' has no pins
//  Warning: Net 'rtlc0n14[20]' in module 'msrv_soc_swbytemask' has no pins
//  Warning: Net 'rtlc0n14[19]' in module 'msrv_soc_swbytemask' has no pins
//  Warning: Net 'rtlc0n14[18]' in module 'msrv_soc_swbytemask' has no pins
//  Warning: Net 'rtlc0n14[17]' in module 'msrv_soc_swbytemask' has no pins
//  Warning: Net 'rtlc0n14[16]' in module 'msrv_soc_swbytemask' has no pins
//  Warning: Net 'rtlc0n14[15]' in module 'msrv_soc_swbytemask' has no pins
//  Warning: Net 'rtlc0n14[14]' in module 'msrv_soc_swbytemask' has no pins
//  Warning: Net 'rtlc0n14[13]' in module 'msrv_soc_swbytemask' has no pins
//  Warning: Net 'rtlc0n14[12]' in module 'msrv_soc_swbytemask' has no pins
//  Warning: Net 'rtlc0n14[11]' in module 'msrv_soc_swbytemask' has no pins
//  Warning: Net 'rtlc0n14[10]' in module 'msrv_soc_swbytemask' has no pins
//  Warning: Net 'rtlc0n14[9]' in module 'msrv_soc_swbytemask' has no pins
//  Warning: Net 'rtlc0n14[8]' in module 'msrv_soc_swbytemask' has no pins
//  Warning: Net 'rtlcClkX' in module 'msrv_soc_swbytemask' has no pins
//  Warning: Net 'rtlcXXX' in module 'msrv_soc_swbytemask' has no pins
//  Warning: Net 'rtlcClkX' in module 'msrv_soc_flopen_pv1' has no pins
//  Warning: Net 'rtlcXXX' in module 'msrv_soc_flopen_pv1' has no pins
//  Warning: Net 'rtlcClkX' in module 'msrv_soc_atomic' has no pins
//  Warning: Net 'rtlcXXX' in module 'msrv_soc_atomic' has no pins
//  Warning: Net 'rtlcClkX' in module 'msrv_soc_amoalu' has no pins
//  Warning: Net 'rtlcXXX' in module 'msrv_soc_amoalu' has no pins
//  Warning: Net 'rtlcClkX' in module 'msrv_soc_comparator_pv1' has no pins
//  Warning: Net 'rtlcXXX' in module 'msrv_soc_comparator_pv1' has no pins
//  Warning: Net 'rtlcClkX' in module 'msrv_soc_lrsc' has no pins
//  Warning: Net 'rtlcXXX' in module 'msrv_soc_lrsc' has no pins
//  Warning: Net 'rtlcClkX' in module 'msrv_soc_flopenr_pv11' has no pins
//  Warning: Net 'rtlcXXX' in module 'msrv_soc_flopenr_pv11' has no pins
//  Warning: Net 'rtlcClkX' in module 'msrv_soc_flopenr_pv3_67' has no pins
//  Warning: Net 'rtlcXXX' in module 'msrv_soc_flopenr_pv3_67' has no pins
//  Warning: Net 'rtlcClkX' in module 'msrv_soc_flopenr_pv3_68' has no pins
//  Warning: Net 'rtlcXXX' in module 'msrv_soc_flopenr_pv3_68' has no pins
//  Warning: Net 'rtlcXXX' in module 'msrv_soc_endianswap' has no pins
//  Warning: Net 'rtlcClkX' in module 'msrv_soc_endianswap' has no pins
//  Warning: Net 'rtlcClkX' in module 'msrv_soc_hazard' has no pins
//  Warning: Net 'rtlcXXX' in module 'msrv_soc_hazard' has no pins
//  Warning: Net 'rtlcClkX' in module 'msrv_soc_ebu' has no pins
//  Warning: Net 'rtlcXXX' in module 'msrv_soc_ebu' has no pins
//  Warning: Net 'HADDRSave[0]' in module 'msrv_soc_controllerinput' has no pins
//  Warning: Net 'rtlc1n5' in module 'msrv_soc_controllerinput' has no pins
//  Warning: Net 'rtlcClkX' in module 'msrv_soc_controllerinput' has no pins
//  Warning: Net 'rtlcXXX' in module 'msrv_soc_controllerinput' has no pins
//  Warning: Net 'rtlcClkX' in module 'msrv_soc_flopenr_pv12' has no pins
//  Warning: Net 'rtlcXXX' in module 'msrv_soc_flopenr_pv12' has no pins
//  Warning: Net 'rtlcClkX' in module 'msrv_soc_mux2_pv13' has no pins
//  Warning: Net 'rtlcXXX' in module 'msrv_soc_mux2_pv13' has no pins
//  Warning: Net 'HADDRSave[55]' in module 'msrv_soc_controllerinput_pv1' has no pins
//  Warning: Net 'HADDRSave[54]' in module 'msrv_soc_controllerinput_pv1' has no pins
//  Warning: Net 'HADDRSave[53]' in module 'msrv_soc_controllerinput_pv1' has no pins
//  Warning: Net 'HADDRSave[52]' in module 'msrv_soc_controllerinput_pv1' has no pins
//  Warning: Net 'HADDRSave[51]' in module 'msrv_soc_controllerinput_pv1' has no pins
//  Warning: Net 'HADDRSave[50]' in module 'msrv_soc_controllerinput_pv1' has no pins
//  Warning: Net 'HADDRSave[49]' in module 'msrv_soc_controllerinput_pv1' has no pins
//  Warning: Net 'HADDRSave[48]' in module 'msrv_soc_controllerinput_pv1' has no pins
//  Warning: Net 'HADDRSave[47]' in module 'msrv_soc_controllerinput_pv1' has no pins
//  Warning: Net 'HADDRSave[46]' in module 'msrv_soc_controllerinput_pv1' has no pins
//  Warning: Net 'HADDRSave[45]' in module 'msrv_soc_controllerinput_pv1' has no pins
//  Warning: Net 'HADDRSave[44]' in module 'msrv_soc_controllerinput_pv1' has no pins
//  Warning: Net 'HADDRSave[43]' in module 'msrv_soc_controllerinput_pv1' has no pins
//  Warning: Net 'HADDRSave[42]' in module 'msrv_soc_controllerinput_pv1' has no pins
//  Warning: Net 'HADDRSave[41]' in module 'msrv_soc_controllerinput_pv1' has no pins
//  Warning: Net 'HADDRSave[40]' in module 'msrv_soc_controllerinput_pv1' has no pins
//  Warning: Net 'HADDRSave[39]' in module 'msrv_soc_controllerinput_pv1' has no pins
//  Warning: Net 'HADDRSave[38]' in module 'msrv_soc_controllerinput_pv1' has no pins
//  Warning: Net 'HADDRSave[37]' in module 'msrv_soc_controllerinput_pv1' has no pins
//  Warning: Net 'HADDRSave[36]' in module 'msrv_soc_controllerinput_pv1' has no pins
//  Warning: Net 'HADDRSave[35]' in module 'msrv_soc_controllerinput_pv1' has no pins
//  Warning: Net 'HADDRSave[34]' in module 'msrv_soc_controllerinput_pv1' has no pins
//  Warning: Net 'HADDRSave[33]' in module 'msrv_soc_controllerinput_pv1' has no pins
//  Warning: Net 'HADDRSave[32]' in module 'msrv_soc_controllerinput_pv1' has no pins
//  Warning: Net 'HADDRSave[31]' in module 'msrv_soc_controllerinput_pv1' has no pins
//  Warning: Net 'HADDRSave[30]' in module 'msrv_soc_controllerinput_pv1' has no pins
//  Warning: Net 'HADDRSave[29]' in module 'msrv_soc_controllerinput_pv1' has no pins
//  Warning: Net 'HADDRSave[28]' in module 'msrv_soc_controllerinput_pv1' has no pins
//  Warning: Net 'HADDRSave[27]' in module 'msrv_soc_controllerinput_pv1' has no pins
//  Warning: Net 'HADDRSave[26]' in module 'msrv_soc_controllerinput_pv1' has no pins
//  Warning: Net 'HADDRSave[25]' in module 'msrv_soc_controllerinput_pv1' has no pins
//  Warning: Net 'HADDRSave[24]' in module 'msrv_soc_controllerinput_pv1' has no pins
//  Warning: Net 'HADDRSave[23]' in module 'msrv_soc_controllerinput_pv1' has no pins
//  Warning: Net 'HADDRSave[22]' in module 'msrv_soc_controllerinput_pv1' has no pins
//  Warning: Net 'HADDRSave[21]' in module 'msrv_soc_controllerinput_pv1' has no pins
//  Warning: Net 'HADDRSave[20]' in module 'msrv_soc_controllerinput_pv1' has no pins
//  Warning: Net 'HADDRSave[19]' in module 'msrv_soc_controllerinput_pv1' has no pins
//  Warning: Net 'HADDRSave[18]' in module 'msrv_soc_controllerinput_pv1' has no pins
//  Warning: Net 'HADDRSave[17]' in module 'msrv_soc_controllerinput_pv1' has no pins
//  Warning: Net 'HADDRSave[16]' in module 'msrv_soc_controllerinput_pv1' has no pins
//  Warning: Net 'HADDRSave[15]' in module 'msrv_soc_controllerinput_pv1' has no pins
//  Warning: Net 'HADDRSave[14]' in module 'msrv_soc_controllerinput_pv1' has no pins
//  Warning: Net 'HADDRSave[13]' in module 'msrv_soc_controllerinput_pv1' has no pins
//  Warning: Net 'HADDRSave[12]' in module 'msrv_soc_controllerinput_pv1' has no pins
//  Warning: Net 'HADDRSave[11]' in module 'msrv_soc_controllerinput_pv1' has no pins
//  Warning: Net 'HADDRSave[10]' in module 'msrv_soc_controllerinput_pv1' has no pins
//  Warning: Net 'HADDRSave[9]' in module 'msrv_soc_controllerinput_pv1' has no pins
//  Warning: Net 'HADDRSave[8]' in module 'msrv_soc_controllerinput_pv1' has no pins
//  Warning: Net 'HADDRSave[7]' in module 'msrv_soc_controllerinput_pv1' has no pins
//  Warning: Net 'HADDRSave[6]' in module 'msrv_soc_controllerinput_pv1' has no pins
//  Warning: Net 'HADDRSave[5]' in module 'msrv_soc_controllerinput_pv1' has no pins
//  Warning: Net 'HADDRSave[4]' in module 'msrv_soc_controllerinput_pv1' has no pins
//  Warning: Net 'HADDRSave[3]' in module 'msrv_soc_controllerinput_pv1' has no pins
//  Warning: Net 'HADDRSave[2]' in module 'msrv_soc_controllerinput_pv1' has no pins
//  Warning: Net 'HADDRSave[1]' in module 'msrv_soc_controllerinput_pv1' has no pins
//  Warning: Net 'HADDRSave[0]' in module 'msrv_soc_controllerinput_pv1' has no pins
//  Warning: Net 'HSIZESave[2]' in module 'msrv_soc_controllerinput_pv1' has no pins
//  Warning: Net 'HSIZESave[1]' in module 'msrv_soc_controllerinput_pv1' has no pins
//  Warning: Net 'HSIZESave[0]' in module 'msrv_soc_controllerinput_pv1' has no pins
//  Warning: Net 'HBURSTSave[2]' in module 'msrv_soc_controllerinput_pv1' has no pins
//  Warning: Net 'HBURSTSave[1]' in module 'msrv_soc_controllerinput_pv1' has no pins
//  Warning: Net 'HBURSTSave[0]' in module 'msrv_soc_controllerinput_pv1' has no pins
//  Warning: Net 'HTRANSSave[1]' in module 'msrv_soc_controllerinput_pv1' has no pins
//  Warning: Net 'HTRANSSave[0]' in module 'msrv_soc_controllerinput_pv1' has no pins
//  Warning: Net 'HWRITESave' in module 'msrv_soc_controllerinput_pv1' has no pins
//  Warning: Net 'rtlc0n1' in module 'msrv_soc_controllerinput_pv1' has no pins
//  Warning: Net 'rtlcClkX' in module 'msrv_soc_controllerinput_pv1' has no pins
//  Warning: Net 'rtlcXXX' in module 'msrv_soc_controllerinput_pv1' has no pins
//  Warning: Net 'rtlc1n13[31]' in module 'msrv_soc_ebufsmarb' has no pins
//  Warning: Net 'rtlc1n13[30]' in module 'msrv_soc_ebufsmarb' has no pins
//  Warning: Net 'rtlc1n13[29]' in module 'msrv_soc_ebufsmarb' has no pins
//  Warning: Net 'rtlc1n13[28]' in module 'msrv_soc_ebufsmarb' has no pins
//  Warning: Net 'rtlc1n13[27]' in module 'msrv_soc_ebufsmarb' has no pins
//  Warning: Net 'rtlc1n13[26]' in module 'msrv_soc_ebufsmarb' has no pins
//  Warning: Net 'rtlc1n13[25]' in module 'msrv_soc_ebufsmarb' has no pins
//  Warning: Net 'rtlc1n13[24]' in module 'msrv_soc_ebufsmarb' has no pins
//  Warning: Net 'rtlc1n13[23]' in module 'msrv_soc_ebufsmarb' has no pins
//  Warning: Net 'rtlc1n13[22]' in module 'msrv_soc_ebufsmarb' has no pins
//  Warning: Net 'rtlc1n13[21]' in module 'msrv_soc_ebufsmarb' has no pins
//  Warning: Net 'rtlc1n13[20]' in module 'msrv_soc_ebufsmarb' has no pins
//  Warning: Net 'rtlc1n13[19]' in module 'msrv_soc_ebufsmarb' has no pins
//  Warning: Net 'rtlc1n13[18]' in module 'msrv_soc_ebufsmarb' has no pins
//  Warning: Net 'rtlc1n13[17]' in module 'msrv_soc_ebufsmarb' has no pins
//  Warning: Net 'rtlc1n13[16]' in module 'msrv_soc_ebufsmarb' has no pins
//  Warning: Net 'rtlc1n13[15]' in module 'msrv_soc_ebufsmarb' has no pins
//  Warning: Net 'rtlc1n13[14]' in module 'msrv_soc_ebufsmarb' has no pins
//  Warning: Net 'rtlc1n13[13]' in module 'msrv_soc_ebufsmarb' has no pins
//  Warning: Net 'rtlc1n13[12]' in module 'msrv_soc_ebufsmarb' has no pins
//  Warning: Net 'rtlc1n13[11]' in module 'msrv_soc_ebufsmarb' has no pins
//  Warning: Net 'rtlc1n13[10]' in module 'msrv_soc_ebufsmarb' has no pins
//  Warning: Net 'rtlc1n13[9]' in module 'msrv_soc_ebufsmarb' has no pins
//  Warning: Net 'rtlc1n13[8]' in module 'msrv_soc_ebufsmarb' has no pins
//  Warning: Net 'rtlc1n13[7]' in module 'msrv_soc_ebufsmarb' has no pins
//  Warning: Net 'rtlc1n13[6]' in module 'msrv_soc_ebufsmarb' has no pins
//  Warning: Net 'rtlc1n13[5]' in module 'msrv_soc_ebufsmarb' has no pins
//  Warning: Net 'rtlc1n13[4]' in module 'msrv_soc_ebufsmarb' has no pins
//  Warning: Net 'rtlc1n13[0]' in module 'msrv_soc_ebufsmarb' has no pins
//  Warning: Net 'rtlc1n15[31]' in module 'msrv_soc_ebufsmarb' has no pins
//  Warning: Net 'rtlc1n15[30]' in module 'msrv_soc_ebufsmarb' has no pins
//  Warning: Net 'rtlc1n15[29]' in module 'msrv_soc_ebufsmarb' has no pins
//  Warning: Net 'rtlc1n15[28]' in module 'msrv_soc_ebufsmarb' has no pins
//  Warning: Net 'rtlc1n15[27]' in module 'msrv_soc_ebufsmarb' has no pins
//  Warning: Net 'rtlc1n15[26]' in module 'msrv_soc_ebufsmarb' has no pins
//  Warning: Net 'rtlc1n15[25]' in module 'msrv_soc_ebufsmarb' has no pins
//  Warning: Net 'rtlc1n15[24]' in module 'msrv_soc_ebufsmarb' has no pins
//  Warning: Net 'rtlc1n15[23]' in module 'msrv_soc_ebufsmarb' has no pins
//  Warning: Net 'rtlc1n15[22]' in module 'msrv_soc_ebufsmarb' has no pins
//  Warning: Net 'rtlc1n15[21]' in module 'msrv_soc_ebufsmarb' has no pins
//  Warning: Net 'rtlc1n15[20]' in module 'msrv_soc_ebufsmarb' has no pins
//  Warning: Net 'rtlc1n15[19]' in module 'msrv_soc_ebufsmarb' has no pins
//  Warning: Net 'rtlc1n15[18]' in module 'msrv_soc_ebufsmarb' has no pins
//  Warning: Net 'rtlc1n15[17]' in module 'msrv_soc_ebufsmarb' has no pins
//  Warning: Net 'rtlc1n15[16]' in module 'msrv_soc_ebufsmarb' has no pins
//  Warning: Net 'rtlc1n15[15]' in module 'msrv_soc_ebufsmarb' has no pins
//  Warning: Net 'rtlc1n15[14]' in module 'msrv_soc_ebufsmarb' has no pins
//  Warning: Net 'rtlc1n15[13]' in module 'msrv_soc_ebufsmarb' has no pins
//  Warning: Net 'rtlc1n15[12]' in module 'msrv_soc_ebufsmarb' has no pins
//  Warning: Net 'rtlc1n15[11]' in module 'msrv_soc_ebufsmarb' has no pins
//  Warning: Net 'rtlc1n15[10]' in module 'msrv_soc_ebufsmarb' has no pins
//  Warning: Net 'rtlc1n15[9]' in module 'msrv_soc_ebufsmarb' has no pins
//  Warning: Net 'rtlc1n15[8]' in module 'msrv_soc_ebufsmarb' has no pins
//  Warning: Net 'rtlc1n15[7]' in module 'msrv_soc_ebufsmarb' has no pins
//  Warning: Net 'rtlc1n15[6]' in module 'msrv_soc_ebufsmarb' has no pins
//  Warning: Net 'rtlc1n15[5]' in module 'msrv_soc_ebufsmarb' has no pins
//  Warning: Net 'rtlc1n15[4]' in module 'msrv_soc_ebufsmarb' has no pins
//  Warning: Net 'rtlc1n15[0]' in module 'msrv_soc_ebufsmarb' has no pins
//  Warning: Net 'rtlcClkX' in module 'msrv_soc_ebufsmarb' has no pins
//  Warning: Net 'rtlcXXX' in module 'msrv_soc_ebufsmarb' has no pins
//  Warning: Net 'rtlcClkX' in module 'msrv_soc_flopenl_pv2' has no pins
//  Warning: Net 'rtlcXXX' in module 'msrv_soc_flopenl_pv2' has no pins
//  Warning: Net 'rtlcClkX' in module 'msrv_soc_flopr_pv1' has no pins
//  Warning: Net 'rtlcXXX' in module 'msrv_soc_flopr_pv1' has no pins
//  Warning: Net 'rtlcClkX' in module 'msrv_soc_counter' has no pins
//  Warning: Net 'rtlcXXX' in module 'msrv_soc_counter' has no pins
//  Warning: Net 'rtlcClkX' in module 'msrv_soc_flopenr_pv9' has no pins
//  Warning: Net 'rtlcXXX' in module 'msrv_soc_flopenr_pv9' has no pins
//  Warning: Net 'rtlcClkX' in module 'msrv_soc_flopenr_pv3_69' has no pins
//  Warning: Net 'rtlcXXX' in module 'msrv_soc_flopenr_pv3_69' has no pins
//  Warning: Net 'rtlcXXX' in module 'msrv_soc_privileged' has no pins
//  Warning: Net 'rtlcClkX' in module 'msrv_soc_privileged' has no pins
//  Warning: Net 'rtlcClkX' in module 'msrv_soc_privmode' has no pins
//  Warning: Net 'rtlcXXX' in module 'msrv_soc_privmode' has no pins
//  Warning: Net 'rtlcClkX' in module 'msrv_soc_flopenl_pv3' has no pins
//  Warning: Net 'rtlcXXX' in module 'msrv_soc_flopenl_pv3' has no pins
//  Warning: Net 'rtlc0n38[17]' in module 'msrv_soc_privdec' has no pins
//  Warning: Net 'rtlc0n4' in module 'msrv_soc_privdec' has no pins
//  Warning: Net 'rtlcClkX' in module 'msrv_soc_privdec' has no pins
//  Warning: Net 'rtlcXXX' in module 'msrv_soc_privdec' has no pins
//  Warning: Net 'rtlcClkX' in module 'msrv_soc_flopenrc_pv2_11' has no pins
//  Warning: Net 'rtlcXXX' in module 'msrv_soc_flopenrc_pv2_11' has no pins
//  Warning: Net 'rtlcClkX' in module 'msrv_soc_flopr_pv4' has no pins
//  Warning: Net 'rtlcXXX' in module 'msrv_soc_flopr_pv4' has no pins
//  Warning: Net 'rtlc0n16' in module 'msrv_soc_csr' has no pins
//  Warning: Net 'rtlcClkX' in module 'msrv_soc_csr' has no pins
//  Warning: Net 'rtlcXXX' in module 'msrv_soc_csr' has no pins
//  Warning: Net 'rtlc2n28[11]' in module 'msrv_soc_csri' has no pins
//  Warning: Net 'rtlc2n28[10]' in module 'msrv_soc_csri' has no pins
//  Warning: Net 'rtlc2n28[8]' in module 'msrv_soc_csri' has no pins
//  Warning: Net 'rtlc2n28[7]' in module 'msrv_soc_csri' has no pins
//  Warning: Net 'rtlc2n28[6]' in module 'msrv_soc_csri' has no pins
//  Warning: Net 'rtlc2n28[4]' in module 'msrv_soc_csri' has no pins
//  Warning: Net 'rtlc2n28[3]' in module 'msrv_soc_csri' has no pins
//  Warning: Net 'rtlc2n28[2]' in module 'msrv_soc_csri' has no pins
//  Warning: Net 'rtlc2n28[0]' in module 'msrv_soc_csri' has no pins
//  Warning: Net 'rtlcClkX' in module 'msrv_soc_csri' has no pins
//  Warning: Net 'rtlcXXX' in module 'msrv_soc_csri' has no pins
//  Warning: Net 'rtlcClkX' in module 'msrv_soc_csrsr' has no pins
//  Warning: Net 'rtlcXXX' in module 'msrv_soc_csrsr' has no pins
//  Warning: Net 'rtlc0n56[3]' in module 'msrv_soc_csrm' has no pins
//  Warning: Net 'rtlc0n56[2]' in module 'msrv_soc_csrm' has no pins
//  Warning: Net 'rtlc0n56[1]' in module 'msrv_soc_csrm' has no pins
//  Warning: Net 'rtlc0n56[0]' in module 'msrv_soc_csrm' has no pins
//  Warning: Net 'rtlcClkX' in module 'msrv_soc_csrm' has no pins
//  Warning: Net 'rtlcXXX' in module 'msrv_soc_csrm' has no pins
//  Warning: Net 'rtlcClkX' in module 'msrv_soc_flopenr_pv8_7' has no pins
//  Warning: Net 'rtlcXXX' in module 'msrv_soc_flopenr_pv8_7' has no pins
//  Warning: Net 'rtlcClkX' in module 'msrv_soc_flopenr_pv8_8' has no pins
//  Warning: Net 'rtlcXXX' in module 'msrv_soc_flopenr_pv8_8' has no pins
//  Warning: Net 'rtlcClkX' in module 'msrv_soc_flopenr_pv8_9' has no pins
//  Warning: Net 'rtlcXXX' in module 'msrv_soc_flopenr_pv8_9' has no pins
//  Warning: Net 'rtlcClkX' in module 'msrv_soc_flopenr_pv8_10' has no pins
//  Warning: Net 'rtlcXXX' in module 'msrv_soc_flopenr_pv8_10' has no pins
//  Warning: Net 'rtlcClkX' in module 'msrv_soc_flopenr_pv8_11' has no pins
//  Warning: Net 'rtlcXXX' in module 'msrv_soc_flopenr_pv8_11' has no pins
//  Warning: Net 'rtlcClkX' in module 'msrv_soc_flopenr_pv1_5' has no pins
//  Warning: Net 'rtlcXXX' in module 'msrv_soc_flopenr_pv1_5' has no pins
//  Warning: Net 'rtlcClkX' in module 'msrv_soc_flopenr_pv13_1' has no pins
//  Warning: Net 'rtlcXXX' in module 'msrv_soc_flopenr_pv13_1' has no pins
//  Warning: Net 'rtlcClkX' in module 'msrv_soc_flopenr_pv14_1' has no pins
//  Warning: Net 'rtlcXXX' in module 'msrv_soc_flopenr_pv14_1' has no pins
//  Warning: Net 'rtlcClkX' in module 'msrv_soc_flopenr_pv13_2' has no pins
//  Warning: Net 'rtlcXXX' in module 'msrv_soc_flopenr_pv13_2' has no pins
//  Warning: Net 'rtlcClkX' in module 'msrv_soc_flopenr_pv14_2' has no pins
//  Warning: Net 'rtlcXXX' in module 'msrv_soc_flopenr_pv14_2' has no pins
//  Warning: Net 'rtlcClkX' in module 'msrv_soc_flopenr_pv13_3' has no pins
//  Warning: Net 'rtlcXXX' in module 'msrv_soc_flopenr_pv13_3' has no pins
//  Warning: Net 'rtlcClkX' in module 'msrv_soc_flopenr_pv14_3' has no pins
//  Warning: Net 'rtlcXXX' in module 'msrv_soc_flopenr_pv14_3' has no pins
//  Warning: Net 'rtlcClkX' in module 'msrv_soc_flopenr_pv13_4' has no pins
//  Warning: Net 'rtlcXXX' in module 'msrv_soc_flopenr_pv13_4' has no pins
//  Warning: Net 'rtlcClkX' in module 'msrv_soc_flopenr_pv14_4' has no pins
//  Warning: Net 'rtlcXXX' in module 'msrv_soc_flopenr_pv14_4' has no pins
//  Warning: Net 'rtlcClkX' in module 'msrv_soc_flopenr_pv13_5' has no pins
//  Warning: Net 'rtlcXXX' in module 'msrv_soc_flopenr_pv13_5' has no pins
//  Warning: Net 'rtlcClkX' in module 'msrv_soc_flopenr_pv14_5' has no pins
//  Warning: Net 'rtlcXXX' in module 'msrv_soc_flopenr_pv14_5' has no pins
//  Warning: Net 'rtlcClkX' in module 'msrv_soc_flopenr_pv13_6' has no pins
//  Warning: Net 'rtlcXXX' in module 'msrv_soc_flopenr_pv13_6' has no pins
//  Warning: Net 'rtlcClkX' in module 'msrv_soc_flopenr_pv14_6' has no pins
//  Warning: Net 'rtlcXXX' in module 'msrv_soc_flopenr_pv14_6' has no pins
//  Warning: Net 'rtlcClkX' in module 'msrv_soc_flopenr_pv13_7' has no pins
//  Warning: Net 'rtlcXXX' in module 'msrv_soc_flopenr_pv13_7' has no pins
//  Warning: Net 'rtlcClkX' in module 'msrv_soc_flopenr_pv14_7' has no pins
//  Warning: Net 'rtlcXXX' in module 'msrv_soc_flopenr_pv14_7' has no pins
//  Warning: Net 'rtlcClkX' in module 'msrv_soc_flopenr_pv13_8' has no pins
//  Warning: Net 'rtlcXXX' in module 'msrv_soc_flopenr_pv13_8' has no pins
//  Warning: Net 'rtlcClkX' in module 'msrv_soc_flopenr_pv14_8' has no pins
//  Warning: Net 'rtlcXXX' in module 'msrv_soc_flopenr_pv14_8' has no pins
//  Warning: Net 'rtlcClkX' in module 'msrv_soc_flopenr_pv13_9' has no pins
//  Warning: Net 'rtlcXXX' in module 'msrv_soc_flopenr_pv13_9' has no pins
//  Warning: Net 'rtlcClkX' in module 'msrv_soc_flopenr_pv14_9' has no pins
//  Warning: Net 'rtlcXXX' in module 'msrv_soc_flopenr_pv14_9' has no pins
//  Warning: Net 'rtlcClkX' in module 'msrv_soc_flopenr_pv13_10' has no pins
//  Warning: Net 'rtlcXXX' in module 'msrv_soc_flopenr_pv13_10' has no pins
//  Warning: Net 'rtlcClkX' in module 'msrv_soc_flopenr_pv14_10' has no pins
//  Warning: Net 'rtlcXXX' in module 'msrv_soc_flopenr_pv14_10' has no pins
//  Warning: Net 'rtlcClkX' in module 'msrv_soc_flopenr_pv13_11' has no pins
//  Warning: Net 'rtlcXXX' in module 'msrv_soc_flopenr_pv13_11' has no pins
//  Warning: Net 'rtlcClkX' in module 'msrv_soc_flopenr_pv14_11' has no pins
//  Warning: Net 'rtlcXXX' in module 'msrv_soc_flopenr_pv14_11' has no pins
//  Warning: Net 'rtlcClkX' in module 'msrv_soc_flopenr_pv13_12' has no pins
//  Warning: Net 'rtlcXXX' in module 'msrv_soc_flopenr_pv13_12' has no pins
//  Warning: Net 'rtlcClkX' in module 'msrv_soc_flopenr_pv14_12' has no pins
//  Warning: Net 'rtlcXXX' in module 'msrv_soc_flopenr_pv14_12' has no pins
//  Warning: Net 'rtlcClkX' in module 'msrv_soc_flopenr_pv13_13' has no pins
//  Warning: Net 'rtlcXXX' in module 'msrv_soc_flopenr_pv13_13' has no pins
//  Warning: Net 'rtlcClkX' in module 'msrv_soc_flopenr_pv14_13' has no pins
//  Warning: Net 'rtlcXXX' in module 'msrv_soc_flopenr_pv14_13' has no pins
//  Warning: Net 'rtlcClkX' in module 'msrv_soc_flopenr_pv13_14' has no pins
//  Warning: Net 'rtlcXXX' in module 'msrv_soc_flopenr_pv13_14' has no pins
//  Warning: Net 'rtlcClkX' in module 'msrv_soc_flopenr_pv14_14' has no pins
//  Warning: Net 'rtlcXXX' in module 'msrv_soc_flopenr_pv14_14' has no pins
//  Warning: Net 'rtlcClkX' in module 'msrv_soc_flopenr_pv13_15' has no pins
//  Warning: Net 'rtlcXXX' in module 'msrv_soc_flopenr_pv13_15' has no pins
//  Warning: Net 'rtlcClkX' in module 'msrv_soc_flopenr_pv14_15' has no pins
//  Warning: Net 'rtlcXXX' in module 'msrv_soc_flopenr_pv14_15' has no pins
//  Warning: Net 'rtlcClkX' in module 'msrv_soc_flopenr_pv13' has no pins
//  Warning: Net 'rtlcXXX' in module 'msrv_soc_flopenr_pv13' has no pins
//  Warning: Net 'rtlcClkX' in module 'msrv_soc_flopenr_pv14' has no pins
//  Warning: Net 'rtlcXXX' in module 'msrv_soc_flopenr_pv14' has no pins
//  Warning: Net 'rtlcClkX' in module 'msrv_soc_flopenr' has no pins
//  Warning: Net 'rtlcXXX' in module 'msrv_soc_flopenr' has no pins
//  Warning: Net 'rtlcClkX' in module 'msrv_soc_flopenr_pv15' has no pins
//  Warning: Net 'rtlcXXX' in module 'msrv_soc_flopenr_pv15' has no pins
//  Warning: Net 'rtlcClkX' in module 'msrv_soc_flopenr_pv1_6' has no pins
//  Warning: Net 'rtlcXXX' in module 'msrv_soc_flopenr_pv1_6' has no pins
//  Warning: Net 'rtlcClkX' in module 'msrv_soc_flopenr_pv8_12' has no pins
//  Warning: Net 'rtlcXXX' in module 'msrv_soc_flopenr_pv8_12' has no pins
//  Warning: Net 'rtlcClkX' in module 'msrv_soc_flopenrc_pv3_14' has no pins
//  Warning: Net 'rtlcXXX' in module 'msrv_soc_flopenrc_pv3_14' has no pins
//  Warning: Net 'STIMECMP_REGW[0]' in module 'msrv_soc_csrs' has no pins
//  Warning: Net 'rtlc0n34[11]' in module 'msrv_soc_csrs' has no pins
//  Warning: Net 'rtlc0n34[10]' in module 'msrv_soc_csrs' has no pins
//  Warning: Net 'rtlc0n34[8]' in module 'msrv_soc_csrs' has no pins
//  Warning: Net 'rtlc0n34[7]' in module 'msrv_soc_csrs' has no pins
//  Warning: Net 'rtlc0n34[6]' in module 'msrv_soc_csrs' has no pins
//  Warning: Net 'rtlc0n34[4]' in module 'msrv_soc_csrs' has no pins
//  Warning: Net 'rtlc0n34[3]' in module 'msrv_soc_csrs' has no pins
//  Warning: Net 'rtlc0n34[2]' in module 'msrv_soc_csrs' has no pins
//  Warning: Net 'rtlc0n34[0]' in module 'msrv_soc_csrs' has no pins
//  Warning: Net 'rtlcALW_n0__n310[11]' in module 'msrv_soc_csrs' has no pins
//  Warning: Net 'rtlcALW_n0__n310[10]' in module 'msrv_soc_csrs' has no pins
//  Warning: Net 'rtlcALW_n0__n310[8]' in module 'msrv_soc_csrs' has no pins
//  Warning: Net 'rtlcALW_n0__n310[7]' in module 'msrv_soc_csrs' has no pins
//  Warning: Net 'rtlcALW_n0__n310[6]' in module 'msrv_soc_csrs' has no pins
//  Warning: Net 'rtlcALW_n0__n310[4]' in module 'msrv_soc_csrs' has no pins
//  Warning: Net 'rtlcALW_n0__n310[3]' in module 'msrv_soc_csrs' has no pins
//  Warning: Net 'rtlcALW_n0__n310[2]' in module 'msrv_soc_csrs' has no pins
//  Warning: Net 'rtlcALW_n0__n310[0]' in module 'msrv_soc_csrs' has no pins
//  Warning: Net 'rtlcClkX' in module 'msrv_soc_csrs' has no pins
//  Warning: Net 'rtlcXXX' in module 'msrv_soc_csrs' has no pins
//  Warning: Net 'rtlcClkX' in module 'msrv_soc_flopenr_pv8_13' has no pins
//  Warning: Net 'rtlcXXX' in module 'msrv_soc_flopenr_pv8_13' has no pins
//  Warning: Net 'rtlcClkX' in module 'msrv_soc_flopenr_pv8_14' has no pins
//  Warning: Net 'rtlcXXX' in module 'msrv_soc_flopenr_pv8_14' has no pins
//  Warning: Net 'rtlcClkX' in module 'msrv_soc_flopenr_pv8_15' has no pins
//  Warning: Net 'rtlcXXX' in module 'msrv_soc_flopenr_pv8_15' has no pins
//  Warning: Net 'rtlcClkX' in module 'msrv_soc_flopenr_pv8_16' has no pins
//  Warning: Net 'rtlcXXX' in module 'msrv_soc_flopenr_pv8_16' has no pins
//  Warning: Net 'rtlcClkX' in module 'msrv_soc_flopenr_pv8_17' has no pins
//  Warning: Net 'rtlcXXX' in module 'msrv_soc_flopenr_pv8_17' has no pins
//  Warning: Net 'rtlcClkX' in module 'msrv_soc_flopenr_pv1' has no pins
//  Warning: Net 'rtlcXXX' in module 'msrv_soc_flopenr_pv1' has no pins
//  Warning: Net 'rtlcClkX' in module 'msrv_soc_flopenr_pv8_18' has no pins
//  Warning: Net 'rtlcXXX' in module 'msrv_soc_flopenr_pv8_18' has no pins
//  Warning: Net 'rtlcClkX' in module 'msrv_soc_flopenr_pv8_19' has no pins
//  Warning: Net 'rtlcXXX' in module 'msrv_soc_flopenr_pv8_19' has no pins
//  Warning: Net 'rtlcClkX' in module 'msrv_soc_flopenr_pv8' has no pins
//  Warning: Net 'rtlcXXX' in module 'msrv_soc_flopenr_pv8' has no pins
//  Warning: Net 'rtlcClkX' in module 'msrv_soc_csru' has no pins
//  Warning: Net 'rtlcXXX' in module 'msrv_soc_csru' has no pins
//  Warning: Net 'rtlc1n1' in module 'msrv_soc_csru' has no pins
//  Warning: Net 'rtlc1n7' in module 'msrv_soc_csru' has no pins
//  Warning: Net 'rtlcClkX' in module 'msrv_soc_flopenr_pv6' has no pins
//  Warning: Net 'rtlcXXX' in module 'msrv_soc_flopenr_pv6' has no pins
//  Warning: Net 'rtlcClkX' in module 'msrv_soc_flopenr_pv16' has no pins
//  Warning: Net 'rtlcXXX' in module 'msrv_soc_flopenr_pv16' has no pins
//  Warning: Net 'rtlcClkX' in module 'msrv_soc_csrc' has no pins
//  Warning: Net 'rtlcXXX' in module 'msrv_soc_csrc' has no pins
//  Warning: Net 'rtlc32n8' in module 'msrv_soc_csrc' has no pins
//  Warning: Net 'rtlcClkX' in module 'msrv_soc_flopenrc_pv2_12' has no pins
//  Warning: Net 'rtlcXXX' in module 'msrv_soc_flopenrc_pv2_12' has no pins
//  Warning: Net 'rtlcClkX' in module 'msrv_soc_flopenrc_pv2_13' has no pins
//  Warning: Net 'rtlcXXX' in module 'msrv_soc_flopenrc_pv2_13' has no pins
//  Warning: Net 'rtlcClkX' in module 'msrv_soc_flopenrc_pv2_14' has no pins
//  Warning: Net 'rtlcXXX' in module 'msrv_soc_flopenrc_pv2_14' has no pins
//  Warning: Net 'rtlcClkX' in module 'msrv_soc_flopenrc_pv2_15' has no pins
//  Warning: Net 'rtlcXXX' in module 'msrv_soc_flopenrc_pv2_15' has no pins
//  Warning: Net 'rtlcClkX' in module 'msrv_soc_privpiperegs' has no pins
//  Warning: Net 'rtlcXXX' in module 'msrv_soc_privpiperegs' has no pins
//  Warning: Net 'rtlcClkX' in module 'msrv_soc_flopenrc_pv4_4' has no pins
//  Warning: Net 'rtlcXXX' in module 'msrv_soc_flopenrc_pv4_4' has no pins
//  Warning: Net 'rtlcClkX' in module 'msrv_soc_flopenrc_pv8_7' has no pins
//  Warning: Net 'rtlcXXX' in module 'msrv_soc_flopenrc_pv8_7' has no pins
//  Warning: Net 'rtlcClkX' in module 'msrv_soc_flopenrc_pv8_8' has no pins
//  Warning: Net 'rtlcXXX' in module 'msrv_soc_flopenrc_pv8_8' has no pins
//  Warning: Net 'rtlcClkX' in module 'msrv_soc_trap' has no pins
//  Warning: Net 'rtlcXXX' in module 'msrv_soc_trap' has no pins
//  Warning: Net 'rtlc1n1' in module 'msrv_soc_trap' has no pins
//  Warning: Net 'rtlcClkX' in module 'msrv_soc_mdu' has no pins
//  Warning: Net 'rtlcXXX' in module 'msrv_soc_mdu' has no pins
//  Warning: Net 'PP4M[0]' in module 'msrv_soc_mul' has no pins
//  Warning: Net 'rtlcClkX' in module 'msrv_soc_mul' has no pins
//  Warning: Net 'rtlcXXX' in module 'msrv_soc_mul' has no pins
//  Warning: Net 'rtlcClkX' in module 'msrv_soc_flopenrc_pv10_1' has no pins
//  Warning: Net 'rtlcXXX' in module 'msrv_soc_flopenrc_pv10_1' has no pins
//  Warning: Net 'rtlcClkX' in module 'msrv_soc_flopenrc_pv10_2' has no pins
//  Warning: Net 'rtlcXXX' in module 'msrv_soc_flopenrc_pv10_2' has no pins
//  Warning: Net 'rtlcClkX' in module 'msrv_soc_flopenrc_pv10_3' has no pins
//  Warning: Net 'rtlcXXX' in module 'msrv_soc_flopenrc_pv10_3' has no pins
//  Warning: Net 'rtlcClkX' in module 'msrv_soc_flopenrc_pv10' has no pins
//  Warning: Net 'rtlcXXX' in module 'msrv_soc_flopenrc_pv10' has no pins
//  Warning: Net 'rtlcClkX' in module 'msrv_soc_flopenrc_pv2_16' has no pins
//  Warning: Net 'rtlcXXX' in module 'msrv_soc_flopenrc_pv2_16' has no pins
//  Warning: Net 'rtlcClkX' in module 'msrv_soc_flopenrc_pv3_15' has no pins
//  Warning: Net 'rtlcXXX' in module 'msrv_soc_flopenrc_pv3_15' has no pins
//  Warning: Net 'rtlcn3[1]' in module 'msrv_soc_fpu' has no pins
//  Warning: Net 'rtlcn4[0]' in module 'msrv_soc_fpu' has no pins
//  Warning: Net 'rtlcClkX' in module 'msrv_soc_fpu' has no pins
//  Warning: Net 'rtlcXXX' in module 'msrv_soc_fpu' has no pins
//  Warning: Net 'rtlcn1[17]' in module 'msrv_soc_fctrl' has no pins
//  Warning: Net 'rtlcn1[16]' in module 'msrv_soc_fctrl' has no pins
//  Warning: Net 'rtlcn1[15]' in module 'msrv_soc_fctrl' has no pins
//  Warning: Net 'rtlcn1[14]' in module 'msrv_soc_fctrl' has no pins
//  Warning: Net 'rtlcn1[13]' in module 'msrv_soc_fctrl' has no pins
//  Warning: Net 'rtlcn1[12]' in module 'msrv_soc_fctrl' has no pins
//  Warning: Net 'rtlcn1[11]' in module 'msrv_soc_fctrl' has no pins
//  Warning: Net 'rtlcn1[10]' in module 'msrv_soc_fctrl' has no pins
//  Warning: Net 'rtlcn1[9]' in module 'msrv_soc_fctrl' has no pins
//  Warning: Net 'rtlcn1[8]' in module 'msrv_soc_fctrl' has no pins
//  Warning: Net 'rtlcn1[7]' in module 'msrv_soc_fctrl' has no pins
//  Warning: Net 'rtlcn1[6]' in module 'msrv_soc_fctrl' has no pins
//  Warning: Net 'rtlcn1[5]' in module 'msrv_soc_fctrl' has no pins
//  Warning: Net 'rtlcn1[4]' in module 'msrv_soc_fctrl' has no pins
//  Warning: Net 'rtlcn1[3]' in module 'msrv_soc_fctrl' has no pins
//  Warning: Net 'rtlcn1[2]' in module 'msrv_soc_fctrl' has no pins
//  Warning: Net 'rtlcn1[1]' in module 'msrv_soc_fctrl' has no pins
//  Warning: Net 'rtlcClkX' in module 'msrv_soc_fctrl' has no pins
//  Warning: Net 'rtlcXXX' in module 'msrv_soc_fctrl' has no pins
//  Warning: Net 'rtlc0n1_rtlcALW_n0' in module 'msrv_soc_fctrl' has no pins
//  Warning: Net 'rtlc0n3_rtlcALW_n0' in module 'msrv_soc_fctrl' has no pins
//  Warning: Net 'rtlc0n9' in module 'msrv_soc_fctrl' has no pins
//  Warning: Net 'rtlc0n10_rtlcALW_n0' in module 'msrv_soc_fctrl' has no pins
//  Warning: Net 'rtlc0n11' in module 'msrv_soc_fctrl' has no pins
//  Warning: Net 'rtlc0n12' in module 'msrv_soc_fctrl' has no pins
//  Warning: Net 'rtlcClkX' in module 'msrv_soc_flopenrc_pv11' has no pins
//  Warning: Net 'rtlcXXX' in module 'msrv_soc_flopenrc_pv11' has no pins
//  Warning: Net 'rtlcClkX' in module 'msrv_soc_flopenrc_pv12' has no pins
//  Warning: Net 'rtlcXXX' in module 'msrv_soc_flopenrc_pv12' has no pins
//  Warning: Net 'rtlcClkX' in module 'msrv_soc_flopenrc_pv2' has no pins
//  Warning: Net 'rtlcXXX' in module 'msrv_soc_flopenrc_pv2' has no pins
//  Warning: Net 'rtlcClkX' in module 'msrv_soc_flopenrc_pv13' has no pins
//  Warning: Net 'rtlcXXX' in module 'msrv_soc_flopenrc_pv13' has no pins
//  Warning: Net 'rtlcClkX' in module 'msrv_soc_flopenrc_pv5' has no pins
//  Warning: Net 'rtlcXXX' in module 'msrv_soc_flopenrc_pv5' has no pins
//  Warning: Net 'rtlcClkX' in module 'msrv_soc_flopenrc_pv4' has no pins
//  Warning: Net 'rtlcXXX' in module 'msrv_soc_flopenrc_pv4' has no pins
//  Warning: Net 'rf[0]' in module 'msrv_soc_fregfile' has no pins
//  Warning: Net 'rtlc0n0[63]' in module 'msrv_soc_fregfile' has no pins
//  Warning: Net 'rtlc0n0[62]' in module 'msrv_soc_fregfile' has no pins
//  Warning: Net 'rtlc0n0[61]' in module 'msrv_soc_fregfile' has no pins
//  Warning: Net 'rtlc0n0[60]' in module 'msrv_soc_fregfile' has no pins
//  Warning: Net 'rtlc0n0[59]' in module 'msrv_soc_fregfile' has no pins
//  Warning: Net 'rtlc0n0[58]' in module 'msrv_soc_fregfile' has no pins
//  Warning: Net 'rtlc0n0[57]' in module 'msrv_soc_fregfile' has no pins
//  Warning: Net 'rtlc0n0[56]' in module 'msrv_soc_fregfile' has no pins
//  Warning: Net 'rtlc0n0[55]' in module 'msrv_soc_fregfile' has no pins
//  Warning: Net 'rtlc0n0[54]' in module 'msrv_soc_fregfile' has no pins
//  Warning: Net 'rtlc0n0[53]' in module 'msrv_soc_fregfile' has no pins
//  Warning: Net 'rtlc0n0[52]' in module 'msrv_soc_fregfile' has no pins
//  Warning: Net 'rtlc0n0[51]' in module 'msrv_soc_fregfile' has no pins
//  Warning: Net 'rtlc0n0[50]' in module 'msrv_soc_fregfile' has no pins
//  Warning: Net 'rtlc0n0[49]' in module 'msrv_soc_fregfile' has no pins
//  Warning: Net 'rtlc0n0[48]' in module 'msrv_soc_fregfile' has no pins
//  Warning: Net 'rtlc0n0[47]' in module 'msrv_soc_fregfile' has no pins
//  Warning: Net 'rtlc0n0[46]' in module 'msrv_soc_fregfile' has no pins
//  Warning: Net 'rtlc0n0[45]' in module 'msrv_soc_fregfile' has no pins
//  Warning: Net 'rtlc0n0[44]' in module 'msrv_soc_fregfile' has no pins
//  Warning: Net 'rtlc0n0[43]' in module 'msrv_soc_fregfile' has no pins
//  Warning: Net 'rtlc0n0[42]' in module 'msrv_soc_fregfile' has no pins
//  Warning: Net 'rtlc0n0[41]' in module 'msrv_soc_fregfile' has no pins
//  Warning: Net 'rtlc0n0[40]' in module 'msrv_soc_fregfile' has no pins
//  Warning: Net 'rtlc0n0[39]' in module 'msrv_soc_fregfile' has no pins
//  Warning: Net 'rtlc0n0[38]' in module 'msrv_soc_fregfile' has no pins
//  Warning: Net 'rtlc0n0[37]' in module 'msrv_soc_fregfile' has no pins
//  Warning: Net 'rtlc0n0[36]' in module 'msrv_soc_fregfile' has no pins
//  Warning: Net 'rtlc0n0[35]' in module 'msrv_soc_fregfile' has no pins
//  Warning: Net 'rtlc0n0[34]' in module 'msrv_soc_fregfile' has no pins
//  Warning: Net 'rtlc0n0[33]' in module 'msrv_soc_fregfile' has no pins
//  Warning: Net 'rtlc0n0[32]' in module 'msrv_soc_fregfile' has no pins
//  Warning: Net 'rtlc0n0[31]' in module 'msrv_soc_fregfile' has no pins
//  Warning: Net 'rtlc0n0[30]' in module 'msrv_soc_fregfile' has no pins
//  Warning: Net 'rtlc0n0[29]' in module 'msrv_soc_fregfile' has no pins
//  Warning: Net 'rtlc0n0[28]' in module 'msrv_soc_fregfile' has no pins
//  Warning: Net 'rtlc0n0[27]' in module 'msrv_soc_fregfile' has no pins
//  Warning: Net 'rtlc0n0[26]' in module 'msrv_soc_fregfile' has no pins
//  Warning: Net 'rtlc0n0[25]' in module 'msrv_soc_fregfile' has no pins
//  Warning: Net 'rtlc0n0[24]' in module 'msrv_soc_fregfile' has no pins
//  Warning: Net 'rtlc0n0[23]' in module 'msrv_soc_fregfile' has no pins
//  Warning: Net 'rtlc0n0[22]' in module 'msrv_soc_fregfile' has no pins
//  Warning: Net 'rtlc0n0[21]' in module 'msrv_soc_fregfile' has no pins
//  Warning: Net 'rtlc0n0[20]' in module 'msrv_soc_fregfile' has no pins
//  Warning: Net 'rtlc0n0[19]' in module 'msrv_soc_fregfile' has no pins
//  Warning: Net 'rtlc0n0[18]' in module 'msrv_soc_fregfile' has no pins
//  Warning: Net 'rtlc0n0[17]' in module 'msrv_soc_fregfile' has no pins
//  Warning: Net 'rtlc0n0[16]' in module 'msrv_soc_fregfile' has no pins
//  Warning: Net 'rtlc0n0[15]' in module 'msrv_soc_fregfile' has no pins
//  Warning: Net 'rtlc0n0[14]' in module 'msrv_soc_fregfile' has no pins
//  Warning: Net 'rtlc0n0[13]' in module 'msrv_soc_fregfile' has no pins
//  Warning: Net 'rtlc0n0[12]' in module 'msrv_soc_fregfile' has no pins
//  Warning: Net 'rtlc0n0[11]' in module 'msrv_soc_fregfile' has no pins
//  Warning: Net 'rtlc0n0[10]' in module 'msrv_soc_fregfile' has no pins
//  Warning: Net 'rtlc0n0[9]' in module 'msrv_soc_fregfile' has no pins
//  Warning: Net 'rtlc0n0[8]' in module 'msrv_soc_fregfile' has no pins
//  Warning: Net 'rtlc0n0[7]' in module 'msrv_soc_fregfile' has no pins
//  Warning: Net 'rtlc0n0[6]' in module 'msrv_soc_fregfile' has no pins
//  Warning: Net 'rtlc0n0[5]' in module 'msrv_soc_fregfile' has no pins
//  Warning: Net 'rtlc0n0[4]' in module 'msrv_soc_fregfile' has no pins
//  Warning: Net 'rtlc0n0[3]' in module 'msrv_soc_fregfile' has no pins
//  Warning: Net 'rtlc0n0[2]' in module 'msrv_soc_fregfile' has no pins
//  Warning: Net 'rtlc0n0[1]' in module 'msrv_soc_fregfile' has no pins
//  Warning: Net 'rtlc0n0[0]' in module 'msrv_soc_fregfile' has no pins
//  Warning: Net 'rtlcClkX' in module 'msrv_soc_fregfile' has no pins
//  Warning: Net 'rtlcXXX' in module 'msrv_soc_fregfile' has no pins
//  Warning: Net 'rtlcClkX' in module 'msrv_soc_flopenrc_pv3_16' has no pins
//  Warning: Net 'rtlcXXX' in module 'msrv_soc_flopenrc_pv3_16' has no pins
//  Warning: Net 'rtlcClkX' in module 'msrv_soc_flopenrc_pv3_17' has no pins
//  Warning: Net 'rtlcXXX' in module 'msrv_soc_flopenrc_pv3_17' has no pins
//  Warning: Net 'rtlcClkX' in module 'msrv_soc_flopenrc_pv3_18' has no pins
//  Warning: Net 'rtlcXXX' in module 'msrv_soc_flopenrc_pv3_18' has no pins
//  Warning: Net 'rtlcClkX' in module 'msrv_soc_fhazard' has no pins
//  Warning: Net 'rtlcXXX' in module 'msrv_soc_fhazard' has no pins
//  Warning: Net 'rtlcXXX' in module 'msrv_soc_unpack' has no pins
//  Warning: Net 'rtlcClkX' in module 'msrv_soc_unpack' has no pins
//  Warning: Net 'rtlcClkX' in module 'msrv_soc_unpackinput' has no pins
//  Warning: Net 'rtlcXXX' in module 'msrv_soc_unpackinput' has no pins
//  Warning: Net 'rtlcXXX' in module 'msrv_soc_fmtparams' has no pins
//  Warning: Net 'rtlcClkX' in module 'msrv_soc_fmtparams' has no pins
//  Warning: Net 'rtlcClkX' in module 'msrv_soc_fma' has no pins
//  Warning: Net 'rtlcXXX' in module 'msrv_soc_fma' has no pins
//  Warning: Net 'rtlc0n19[12]' in module 'msrv_soc_fmaexpadd' has no pins
//  Warning: Net 'rtlc0n16[11]' in module 'msrv_soc_fmaexpadd' has no pins
//  Warning: Net 'rtlcClkX' in module 'msrv_soc_fmaexpadd' has no pins
//  Warning: Net 'rtlcXXX' in module 'msrv_soc_fmaexpadd' has no pins
//  Warning: Net 'rtlcClkX' in module 'msrv_soc_fmamult' has no pins
//  Warning: Net 'rtlcXXX' in module 'msrv_soc_fmamult' has no pins
//  Warning: Net 'rtlcClkX' in module 'msrv_soc_fmasign' has no pins
//  Warning: Net 'rtlcXXX' in module 'msrv_soc_fmasign' has no pins
//  Warning: Net 'rtlc1n28[12]' in module 'msrv_soc_fmaalign' has no pins
//  Warning: Net 'rtlc1n25[11]' in module 'msrv_soc_fmaalign' has no pins
//  Warning: Net 'rtlcClkX' in module 'msrv_soc_fmaalign' has no pins
//  Warning: Net 'rtlcXXX' in module 'msrv_soc_fmaalign' has no pins
//  Warning: Net 'rtlcClkX' in module 'msrv_soc_fmaadd' has no pins
//  Warning: Net 'rtlcXXX' in module 'msrv_soc_fmaadd' has no pins
//  Warning: Net 'rtlcClkX' in module 'msrv_soc_fmalza' has no pins
//  Warning: Net 'rtlcXXX' in module 'msrv_soc_fmalza' has no pins
//  Warning: Net 'rtlcClkX' in module 'msrv_soc_lzc_pv1' has no pins
//  Warning: Net 'rtlcXXX' in module 'msrv_soc_lzc_pv1' has no pins
//  Warning: Net 'rtlcXXX' in module 'msrv_soc_fdivsqrt' has no pins
//  Warning: Net 'rtlcClkX' in module 'msrv_soc_fdivsqrt' has no pins
//  Warning: Net 'rtlcn3[63]' in module 'msrv_soc_fdivsqrtpreproc' has no pins
//  Warning: Net 'rtlcn3[62]' in module 'msrv_soc_fdivsqrtpreproc' has no pins
//  Warning: Net 'rtlcn3[61]' in module 'msrv_soc_fdivsqrtpreproc' has no pins
//  Warning: Net 'rtlcn3[60]' in module 'msrv_soc_fdivsqrtpreproc' has no pins
//  Warning: Net 'rtlcn3[59]' in module 'msrv_soc_fdivsqrtpreproc' has no pins
//  Warning: Net 'rtlcn3[58]' in module 'msrv_soc_fdivsqrtpreproc' has no pins
//  Warning: Net 'rtlcn3[57]' in module 'msrv_soc_fdivsqrtpreproc' has no pins
//  Warning: Net 'rtlcn3[56]' in module 'msrv_soc_fdivsqrtpreproc' has no pins
//  Warning: Net 'rtlcn3[55]' in module 'msrv_soc_fdivsqrtpreproc' has no pins
//  Warning: Net 'rtlcn3[54]' in module 'msrv_soc_fdivsqrtpreproc' has no pins
//  Warning: Net 'rtlcn3[53]' in module 'msrv_soc_fdivsqrtpreproc' has no pins
//  Warning: Net 'rtlcn3[52]' in module 'msrv_soc_fdivsqrtpreproc' has no pins
//  Warning: Net 'rtlcn3[51]' in module 'msrv_soc_fdivsqrtpreproc' has no pins
//  Warning: Net 'rtlcn3[50]' in module 'msrv_soc_fdivsqrtpreproc' has no pins
//  Warning: Net 'rtlcn3[49]' in module 'msrv_soc_fdivsqrtpreproc' has no pins
//  Warning: Net 'rtlcn3[48]' in module 'msrv_soc_fdivsqrtpreproc' has no pins
//  Warning: Net 'rtlcn3[47]' in module 'msrv_soc_fdivsqrtpreproc' has no pins
//  Warning: Net 'rtlcn3[46]' in module 'msrv_soc_fdivsqrtpreproc' has no pins
//  Warning: Net 'rtlcn3[45]' in module 'msrv_soc_fdivsqrtpreproc' has no pins
//  Warning: Net 'rtlcn3[44]' in module 'msrv_soc_fdivsqrtpreproc' has no pins
//  Warning: Net 'rtlcn3[43]' in module 'msrv_soc_fdivsqrtpreproc' has no pins
//  Warning: Net 'rtlcn3[42]' in module 'msrv_soc_fdivsqrtpreproc' has no pins
//  Warning: Net 'rtlcn3[41]' in module 'msrv_soc_fdivsqrtpreproc' has no pins
//  Warning: Net 'rtlcn3[40]' in module 'msrv_soc_fdivsqrtpreproc' has no pins
//  Warning: Net 'rtlcn3[39]' in module 'msrv_soc_fdivsqrtpreproc' has no pins
//  Warning: Net 'rtlcn3[38]' in module 'msrv_soc_fdivsqrtpreproc' has no pins
//  Warning: Net 'rtlcn3[37]' in module 'msrv_soc_fdivsqrtpreproc' has no pins
//  Warning: Net 'rtlcn3[36]' in module 'msrv_soc_fdivsqrtpreproc' has no pins
//  Warning: Net 'rtlcn3[35]' in module 'msrv_soc_fdivsqrtpreproc' has no pins
//  Warning: Net 'rtlcn3[34]' in module 'msrv_soc_fdivsqrtpreproc' has no pins
//  Warning: Net 'rtlcn3[33]' in module 'msrv_soc_fdivsqrtpreproc' has no pins
//  Warning: Net 'rtlcn3[31]' in module 'msrv_soc_fdivsqrtpreproc' has no pins
//  Warning: Net 'rtlcn3[30]' in module 'msrv_soc_fdivsqrtpreproc' has no pins
//  Warning: Net 'rtlcn3[29]' in module 'msrv_soc_fdivsqrtpreproc' has no pins
//  Warning: Net 'rtlcn3[28]' in module 'msrv_soc_fdivsqrtpreproc' has no pins
//  Warning: Net 'rtlcn3[27]' in module 'msrv_soc_fdivsqrtpreproc' has no pins
//  Warning: Net 'rtlcn3[26]' in module 'msrv_soc_fdivsqrtpreproc' has no pins
//  Warning: Net 'rtlcn3[25]' in module 'msrv_soc_fdivsqrtpreproc' has no pins
//  Warning: Net 'rtlcn3[24]' in module 'msrv_soc_fdivsqrtpreproc' has no pins
//  Warning: Net 'rtlcn3[23]' in module 'msrv_soc_fdivsqrtpreproc' has no pins
//  Warning: Net 'rtlcn3[22]' in module 'msrv_soc_fdivsqrtpreproc' has no pins
//  Warning: Net 'rtlcn3[21]' in module 'msrv_soc_fdivsqrtpreproc' has no pins
//  Warning: Net 'rtlcn3[20]' in module 'msrv_soc_fdivsqrtpreproc' has no pins
//  Warning: Net 'rtlcn3[19]' in module 'msrv_soc_fdivsqrtpreproc' has no pins
//  Warning: Net 'rtlcn3[18]' in module 'msrv_soc_fdivsqrtpreproc' has no pins
//  Warning: Net 'rtlcn3[17]' in module 'msrv_soc_fdivsqrtpreproc' has no pins
//  Warning: Net 'rtlcn3[16]' in module 'msrv_soc_fdivsqrtpreproc' has no pins
//  Warning: Net 'rtlcn3[15]' in module 'msrv_soc_fdivsqrtpreproc' has no pins
//  Warning: Net 'rtlcn3[14]' in module 'msrv_soc_fdivsqrtpreproc' has no pins
//  Warning: Net 'rtlcn3[13]' in module 'msrv_soc_fdivsqrtpreproc' has no pins
//  Warning: Net 'rtlcn3[12]' in module 'msrv_soc_fdivsqrtpreproc' has no pins
//  Warning: Net 'rtlcn3[11]' in module 'msrv_soc_fdivsqrtpreproc' has no pins
//  Warning: Net 'rtlcn3[10]' in module 'msrv_soc_fdivsqrtpreproc' has no pins
//  Warning: Net 'rtlcn3[9]' in module 'msrv_soc_fdivsqrtpreproc' has no pins
//  Warning: Net 'rtlcn3[8]' in module 'msrv_soc_fdivsqrtpreproc' has no pins
//  Warning: Net 'rtlcn3[7]' in module 'msrv_soc_fdivsqrtpreproc' has no pins
//  Warning: Net 'rtlcn3[6]' in module 'msrv_soc_fdivsqrtpreproc' has no pins
//  Warning: Net 'rtlcn3[5]' in module 'msrv_soc_fdivsqrtpreproc' has no pins
//  Warning: Net 'rtlcn3[4]' in module 'msrv_soc_fdivsqrtpreproc' has no pins
//  Warning: Net 'rtlcn3[3]' in module 'msrv_soc_fdivsqrtpreproc' has no pins
//  Warning: Net 'rtlcn3[2]' in module 'msrv_soc_fdivsqrtpreproc' has no pins
//  Warning: Net 'rtlcn3[1]' in module 'msrv_soc_fdivsqrtpreproc' has no pins
//  Warning: Net 'rtlcn3[0]' in module 'msrv_soc_fdivsqrtpreproc' has no pins
//  Warning: Net 'rtlcn4[63]' in module 'msrv_soc_fdivsqrtpreproc' has no pins
//  Warning: Net 'rtlcn4[62]' in module 'msrv_soc_fdivsqrtpreproc' has no pins
//  Warning: Net 'rtlcn4[61]' in module 'msrv_soc_fdivsqrtpreproc' has no pins
//  Warning: Net 'rtlcn4[60]' in module 'msrv_soc_fdivsqrtpreproc' has no pins
//  Warning: Net 'rtlcn4[59]' in module 'msrv_soc_fdivsqrtpreproc' has no pins
//  Warning: Net 'rtlcn4[58]' in module 'msrv_soc_fdivsqrtpreproc' has no pins
//  Warning: Net 'rtlcn4[57]' in module 'msrv_soc_fdivsqrtpreproc' has no pins
//  Warning: Net 'rtlcn4[56]' in module 'msrv_soc_fdivsqrtpreproc' has no pins
//  Warning: Net 'rtlcn4[55]' in module 'msrv_soc_fdivsqrtpreproc' has no pins
//  Warning: Net 'rtlcn4[54]' in module 'msrv_soc_fdivsqrtpreproc' has no pins
//  Warning: Net 'rtlcn4[53]' in module 'msrv_soc_fdivsqrtpreproc' has no pins
//  Warning: Net 'rtlcn4[52]' in module 'msrv_soc_fdivsqrtpreproc' has no pins
//  Warning: Net 'rtlcn4[51]' in module 'msrv_soc_fdivsqrtpreproc' has no pins
//  Warning: Net 'rtlcn4[50]' in module 'msrv_soc_fdivsqrtpreproc' has no pins
//  Warning: Net 'rtlcn4[49]' in module 'msrv_soc_fdivsqrtpreproc' has no pins
//  Warning: Net 'rtlcn4[48]' in module 'msrv_soc_fdivsqrtpreproc' has no pins
//  Warning: Net 'rtlcn4[47]' in module 'msrv_soc_fdivsqrtpreproc' has no pins
//  Warning: Net 'rtlcn4[46]' in module 'msrv_soc_fdivsqrtpreproc' has no pins
//  Warning: Net 'rtlcn4[45]' in module 'msrv_soc_fdivsqrtpreproc' has no pins
//  Warning: Net 'rtlcn4[44]' in module 'msrv_soc_fdivsqrtpreproc' has no pins
//  Warning: Net 'rtlcn4[43]' in module 'msrv_soc_fdivsqrtpreproc' has no pins
//  Warning: Net 'rtlcn4[42]' in module 'msrv_soc_fdivsqrtpreproc' has no pins
//  Warning: Net 'rtlcn4[41]' in module 'msrv_soc_fdivsqrtpreproc' has no pins
//  Warning: Net 'rtlcn4[40]' in module 'msrv_soc_fdivsqrtpreproc' has no pins
//  Warning: Net 'rtlcn4[39]' in module 'msrv_soc_fdivsqrtpreproc' has no pins
//  Warning: Net 'rtlcn4[38]' in module 'msrv_soc_fdivsqrtpreproc' has no pins
//  Warning: Net 'rtlcn4[37]' in module 'msrv_soc_fdivsqrtpreproc' has no pins
//  Warning: Net 'rtlcn4[36]' in module 'msrv_soc_fdivsqrtpreproc' has no pins
//  Warning: Net 'rtlcn4[35]' in module 'msrv_soc_fdivsqrtpreproc' has no pins
//  Warning: Net 'rtlcn4[34]' in module 'msrv_soc_fdivsqrtpreproc' has no pins
//  Warning: Net 'rtlcn4[33]' in module 'msrv_soc_fdivsqrtpreproc' has no pins
//  Warning: Net 'rtlcn4[31]' in module 'msrv_soc_fdivsqrtpreproc' has no pins
//  Warning: Net 'rtlcn4[30]' in module 'msrv_soc_fdivsqrtpreproc' has no pins
//  Warning: Net 'rtlcn4[29]' in module 'msrv_soc_fdivsqrtpreproc' has no pins
//  Warning: Net 'rtlcn4[28]' in module 'msrv_soc_fdivsqrtpreproc' has no pins
//  Warning: Net 'rtlcn4[27]' in module 'msrv_soc_fdivsqrtpreproc' has no pins
//  Warning: Net 'rtlcn4[26]' in module 'msrv_soc_fdivsqrtpreproc' has no pins
//  Warning: Net 'rtlcn4[25]' in module 'msrv_soc_fdivsqrtpreproc' has no pins
//  Warning: Net 'rtlcn4[24]' in module 'msrv_soc_fdivsqrtpreproc' has no pins
//  Warning: Net 'rtlcn4[23]' in module 'msrv_soc_fdivsqrtpreproc' has no pins
//  Warning: Net 'rtlcn4[22]' in module 'msrv_soc_fdivsqrtpreproc' has no pins
//  Warning: Net 'rtlcn4[21]' in module 'msrv_soc_fdivsqrtpreproc' has no pins
//  Warning: Net 'rtlcn4[20]' in module 'msrv_soc_fdivsqrtpreproc' has no pins
//  Warning: Net 'rtlcn4[19]' in module 'msrv_soc_fdivsqrtpreproc' has no pins
//  Warning: Net 'rtlcn4[18]' in module 'msrv_soc_fdivsqrtpreproc' has no pins
//  Warning: Net 'rtlcn4[17]' in module 'msrv_soc_fdivsqrtpreproc' has no pins
//  Warning: Net 'rtlcn4[16]' in module 'msrv_soc_fdivsqrtpreproc' has no pins
//  Warning: Net 'rtlcn4[15]' in module 'msrv_soc_fdivsqrtpreproc' has no pins
//  Warning: Net 'rtlcn4[14]' in module 'msrv_soc_fdivsqrtpreproc' has no pins
//  Warning: Net 'rtlcn4[13]' in module 'msrv_soc_fdivsqrtpreproc' has no pins
//  Warning: Net 'rtlcn4[12]' in module 'msrv_soc_fdivsqrtpreproc' has no pins
//  Warning: Net 'rtlcn4[11]' in module 'msrv_soc_fdivsqrtpreproc' has no pins
//  Warning: Net 'rtlcn4[10]' in module 'msrv_soc_fdivsqrtpreproc' has no pins
//  Warning: Net 'rtlcn4[9]' in module 'msrv_soc_fdivsqrtpreproc' has no pins
//  Warning: Net 'rtlcn4[8]' in module 'msrv_soc_fdivsqrtpreproc' has no pins
//  Warning: Net 'rtlcn4[7]' in module 'msrv_soc_fdivsqrtpreproc' has no pins
//  Warning: Net 'rtlcn4[6]' in module 'msrv_soc_fdivsqrtpreproc' has no pins
//  Warning: Net 'rtlcn4[5]' in module 'msrv_soc_fdivsqrtpreproc' has no pins
//  Warning: Net 'rtlcn4[4]' in module 'msrv_soc_fdivsqrtpreproc' has no pins
//  Warning: Net 'rtlcn4[3]' in module 'msrv_soc_fdivsqrtpreproc' has no pins
//  Warning: Net 'rtlcn4[2]' in module 'msrv_soc_fdivsqrtpreproc' has no pins
//  Warning: Net 'rtlcn4[1]' in module 'msrv_soc_fdivsqrtpreproc' has no pins
//  Warning: Net 'rtlcn4[0]' in module 'msrv_soc_fdivsqrtpreproc' has no pins
//  Warning: Net 'rtlc0n180[31]' in module 'msrv_soc_fdivsqrtpreproc' has no pins
//  Warning: Net 'rtlc0n180[30]' in module 'msrv_soc_fdivsqrtpreproc' has no pins
//  Warning: Net 'rtlc0n180[29]' in module 'msrv_soc_fdivsqrtpreproc' has no pins
//  Warning: Net 'rtlc0n180[28]' in module 'msrv_soc_fdivsqrtpreproc' has no pins
//  Warning: Net 'rtlc0n180[27]' in module 'msrv_soc_fdivsqrtpreproc' has no pins
//  Warning: Net 'rtlc0n180[26]' in module 'msrv_soc_fdivsqrtpreproc' has no pins
//  Warning: Net 'rtlc0n180[25]' in module 'msrv_soc_fdivsqrtpreproc' has no pins
//  Warning: Net 'rtlc0n180[24]' in module 'msrv_soc_fdivsqrtpreproc' has no pins
//  Warning: Net 'rtlc0n180[23]' in module 'msrv_soc_fdivsqrtpreproc' has no pins
//  Warning: Net 'rtlc0n180[22]' in module 'msrv_soc_fdivsqrtpreproc' has no pins
//  Warning: Net 'rtlc0n180[21]' in module 'msrv_soc_fdivsqrtpreproc' has no pins
//  Warning: Net 'rtlc0n180[20]' in module 'msrv_soc_fdivsqrtpreproc' has no pins
//  Warning: Net 'rtlc0n180[19]' in module 'msrv_soc_fdivsqrtpreproc' has no pins
//  Warning: Net 'rtlc0n180[18]' in module 'msrv_soc_fdivsqrtpreproc' has no pins
//  Warning: Net 'rtlc0n180[17]' in module 'msrv_soc_fdivsqrtpreproc' has no pins
//  Warning: Net 'rtlc0n180[16]' in module 'msrv_soc_fdivsqrtpreproc' has no pins
//  Warning: Net 'rtlc0n180[15]' in module 'msrv_soc_fdivsqrtpreproc' has no pins
//  Warning: Net 'rtlc0n180[14]' in module 'msrv_soc_fdivsqrtpreproc' has no pins
//  Warning: Net 'rtlc0n180[13]' in module 'msrv_soc_fdivsqrtpreproc' has no pins
//  Warning: Net 'rtlc0n180[12]' in module 'msrv_soc_fdivsqrtpreproc' has no pins
//  Warning: Net 'rtlc0n180[11]' in module 'msrv_soc_fdivsqrtpreproc' has no pins
//  Warning: Net 'rtlc0n180[10]' in module 'msrv_soc_fdivsqrtpreproc' has no pins
//  Warning: Net 'rtlc0n180[9]' in module 'msrv_soc_fdivsqrtpreproc' has no pins
//  Warning: Net 'rtlc0n180[8]' in module 'msrv_soc_fdivsqrtpreproc' has no pins
//  Warning: Net 'rtlc0n180[7]' in module 'msrv_soc_fdivsqrtpreproc' has no pins
//  Warning: Net 'rtlc0n180[6]' in module 'msrv_soc_fdivsqrtpreproc' has no pins
//  Warning: Net 'rtlc0n180[5]' in module 'msrv_soc_fdivsqrtpreproc' has no pins
//  Warning: Net 'rtlc0n180[4]' in module 'msrv_soc_fdivsqrtpreproc' has no pins
//  Warning: Net 'rtlc0n180[3]' in module 'msrv_soc_fdivsqrtpreproc' has no pins
//  Warning: Net 'rtlc0n192[31]' in module 'msrv_soc_fdivsqrtpreproc' has no pins
//  Warning: Net 'rtlc0n192[30]' in module 'msrv_soc_fdivsqrtpreproc' has no pins
//  Warning: Net 'rtlc0n192[29]' in module 'msrv_soc_fdivsqrtpreproc' has no pins
//  Warning: Net 'rtlc0n192[28]' in module 'msrv_soc_fdivsqrtpreproc' has no pins
//  Warning: Net 'rtlc0n192[27]' in module 'msrv_soc_fdivsqrtpreproc' has no pins
//  Warning: Net 'rtlc0n192[26]' in module 'msrv_soc_fdivsqrtpreproc' has no pins
//  Warning: Net 'rtlc0n192[25]' in module 'msrv_soc_fdivsqrtpreproc' has no pins
//  Warning: Net 'rtlc0n192[24]' in module 'msrv_soc_fdivsqrtpreproc' has no pins
//  Warning: Net 'rtlc0n192[23]' in module 'msrv_soc_fdivsqrtpreproc' has no pins
//  Warning: Net 'rtlc0n192[22]' in module 'msrv_soc_fdivsqrtpreproc' has no pins
//  Warning: Net 'rtlc0n192[21]' in module 'msrv_soc_fdivsqrtpreproc' has no pins
//  Warning: Net 'rtlc0n192[20]' in module 'msrv_soc_fdivsqrtpreproc' has no pins
//  Warning: Net 'rtlc0n192[19]' in module 'msrv_soc_fdivsqrtpreproc' has no pins
//  Warning: Net 'rtlc0n192[18]' in module 'msrv_soc_fdivsqrtpreproc' has no pins
//  Warning: Net 'rtlc0n192[17]' in module 'msrv_soc_fdivsqrtpreproc' has no pins
//  Warning: Net 'rtlc0n192[16]' in module 'msrv_soc_fdivsqrtpreproc' has no pins
//  Warning: Net 'rtlc0n192[15]' in module 'msrv_soc_fdivsqrtpreproc' has no pins
//  Warning: Net 'rtlc0n192[14]' in module 'msrv_soc_fdivsqrtpreproc' has no pins
//  Warning: Net 'rtlc0n192[13]' in module 'msrv_soc_fdivsqrtpreproc' has no pins
//  Warning: Net 'rtlc0n192[12]' in module 'msrv_soc_fdivsqrtpreproc' has no pins
//  Warning: Net 'rtlc0n192[11]' in module 'msrv_soc_fdivsqrtpreproc' has no pins
//  Warning: Net 'rtlc0n192[10]' in module 'msrv_soc_fdivsqrtpreproc' has no pins
//  Warning: Net 'rtlc0n192[9]' in module 'msrv_soc_fdivsqrtpreproc' has no pins
//  Warning: Net 'rtlc0n192[8]' in module 'msrv_soc_fdivsqrtpreproc' has no pins
//  Warning: Net 'rtlc0n192[7]' in module 'msrv_soc_fdivsqrtpreproc' has no pins
//  Warning: Net 'rtlc0n192[2]' in module 'msrv_soc_fdivsqrtpreproc' has no pins
//  Warning: Net 'rtlc0n192[1]' in module 'msrv_soc_fdivsqrtpreproc' has no pins
//  Warning: Net 'rtlc0n192[0]' in module 'msrv_soc_fdivsqrtpreproc' has no pins
//  Warning: Net 'rtlcClkX' in module 'msrv_soc_fdivsqrtpreproc' has no pins
//  Warning: Net 'rtlcXXX' in module 'msrv_soc_fdivsqrtpreproc' has no pins
//  Warning: Net 'rtlcClkX' in module 'msrv_soc_lzc_pv2' has no pins
//  Warning: Net 'rtlcXXX' in module 'msrv_soc_lzc_pv2' has no pins
//  Warning: Net 'rtlcClkX' in module 'msrv_soc_mux2_pv15' has no pins
//  Warning: Net 'rtlcXXX' in module 'msrv_soc_mux2_pv15' has no pins
//  Warning: Net 'rtlcClkX' in module 'msrv_soc_flopen_pv2_1' has no pins
//  Warning: Net 'rtlcXXX' in module 'msrv_soc_flopen_pv2_1' has no pins
//  Warning: Net 'rtlc0n20[12]' in module 'msrv_soc_fdivsqrtexpcalc' has no pins
//  Warning: Net 'rtlc0n20[11]' in module 'msrv_soc_fdivsqrtexpcalc' has no pins
//  Warning: Net 'rtlc0n36[12]' in module 'msrv_soc_fdivsqrtexpcalc' has no pins
//  Warning: Net 'rtlc0n36[11]' in module 'msrv_soc_fdivsqrtexpcalc' has no pins
//  Warning: Net 'rtlcClkX' in module 'msrv_soc_fdivsqrtexpcalc' has no pins
//  Warning: Net 'rtlcXXX' in module 'msrv_soc_fdivsqrtexpcalc' has no pins
//  Warning: Net 'rtlcClkX' in module 'msrv_soc_flopen_pv3' has no pins
//  Warning: Net 'rtlcXXX' in module 'msrv_soc_flopen_pv3' has no pins
//  Warning: Net 'rtlc0n31[31]' in module 'msrv_soc_fdivsqrtcycles' has no pins
//  Warning: Net 'rtlc0n31[30]' in module 'msrv_soc_fdivsqrtcycles' has no pins
//  Warning: Net 'rtlc0n31[29]' in module 'msrv_soc_fdivsqrtcycles' has no pins
//  Warning: Net 'rtlc0n31[28]' in module 'msrv_soc_fdivsqrtcycles' has no pins
//  Warning: Net 'rtlc0n31[27]' in module 'msrv_soc_fdivsqrtcycles' has no pins
//  Warning: Net 'rtlc0n31[26]' in module 'msrv_soc_fdivsqrtcycles' has no pins
//  Warning: Net 'rtlc0n31[25]' in module 'msrv_soc_fdivsqrtcycles' has no pins
//  Warning: Net 'rtlc0n31[24]' in module 'msrv_soc_fdivsqrtcycles' has no pins
//  Warning: Net 'rtlc0n31[23]' in module 'msrv_soc_fdivsqrtcycles' has no pins
//  Warning: Net 'rtlc0n31[22]' in module 'msrv_soc_fdivsqrtcycles' has no pins
//  Warning: Net 'rtlc0n31[21]' in module 'msrv_soc_fdivsqrtcycles' has no pins
//  Warning: Net 'rtlc0n31[20]' in module 'msrv_soc_fdivsqrtcycles' has no pins
//  Warning: Net 'rtlc0n31[19]' in module 'msrv_soc_fdivsqrtcycles' has no pins
//  Warning: Net 'rtlc0n31[18]' in module 'msrv_soc_fdivsqrtcycles' has no pins
//  Warning: Net 'rtlc0n31[17]' in module 'msrv_soc_fdivsqrtcycles' has no pins
//  Warning: Net 'rtlc0n31[16]' in module 'msrv_soc_fdivsqrtcycles' has no pins
//  Warning: Net 'rtlc0n31[15]' in module 'msrv_soc_fdivsqrtcycles' has no pins
//  Warning: Net 'rtlc0n31[14]' in module 'msrv_soc_fdivsqrtcycles' has no pins
//  Warning: Net 'rtlc0n31[13]' in module 'msrv_soc_fdivsqrtcycles' has no pins
//  Warning: Net 'rtlc0n31[12]' in module 'msrv_soc_fdivsqrtcycles' has no pins
//  Warning: Net 'rtlc0n31[11]' in module 'msrv_soc_fdivsqrtcycles' has no pins
//  Warning: Net 'rtlc0n31[10]' in module 'msrv_soc_fdivsqrtcycles' has no pins
//  Warning: Net 'rtlc0n31[9]' in module 'msrv_soc_fdivsqrtcycles' has no pins
//  Warning: Net 'rtlc0n31[8]' in module 'msrv_soc_fdivsqrtcycles' has no pins
//  Warning: Net 'rtlc0n31[7]' in module 'msrv_soc_fdivsqrtcycles' has no pins
//  Warning: Net 'rtlcClkX' in module 'msrv_soc_fdivsqrtcycles' has no pins
//  Warning: Net 'rtlcXXX' in module 'msrv_soc_fdivsqrtcycles' has no pins
//  Warning: Net 'rtlcClkX' in module 'msrv_soc_mux2_pv14' has no pins
//  Warning: Net 'rtlcXXX' in module 'msrv_soc_mux2_pv14' has no pins
//  Warning: Net 'rtlcClkX' in module 'msrv_soc_flopen_pv4_1' has no pins
//  Warning: Net 'rtlcXXX' in module 'msrv_soc_flopen_pv4_1' has no pins
//  Warning: Net 'rtlcClkX' in module 'msrv_soc_flopen_pv4_2' has no pins
//  Warning: Net 'rtlcXXX' in module 'msrv_soc_flopen_pv4_2' has no pins
//  Warning: Net 'rtlcClkX' in module 'msrv_soc_flopen_pv4_3' has no pins
//  Warning: Net 'rtlcXXX' in module 'msrv_soc_flopen_pv4_3' has no pins
//  Warning: Net 'rtlcClkX' in module 'msrv_soc_flopen_pv4_4' has no pins
//  Warning: Net 'rtlcXXX' in module 'msrv_soc_flopen_pv4_4' has no pins
//  Warning: Net 'rtlcClkX' in module 'msrv_soc_flopen_pv5' has no pins
//  Warning: Net 'rtlcXXX' in module 'msrv_soc_flopen_pv5' has no pins
//  Warning: Net 'rtlcClkX' in module 'msrv_soc_flopen' has no pins
//  Warning: Net 'rtlcXXX' in module 'msrv_soc_flopen' has no pins
//  Warning: Net 'rtlcClkX' in module 'msrv_soc_flopen_pv4' has no pins
//  Warning: Net 'rtlcXXX' in module 'msrv_soc_flopen_pv4' has no pins
//  Warning: Net 'rtlcClkX' in module 'msrv_soc_fdivsqrtfsm' has no pins
//  Warning: Net 'rtlcXXX' in module 'msrv_soc_fdivsqrtfsm' has no pins
//  Warning: Net 'rtlcClkX' in module 'msrv_soc_flopenr_pv3_70' has no pins
//  Warning: Net 'rtlcXXX' in module 'msrv_soc_flopenr_pv3_70' has no pins
//  Warning: Net 'WS[0]' in module 'msrv_soc_fdivsqrtiter' has no pins
//  Warning: Net 'rtlcClkX' in module 'msrv_soc_fdivsqrtiter' has no pins
//  Warning: Net 'rtlcXXX' in module 'msrv_soc_fdivsqrtiter' has no pins
//  Warning: Net 'rtlcClkX' in module 'msrv_soc_flopen_pv2_2' has no pins
//  Warning: Net 'rtlcXXX' in module 'msrv_soc_flopen_pv2_2' has no pins
//  Warning: Net 'rtlcClkX' in module 'msrv_soc_flopen_pv2' has no pins
//  Warning: Net 'rtlcXXX' in module 'msrv_soc_flopen_pv2' has no pins
//  Warning: Net 'rtlcClkX' in module 'msrv_soc_flopen_pv6_1' has no pins
//  Warning: Net 'rtlcXXX' in module 'msrv_soc_flopen_pv6_1' has no pins
//  Warning: Net 'rtlcClkX' in module 'msrv_soc_flopen_pv6' has no pins
//  Warning: Net 'rtlcXXX' in module 'msrv_soc_flopen_pv6' has no pins
//  Warning: Net 'rtlcClkX' in module 'msrv_soc_mux2_pv16' has no pins
//  Warning: Net 'rtlcXXX' in module 'msrv_soc_mux2_pv16' has no pins
//  Warning: Net 'rtlcClkX' in module 'msrv_soc_flopen_pv7' has no pins
//  Warning: Net 'rtlcXXX' in module 'msrv_soc_flopen_pv7' has no pins
//  Warning: Net 'rtlcClkX' in module 'msrv_soc_fdivsqrtstage4' has no pins
//  Warning: Net 'rtlcXXX' in module 'msrv_soc_fdivsqrtstage4' has no pins
//  Warning: Net 'rtlcClkX' in module 'msrv_soc_fdivsqrtuslc4cmp' has no pins
//  Warning: Net 'rtlcXXX' in module 'msrv_soc_fdivsqrtuslc4cmp' has no pins
//  Warning: Net 'rtlc1n13[73]' in module 'msrv_soc_fdivsqrtfgen4' has no pins
//  Warning: Net 'rtlc1n13[72]' in module 'msrv_soc_fdivsqrtfgen4' has no pins
//  Warning: Net 'rtlc1n20[72]' in module 'msrv_soc_fdivsqrtfgen4' has no pins
//  Warning: Net 'rtlc1n20[71]' in module 'msrv_soc_fdivsqrtfgen4' has no pins
//  Warning: Net 'rtlc1n20[70]' in module 'msrv_soc_fdivsqrtfgen4' has no pins
//  Warning: Net 'rtlc1n20[69]' in module 'msrv_soc_fdivsqrtfgen4' has no pins
//  Warning: Net 'rtlc1n20[68]' in module 'msrv_soc_fdivsqrtfgen4' has no pins
//  Warning: Net 'rtlc1n20[67]' in module 'msrv_soc_fdivsqrtfgen4' has no pins
//  Warning: Net 'rtlc1n20[66]' in module 'msrv_soc_fdivsqrtfgen4' has no pins
//  Warning: Net 'rtlc1n20[65]' in module 'msrv_soc_fdivsqrtfgen4' has no pins
//  Warning: Net 'rtlc1n20[64]' in module 'msrv_soc_fdivsqrtfgen4' has no pins
//  Warning: Net 'rtlc1n20[63]' in module 'msrv_soc_fdivsqrtfgen4' has no pins
//  Warning: Net 'rtlc1n20[62]' in module 'msrv_soc_fdivsqrtfgen4' has no pins
//  Warning: Net 'rtlc1n20[61]' in module 'msrv_soc_fdivsqrtfgen4' has no pins
//  Warning: Net 'rtlc1n20[60]' in module 'msrv_soc_fdivsqrtfgen4' has no pins
//  Warning: Net 'rtlc1n20[59]' in module 'msrv_soc_fdivsqrtfgen4' has no pins
//  Warning: Net 'rtlc1n20[58]' in module 'msrv_soc_fdivsqrtfgen4' has no pins
//  Warning: Net 'rtlc1n20[57]' in module 'msrv_soc_fdivsqrtfgen4' has no pins
//  Warning: Net 'rtlc1n20[56]' in module 'msrv_soc_fdivsqrtfgen4' has no pins
//  Warning: Net 'rtlc1n20[55]' in module 'msrv_soc_fdivsqrtfgen4' has no pins
//  Warning: Net 'rtlc1n20[54]' in module 'msrv_soc_fdivsqrtfgen4' has no pins
//  Warning: Net 'rtlc1n20[53]' in module 'msrv_soc_fdivsqrtfgen4' has no pins
//  Warning: Net 'rtlc1n20[52]' in module 'msrv_soc_fdivsqrtfgen4' has no pins
//  Warning: Net 'rtlc1n20[51]' in module 'msrv_soc_fdivsqrtfgen4' has no pins
//  Warning: Net 'rtlc1n20[50]' in module 'msrv_soc_fdivsqrtfgen4' has no pins
//  Warning: Net 'rtlc1n20[49]' in module 'msrv_soc_fdivsqrtfgen4' has no pins
//  Warning: Net 'rtlc1n20[48]' in module 'msrv_soc_fdivsqrtfgen4' has no pins
//  Warning: Net 'rtlc1n20[47]' in module 'msrv_soc_fdivsqrtfgen4' has no pins
//  Warning: Net 'rtlc1n20[46]' in module 'msrv_soc_fdivsqrtfgen4' has no pins
//  Warning: Net 'rtlc1n20[45]' in module 'msrv_soc_fdivsqrtfgen4' has no pins
//  Warning: Net 'rtlc1n20[44]' in module 'msrv_soc_fdivsqrtfgen4' has no pins
//  Warning: Net 'rtlc1n20[43]' in module 'msrv_soc_fdivsqrtfgen4' has no pins
//  Warning: Net 'rtlc1n20[42]' in module 'msrv_soc_fdivsqrtfgen4' has no pins
//  Warning: Net 'rtlc1n20[41]' in module 'msrv_soc_fdivsqrtfgen4' has no pins
//  Warning: Net 'rtlc1n20[40]' in module 'msrv_soc_fdivsqrtfgen4' has no pins
//  Warning: Net 'rtlc1n20[39]' in module 'msrv_soc_fdivsqrtfgen4' has no pins
//  Warning: Net 'rtlc1n20[38]' in module 'msrv_soc_fdivsqrtfgen4' has no pins
//  Warning: Net 'rtlc1n20[37]' in module 'msrv_soc_fdivsqrtfgen4' has no pins
//  Warning: Net 'rtlc1n20[36]' in module 'msrv_soc_fdivsqrtfgen4' has no pins
//  Warning: Net 'rtlc1n20[35]' in module 'msrv_soc_fdivsqrtfgen4' has no pins
//  Warning: Net 'rtlc1n20[34]' in module 'msrv_soc_fdivsqrtfgen4' has no pins
//  Warning: Net 'rtlc1n20[33]' in module 'msrv_soc_fdivsqrtfgen4' has no pins
//  Warning: Net 'rtlc1n20[32]' in module 'msrv_soc_fdivsqrtfgen4' has no pins
//  Warning: Net 'rtlc1n20[31]' in module 'msrv_soc_fdivsqrtfgen4' has no pins
//  Warning: Net 'rtlc1n20[30]' in module 'msrv_soc_fdivsqrtfgen4' has no pins
//  Warning: Net 'rtlc1n20[29]' in module 'msrv_soc_fdivsqrtfgen4' has no pins
//  Warning: Net 'rtlc1n20[28]' in module 'msrv_soc_fdivsqrtfgen4' has no pins
//  Warning: Net 'rtlc1n20[27]' in module 'msrv_soc_fdivsqrtfgen4' has no pins
//  Warning: Net 'rtlc1n20[26]' in module 'msrv_soc_fdivsqrtfgen4' has no pins
//  Warning: Net 'rtlc1n20[25]' in module 'msrv_soc_fdivsqrtfgen4' has no pins
//  Warning: Net 'rtlc1n20[24]' in module 'msrv_soc_fdivsqrtfgen4' has no pins
//  Warning: Net 'rtlc1n20[23]' in module 'msrv_soc_fdivsqrtfgen4' has no pins
//  Warning: Net 'rtlc1n20[22]' in module 'msrv_soc_fdivsqrtfgen4' has no pins
//  Warning: Net 'rtlc1n20[21]' in module 'msrv_soc_fdivsqrtfgen4' has no pins
//  Warning: Net 'rtlc1n20[20]' in module 'msrv_soc_fdivsqrtfgen4' has no pins
//  Warning: Net 'rtlc1n20[19]' in module 'msrv_soc_fdivsqrtfgen4' has no pins
//  Warning: Net 'rtlc1n20[18]' in module 'msrv_soc_fdivsqrtfgen4' has no pins
//  Warning: Net 'rtlc1n20[17]' in module 'msrv_soc_fdivsqrtfgen4' has no pins
//  Warning: Net 'rtlc1n20[16]' in module 'msrv_soc_fdivsqrtfgen4' has no pins
//  Warning: Net 'rtlc1n20[15]' in module 'msrv_soc_fdivsqrtfgen4' has no pins
//  Warning: Net 'rtlc1n20[14]' in module 'msrv_soc_fdivsqrtfgen4' has no pins
//  Warning: Net 'rtlc1n20[13]' in module 'msrv_soc_fdivsqrtfgen4' has no pins
//  Warning: Net 'rtlc1n20[12]' in module 'msrv_soc_fdivsqrtfgen4' has no pins
//  Warning: Net 'rtlc1n20[11]' in module 'msrv_soc_fdivsqrtfgen4' has no pins
//  Warning: Net 'rtlc1n20[10]' in module 'msrv_soc_fdivsqrtfgen4' has no pins
//  Warning: Net 'rtlc1n20[9]' in module 'msrv_soc_fdivsqrtfgen4' has no pins
//  Warning: Net 'rtlc1n20[8]' in module 'msrv_soc_fdivsqrtfgen4' has no pins
//  Warning: Net 'rtlc1n20[7]' in module 'msrv_soc_fdivsqrtfgen4' has no pins
//  Warning: Net 'rtlc1n20[6]' in module 'msrv_soc_fdivsqrtfgen4' has no pins
//  Warning: Net 'rtlc1n20[5]' in module 'msrv_soc_fdivsqrtfgen4' has no pins
//  Warning: Net 'rtlc1n20[4]' in module 'msrv_soc_fdivsqrtfgen4' has no pins
//  Warning: Net 'rtlc1n20[3]' in module 'msrv_soc_fdivsqrtfgen4' has no pins
//  Warning: Net 'rtlc1n20[2]' in module 'msrv_soc_fdivsqrtfgen4' has no pins
//  Warning: Net 'rtlc1n20[1]' in module 'msrv_soc_fdivsqrtfgen4' has no pins
//  Warning: Net 'rtlc1n20[0]' in module 'msrv_soc_fdivsqrtfgen4' has no pins
//  Warning: Net 'rtlc1n25[2]' in module 'msrv_soc_fdivsqrtfgen4' has no pins
//  Warning: Net 'rtlc1n25[1]' in module 'msrv_soc_fdivsqrtfgen4' has no pins
//  Warning: Net 'rtlc1n25[0]' in module 'msrv_soc_fdivsqrtfgen4' has no pins
//  Warning: Net 'rtlc1n27[2]' in module 'msrv_soc_fdivsqrtfgen4' has no pins
//  Warning: Net 'rtlc1n27[1]' in module 'msrv_soc_fdivsqrtfgen4' has no pins
//  Warning: Net 'rtlc1n27[0]' in module 'msrv_soc_fdivsqrtfgen4' has no pins
//  Warning: Net 'rtlc1n36[3]' in module 'msrv_soc_fdivsqrtfgen4' has no pins
//  Warning: Net 'rtlc1n36[2]' in module 'msrv_soc_fdivsqrtfgen4' has no pins
//  Warning: Net 'rtlc1n36[1]' in module 'msrv_soc_fdivsqrtfgen4' has no pins
//  Warning: Net 'rtlc1n36[0]' in module 'msrv_soc_fdivsqrtfgen4' has no pins
//  Warning: Net 'rtlcClkX' in module 'msrv_soc_fdivsqrtfgen4' has no pins
//  Warning: Net 'rtlcXXX' in module 'msrv_soc_fdivsqrtfgen4' has no pins
//  Warning: Net 'rtlcClkX' in module 'msrv_soc_csa' has no pins
//  Warning: Net 'rtlcXXX' in module 'msrv_soc_csa' has no pins
//  Warning: Net 'rtlc1n10[0]' in module 'msrv_soc_fdivsqrtuotfc4' has no pins
//  Warning: Net 'rtlcClkX' in module 'msrv_soc_fdivsqrtuotfc4' has no pins
//  Warning: Net 'rtlcXXX' in module 'msrv_soc_fdivsqrtuotfc4' has no pins
//  Warning: Net '\intpostproc.NormRemM [73]' in module 'msrv_soc_fdivsqrtpostproc' has no pins
//  Warning: Net '\intpostproc.NormRemM [72]' in module 'msrv_soc_fdivsqrtpostproc' has no pins
//  Warning: Net '\intpostproc.NormRemM [71]' in module 'msrv_soc_fdivsqrtpostproc' has no pins
//  Warning: Net '\intpostproc.NormRemM [70]' in module 'msrv_soc_fdivsqrtpostproc' has no pins
//  Warning: Net '\intpostproc.NormRemM [69]' in module 'msrv_soc_fdivsqrtpostproc' has no pins
//  Warning: Net '\intpostproc.NormRemM [68]' in module 'msrv_soc_fdivsqrtpostproc' has no pins
//  Warning: Net '\intpostproc.NormRemM [67]' in module 'msrv_soc_fdivsqrtpostproc' has no pins
//  Warning: Net '\intpostproc.NormRemM [66]' in module 'msrv_soc_fdivsqrtpostproc' has no pins
//  Warning: Net '\intpostproc.NormRemM [65]' in module 'msrv_soc_fdivsqrtpostproc' has no pins
//  Warning: Net '\intpostproc.NormRemM [64]' in module 'msrv_soc_fdivsqrtpostproc' has no pins
//  Warning: Net '\intpostproc.NormRemM [63]' in module 'msrv_soc_fdivsqrtpostproc' has no pins
//  Warning: Net '\intpostproc.NormRemM [62]' in module 'msrv_soc_fdivsqrtpostproc' has no pins
//  Warning: Net '\intpostproc.NormRemM [61]' in module 'msrv_soc_fdivsqrtpostproc' has no pins
//  Warning: Net '\intpostproc.NormRemM [60]' in module 'msrv_soc_fdivsqrtpostproc' has no pins
//  Warning: Net '\intpostproc.NormRemM [59]' in module 'msrv_soc_fdivsqrtpostproc' has no pins
//  Warning: Net '\intpostproc.NormRemM [58]' in module 'msrv_soc_fdivsqrtpostproc' has no pins
//  Warning: Net '\intpostproc.NormRemM [57]' in module 'msrv_soc_fdivsqrtpostproc' has no pins
//  Warning: Net '\intpostproc.NormRemM [56]' in module 'msrv_soc_fdivsqrtpostproc' has no pins
//  Warning: Net '\intpostproc.NormRemM [55]' in module 'msrv_soc_fdivsqrtpostproc' has no pins
//  Warning: Net '\intpostproc.NormRemM [54]' in module 'msrv_soc_fdivsqrtpostproc' has no pins
//  Warning: Net '\intpostproc.NormRemM [53]' in module 'msrv_soc_fdivsqrtpostproc' has no pins
//  Warning: Net '\intpostproc.NormRemM [52]' in module 'msrv_soc_fdivsqrtpostproc' has no pins
//  Warning: Net '\intpostproc.NormRemM [51]' in module 'msrv_soc_fdivsqrtpostproc' has no pins
//  Warning: Net '\intpostproc.NormRemM [50]' in module 'msrv_soc_fdivsqrtpostproc' has no pins
//  Warning: Net '\intpostproc.NormRemM [49]' in module 'msrv_soc_fdivsqrtpostproc' has no pins
//  Warning: Net '\intpostproc.NormRemM [48]' in module 'msrv_soc_fdivsqrtpostproc' has no pins
//  Warning: Net '\intpostproc.NormRemM [47]' in module 'msrv_soc_fdivsqrtpostproc' has no pins
//  Warning: Net '\intpostproc.NormRemM [46]' in module 'msrv_soc_fdivsqrtpostproc' has no pins
//  Warning: Net '\intpostproc.NormRemM [45]' in module 'msrv_soc_fdivsqrtpostproc' has no pins
//  Warning: Net '\intpostproc.NormRemM [44]' in module 'msrv_soc_fdivsqrtpostproc' has no pins
//  Warning: Net '\intpostproc.NormRemM [43]' in module 'msrv_soc_fdivsqrtpostproc' has no pins
//  Warning: Net '\intpostproc.NormRemM [42]' in module 'msrv_soc_fdivsqrtpostproc' has no pins
//  Warning: Net '\intpostproc.NormRemM [41]' in module 'msrv_soc_fdivsqrtpostproc' has no pins
//  Warning: Net '\intpostproc.NormRemM [40]' in module 'msrv_soc_fdivsqrtpostproc' has no pins
//  Warning: Net '\intpostproc.NormRemM [39]' in module 'msrv_soc_fdivsqrtpostproc' has no pins
//  Warning: Net '\intpostproc.NormRemM [38]' in module 'msrv_soc_fdivsqrtpostproc' has no pins
//  Warning: Net '\intpostproc.NormRemM [37]' in module 'msrv_soc_fdivsqrtpostproc' has no pins
//  Warning: Net '\intpostproc.NormRemM [36]' in module 'msrv_soc_fdivsqrtpostproc' has no pins
//  Warning: Net '\intpostproc.NormRemM [35]' in module 'msrv_soc_fdivsqrtpostproc' has no pins
//  Warning: Net '\intpostproc.NormRemM [34]' in module 'msrv_soc_fdivsqrtpostproc' has no pins
//  Warning: Net '\intpostproc.NormRemM [33]' in module 'msrv_soc_fdivsqrtpostproc' has no pins
//  Warning: Net '\intpostproc.NormRemM [32]' in module 'msrv_soc_fdivsqrtpostproc' has no pins
//  Warning: Net '\intpostproc.NormRemM [31]' in module 'msrv_soc_fdivsqrtpostproc' has no pins
//  Warning: Net '\intpostproc.NormRemM [30]' in module 'msrv_soc_fdivsqrtpostproc' has no pins
//  Warning: Net '\intpostproc.NormRemM [29]' in module 'msrv_soc_fdivsqrtpostproc' has no pins
//  Warning: Net '\intpostproc.NormRemM [28]' in module 'msrv_soc_fdivsqrtpostproc' has no pins
//  Warning: Net '\intpostproc.NormRemM [27]' in module 'msrv_soc_fdivsqrtpostproc' has no pins
//  Warning: Net '\intpostproc.NormRemM [26]' in module 'msrv_soc_fdivsqrtpostproc' has no pins
//  Warning: Net '\intpostproc.NormRemM [25]' in module 'msrv_soc_fdivsqrtpostproc' has no pins
//  Warning: Net '\intpostproc.NormRemM [24]' in module 'msrv_soc_fdivsqrtpostproc' has no pins
//  Warning: Net '\intpostproc.NormRemM [23]' in module 'msrv_soc_fdivsqrtpostproc' has no pins
//  Warning: Net '\intpostproc.NormRemM [22]' in module 'msrv_soc_fdivsqrtpostproc' has no pins
//  Warning: Net '\intpostproc.NormRemM [21]' in module 'msrv_soc_fdivsqrtpostproc' has no pins
//  Warning: Net '\intpostproc.NormRemM [20]' in module 'msrv_soc_fdivsqrtpostproc' has no pins
//  Warning: Net '\intpostproc.NormRemM [19]' in module 'msrv_soc_fdivsqrtpostproc' has no pins
//  Warning: Net '\intpostproc.NormRemM [18]' in module 'msrv_soc_fdivsqrtpostproc' has no pins
//  Warning: Net '\intpostproc.NormRemM [17]' in module 'msrv_soc_fdivsqrtpostproc' has no pins
//  Warning: Net '\intpostproc.NormRemM [16]' in module 'msrv_soc_fdivsqrtpostproc' has no pins
//  Warning: Net '\intpostproc.NormRemM [15]' in module 'msrv_soc_fdivsqrtpostproc' has no pins
//  Warning: Net '\intpostproc.NormRemM [14]' in module 'msrv_soc_fdivsqrtpostproc' has no pins
//  Warning: Net '\intpostproc.NormRemM [13]' in module 'msrv_soc_fdivsqrtpostproc' has no pins
//  Warning: Net '\intpostproc.NormRemM [12]' in module 'msrv_soc_fdivsqrtpostproc' has no pins
//  Warning: Net '\intpostproc.NormRemM [11]' in module 'msrv_soc_fdivsqrtpostproc' has no pins
//  Warning: Net '\intpostproc.NormRemM [10]' in module 'msrv_soc_fdivsqrtpostproc' has no pins
//  Warning: Net '\intpostproc.NormRemM [9]' in module 'msrv_soc_fdivsqrtpostproc' has no pins
//  Warning: Net '\intpostproc.NormRemM [8]' in module 'msrv_soc_fdivsqrtpostproc' has no pins
//  Warning: Net '\intpostproc.NormRemM [7]' in module 'msrv_soc_fdivsqrtpostproc' has no pins
//  Warning: Net '\intpostproc.NormRemM [6]' in module 'msrv_soc_fdivsqrtpostproc' has no pins
//  Warning: Net '\intpostproc.NormRemM [5]' in module 'msrv_soc_fdivsqrtpostproc' has no pins
//  Warning: Net '\intpostproc.NormRemM [4]' in module 'msrv_soc_fdivsqrtpostproc' has no pins
//  Warning: Net '\intpostproc.NormRemM [3]' in module 'msrv_soc_fdivsqrtpostproc' has no pins
//  Warning: Net '\intpostproc.NormRemM [2]' in module 'msrv_soc_fdivsqrtpostproc' has no pins
//  Warning: Net '\intpostproc.NormRemM [1]' in module 'msrv_soc_fdivsqrtpostproc' has no pins
//  Warning: Net '\intpostproc.NormRemM [0]' in module 'msrv_soc_fdivsqrtpostproc' has no pins
//  Warning: Net '\intpostproc.NormQuotM [73]' in module 'msrv_soc_fdivsqrtpostproc' has no pins
//  Warning: Net '\intpostproc.NormQuotM [72]' in module 'msrv_soc_fdivsqrtpostproc' has no pins
//  Warning: Net '\intpostproc.NormQuotM [71]' in module 'msrv_soc_fdivsqrtpostproc' has no pins
//  Warning: Net '\intpostproc.NormQuotM [70]' in module 'msrv_soc_fdivsqrtpostproc' has no pins
//  Warning: Net '\intpostproc.NormQuotM [69]' in module 'msrv_soc_fdivsqrtpostproc' has no pins
//  Warning: Net '\intpostproc.NormQuotM [68]' in module 'msrv_soc_fdivsqrtpostproc' has no pins
//  Warning: Net '\intpostproc.NormQuotM [67]' in module 'msrv_soc_fdivsqrtpostproc' has no pins
//  Warning: Net '\intpostproc.NormQuotM [66]' in module 'msrv_soc_fdivsqrtpostproc' has no pins
//  Warning: Net '\intpostproc.NormQuotM [65]' in module 'msrv_soc_fdivsqrtpostproc' has no pins
//  Warning: Net '\intpostproc.NormQuotM [64]' in module 'msrv_soc_fdivsqrtpostproc' has no pins
//  Warning: Net '\intpostproc.NormQuotM [63]' in module 'msrv_soc_fdivsqrtpostproc' has no pins
//  Warning: Net '\intpostproc.NormQuotM [62]' in module 'msrv_soc_fdivsqrtpostproc' has no pins
//  Warning: Net '\intpostproc.NormQuotM [61]' in module 'msrv_soc_fdivsqrtpostproc' has no pins
//  Warning: Net '\intpostproc.NormQuotM [60]' in module 'msrv_soc_fdivsqrtpostproc' has no pins
//  Warning: Net '\intpostproc.NormQuotM [59]' in module 'msrv_soc_fdivsqrtpostproc' has no pins
//  Warning: Net '\intpostproc.NormQuotM [58]' in module 'msrv_soc_fdivsqrtpostproc' has no pins
//  Warning: Net '\intpostproc.NormQuotM [57]' in module 'msrv_soc_fdivsqrtpostproc' has no pins
//  Warning: Net '\intpostproc.NormQuotM [56]' in module 'msrv_soc_fdivsqrtpostproc' has no pins
//  Warning: Net '\intpostproc.NormQuotM [55]' in module 'msrv_soc_fdivsqrtpostproc' has no pins
//  Warning: Net '\intpostproc.NormQuotM [54]' in module 'msrv_soc_fdivsqrtpostproc' has no pins
//  Warning: Net '\intpostproc.NormQuotM [53]' in module 'msrv_soc_fdivsqrtpostproc' has no pins
//  Warning: Net '\intpostproc.NormQuotM [52]' in module 'msrv_soc_fdivsqrtpostproc' has no pins
//  Warning: Net '\intpostproc.NormQuotM [51]' in module 'msrv_soc_fdivsqrtpostproc' has no pins
//  Warning: Net '\intpostproc.NormQuotM [50]' in module 'msrv_soc_fdivsqrtpostproc' has no pins
//  Warning: Net '\intpostproc.NormQuotM [49]' in module 'msrv_soc_fdivsqrtpostproc' has no pins
//  Warning: Net '\intpostproc.NormQuotM [48]' in module 'msrv_soc_fdivsqrtpostproc' has no pins
//  Warning: Net '\intpostproc.NormQuotM [47]' in module 'msrv_soc_fdivsqrtpostproc' has no pins
//  Warning: Net '\intpostproc.NormQuotM [46]' in module 'msrv_soc_fdivsqrtpostproc' has no pins
//  Warning: Net '\intpostproc.NormQuotM [45]' in module 'msrv_soc_fdivsqrtpostproc' has no pins
//  Warning: Net '\intpostproc.NormQuotM [44]' in module 'msrv_soc_fdivsqrtpostproc' has no pins
//  Warning: Net '\intpostproc.NormQuotM [43]' in module 'msrv_soc_fdivsqrtpostproc' has no pins
//  Warning: Net '\intpostproc.NormQuotM [42]' in module 'msrv_soc_fdivsqrtpostproc' has no pins
//  Warning: Net '\intpostproc.NormQuotM [41]' in module 'msrv_soc_fdivsqrtpostproc' has no pins
//  Warning: Net '\intpostproc.NormQuotM [40]' in module 'msrv_soc_fdivsqrtpostproc' has no pins
//  Warning: Net '\intpostproc.NormQuotM [39]' in module 'msrv_soc_fdivsqrtpostproc' has no pins
//  Warning: Net '\intpostproc.NormQuotM [38]' in module 'msrv_soc_fdivsqrtpostproc' has no pins
//  Warning: Net '\intpostproc.NormQuotM [37]' in module 'msrv_soc_fdivsqrtpostproc' has no pins
//  Warning: Net '\intpostproc.NormQuotM [36]' in module 'msrv_soc_fdivsqrtpostproc' has no pins
//  Warning: Net '\intpostproc.NormQuotM [35]' in module 'msrv_soc_fdivsqrtpostproc' has no pins
//  Warning: Net '\intpostproc.NormQuotM [34]' in module 'msrv_soc_fdivsqrtpostproc' has no pins
//  Warning: Net '\intpostproc.NormQuotM [33]' in module 'msrv_soc_fdivsqrtpostproc' has no pins
//  Warning: Net '\intpostproc.NormQuotM [32]' in module 'msrv_soc_fdivsqrtpostproc' has no pins
//  Warning: Net '\intpostproc.NormQuotM [31]' in module 'msrv_soc_fdivsqrtpostproc' has no pins
//  Warning: Net '\intpostproc.NormQuotM [30]' in module 'msrv_soc_fdivsqrtpostproc' has no pins
//  Warning: Net '\intpostproc.NormQuotM [29]' in module 'msrv_soc_fdivsqrtpostproc' has no pins
//  Warning: Net '\intpostproc.NormQuotM [28]' in module 'msrv_soc_fdivsqrtpostproc' has no pins
//  Warning: Net '\intpostproc.NormQuotM [27]' in module 'msrv_soc_fdivsqrtpostproc' has no pins
//  Warning: Net '\intpostproc.NormQuotM [26]' in module 'msrv_soc_fdivsqrtpostproc' has no pins
//  Warning: Net '\intpostproc.NormQuotM [25]' in module 'msrv_soc_fdivsqrtpostproc' has no pins
//  Warning: Net '\intpostproc.NormQuotM [24]' in module 'msrv_soc_fdivsqrtpostproc' has no pins
//  Warning: Net '\intpostproc.NormQuotM [23]' in module 'msrv_soc_fdivsqrtpostproc' has no pins
//  Warning: Net '\intpostproc.NormQuotM [22]' in module 'msrv_soc_fdivsqrtpostproc' has no pins
//  Warning: Net '\intpostproc.NormQuotM [21]' in module 'msrv_soc_fdivsqrtpostproc' has no pins
//  Warning: Net '\intpostproc.NormQuotM [20]' in module 'msrv_soc_fdivsqrtpostproc' has no pins
//  Warning: Net '\intpostproc.NormQuotM [19]' in module 'msrv_soc_fdivsqrtpostproc' has no pins
//  Warning: Net '\intpostproc.NormQuotM [18]' in module 'msrv_soc_fdivsqrtpostproc' has no pins
//  Warning: Net '\intpostproc.NormQuotM [17]' in module 'msrv_soc_fdivsqrtpostproc' has no pins
//  Warning: Net '\intpostproc.NormQuotM [16]' in module 'msrv_soc_fdivsqrtpostproc' has no pins
//  Warning: Net '\intpostproc.NormQuotM [15]' in module 'msrv_soc_fdivsqrtpostproc' has no pins
//  Warning: Net '\intpostproc.NormQuotM [14]' in module 'msrv_soc_fdivsqrtpostproc' has no pins
//  Warning: Net '\intpostproc.NormQuotM [13]' in module 'msrv_soc_fdivsqrtpostproc' has no pins
//  Warning: Net '\intpostproc.NormQuotM [12]' in module 'msrv_soc_fdivsqrtpostproc' has no pins
//  Warning: Net '\intpostproc.NormQuotM [11]' in module 'msrv_soc_fdivsqrtpostproc' has no pins
//  Warning: Net '\intpostproc.NormQuotM [10]' in module 'msrv_soc_fdivsqrtpostproc' has no pins
//  Warning: Net '\intpostproc.NormQuotM [9]' in module 'msrv_soc_fdivsqrtpostproc' has no pins
//  Warning: Net '\intpostproc.NormQuotM [8]' in module 'msrv_soc_fdivsqrtpostproc' has no pins
//  Warning: Net '\intpostproc.NormQuotM [7]' in module 'msrv_soc_fdivsqrtpostproc' has no pins
//  Warning: Net '\intpostproc.NormQuotM [6]' in module 'msrv_soc_fdivsqrtpostproc' has no pins
//  Warning: Net '\intpostproc.NormQuotM [5]' in module 'msrv_soc_fdivsqrtpostproc' has no pins
//  Warning: Net '\intpostproc.NormQuotM [4]' in module 'msrv_soc_fdivsqrtpostproc' has no pins
//  Warning: Net '\intpostproc.NormQuotM [3]' in module 'msrv_soc_fdivsqrtpostproc' has no pins
//  Warning: Net '\intpostproc.NormQuotM [2]' in module 'msrv_soc_fdivsqrtpostproc' has no pins
//  Warning: Net '\intpostproc.NormQuotM [1]' in module 'msrv_soc_fdivsqrtpostproc' has no pins
//  Warning: Net '\intpostproc.NormQuotM [0]' in module 'msrv_soc_fdivsqrtpostproc' has no pins
//  Warning: Net 'rtlcClkX' in module 'msrv_soc_fdivsqrtpostproc' has no pins
//  Warning: Net 'rtlcXXX' in module 'msrv_soc_fdivsqrtpostproc' has no pins
//  Warning: Net 'rtlcClkX' in module 'msrv_soc_aplusbeq0' has no pins
//  Warning: Net 'rtlcXXX' in module 'msrv_soc_aplusbeq0' has no pins
//  Warning: Net 'rtlcClkX' in module 'msrv_soc_flopenr_pv3' has no pins
//  Warning: Net 'rtlcXXX' in module 'msrv_soc_flopenr_pv3' has no pins
//  Warning: Net 'rtlcClkX' in module 'msrv_soc_fcmp' has no pins
//  Warning: Net 'rtlcXXX' in module 'msrv_soc_fcmp' has no pins
//  Warning: Net 'rtlcClkX' in module 'msrv_soc_fsgninj' has no pins
//  Warning: Net 'rtlcXXX' in module 'msrv_soc_fsgninj' has no pins
//  Warning: Net 'rtlcClkX' in module 'msrv_soc_fclassify' has no pins
//  Warning: Net 'rtlcXXX' in module 'msrv_soc_fclassify' has no pins
//  Warning: Net 'rtlc0n70[11]' in module 'msrv_soc_fcvt' has no pins
//  Warning: Net 'rtlcClkX' in module 'msrv_soc_fcvt' has no pins
//  Warning: Net 'rtlcXXX' in module 'msrv_soc_fcvt' has no pins
//  Warning: Net 'rtlcClkX' in module 'msrv_soc_lzc_pv3' has no pins
//  Warning: Net 'rtlcXXX' in module 'msrv_soc_lzc_pv3' has no pins
//  Warning: Net 'rtlcClkX' in module 'msrv_soc_flopenrc_pv14_1' has no pins
//  Warning: Net 'rtlcXXX' in module 'msrv_soc_flopenrc_pv14_1' has no pins
//  Warning: Net 'rtlcClkX' in module 'msrv_soc_flopenrc_pv14' has no pins
//  Warning: Net 'rtlcXXX' in module 'msrv_soc_flopenrc_pv14' has no pins
//  Warning: Net 'rtlcClkX' in module 'msrv_soc_flopenrc_pv3_19' has no pins
//  Warning: Net 'rtlcXXX' in module 'msrv_soc_flopenrc_pv3_19' has no pins
//  Warning: Net 'rtlcClkX' in module 'msrv_soc_flopenrc_pv3_20' has no pins
//  Warning: Net 'rtlcXXX' in module 'msrv_soc_flopenrc_pv3_20' has no pins
//  Warning: Net 'rtlcClkX' in module 'msrv_soc_flopenrc_pv3_21' has no pins
//  Warning: Net 'rtlcXXX' in module 'msrv_soc_flopenrc_pv3_21' has no pins
//  Warning: Net 'rtlcClkX' in module 'msrv_soc_flopenr_pv17' has no pins
//  Warning: Net 'rtlcXXX' in module 'msrv_soc_flopenr_pv17' has no pins
//  Warning: Net 'rtlcClkX' in module 'msrv_soc_flopenrc_pv1_7' has no pins
//  Warning: Net 'rtlcXXX' in module 'msrv_soc_flopenrc_pv1_7' has no pins
//  Warning: Net 'rtlcClkX' in module 'msrv_soc_flopenrc_pv15' has no pins
//  Warning: Net 'rtlcXXX' in module 'msrv_soc_flopenrc_pv15' has no pins
//  Warning: Net 'rtlcClkX' in module 'msrv_soc_flopenrc_pv16' has no pins
//  Warning: Net 'rtlcXXX' in module 'msrv_soc_flopenrc_pv16' has no pins
//  Warning: Net 'rtlcClkX' in module 'msrv_soc_flopenrc_pv17' has no pins
//  Warning: Net 'rtlcXXX' in module 'msrv_soc_flopenrc_pv17' has no pins
//  Warning: Net 'rtlcClkX' in module 'msrv_soc_flopenrc_pv3_22' has no pins
//  Warning: Net 'rtlcXXX' in module 'msrv_soc_flopenrc_pv3_22' has no pins
//  Warning: Net 'rtlcClkX' in module 'msrv_soc_postprocess' has no pins
//  Warning: Net 'rtlcXXX' in module 'msrv_soc_postprocess' has no pins
//  Warning: Net 'rtlcClkX' in module 'msrv_soc_cvtshiftcalc' has no pins
//  Warning: Net 'rtlcXXX' in module 'msrv_soc_cvtshiftcalc' has no pins
//  Warning: Net 'rtlc0n69[2]' in module 'msrv_soc_fmashiftcalc' has no pins
//  Warning: Net 'rtlc0n69[1]' in module 'msrv_soc_fmashiftcalc' has no pins
//  Warning: Net 'rtlc0n69[0]' in module 'msrv_soc_fmashiftcalc' has no pins
//  Warning: Net 'rtlc0n80[9]' in module 'msrv_soc_fmashiftcalc' has no pins
//  Warning: Net 'rtlc0n80[8]' in module 'msrv_soc_fmashiftcalc' has no pins
//  Warning: Net 'rtlc0n76[8]' in module 'msrv_soc_fmashiftcalc' has no pins
//  Warning: Net 'rtlc0n84[8]' in module 'msrv_soc_fmashiftcalc' has no pins
//  Warning: Net 'rtlcClkX' in module 'msrv_soc_fmashiftcalc' has no pins
//  Warning: Net 'rtlcXXX' in module 'msrv_soc_fmashiftcalc' has no pins
//  Warning: Net 'rtlcClkX' in module 'msrv_soc_divshiftcalc' has no pins
//  Warning: Net 'rtlcXXX' in module 'msrv_soc_divshiftcalc' has no pins
//  Warning: Net 'rtlcClkX' in module 'msrv_soc_normshift' has no pins
//  Warning: Net 'rtlcXXX' in module 'msrv_soc_normshift' has no pins
//  Warning: Net 'rtlcClkX' in module 'msrv_soc_shiftcorrection' has no pins
//  Warning: Net 'rtlcXXX' in module 'msrv_soc_shiftcorrection' has no pins
//  Warning: Net 'rtlcClkX' in module 'msrv_soc_roundsign' has no pins
//  Warning: Net 'rtlcXXX' in module 'msrv_soc_roundsign' has no pins
//  Warning: Net 'rtlc3n68[12]' in module 'msrv_soc_round' has no pins
//  Warning: Net 'rtlcClkX' in module 'msrv_soc_round' has no pins
//  Warning: Net 'rtlcXXX' in module 'msrv_soc_round' has no pins
//  Warning: Net 'rtlcClkX' in module 'msrv_soc_resultsign' has no pins
//  Warning: Net 'rtlcXXX' in module 'msrv_soc_resultsign' has no pins
//  Warning: Net 'rtlcClkX' in module 'msrv_soc_flags' has no pins
//  Warning: Net 'rtlcXXX' in module 'msrv_soc_flags' has no pins
//  Warning: Net 'rtlcClkX' in module 'msrv_soc_negateintres' has no pins
//  Warning: Net 'rtlcXXX' in module 'msrv_soc_negateintres' has no pins
//  Warning: Net 'XNaNRes[63]' in module 'msrv_soc_specialcase' has no pins
//  Warning: Net 'XNaNRes[62]' in module 'msrv_soc_specialcase' has no pins
//  Warning: Net 'XNaNRes[61]' in module 'msrv_soc_specialcase' has no pins
//  Warning: Net 'XNaNRes[60]' in module 'msrv_soc_specialcase' has no pins
//  Warning: Net 'XNaNRes[59]' in module 'msrv_soc_specialcase' has no pins
//  Warning: Net 'XNaNRes[58]' in module 'msrv_soc_specialcase' has no pins
//  Warning: Net 'XNaNRes[57]' in module 'msrv_soc_specialcase' has no pins
//  Warning: Net 'XNaNRes[56]' in module 'msrv_soc_specialcase' has no pins
//  Warning: Net 'XNaNRes[55]' in module 'msrv_soc_specialcase' has no pins
//  Warning: Net 'XNaNRes[54]' in module 'msrv_soc_specialcase' has no pins
//  Warning: Net 'XNaNRes[53]' in module 'msrv_soc_specialcase' has no pins
//  Warning: Net 'XNaNRes[52]' in module 'msrv_soc_specialcase' has no pins
//  Warning: Net 'XNaNRes[51]' in module 'msrv_soc_specialcase' has no pins
//  Warning: Net 'XNaNRes[50]' in module 'msrv_soc_specialcase' has no pins
//  Warning: Net 'XNaNRes[49]' in module 'msrv_soc_specialcase' has no pins
//  Warning: Net 'XNaNRes[48]' in module 'msrv_soc_specialcase' has no pins
//  Warning: Net 'XNaNRes[47]' in module 'msrv_soc_specialcase' has no pins
//  Warning: Net 'XNaNRes[46]' in module 'msrv_soc_specialcase' has no pins
//  Warning: Net 'XNaNRes[45]' in module 'msrv_soc_specialcase' has no pins
//  Warning: Net 'XNaNRes[44]' in module 'msrv_soc_specialcase' has no pins
//  Warning: Net 'XNaNRes[43]' in module 'msrv_soc_specialcase' has no pins
//  Warning: Net 'XNaNRes[42]' in module 'msrv_soc_specialcase' has no pins
//  Warning: Net 'XNaNRes[41]' in module 'msrv_soc_specialcase' has no pins
//  Warning: Net 'XNaNRes[40]' in module 'msrv_soc_specialcase' has no pins
//  Warning: Net 'XNaNRes[39]' in module 'msrv_soc_specialcase' has no pins
//  Warning: Net 'XNaNRes[38]' in module 'msrv_soc_specialcase' has no pins
//  Warning: Net 'XNaNRes[37]' in module 'msrv_soc_specialcase' has no pins
//  Warning: Net 'XNaNRes[36]' in module 'msrv_soc_specialcase' has no pins
//  Warning: Net 'XNaNRes[35]' in module 'msrv_soc_specialcase' has no pins
//  Warning: Net 'XNaNRes[34]' in module 'msrv_soc_specialcase' has no pins
//  Warning: Net 'XNaNRes[33]' in module 'msrv_soc_specialcase' has no pins
//  Warning: Net 'XNaNRes[32]' in module 'msrv_soc_specialcase' has no pins
//  Warning: Net 'XNaNRes[31]' in module 'msrv_soc_specialcase' has no pins
//  Warning: Net 'XNaNRes[30]' in module 'msrv_soc_specialcase' has no pins
//  Warning: Net 'XNaNRes[29]' in module 'msrv_soc_specialcase' has no pins
//  Warning: Net 'XNaNRes[28]' in module 'msrv_soc_specialcase' has no pins
//  Warning: Net 'XNaNRes[27]' in module 'msrv_soc_specialcase' has no pins
//  Warning: Net 'XNaNRes[26]' in module 'msrv_soc_specialcase' has no pins
//  Warning: Net 'XNaNRes[25]' in module 'msrv_soc_specialcase' has no pins
//  Warning: Net 'XNaNRes[24]' in module 'msrv_soc_specialcase' has no pins
//  Warning: Net 'XNaNRes[23]' in module 'msrv_soc_specialcase' has no pins
//  Warning: Net 'XNaNRes[22]' in module 'msrv_soc_specialcase' has no pins
//  Warning: Net 'XNaNRes[21]' in module 'msrv_soc_specialcase' has no pins
//  Warning: Net 'XNaNRes[20]' in module 'msrv_soc_specialcase' has no pins
//  Warning: Net 'XNaNRes[19]' in module 'msrv_soc_specialcase' has no pins
//  Warning: Net 'XNaNRes[18]' in module 'msrv_soc_specialcase' has no pins
//  Warning: Net 'XNaNRes[17]' in module 'msrv_soc_specialcase' has no pins
//  Warning: Net 'XNaNRes[16]' in module 'msrv_soc_specialcase' has no pins
//  Warning: Net 'XNaNRes[15]' in module 'msrv_soc_specialcase' has no pins
//  Warning: Net 'XNaNRes[14]' in module 'msrv_soc_specialcase' has no pins
//  Warning: Net 'XNaNRes[13]' in module 'msrv_soc_specialcase' has no pins
//  Warning: Net 'XNaNRes[12]' in module 'msrv_soc_specialcase' has no pins
//  Warning: Net 'XNaNRes[11]' in module 'msrv_soc_specialcase' has no pins
//  Warning: Net 'XNaNRes[10]' in module 'msrv_soc_specialcase' has no pins
//  Warning: Net 'XNaNRes[9]' in module 'msrv_soc_specialcase' has no pins
//  Warning: Net 'XNaNRes[8]' in module 'msrv_soc_specialcase' has no pins
//  Warning: Net 'XNaNRes[7]' in module 'msrv_soc_specialcase' has no pins
//  Warning: Net 'XNaNRes[6]' in module 'msrv_soc_specialcase' has no pins
//  Warning: Net 'XNaNRes[5]' in module 'msrv_soc_specialcase' has no pins
//  Warning: Net 'XNaNRes[4]' in module 'msrv_soc_specialcase' has no pins
//  Warning: Net 'XNaNRes[3]' in module 'msrv_soc_specialcase' has no pins
//  Warning: Net 'XNaNRes[2]' in module 'msrv_soc_specialcase' has no pins
//  Warning: Net 'XNaNRes[1]' in module 'msrv_soc_specialcase' has no pins
//  Warning: Net 'XNaNRes[0]' in module 'msrv_soc_specialcase' has no pins
//  Warning: Net 'YNaNRes[63]' in module 'msrv_soc_specialcase' has no pins
//  Warning: Net 'YNaNRes[62]' in module 'msrv_soc_specialcase' has no pins
//  Warning: Net 'YNaNRes[61]' in module 'msrv_soc_specialcase' has no pins
//  Warning: Net 'YNaNRes[60]' in module 'msrv_soc_specialcase' has no pins
//  Warning: Net 'YNaNRes[59]' in module 'msrv_soc_specialcase' has no pins
//  Warning: Net 'YNaNRes[58]' in module 'msrv_soc_specialcase' has no pins
//  Warning: Net 'YNaNRes[57]' in module 'msrv_soc_specialcase' has no pins
//  Warning: Net 'YNaNRes[56]' in module 'msrv_soc_specialcase' has no pins
//  Warning: Net 'YNaNRes[55]' in module 'msrv_soc_specialcase' has no pins
//  Warning: Net 'YNaNRes[54]' in module 'msrv_soc_specialcase' has no pins
//  Warning: Net 'YNaNRes[53]' in module 'msrv_soc_specialcase' has no pins
//  Warning: Net 'YNaNRes[52]' in module 'msrv_soc_specialcase' has no pins
//  Warning: Net 'YNaNRes[51]' in module 'msrv_soc_specialcase' has no pins
//  Warning: Net 'YNaNRes[50]' in module 'msrv_soc_specialcase' has no pins
//  Warning: Net 'YNaNRes[49]' in module 'msrv_soc_specialcase' has no pins
//  Warning: Net 'YNaNRes[48]' in module 'msrv_soc_specialcase' has no pins
//  Warning: Net 'YNaNRes[47]' in module 'msrv_soc_specialcase' has no pins
//  Warning: Net 'YNaNRes[46]' in module 'msrv_soc_specialcase' has no pins
//  Warning: Net 'YNaNRes[45]' in module 'msrv_soc_specialcase' has no pins
//  Warning: Net 'YNaNRes[44]' in module 'msrv_soc_specialcase' has no pins
//  Warning: Net 'YNaNRes[43]' in module 'msrv_soc_specialcase' has no pins
//  Warning: Net 'YNaNRes[42]' in module 'msrv_soc_specialcase' has no pins
//  Warning: Net 'YNaNRes[41]' in module 'msrv_soc_specialcase' has no pins
//  Warning: Net 'YNaNRes[40]' in module 'msrv_soc_specialcase' has no pins
//  Warning: Net 'YNaNRes[39]' in module 'msrv_soc_specialcase' has no pins
//  Warning: Net 'YNaNRes[38]' in module 'msrv_soc_specialcase' has no pins
//  Warning: Net 'YNaNRes[37]' in module 'msrv_soc_specialcase' has no pins
//  Warning: Net 'YNaNRes[36]' in module 'msrv_soc_specialcase' has no pins
//  Warning: Net 'YNaNRes[35]' in module 'msrv_soc_specialcase' has no pins
//  Warning: Net 'YNaNRes[34]' in module 'msrv_soc_specialcase' has no pins
//  Warning: Net 'YNaNRes[33]' in module 'msrv_soc_specialcase' has no pins
//  Warning: Net 'YNaNRes[32]' in module 'msrv_soc_specialcase' has no pins
//  Warning: Net 'YNaNRes[31]' in module 'msrv_soc_specialcase' has no pins
//  Warning: Net 'YNaNRes[30]' in module 'msrv_soc_specialcase' has no pins
//  Warning: Net 'YNaNRes[29]' in module 'msrv_soc_specialcase' has no pins
//  Warning: Net 'YNaNRes[28]' in module 'msrv_soc_specialcase' has no pins
//  Warning: Net 'YNaNRes[27]' in module 'msrv_soc_specialcase' has no pins
//  Warning: Net 'YNaNRes[26]' in module 'msrv_soc_specialcase' has no pins
//  Warning: Net 'YNaNRes[25]' in module 'msrv_soc_specialcase' has no pins
//  Warning: Net 'YNaNRes[24]' in module 'msrv_soc_specialcase' has no pins
//  Warning: Net 'YNaNRes[23]' in module 'msrv_soc_specialcase' has no pins
//  Warning: Net 'YNaNRes[22]' in module 'msrv_soc_specialcase' has no pins
//  Warning: Net 'YNaNRes[21]' in module 'msrv_soc_specialcase' has no pins
//  Warning: Net 'YNaNRes[20]' in module 'msrv_soc_specialcase' has no pins
//  Warning: Net 'YNaNRes[19]' in module 'msrv_soc_specialcase' has no pins
//  Warning: Net 'YNaNRes[18]' in module 'msrv_soc_specialcase' has no pins
//  Warning: Net 'YNaNRes[17]' in module 'msrv_soc_specialcase' has no pins
//  Warning: Net 'YNaNRes[16]' in module 'msrv_soc_specialcase' has no pins
//  Warning: Net 'YNaNRes[15]' in module 'msrv_soc_specialcase' has no pins
//  Warning: Net 'YNaNRes[14]' in module 'msrv_soc_specialcase' has no pins
//  Warning: Net 'YNaNRes[13]' in module 'msrv_soc_specialcase' has no pins
//  Warning: Net 'YNaNRes[12]' in module 'msrv_soc_specialcase' has no pins
//  Warning: Net 'YNaNRes[11]' in module 'msrv_soc_specialcase' has no pins
//  Warning: Net 'YNaNRes[10]' in module 'msrv_soc_specialcase' has no pins
//  Warning: Net 'YNaNRes[9]' in module 'msrv_soc_specialcase' has no pins
//  Warning: Net 'YNaNRes[8]' in module 'msrv_soc_specialcase' has no pins
//  Warning: Net 'YNaNRes[7]' in module 'msrv_soc_specialcase' has no pins
//  Warning: Net 'YNaNRes[6]' in module 'msrv_soc_specialcase' has no pins
//  Warning: Net 'YNaNRes[5]' in module 'msrv_soc_specialcase' has no pins
//  Warning: Net 'YNaNRes[4]' in module 'msrv_soc_specialcase' has no pins
//  Warning: Net 'YNaNRes[3]' in module 'msrv_soc_specialcase' has no pins
//  Warning: Net 'YNaNRes[2]' in module 'msrv_soc_specialcase' has no pins
//  Warning: Net 'YNaNRes[1]' in module 'msrv_soc_specialcase' has no pins
//  Warning: Net 'YNaNRes[0]' in module 'msrv_soc_specialcase' has no pins
//  Warning: Net 'ZNaNRes[63]' in module 'msrv_soc_specialcase' has no pins
//  Warning: Net 'ZNaNRes[62]' in module 'msrv_soc_specialcase' has no pins
//  Warning: Net 'ZNaNRes[61]' in module 'msrv_soc_specialcase' has no pins
//  Warning: Net 'ZNaNRes[60]' in module 'msrv_soc_specialcase' has no pins
//  Warning: Net 'ZNaNRes[59]' in module 'msrv_soc_specialcase' has no pins
//  Warning: Net 'ZNaNRes[58]' in module 'msrv_soc_specialcase' has no pins
//  Warning: Net 'ZNaNRes[57]' in module 'msrv_soc_specialcase' has no pins
//  Warning: Net 'ZNaNRes[56]' in module 'msrv_soc_specialcase' has no pins
//  Warning: Net 'ZNaNRes[55]' in module 'msrv_soc_specialcase' has no pins
//  Warning: Net 'ZNaNRes[54]' in module 'msrv_soc_specialcase' has no pins
//  Warning: Net 'ZNaNRes[53]' in module 'msrv_soc_specialcase' has no pins
//  Warning: Net 'ZNaNRes[52]' in module 'msrv_soc_specialcase' has no pins
//  Warning: Net 'ZNaNRes[51]' in module 'msrv_soc_specialcase' has no pins
//  Warning: Net 'ZNaNRes[50]' in module 'msrv_soc_specialcase' has no pins
//  Warning: Net 'ZNaNRes[49]' in module 'msrv_soc_specialcase' has no pins
//  Warning: Net 'ZNaNRes[48]' in module 'msrv_soc_specialcase' has no pins
//  Warning: Net 'ZNaNRes[47]' in module 'msrv_soc_specialcase' has no pins
//  Warning: Net 'ZNaNRes[46]' in module 'msrv_soc_specialcase' has no pins
//  Warning: Net 'ZNaNRes[45]' in module 'msrv_soc_specialcase' has no pins
//  Warning: Net 'ZNaNRes[44]' in module 'msrv_soc_specialcase' has no pins
//  Warning: Net 'ZNaNRes[43]' in module 'msrv_soc_specialcase' has no pins
//  Warning: Net 'ZNaNRes[42]' in module 'msrv_soc_specialcase' has no pins
//  Warning: Net 'ZNaNRes[41]' in module 'msrv_soc_specialcase' has no pins
//  Warning: Net 'ZNaNRes[40]' in module 'msrv_soc_specialcase' has no pins
//  Warning: Net 'ZNaNRes[39]' in module 'msrv_soc_specialcase' has no pins
//  Warning: Net 'ZNaNRes[38]' in module 'msrv_soc_specialcase' has no pins
//  Warning: Net 'ZNaNRes[37]' in module 'msrv_soc_specialcase' has no pins
//  Warning: Net 'ZNaNRes[36]' in module 'msrv_soc_specialcase' has no pins
//  Warning: Net 'ZNaNRes[35]' in module 'msrv_soc_specialcase' has no pins
//  Warning: Net 'ZNaNRes[34]' in module 'msrv_soc_specialcase' has no pins
//  Warning: Net 'ZNaNRes[33]' in module 'msrv_soc_specialcase' has no pins
//  Warning: Net 'ZNaNRes[32]' in module 'msrv_soc_specialcase' has no pins
//  Warning: Net 'ZNaNRes[31]' in module 'msrv_soc_specialcase' has no pins
//  Warning: Net 'ZNaNRes[30]' in module 'msrv_soc_specialcase' has no pins
//  Warning: Net 'ZNaNRes[29]' in module 'msrv_soc_specialcase' has no pins
//  Warning: Net 'ZNaNRes[28]' in module 'msrv_soc_specialcase' has no pins
//  Warning: Net 'ZNaNRes[27]' in module 'msrv_soc_specialcase' has no pins
//  Warning: Net 'ZNaNRes[26]' in module 'msrv_soc_specialcase' has no pins
//  Warning: Net 'ZNaNRes[25]' in module 'msrv_soc_specialcase' has no pins
//  Warning: Net 'ZNaNRes[24]' in module 'msrv_soc_specialcase' has no pins
//  Warning: Net 'ZNaNRes[23]' in module 'msrv_soc_specialcase' has no pins
//  Warning: Net 'ZNaNRes[22]' in module 'msrv_soc_specialcase' has no pins
//  Warning: Net 'ZNaNRes[21]' in module 'msrv_soc_specialcase' has no pins
//  Warning: Net 'ZNaNRes[20]' in module 'msrv_soc_specialcase' has no pins
//  Warning: Net 'ZNaNRes[19]' in module 'msrv_soc_specialcase' has no pins
//  Warning: Net 'ZNaNRes[18]' in module 'msrv_soc_specialcase' has no pins
//  Warning: Net 'ZNaNRes[17]' in module 'msrv_soc_specialcase' has no pins
//  Warning: Net 'ZNaNRes[16]' in module 'msrv_soc_specialcase' has no pins
//  Warning: Net 'ZNaNRes[15]' in module 'msrv_soc_specialcase' has no pins
//  Warning: Net 'ZNaNRes[14]' in module 'msrv_soc_specialcase' has no pins
//  Warning: Net 'ZNaNRes[13]' in module 'msrv_soc_specialcase' has no pins
//  Warning: Net 'ZNaNRes[12]' in module 'msrv_soc_specialcase' has no pins
//  Warning: Net 'ZNaNRes[11]' in module 'msrv_soc_specialcase' has no pins
//  Warning: Net 'ZNaNRes[10]' in module 'msrv_soc_specialcase' has no pins
//  Warning: Net 'ZNaNRes[9]' in module 'msrv_soc_specialcase' has no pins
//  Warning: Net 'ZNaNRes[8]' in module 'msrv_soc_specialcase' has no pins
//  Warning: Net 'ZNaNRes[7]' in module 'msrv_soc_specialcase' has no pins
//  Warning: Net 'ZNaNRes[6]' in module 'msrv_soc_specialcase' has no pins
//  Warning: Net 'ZNaNRes[5]' in module 'msrv_soc_specialcase' has no pins
//  Warning: Net 'ZNaNRes[4]' in module 'msrv_soc_specialcase' has no pins
//  Warning: Net 'ZNaNRes[3]' in module 'msrv_soc_specialcase' has no pins
//  Warning: Net 'ZNaNRes[2]' in module 'msrv_soc_specialcase' has no pins
//  Warning: Net 'ZNaNRes[1]' in module 'msrv_soc_specialcase' has no pins
//  Warning: Net 'ZNaNRes[0]' in module 'msrv_soc_specialcase' has no pins
//  Warning: Net 'rtlcClkX' in module 'msrv_soc_specialcase' has no pins
//  Warning: Net 'rtlcXXX' in module 'msrv_soc_specialcase' has no pins
//  Warning: Net 'rtlcClkX' in module 'msrv_soc_mux2_pv18' has no pins
//  Warning: Net 'rtlcXXX' in module 'msrv_soc_mux2_pv18' has no pins
//  Warning: Net 'rtlcClkX' in module 'msrv_soc_flopenrc_pv3_23' has no pins
//  Warning: Net 'rtlcXXX' in module 'msrv_soc_flopenrc_pv3_23' has no pins
//  Warning: Net 'rtlcClkX' in module 'msrv_soc_flopenrc_pv3_24' has no pins
//  Warning: Net 'rtlcXXX' in module 'msrv_soc_flopenrc_pv3_24' has no pins
//  Warning: Net 'rtlcClkX' in module 'msrv_soc_flopenrc_pv3' has no pins
//  Warning: Net 'rtlcXXX' in module 'msrv_soc_flopenrc_pv3' has no pins
//  Warning: Net 'rtlc1n60[52]' in module 'msrv_soc_fround' has no pins
//  Warning: Net 'rtlc1n60[51]' in module 'msrv_soc_fround' has no pins
//  Warning: Net 'rtlc1n60[50]' in module 'msrv_soc_fround' has no pins
//  Warning: Net 'rtlc1n60[49]' in module 'msrv_soc_fround' has no pins
//  Warning: Net 'rtlc1n60[48]' in module 'msrv_soc_fround' has no pins
//  Warning: Net 'rtlc1n60[47]' in module 'msrv_soc_fround' has no pins
//  Warning: Net 'rtlc1n60[46]' in module 'msrv_soc_fround' has no pins
//  Warning: Net 'rtlc1n60[45]' in module 'msrv_soc_fround' has no pins
//  Warning: Net 'rtlc1n60[44]' in module 'msrv_soc_fround' has no pins
//  Warning: Net 'rtlc1n60[43]' in module 'msrv_soc_fround' has no pins
//  Warning: Net 'rtlc1n60[42]' in module 'msrv_soc_fround' has no pins
//  Warning: Net 'rtlc1n60[41]' in module 'msrv_soc_fround' has no pins
//  Warning: Net 'rtlc1n60[40]' in module 'msrv_soc_fround' has no pins
//  Warning: Net 'rtlc1n60[39]' in module 'msrv_soc_fround' has no pins
//  Warning: Net 'rtlc1n60[38]' in module 'msrv_soc_fround' has no pins
//  Warning: Net 'rtlc1n60[37]' in module 'msrv_soc_fround' has no pins
//  Warning: Net 'rtlc1n60[36]' in module 'msrv_soc_fround' has no pins
//  Warning: Net 'rtlc1n60[35]' in module 'msrv_soc_fround' has no pins
//  Warning: Net 'rtlc1n60[34]' in module 'msrv_soc_fround' has no pins
//  Warning: Net 'rtlc1n60[33]' in module 'msrv_soc_fround' has no pins
//  Warning: Net 'rtlc1n60[32]' in module 'msrv_soc_fround' has no pins
//  Warning: Net 'rtlc1n60[31]' in module 'msrv_soc_fround' has no pins
//  Warning: Net 'rtlc1n60[30]' in module 'msrv_soc_fround' has no pins
//  Warning: Net 'rtlc1n60[29]' in module 'msrv_soc_fround' has no pins
//  Warning: Net 'rtlc1n60[28]' in module 'msrv_soc_fround' has no pins
//  Warning: Net 'rtlc1n60[27]' in module 'msrv_soc_fround' has no pins
//  Warning: Net 'rtlc1n60[26]' in module 'msrv_soc_fround' has no pins
//  Warning: Net 'rtlc1n60[25]' in module 'msrv_soc_fround' has no pins
//  Warning: Net 'rtlc1n60[24]' in module 'msrv_soc_fround' has no pins
//  Warning: Net 'rtlc1n60[23]' in module 'msrv_soc_fround' has no pins
//  Warning: Net 'rtlc1n60[22]' in module 'msrv_soc_fround' has no pins
//  Warning: Net 'rtlc1n60[21]' in module 'msrv_soc_fround' has no pins
//  Warning: Net 'rtlc1n60[20]' in module 'msrv_soc_fround' has no pins
//  Warning: Net 'rtlc1n60[19]' in module 'msrv_soc_fround' has no pins
//  Warning: Net 'rtlc1n60[18]' in module 'msrv_soc_fround' has no pins
//  Warning: Net 'rtlc1n60[17]' in module 'msrv_soc_fround' has no pins
//  Warning: Net 'rtlc1n60[16]' in module 'msrv_soc_fround' has no pins
//  Warning: Net 'rtlc1n60[15]' in module 'msrv_soc_fround' has no pins
//  Warning: Net 'rtlc1n60[14]' in module 'msrv_soc_fround' has no pins
//  Warning: Net 'rtlc1n60[13]' in module 'msrv_soc_fround' has no pins
//  Warning: Net 'rtlc1n60[12]' in module 'msrv_soc_fround' has no pins
//  Warning: Net 'rtlc1n60[11]' in module 'msrv_soc_fround' has no pins
//  Warning: Net 'rtlc1n60[10]' in module 'msrv_soc_fround' has no pins
//  Warning: Net 'rtlc1n60[9]' in module 'msrv_soc_fround' has no pins
//  Warning: Net 'rtlc1n60[8]' in module 'msrv_soc_fround' has no pins
//  Warning: Net 'rtlc1n60[7]' in module 'msrv_soc_fround' has no pins
//  Warning: Net 'rtlc1n60[6]' in module 'msrv_soc_fround' has no pins
//  Warning: Net 'rtlc1n60[5]' in module 'msrv_soc_fround' has no pins
//  Warning: Net 'rtlc1n60[4]' in module 'msrv_soc_fround' has no pins
//  Warning: Net 'rtlc1n60[3]' in module 'msrv_soc_fround' has no pins
//  Warning: Net 'rtlc1n60[2]' in module 'msrv_soc_fround' has no pins
//  Warning: Net 'rtlc1n60[0]' in module 'msrv_soc_fround' has no pins
//  Warning: Net 'rtlcClkX' in module 'msrv_soc_fround' has no pins
//  Warning: Net 'rtlcXXX' in module 'msrv_soc_fround' has no pins
//  Warning: Net 'rtlcClkX' in module 'msrv_soc_mux2_pv17' has no pins
//  Warning: Net 'rtlcXXX' in module 'msrv_soc_mux2_pv17' has no pins
//  Warning: Net 'Fract3[9]' in module 'msrv_soc_packoutput' has no pins
//  Warning: Net 'Fract3[8]' in module 'msrv_soc_packoutput' has no pins
//  Warning: Net 'Fract3[7]' in module 'msrv_soc_packoutput' has no pins
//  Warning: Net 'Fract3[6]' in module 'msrv_soc_packoutput' has no pins
//  Warning: Net 'Fract3[5]' in module 'msrv_soc_packoutput' has no pins
//  Warning: Net 'Fract3[4]' in module 'msrv_soc_packoutput' has no pins
//  Warning: Net 'Fract3[3]' in module 'msrv_soc_packoutput' has no pins
//  Warning: Net 'Fract3[2]' in module 'msrv_soc_packoutput' has no pins
//  Warning: Net 'Fract3[1]' in module 'msrv_soc_packoutput' has no pins
//  Warning: Net 'Fract3[0]' in module 'msrv_soc_packoutput' has no pins
//  Warning: Net 'Exp3[4]' in module 'msrv_soc_packoutput' has no pins
//  Warning: Net 'Exp3[3]' in module 'msrv_soc_packoutput' has no pins
//  Warning: Net 'Exp3[2]' in module 'msrv_soc_packoutput' has no pins
//  Warning: Net 'Exp3[1]' in module 'msrv_soc_packoutput' has no pins
//  Warning: Net 'Exp3[0]' in module 'msrv_soc_packoutput' has no pins
//  Warning: Net 'rtlcClkX' in module 'msrv_soc_packoutput' has no pins
//  Warning: Net 'rtlcXXX' in module 'msrv_soc_packoutput' has no pins
//  Warning: Net 'rtlcClkX' in module 'msrv_soc_flopenrc_pv8' has no pins
//  Warning: Net 'rtlcXXX' in module 'msrv_soc_flopenrc_pv8' has no pins
//  Warning: Net 'rtlcClkX' in module 'msrv_soc_flopenrc_pv1' has no pins
//  Warning: Net 'rtlcXXX' in module 'msrv_soc_flopenrc_pv1' has no pins
//  Warning: Net 'rtlcClkX' in module 'msrv_soc_fli' has no pins
//  Warning: Net 'rtlcXXX' in module 'msrv_soc_fli' has no pins
//  Warning: Net 'rtlcClkX' in module 'msrv_soc_mux4_pv3' has no pins
//  Warning: Net 'rtlcXXX' in module 'msrv_soc_mux4_pv3' has no pins
//  Warning: Net 'rtlcClkX' in module 'msrv_soc_pipelinedcorewrapper_pass1_rtl_tessent_sib_1' has no pins
//  Warning: Net 'rtlcXXX' in module 'msrv_soc_pipelinedcorewrapper_pass1_rtl_tessent_sib_1' has no pins
//  Warning: Net 'rtlcClkX' in module 'msrv_soc_pipelinedcorewrapper_pass1_rtl_tessent_sib_2_1' has no pins
//  Warning: Net 'rtlcXXX' in module 'msrv_soc_pipelinedcorewrapper_pass1_rtl_tessent_sib_2_1' has no pins
//  Warning: Net 'rtlcClkX' in module 'msrv_soc_pipelinedcorewrapper_pass1_rtl_tessent_sib_2_2' has no pins
//  Warning: Net 'rtlcXXX' in module 'msrv_soc_pipelinedcorewrapper_pass1_rtl_tessent_sib_2_2' has no pins
//  Warning: Net 'rtlcClkX' in module 'msrv_soc_pipelinedcorewrapper_pass1_rtl_tessent_sib_2_3' has no pins
//  Warning: Net 'rtlcXXX' in module 'msrv_soc_pipelinedcorewrapper_pass1_rtl_tessent_sib_2_3' has no pins
//  Warning: Net 'rtlcClkX' in module 'msrv_soc_pipelinedcorewrapper_pass1_rtl_tessent_sib_2' has no pins
//  Warning: Net 'rtlcXXX' in module 'msrv_soc_pipelinedcorewrapper_pass1_rtl_tessent_sib_2' has no pins
//  Warning: Net 'mcp_bounding_en_to_buf' in module 'msrv_soc_pipelinedcorewrapper_pass1_rtl_tessent_tdr_sri_ctrl' has no pins
//  Warning: Net 'control_test_point_en_to_buf' in module 'msrv_soc_pipelinedcorewrapper_pass1_rtl_tessent_tdr_sri_ctrl' has no pins
//  Warning: Net 'observe_test_point_en_to_buf' in module 'msrv_soc_pipelinedcorewrapper_pass1_rtl_tessent_tdr_sri_ctrl' has no pins
//  Warning: Net 'x_bounding_en_to_buf' in module 'msrv_soc_pipelinedcorewrapper_pass1_rtl_tessent_tdr_sri_ctrl' has no pins
//  Warning: Net 'rtlcClkX' in module 'msrv_soc_pipelinedcorewrapper_pass1_rtl_tessent_tdr_sri_ctrl' has no pins
//  Warning: Net 'rtlcXXX' in module 'msrv_soc_pipelinedcorewrapper_pass1_rtl_tessent_tdr_sri_ctrl' has no pins
//  Warning: Net 'rtlcClkX' in module 'msrv_soc_pipelinedcorewrapper_pass1_rtl_tessent_occ' has no pins
//  Warning: Net 'rtlcXXX' in module 'msrv_soc_pipelinedcorewrapper_pass1_rtl_tessent_occ' has no pins
//  Warning: Net 'rtlcClkX' in module 'msrv_soc_pipelinedcorewrapper_pass1_rtl_tessent_occ_control' has no pins
//  Warning: Net 'rtlcXXX' in module 'msrv_soc_pipelinedcorewrapper_pass1_rtl_tessent_occ_control' has no pins
//  Warning: Net 'rtlcClkX' in module 'msrv_soc_pipelinedcorewrapper_pass1_rtl_tessent_posedge_synchronizer_reset_1' has no pins
//  Warning: Net 'rtlcXXX' in module 'msrv_soc_pipelinedcorewrapper_pass1_rtl_tessent_posedge_synchronizer_reset_1' has no pins
//  Warning: Net 'rtlcClkX' in module 'msrv_soc_pipelinedcorewrapper_pass1_rtl_tessent_occ_shift_reg' has no pins
//  Warning: Net 'rtlcXXX' in module 'msrv_soc_pipelinedcorewrapper_pass1_rtl_tessent_occ_shift_reg' has no pins
//  Warning: Net 'rtlcClkX' in module 'msrv_soc_pipelinedcorewrapper_pass1_rtl_tessent_occ_ijtag_control' has no pins
//  Warning: Net 'rtlcXXX' in module 'msrv_soc_pipelinedcorewrapper_pass1_rtl_tessent_occ_ijtag_control' has no pins
//  Warning: Net 'rtlcClkX' in module 'msrv_soc_pipelinedcorewrapper_pass1_rtl_tessent_occ_sib' has no pins
//  Warning: Net 'rtlcXXX' in module 'msrv_soc_pipelinedcorewrapper_pass1_rtl_tessent_occ_sib' has no pins
//  Warning: Net 'rtlcClkX' in module 'msrv_soc_pipelinedcorewrapper_pass1_rtl_tessent_edt_lbist_c1' has no pins
//  Warning: Net 'rtlcXXX' in module 'msrv_soc_pipelinedcorewrapper_pass1_rtl_tessent_edt_lbist_c1' has no pins
//  Warning: Net 'lbist_lp_mask_hold_reg[0]' in module 'msrv_soc_pipelinedcorewrapper_pass1_rtl_tessent_edt_c1_decompressor' has no pins
//  Warning: Net 'rtlcClkX' in module 'msrv_soc_pipelinedcorewrapper_pass1_rtl_tessent_edt_c1_decompressor' has no pins
//  Warning: Net 'rtlcXXX' in module 'msrv_soc_pipelinedcorewrapper_pass1_rtl_tessent_edt_c1_decompressor' has no pins
//  Warning: Net 'rtlcClkX' in module 'msrv_soc_pipelinedcorewrapper_pass1_rtl_tessent_edt_c1_sib_1' has no pins
//  Warning: Net 'rtlcXXX' in module 'msrv_soc_pipelinedcorewrapper_pass1_rtl_tessent_edt_c1_sib_1' has no pins
//  Warning: Net 'rtlcClkX' in module 'msrv_soc_pipelinedcorewrapper_pass1_rtl_tessent_edt_c1_sib_2' has no pins
//  Warning: Net 'rtlcXXX' in module 'msrv_soc_pipelinedcorewrapper_pass1_rtl_tessent_edt_c1_sib_2' has no pins
//  Warning: Net 'rtlcClkX' in module 'msrv_soc_pipelinedcorewrapper_pass1_rtl_tessent_edt_c1_sib_3' has no pins
//  Warning: Net 'rtlcXXX' in module 'msrv_soc_pipelinedcorewrapper_pass1_rtl_tessent_edt_c1_sib_3' has no pins
//  Warning: Net 'rtlcClkX' in module 'msrv_soc_pipelinedcorewrapper_pass1_rtl_tessent_edt_c1_compactor' has no pins
//  Warning: Net 'rtlcXXX' in module 'msrv_soc_pipelinedcorewrapper_pass1_rtl_tessent_edt_c1_compactor' has no pins
//  Warning: Net 'rtlcClkX' in module 'msrv_soc_pipelinedcorewrapper_pass1_rtl_tessent_edt_c1_spatial_compactor_30_w_output_lockup_1' has no pins
//  Warning: Net 'rtlcXXX' in module 'msrv_soc_pipelinedcorewrapper_pass1_rtl_tessent_edt_c1_spatial_compactor_30_w_output_lockup_1' has no pins
//  Warning: Net 'rtlcClkX' in module 'msrv_soc_pipelinedcorewrapper_pass1_rtl_tessent_edt_c1_spatial_compactor_30_w_output_lockup' has no pins
//  Warning: Net 'rtlcXXX' in module 'msrv_soc_pipelinedcorewrapper_pass1_rtl_tessent_edt_c1_spatial_compactor_30_w_output_lockup' has no pins
//  Warning: Net 'rtlcClkX' in module 'msrv_soc_pipelinedcorewrapper_pass1_rtl_tessent_edt_c1_controller' has no pins
//  Warning: Net 'rtlcXXX' in module 'msrv_soc_pipelinedcorewrapper_pass1_rtl_tessent_edt_c1_controller' has no pins
//  Warning: Net 'rtlcClkX' in module 'msrv_soc_pipelinedcorewrapper_pass1_rtl_tessent_edt_c1_xor_decoder' has no pins
//  Warning: Net 'rtlcXXX' in module 'msrv_soc_pipelinedcorewrapper_pass1_rtl_tessent_edt_c1_xor_decoder' has no pins
//  Warning: Net 'rtlcClkX' in module 'msrv_soc_pipelinedcorewrapper_pass1_rtl_tessent_edt_c1_onehot_decoder_5_to_30' has no pins
//  Warning: Net 'rtlcXXX' in module 'msrv_soc_pipelinedcorewrapper_pass1_rtl_tessent_edt_c1_onehot_decoder_5_to_30' has no pins
//  Warning: Net 'rtlcClkX' in module 'msrv_soc_pipelinedcorewrapper_pass1_rtl_tessent_edt_c1_sib_4' has no pins
//  Warning: Net 'rtlcXXX' in module 'msrv_soc_pipelinedcorewrapper_pass1_rtl_tessent_edt_c1_sib_4' has no pins
//  Warning: Net 'rtlcClkX' in module 'msrv_soc_pipelinedcorewrapper_pass1_rtl_tessent_edt_c1_bypass_logic' has no pins
//  Warning: Net 'rtlcXXX' in module 'msrv_soc_pipelinedcorewrapper_pass1_rtl_tessent_edt_c1_bypass_logic' has no pins
//  Warning: Net 'misr_1[0]' in module 'msrv_soc_pipelinedcorewrapper_pass1_rtl_tessent_edt_c1_misr' has no pins
//  Warning: Net 'rtlcClkX' in module 'msrv_soc_pipelinedcorewrapper_pass1_rtl_tessent_edt_c1_misr' has no pins
//  Warning: Net 'rtlcXXX' in module 'msrv_soc_pipelinedcorewrapper_pass1_rtl_tessent_edt_c1_misr' has no pins
//  Warning: Net 'rtlcClkX' in module 'msrv_soc_pipelinedcorewrapper_pass1_rtl_tessent_edt_c1_misr_reg' has no pins
//  Warning: Net 'rtlcXXX' in module 'msrv_soc_pipelinedcorewrapper_pass1_rtl_tessent_edt_c1_misr_reg' has no pins
//  Warning: Net 'rtlcClkX' in module 'msrv_soc_pipelinedcorewrapper_pass1_rtl_tessent_edt_c1_sib' has no pins
//  Warning: Net 'rtlcXXX' in module 'msrv_soc_pipelinedcorewrapper_pass1_rtl_tessent_edt_c1_sib' has no pins
//  Warning: Net 'edt_bypass_to_buf' in module 'msrv_soc_pipelinedcorewrapper_pass1_rtl_tessent_edt_lbist_c1_tdr' has no pins
//  Warning: Net 'rtlcClkX' in module 'msrv_soc_pipelinedcorewrapper_pass1_rtl_tessent_edt_lbist_c1_tdr' has no pins
//  Warning: Net 'rtlcXXX' in module 'msrv_soc_pipelinedcorewrapper_pass1_rtl_tessent_edt_lbist_c1_tdr' has no pins
//  Warning: Net 'rtlcClkX' in module 'msrv_soc_pipelinedcorewrapper_pass1_rtl_tessent_lbist' has no pins
//  Warning: Net 'rtlcXXX' in module 'msrv_soc_pipelinedcorewrapper_pass1_rtl_tessent_lbist' has no pins
//  Warning: Net 'warmup_pattern_cnt[0]' in module 'msrv_soc_pipelinedcorewrapper_pass1_rtl_tessent_lbist_ctrl' has no pins
//  Warning: Net 'rtlcClkX' in module 'msrv_soc_pipelinedcorewrapper_pass1_rtl_tessent_lbist_ctrl' has no pins
//  Warning: Net 'rtlcXXX' in module 'msrv_soc_pipelinedcorewrapper_pass1_rtl_tessent_lbist_ctrl' has no pins
//  Warning: Net 'rtlcClkX' in module 'msrv_soc_pipelinedcorewrapper_pass1_rtl_tessent_lbist_capture_phase_reg' has no pins
//  Warning: Net 'rtlcXXX' in module 'msrv_soc_pipelinedcorewrapper_pass1_rtl_tessent_lbist_capture_phase_reg' has no pins
//  Warning: Net 'rtlcClkX' in module 'msrv_soc_pipelinedcorewrapper_pass1_rtl_tessent_lbist_warmup_pattern_cnt_reg' has no pins
//  Warning: Net 'rtlcXXX' in module 'msrv_soc_pipelinedcorewrapper_pass1_rtl_tessent_lbist_warmup_pattern_cnt_reg' has no pins
//  Warning: Net 'vector_cnt[0]' in module 'msrv_soc_pipelinedcorewrapper_pass1_rtl_tessent_lbist_counter' has no pins
//  Warning: Net 'rtlcClkX' in module 'msrv_soc_pipelinedcorewrapper_pass1_rtl_tessent_lbist_counter' has no pins
//  Warning: Net 'rtlcXXX' in module 'msrv_soc_pipelinedcorewrapper_pass1_rtl_tessent_lbist_counter' has no pins
//  Warning: Net 'rtlcClkX' in module 'msrv_soc_pipelinedcorewrapper_pass1_rtl_tessent_lbist_bit_cnt_reg' has no pins
//  Warning: Net 'rtlcXXX' in module 'msrv_soc_pipelinedcorewrapper_pass1_rtl_tessent_lbist_bit_cnt_reg' has no pins
//  Warning: Net 'rtlcClkX' in module 'msrv_soc_pipelinedcorewrapper_pass1_rtl_tessent_lbist_vector_cnt_reg' has no pins
//  Warning: Net 'rtlcXXX' in module 'msrv_soc_pipelinedcorewrapper_pass1_rtl_tessent_lbist_vector_cnt_reg' has no pins
//  Warning: Net 'rtlcClkX' in module 'msrv_soc_pipelinedcorewrapper_pass1_rtl_tessent_lbist_sib_1' has no pins
//  Warning: Net 'rtlcXXX' in module 'msrv_soc_pipelinedcorewrapper_pass1_rtl_tessent_lbist_sib_1' has no pins
//  Warning: Net 'rtlcClkX' in module 'msrv_soc_pipelinedcorewrapper_pass1_rtl_tessent_lbist_ctrl_signals' has no pins
//  Warning: Net 'rtlcXXX' in module 'msrv_soc_pipelinedcorewrapper_pass1_rtl_tessent_lbist_ctrl_signals' has no pins
//  Warning: Net 'rtlcClkX' in module 'msrv_soc_pipelinedcorewrapper_pass1_rtl_tessent_lbist_sib_2' has no pins
//  Warning: Net 'rtlcXXX' in module 'msrv_soc_pipelinedcorewrapper_pass1_rtl_tessent_lbist_sib_2' has no pins
//  Warning: Net 'rtlc0n16' in module 'msrv_soc_pipelinedcorewrapper_pass1_rtl_tessent_lbist_fsm' has no pins
//  Warning: Net 'rtlcClkX' in module 'msrv_soc_pipelinedcorewrapper_pass1_rtl_tessent_lbist_fsm' has no pins
//  Warning: Net 'rtlcXXX' in module 'msrv_soc_pipelinedcorewrapper_pass1_rtl_tessent_lbist_fsm' has no pins
//  Warning: Net 'rtlc8n4' in module 'msrv_soc_pipelinedcorewrapper_pass1_rtl_tessent_lbist_fsm' has no pins
//  Warning: Net 'rtlc11n4' in module 'msrv_soc_pipelinedcorewrapper_pass1_rtl_tessent_lbist_fsm' has no pins
//  Warning: Net 'rtlc14n3' in module 'msrv_soc_pipelinedcorewrapper_pass1_rtl_tessent_lbist_fsm' has no pins
//  Warning: Net 'rtlc14n4' in module 'msrv_soc_pipelinedcorewrapper_pass1_rtl_tessent_lbist_fsm' has no pins
//  Warning: Net 'rtlcClkX' in module 'msrv_soc_pipelinedcorewrapper_pass1_rtl_tessent_posedge_synchronizer_reset_2' has no pins
//  Warning: Net 'rtlcXXX' in module 'msrv_soc_pipelinedcorewrapper_pass1_rtl_tessent_posedge_synchronizer_reset_2' has no pins
//  Warning: Net 'rtlcClkX' in module 'msrv_soc_pipelinedcorewrapper_pass1_rtl_tessent_posedge_synchronizer_reset' has no pins
//  Warning: Net 'rtlcXXX' in module 'msrv_soc_pipelinedcorewrapper_pass1_rtl_tessent_posedge_synchronizer_reset' has no pins
//  Warning: Net 'rtlcClkX' in module 'msrv_soc_pipelinedcorewrapper_pass1_rtl_tessent_lbist_sib' has no pins
//  Warning: Net 'rtlcXXX' in module 'msrv_soc_pipelinedcorewrapper_pass1_rtl_tessent_lbist_sib' has no pins
//  Warning: Net 'rtlcClkX' in module 'msrv_soc_pipelinedcorewrapper_pass1_rtl_tessent_single_chain_mode_logic' has no pins
//  Warning: Net 'rtlcXXX' in module 'msrv_soc_pipelinedcorewrapper_pass1_rtl_tessent_single_chain_mode_logic' has no pins
//  Warning: Net 'rtlcClkX' in module 'msrv_soc_pipelinedcorewrapper_pass1_rtl_tessent_single_chain_mode_logic_sib_1' has no pins
//  Warning: Net 'rtlcXXX' in module 'msrv_soc_pipelinedcorewrapper_pass1_rtl_tessent_single_chain_mode_logic_sib_1' has no pins
//  Warning: Net 'rtlcClkX' in module 'msrv_soc_pipelinedcorewrapper_pass1_rtl_tessent_single_chain_mode_logic_sib_2' has no pins
//  Warning: Net 'rtlcXXX' in module 'msrv_soc_pipelinedcorewrapper_pass1_rtl_tessent_single_chain_mode_logic_sib_2' has no pins
//  Warning: Net 'rtlcClkX' in module 'msrv_soc_pipelinedcorewrapper_pass1_rtl_tessent_single_chain_mode_logic_sib' has no pins
//  Warning: Net 'rtlcXXX' in module 'msrv_soc_pipelinedcorewrapper_pass1_rtl_tessent_single_chain_mode_logic_sib' has no pins
//  command: add_black_boxes -auto
//  command: analyze_control_signals 
//  Warning: Rule FN1 violation occurs 5582 times
//  Warning: Rule FN4 violation occurs 9 times
//  Warning: Rule FP13 violation occurs 213 times
//  Flattening process completed, cell instances=239975, gates=572827, PIs=175, POs=169, CPU time=15.68 sec.
//  ---------------------------------------------------------------------------
//  Begin circuit learning analyses.
//  --------------------------------
//  Learning completed, CPU time=10.81 sec.
//  ---------------------------------------------------------------------------
//  Begin control signals identification analysis.
//  ---------------------------------------------------------------------------
//  Identified 2 clock control primary inputs.
//     '/ijtag_tck' (138) with off-state = 1.
//     '/clk' (1) with off-state = 0.
//  Identified 1 set control primary inputs.
//     '/ijtag_reset' (139) with off-state = 1.
//  Identified 1 reset control primary inputs.
//     '/ijtag_reset' (139) with off-state = 1.
//  Identified 0 read control primary inputs.
//  Identified 0 write control primary inputs.
//  ---------------------------------------------------------------------------
//  Total number of internal lines is 67299 (22433 clocks, 22433 sets , 22433 resets, 0 reads, 0 writes).
//  Total number of potentially clockable internal lines is 306 (144 clocks, 18 sets , 144 resets, 0 reads, 0 writes).
//  Total number of not clockable internal lines is 66993 (22289 clocks, 22415 sets , 22289 resets, 0 reads, 0 writes).
//  Total number of added primary input controls 0 (0 clocks, 0 sets , 0 resets, 0 reads, 0 writes).
//  ---------------------------------------------------------------------------
//  command: dofile ./scan_inserted_netlist/atpg_setup.dofile 
//  command: #
//  command: #  Written by Tessent Shell 2026.1 on Wed Jul 29 15:57:12 IST 2026
//  command: #
//  command: proc tessent_scan_common {} {
//              add_clocks 1 ijtag_reset
//              add_clocks 1 ijtag_tck
//              add_clocks 0 clk
//              add_clocks 0 scan_reset
//              add_pin_constraints ltest_en C1
//           add_black_boxes -auto
//           }
//  command: proc tessent_scan_unwrapped_mode {} {
//              add_scan_groups grp1 ./scan_inserted_netlist/atpg_setup.testproc
//           
//              add_scan_chains chain1 grp1 {/ts_si[1]} {/ts_so[1]}
//              add_scan_chains chain2 grp1 {/ts_si[2]} {/ts_so[2]}
//              add_scan_chains chain3 grp1 {/ts_si[3]} {/ts_so[3]}
//              add_scan_chains chain4 grp1 {/ts_si[4]} {/ts_so[4]}
//              add_scan_chains chain5 grp1 {/ts_si[5]} {/ts_so[5]}
//              add_scan_chains chain6 grp1 {/ts_si[6]} {/ts_so[6]}
//              add_scan_chains chain7 grp1 {/ts_si[7]} {/ts_so[7]}
//              add_scan_chains chain8 grp1 {/ts_si[8]} {/ts_so[8]}
//              add_scan_chains chain9 grp1 {/ts_si[9]} {/ts_so[9]}
//              add_scan_chains chain10 grp1 {/ts_si[10]} {/ts_so[10]}
//              add_scan_chains chain11 grp1 {/ts_si[11]} {/ts_so[11]}
//              add_scan_chains chain12 grp1 {/ts_si[12]} {/ts_so[12]}
//              add_scan_chains chain13 grp1 {/ts_si[13]} {/ts_so[13]}
//              add_scan_chains chain14 grp1 {/ts_si[14]} {/ts_so[14]}
//              add_scan_chains chain15 grp1 {/ts_si[15]} {/ts_so[15]}
//              add_scan_chains chain16 grp1 {/ts_si[16]} {/ts_so[16]}
//              add_scan_chains chain17 grp1 {/ts_si[17]} {/ts_so[17]}
//              add_scan_chains chain18 grp1 {/ts_si[18]} {/ts_so[18]}
//              add_scan_chains chain19 grp1 {/ts_si[19]} {/ts_so[19]}
//              add_scan_chains chain20 grp1 {/ts_si[20]} {/ts_so[20]}
//              add_scan_chains chain21 grp1 {/ts_si[21]} {/ts_so[21]}
//              add_scan_chains chain22 grp1 {/ts_si[22]} {/ts_so[22]}
//           
//              tessent_scan_common
//           
//           }
//  command: proc tessent_scan_setup { {mode unwrapped} } {
//              switch -exact -- $mode {
//                 unwrapped { tessent_scan_unwrapped_mode }
//                 default {
//                    display_message -error "invalid scan mode: $mode"
//                 }
//              }
//           }
//  command: tessent_scan_setup
//  sub-command: add_scan_groups grp1 ./scan_inserted_netlist/atpg_setup.testproc 
//  sub-command: add_scan_chains chain1 grp1 /ts_si[1] /ts_so[1] 
//  sub-command: add_scan_chains chain2 grp1 /ts_si[2] /ts_so[2] 
//  sub-command: add_scan_chains chain3 grp1 /ts_si[3] /ts_so[3] 
//  sub-command: add_scan_chains chain4 grp1 /ts_si[4] /ts_so[4] 
//  sub-command: add_scan_chains chain5 grp1 /ts_si[5] /ts_so[5] 
//  sub-command: add_scan_chains chain6 grp1 /ts_si[6] /ts_so[6] 
//  sub-command: add_scan_chains chain7 grp1 /ts_si[7] /ts_so[7] 
//  sub-command: add_scan_chains chain8 grp1 /ts_si[8] /ts_so[8] 
//  sub-command: add_scan_chains chain9 grp1 /ts_si[9] /ts_so[9] 
//  sub-command: add_scan_chains chain10 grp1 /ts_si[10] /ts_so[10] 
//  sub-command: add_scan_chains chain11 grp1 /ts_si[11] /ts_so[11] 
//  sub-command: add_scan_chains chain12 grp1 /ts_si[12] /ts_so[12] 
//  sub-command: add_scan_chains chain13 grp1 /ts_si[13] /ts_so[13] 
//  sub-command: add_scan_chains chain14 grp1 /ts_si[14] /ts_so[14] 
//  sub-command: add_scan_chains chain15 grp1 /ts_si[15] /ts_so[15] 
//  sub-command: add_scan_chains chain16 grp1 /ts_si[16] /ts_so[16] 
//  sub-command: add_scan_chains chain17 grp1 /ts_si[17] /ts_so[17] 
//  sub-command: add_scan_chains chain18 grp1 /ts_si[18] /ts_so[18] 
//  sub-command: add_scan_chains chain19 grp1 /ts_si[19] /ts_so[19] 
//  sub-command: add_scan_chains chain20 grp1 /ts_si[20] /ts_so[20] 
//  sub-command: add_scan_chains chain21 grp1 /ts_si[21] /ts_so[21] 
//  sub-command: add_scan_chains chain22 grp1 /ts_si[22] /ts_so[22] 
//  sub-command: add_clocks 1 ijtag_reset 
//  sub-command: add_clocks 1 ijtag_tck 
//  sub-command: add_clocks 0 clk 
//  sub-command: add_clocks 0 scan_reset 
//  sub-command: add_pin_constraints ltest_en C1 
//  sub-command: add_black_boxes -auto 
//  Warning: Flattened model deleted.
//  command: 
//  command: check_design_rules 
//  Warning: Rule FN1 violation occurs 5582 times
//  Warning: Rule FN4 violation occurs 9 times
//  Warning: Rule FP13 violation occurs 213 times
//  Flattening process completed, cell instances=239975, gates=572827, PIs=175, POs=169, CPU time=15.71 sec.
//  ---------------------------------------------------------------------------
//  Begin circuit learning analyses.
//  --------------------------------
//  Learning completed, CPU time=10.63 sec.
//  ---------------------------------------------------------------------------
//  Begin scan chain identification process, memory elements = 22433.
//  ---------------------------------------------------------------------------
//  Reading group test procedure file ./scan_inserted_netlist/atpg_setup.testproc.
//  Begin simulation of load_unload procedure.
//  Simulation of load_unload procedure completed, CPU time=0.2 sec.
//  Chain = chain1 successfully traced with scan_cells = 1019.
//  Chain = chain2 successfully traced with scan_cells = 1019.
//  Chain = chain3 successfully traced with scan_cells = 1019.
//  Chain = chain4 successfully traced with scan_cells = 1019.
//  Chain = chain5 successfully traced with scan_cells = 1019.
//  Chain = chain6 successfully traced with scan_cells = 1019.
//  Chain = chain7 successfully traced with scan_cells = 1019.
//  Chain = chain8 successfully traced with scan_cells = 1019.
//  Chain = chain9 successfully traced with scan_cells = 1019.
//  Chain = chain10 successfully traced with scan_cells = 1019.
//  Chain = chain11 successfully traced with scan_cells = 1019.
//  Chain = chain12 successfully traced with scan_cells = 1019.
//  Chain = chain13 successfully traced with scan_cells = 1019.
//  Chain = chain14 successfully traced with scan_cells = 1019.
//  Chain = chain15 successfully traced with scan_cells = 1019.
//  Chain = chain16 successfully traced with scan_cells = 1019.
//  Chain = chain17 successfully traced with scan_cells = 1019.
//  Chain = chain18 successfully traced with scan_cells = 1019.
//  Chain = chain19 successfully traced with scan_cells = 1019.
//  Chain = chain20 successfully traced with scan_cells = 1019.
//  Chain = chain21 successfully traced with scan_cells = 1019.
//  Chain = chain22 successfully traced with scan_cells = 1019.
//  5 external shadows that use shift clocking have been identified.
//  22418 scan cells have been identified in 22 scan chains.
//  Longest scan chain has 1019 scan cells.
//  54 edge-triggered clock ports set to stable high. (D7)
//  ---------------------------------------------------------------------------
//  Begin transparent latch checking for 10 latches.
//  ---------------------------------------------------------------------------
//  1 latches not transparent due to all clocks off. (D6)
//  1 latches not transparent due to unobservable. (D6)
//  Number transparent latches = 8.
//  ---------------------------------------------------------------------------
//  Begin scan clock rules checking.
//  ---------------------------------------------------------------------------
//  4 scan clock/set/reset lines have been identified.
//  All scan clocks successfully passed off-state check.
//  1 sequential cells passed clock stability checking.
//  Warning: 1 PO(s) are connected to a clock line. (C8)
//  Warning: 1 POs are connected to a clock line gated by scan cell that uses same clock. (C9)
//  There were 46 clock rule C3 fails (clock may capture data affected by its captured data).
//  There were 4 clock rule C4 fails (clock may be affected by its captured data).
//  Note: Trailing edge triggered device can capture data affected by leading edge.
//  ---------------------------------------------------------------------------
//  10 non-scan memory elements are identified.
//  ---------------------------------------------------------------------------
//  1 non-scan memory element is   identified as TIE-X.  (D5)
//  1 non-scan memory element is   identified as INIT-X. (D5)
//  8 non-scan memory elements are identified as TLA.    (D5)
//  ---------------------------------------------------------------------------
//  297 gates may have an observable X-state. (E5)
//  Warning: There were 3 C26 violations (sequential element with race on data and clock ports).
//  ---------------------------------------------------------------------------
//  1 non-scan cell has been refined from TIE-X to INIT-X by DRC.
//  Use 'report_drc_rules D5 -summary' to get the updated D5 summary.
//  command: 
//  command: report_clocks 
User-defined Clocks (4):
=========================

  Sync and Async Source Clocks
  ============================
   -------------  ---------  --------  
   Name           Off State  Internal  
   -------------  ---------  --------  
   'ijtag_reset'      1         No     
   'ijtag_tck'        1         No     
   'clk'              0         No     
   'scan_reset'       0         No     

//  command: 
//  command: add_faults -all
//  command: 
//  command: create_patterns 
// | ------------------------------------------------------------------------------------------------------------------ |
// |                                             Analyzing the design                                                   |
// |                                                                                                                    |
// |      Current clock restriction setting:     Domain_clock (edge interaction)                                        |
// |                                             (optimal)                                                              |
// |                                                                                                                    |
// |            Current abort limit setting:     30                                                                     |
// |                                Calling:     set_abort_limit 100 40                                                 |
// | ------------------------------------------------------------------------------------------------------------------ |
// |                                                                                                                    |
// |               Current sequential depth:     0                                                                      |
// |               Optimal sequential depth:     1                                                                      |
// |                                Calling:     set_pattern_type -sequential 1                                         |
// |                                                                                                                    |
// | ------------------------------------------------------------------------------------------------------------------ |
//  ------------------------------------------------------------------------
//  Simulation performed for #gates = 572827  #faults = 1272752
//  system mode = analysis    pattern source = internal patterns
//  ------------------------------------------------------------------------
//  #patterns  test      #faults  #faults    # eff.    # test         process      RE/AU/AAB
//  simulated  coverage  in list  detected   patterns  patterns       CPU time
//   ---        ------      ---       ---      ---       ---        247.66 sec     1/138070/2111
//   64         37.90%   868010    364188       64        64        331.42 sec
//   ---        ------      ---       ---      ---       ---       1265.41 sec     29/267934/15317
//   128        41.64%   680347     57724       64       128       1297.13 sec
// | ------------------------------------------------------------------------------------------------------------------ |
// |                                                                                                                    |
// |                                Warning:     The number of AU faults has increased by                               |
// |                                             13.39% since the start of this ATPG run.                               |
// |                                                                                                                    |
// | ------------------------------------------------------------------------------------------------------------------ |
//   ---        ------      ---       ---      ---       ---       2702.47 sec     161/318528/30483
//  Error: Command execution aborted due to user interrupt
//  command: 
//  command: history 
    1	set_context pattern -scan
    2	read_cell_library ../../../libs/NangateOpenCellLibrary.tcelllib ../../../libs/dft_sim.tcelllib
    3	read_verilog ./scan_inserted_netlist/scan_inserted_netlist.v 
    4	set_current_design msrv_soc_pipelinedcorewrapper -show_elaboration_warnings
    5	add_black_boxes -auto
    6	analyze_control_signals 
    7	dofile ./scan_inserted_netlist/atpg_setup.dofile 
    8	tessent_scan_setup
    9	check_design_rules
   10	report_clocks
   11	add_faults -all
   12	create_patterns
   13	history 
//  command: create_patterns 
// | ------------------------------------------------------------------------------------------------------------------ |
// |                                             Analyzing the design                                                   |
// |                                                                                                                    |
// |      Current clock restriction setting:     Domain_clock (edge interaction)                                        |
// |                                             (optimal)                                                              |
// |                                                                                                                    |
// |            Current abort limit setting:     100(Combinational) 40(Sequential)                                      |
// | ------------------------------------------------------------------------------------------------------------------ |
// |                                                                                                                    |
// |               Current sequential depth:     1                                                                      |
// |                                                                                                                    |
// | ------------------------------------------------------------------------------------------------------------------ |
//  ------------------------------------------------------------------------
//  Simulation performed for #gates = 572827  #faults = 629374
//  system mode = analysis    pattern source = internal patterns
//  ------------------------------------------------------------------------
//  #patterns  test      #faults  #faults    # eff.    # test         process      RE/AU/AAB
//  simulated  coverage  in list  detected   patterns  patterns       CPU time
//  Error: Command execution aborted due to user interrupt
//  command: exit 
//  Warning: Current test pattern set has not been saved.
//  confirm program exit ( y , n=default ) : 
