/home/cad/eda/Mentor_Graphics/Tessent_2026/tessent_2026.1/bin/tessent -shell -logfile aug08_scan_chain.log
//  Tessent Shell  2026.1    Thu Feb 26 18:38:00 GMT 2026
//                Unpublished work. Copyright 2026 Siemens
//
//      This material contains trade secrets or otherwise confidential 
//  information owned by Siemens Industry Software Inc. or its affiliates 
//   (collectively, "SISW"), or its licensors. Access to and use of this 
//     information is strictly limited as set forth in the Customer's 
//                   applicable agreements with SISW. 
//
//  Siemens software executing under x86-64 Linux on Sat Aug 08 15:23:47 IST 2026.
//  64 bit version
//  Host: mavenserver-RH3 (255072 MB RAM, 122071 MB Swap)
//
//  command: set_context dft -scan -design_identifier gate2 -no_rtl -test_point 
//  command: 
//  command: set_tsdb_output_directory ./TSDB
./TSDB
//  command: 
//  command: read_cell_library ../../../libs/NangateOpenCellLibrary.tcelllib ../../../libs/dft_sim.tcelllib
//  Reading DFT Library file ../../../libs/NangateOpenCellLibrary.tcelllib
//  Finished reading file ../../../libs/NangateOpenCellLibrary.tcelllib
//  Reading DFT Library file ../../../libs/dft_sim.tcelllib
//  Finished reading file ../../../libs/dft_sim.tcelllib
//  command: 
//  command: read_verilog ./synthesis_uncore.vg
//  command: 
//  command: read_design msrv_soc_uncorewrapper -design_identifier pass2_rtl -no_hdl 
//  command: 
//  command: set_current_design msrv_soc_uncorewrapper
//  Note: Changing pin 'CK' function from 'active_low_clock' to 'clock_in'
//        Model 'CLKGATE_X1' line 1266 file '../../../libs/NangateOpenCellLibrary.tcelllib'
//  Note: Changing pin 'CK' function from 'active_low_clock' to 'clock_in'
//        Model 'CLKGATE_X2' line 1282 file '../../../libs/NangateOpenCellLibrary.tcelllib'
//  Note: Changing pin 'CK' function from 'active_low_clock' to 'clock_in'
//        Model 'CLKGATE_X4' line 1298 file '../../../libs/NangateOpenCellLibrary.tcelllib'
//  Note: Changing pin 'CK' function from 'active_low_clock' to 'clock_in'
//        Model 'CLKGATE_X8' line 1314 file '../../../libs/NangateOpenCellLibrary.tcelllib'
//  Warning: Undefined modules were found.
//           Before using "set_system_mode" or "create_flat_model", you must either define
//           the missing modules using "read_verilog" and/or "read_cell_library", or use the
//           following command to treat them as black boxes:
             add_black_boxes -modules { \
                    msrv_soc_eeprom \
             }
//           You can also use "add_black_boxes -auto" to black box all undefined modules but
//           it is recommended that you do not add this command to your dofile. Doing so may
//           unintentionally black-box new undefined modules in future runs.
//  Warning: 75 cases: Undriven net in netlist module
//  Warning: 370 cases: Net in netlist not connected
//  Warning: 3 cases: Undefined module pin assumed to be input
//  Note: Issue set_current_design with the -show_elaboration_warnings option to see more details about previous warnings
//  ---------------------------------------------------------------------------
//  Begin ICL elaboration and checking.
//  -----------------------------------
//  ICL elaboration completed, CPU time=0.04 sec.
//  ---------------------------------------------------------------------------
//  command: set_design_level physical_block
//  command: report_clocks 
//  No clocks have been defined.
//  command: report_static_dft_signal_settings 

// ICL Module      : msrv_soc_uncorewrapper

// ------------------------------  -------------------  ---------  ----------
// DFT Signal Name                 Usage                Set value  Set source
// ------------------------------  -------------------  ---------  ----------
// async_set_reset_static_disable  logic_test_control       -      -
// control_test_point_en           logic_test_control       -      -
// ext_ltest_en                    logic_test_control       -      -
// int_ltest_en                    logic_test_control       -      -
// mcp_bounding_en                 logic_test_control       -      -
// observe_test_point_en           logic_test_control       -      -
// x_bounding_en                   logic_test_control       -      -
// int_mode                        scan_mode(internal)      -      -
// ext_mode                        scan_mode(external)      -      -
//
//  command: add_black_boxes -auto
//  command: check_design_rules 
//  Warning: Rule FN1 violation occurs 446 times
//  Warning: Rule FN4 violation occurs 7 times
//  Flattening process completed, cell instances=16280, gates=27628, PIs=258+1(pseudo port), POs=202, CPU time=0.16 sec.
//  ---------------------------------------------------------------------------
//  Begin circuit learning analyses.
//  --------------------------------
//  Learning completed, CPU time=0.06 sec.
//  ---------------------------------------------------------------------------
//  Begin scan chain identification process, memory elements = 2279,
//  sequential library cells = 2279.
//  ---------------------------------------------------------------------------
//  Begin simulation of test_setup procedure with 70 cycles.
//  Simulation of test_setup procedure completed, CPU time=0.0 sec.
//  Begin simulation of auto-generated load_unload procedure.
//  Simulation of load_unload procedure completed, CPU time=0.0 sec.
//  Scan segment = /msrv_soc_uncorewrapper_pass2_rtl_tessent_occ_PCLK_inst/scan_out successfully traced with scan_cells = 3.
//  1 external shadows that use shift clocking have been identified.
//  3 scan cells have been identified in 1 scan segment.
//  1 edge-triggered clock ports set to stable high. (D7)
//  Note: Adding 1 functional clock.
//  Warning: Model 'RTLC_LDN' has no muxscan scan equivalent and is treated as nonscan model
//  ------------------------------------------------------------------------------
//  605 sequential library cells are treated as non-scan.
//  ------------------------------------------------------------------------------
//     65 sequential library cells missing mux-scan equivalent.
//    498 sequential library cells below hard module.          
//     42 sequential library cells defined non-scan.           
//  ---------------------------------------------------------------------------
//  Begin scannability rules checking for 1670 sequential library cells
//  and 4 scan segments. The scan segments contain 4 additional cells.
//  ---------------------------------------------------------------------------
//  Note: There were 15 S7 violations (Potentially scannable cell that is not in the clock path is driven by a constant value).
//  1670 sequential library cells and 4 scan segments identified as scannable.
//  ---------------------------------------------------------------------------
//  Begin transparent latch checking for 73 latches.
//  ---------------------------------------------------------------------------
//  2 latches not transparent due to unobservable. (D6)
//  Number transparent latches = 71.
//  ---------------------------------------------------------------------------
//  Begin scan clock rules checking.
//  ---------------------------------------------------------------------------
//  5 scan clock/set/reset lines have been identified.
//  All scan clocks successfully passed off-state check.
//  1412 sequential cells passed clock stability checking.
//  There were 4 clock rule C3 fails (clock may capture data affected by its captured data).
//  Note: Trailing edge triggered device can capture data affected by leading edge.
//  ---------------------------------------------------------------------------
//  604 non-scan memory elements are identified.
//  ---------------------------------------------------------------------------
//  180 non-scan memory elements are identified as TIE-0.  (D5)
//   26 non-scan memory elements are identified as TIE-1.  (D5)
//  307 non-scan memory elements are identified as TIE-X.  (D5)
//    3 non-scan memory elements are identified as INIT-0. (D5)
//   17 non-scan memory elements are identified as INIT-X. (D5)
//   71 non-scan memory elements are identified as TLA.    (D5)
//  ---------------------------------------------------------------------------
//  ---------------------------------------------------------------------------
//  Begin shift register identification for 1670 sequential library cells.
//  ---------------------------------------------------------------------------
//  Number of shift register flops recorded for scan insertion: 13 (0.57%)
//  Number of shift registers recorded for scan insertion: 6
//  Longest shift register has 3 flops.
//  Shortest shift register has 2 flops.
//  Potential number of nonscan flops to be converted to scan cells: 6
//  Potential number of scan cells to be converted to nonscan flops: 0
//  Number of targeted sequential library cells = 1670
//  Warning: The tool may require a shift-capture clock during insertion, 
//           but no 'shift_capture_clock' DFT signal was identified 
//           and no TCLK source was specified using the command 'set_scan_signals -tclk'.
//  Note: The system clock 'PCLK' will be used as the shift-capture clock, if needed.
//  command: report_dft_signals 

// Existing and to be created DFT signals
// ======================================
// -------------------------------  --------  ------------------------  --------------  -----------------------------------------------------------------------------------------
// Name                             Status    Origin                    Type            Location
// -------------------------------  --------  ------------------------  --------------  -----------------------------------------------------------------------------------------
// async_set_reset_dynamic_disable  Existing  Imported from DesignInfo  Pin             tessent_persistent_cell_async_set_reset_dynamic_disable/ZN
// async_set_reset_static_disable   Existing  ICL attributes            IJTAG register  msrv_soc_uncorewrapper_pass2_rtl_tessent_tdr_sri_ctrl_inst/async_set_reset_static_disable
// control_test_point_en            Existing  ICL attributes            IJTAG register  msrv_soc_uncorewrapper_pass2_rtl_tessent_tdr_sri_ctrl_inst/control_test_point_en
// ext_ltest_en                     Existing  ICL attributes            IJTAG register  msrv_soc_uncorewrapper_pass2_rtl_tessent_tdr_sri_ctrl_inst/ext_ltest_en
// ext_mode                         Existing  ICL attributes            IJTAG register  msrv_soc_uncorewrapper_pass2_rtl_tessent_tdr_sri_ctrl_inst/ext_mode
// int_ltest_en                     Existing  ICL attributes            IJTAG register  msrv_soc_uncorewrapper_pass2_rtl_tessent_tdr_sri_ctrl_inst/int_ltest_en
// int_mode                         Existing  ICL attributes            IJTAG register  msrv_soc_uncorewrapper_pass2_rtl_tessent_tdr_sri_ctrl_inst/int_mode
// mcp_bounding_en                  Existing  ICL attributes            IJTAG register  msrv_soc_uncorewrapper_pass2_rtl_tessent_tdr_sri_ctrl_inst/mcp_bounding_en
// observe_test_point_en            Existing  ICL attributes            IJTAG register  msrv_soc_uncorewrapper_pass2_rtl_tessent_tdr_sri_ctrl_inst/observe_test_point_en
// scan_en                          Existing  Imported from DesignInfo  Port            scan_en -> msrv_soc_uncorewrapper_pass2_rtl_tessent_lbist_inst/scan_en_out
// x_bounding_en                    Existing  ICL attributes            IJTAG register  msrv_soc_uncorewrapper_pass2_rtl_tessent_tdr_sri_ctrl_inst/x_bounding_en
//
//  command: report_input_constraints 
//  Primary Input  C-Type  Hold  No-Z  Slow-Pad
//  -------------  ------  ----  ----  --------
//  ijtag_reset      C1     No    No      N/A  
//  ijtag_sel        C0     No    No      N/A  
//
//  command: analyze_xbounding 
//  Warning: DRC handling for E11 rule has been set to ignore. Potential X-sources due to
//           tristate bus float will not be detected.
//  Scan enables:  scan_en discovered.
//  ---------------------------------------------------------------------------
//  Begin X bounding.
//  ---------------------------------------------------------------------------
//  Note: Automatically excluding scan enable (from dft signal definition) named 'scan_en'
//  440 potentially observable X sources found.
//  134 TIEXs. 65 TLAs.
//  Warning: Unconstrained primary input 'HRESETn' reaches the the set port of 204 scannable cells.
//           This will corrupt the MISR signature when running Logic BIST. However, the
//           netlist includes dft logic that can be used to override the value from the
//           primary input and force the set/reset ports to their off state. Consider
//           setting the async_set_reset_static_disable dft signal to 1 during Logic BIST.
//  Warning: Unconstrained primary input 'PRESETn' reaches the the set port of 72 scannable cells.
//           This will corrupt the MISR signature when running Logic BIST. However, the
//           netlist includes dft logic that can be used to override the value from the
//           primary input and force the set/reset ports to their off state. Consider
//           setting the async_set_reset_static_disable dft signal to 1 during Logic BIST.
//  Analyzed 440 static X-sources.
//  Added 780 control points for static X-bounding.
//  Marked 1054 previously observable gate pins with no_observe_point attribute
//  to avoid inserting observe points that would capture an unblocked X-source.
//  command: set_xbounding_options -exclude {HRESETn}
//  command: analyze_xbounding 
//  Warning: DRC handling for E11 rule has been set to ignore. Potential X-sources due to
//           tristate bus float will not be detected.
//  Scan enables:  scan_en discovered.
//  ---------------------------------------------------------------------------
//  Begin X bounding.
//  ---------------------------------------------------------------------------
//  Note: Automatically excluding scan enable (from dft signal definition) named 'scan_en'
//  439 potentially observable X sources found.
//  134 TIEXs. 65 TLAs.
//  Warning: Unconstrained primary input 'PRESETn' reaches the the set port of 72 scannable cells.
//           This will corrupt the MISR signature when running Logic BIST. However, the
//           netlist includes dft logic that can be used to override the value from the
//           primary input and force the set/reset ports to their off state. Consider
//           setting the async_set_reset_static_disable dft signal to 1 during Logic BIST.
//  Analyzed 439 static X-sources.
//  Added 654 control points for static X-bounding.
//  Marked 195 previously observable gate pins with no_observe_point attribute
//  to avoid inserting observe points that would capture an unblocked X-source.
//  command: report_xbounding 
//  Analyzed 439 static X-sources.
//  Added 654 control points for static X-bounding.
//  Marked 195 previously observable gate pins with no_observe_point attribute
//  to avoid inserting observe points that would capture an unblocked X-source.
//  command: report_xbounding -verbose 
//  Analyzed 439 static X-sources.
//  Added 654 control points for static X-bounding.
//  Marked 195 previously observable gate pins with no_observe_point attribute
//  to avoid inserting observe points that would capture an unblocked X-source.
// MUX gate at /HADDR[55](3)
//      Driven by existing flop at '/dut/hseldelayreg/rtlcreg_q_11/Q' (4398)
//      Bounds static X-source '/HADDR[55]' (3)
// MUX gate at /HADDR[54](4)
//      Driven by existing flop at '/dut/hseldelayreg/rtlcreg_q_9/Q' (4400)
//      Bounds static X-source '/HADDR[54]' (4)
// MUX gate at /HADDR[53](5)
//      Driven by existing flop at '/dut/hseldelayreg/rtlcreg_q_8/Q' (4401)
//      Bounds static X-source '/HADDR[53]' (5)
// MUX gate at /HADDR[52](6)
//      Driven by existing flop at '/dut/hseldelayreg/rtlcreg_q_7/Q' (4402)
//      Bounds static X-source '/HADDR[52]' (6)
// MUX gate at /HADDR[51](7)
//      Driven by existing flop at '/dut/hseldelayreg/rtlcreg_q_6/Q' (4403)
//      Bounds static X-source '/HADDR[51]' (7)
// MUX gate at /HADDR[50](8)
//      Driven by existing flop at '/dut/hseldelayreg/rtlcreg_q_2/Q' (4407)
//      Bounds static X-source '/HADDR[50]' (8)
// MUX gate at /HADDR[49](9)
//      Driven by existing flop at '/dut/hseldelayreg/rtlcreg_q_1/Q' (4408)
//      Bounds static X-source '/HADDR[49]' (9)
// MUX gate at /HADDR[48](10)
//      Driven by existing flop at '/dut/ahbapbbridge/AHB_SLAVE/rtlcreg_s_addr_55/Q' (4100)
//      Bounds static X-source '/HADDR[48]' (10)
// MUX gate at /HADDR[47](11)
//      Driven by existing flop at '/dut/ahbapbbridge/AHB_SLAVE/rtlcreg_s_addr_54/Q' (4101)
//      Bounds static X-source '/HADDR[47]' (11)
// MUX gate at /HADDR[46](12)
//      Driven by existing flop at '/dut/ahbapbbridge/AHB_SLAVE/rtlcreg_s_addr_53/Q' (4102)
//      Bounds static X-source '/HADDR[46]' (12)
// MUX gate at /HADDR[45](13)
//      Driven by existing flop at '/dut/ahbapbbridge/AHB_SLAVE/rtlcreg_s_addr_52/Q' (4103)
//      Bounds static X-source '/HADDR[45]' (13)
// MUX gate at /HADDR[44](14)
//      Driven by existing flop at '/dut/ahbapbbridge/AHB_SLAVE/rtlcreg_s_addr_51/Q' (4104)
//      Bounds static X-source '/HADDR[44]' (14)
// MUX gate at /HADDR[43](15)
//      Driven by existing flop at '/dut/ahbapbbridge/AHB_SLAVE/rtlcreg_s_addr_50/Q' (4105)
//      Bounds static X-source '/HADDR[43]' (15)
// MUX gate at /HADDR[42](16)
//      Driven by existing flop at '/dut/ahbapbbridge/AHB_SLAVE/rtlcreg_s_addr_49/Q' (4106)
//      Bounds static X-source '/HADDR[42]' (16)
// MUX gate at /HADDR[41](17)
//      Driven by existing flop at '/dut/ahbapbbridge/AHB_SLAVE/rtlcreg_s_addr_48/Q' (4107)
//      Bounds static X-source '/HADDR[41]' (17)
// MUX gate at /HADDR[40](18)
//      Driven by existing flop at '/dut/ahbapbbridge/AHB_SLAVE/rtlcreg_s_addr_47/Q' (4108)
//      Bounds static X-source '/HADDR[40]' (18)
// MUX gate at /HADDR[39](19)
//      Driven by existing flop at '/dut/ahbapbbridge/AHB_SLAVE/rtlcreg_s_addr_46/Q' (4109)
//      Bounds static X-source '/HADDR[39]' (19)
// MUX gate at /HADDR[38](20)
//      Driven by existing flop at '/dut/ahbapbbridge/AHB_SLAVE/rtlcreg_s_addr_45/Q' (4110)
//      Bounds static X-source '/HADDR[38]' (20)
// MUX gate at /HADDR[37](21)
//      Driven by existing flop at '/dut/ahbapbbridge/AHB_SLAVE/rtlcreg_s_addr_44/Q' (4111)
//      Bounds static X-source '/HADDR[37]' (21)
// MUX gate at /HADDR[36](22)
//      Driven by existing flop at '/dut/ahbapbbridge/AHB_SLAVE/rtlcreg_s_addr_43/Q' (4112)
//      Bounds static X-source '/HADDR[36]' (22)
// MUX gate at /HADDR[35](23)
//      Driven by existing flop at '/dut/ahbapbbridge/AHB_SLAVE/rtlcreg_s_addr_42/Q' (4113)
//      Bounds static X-source '/HADDR[35]' (23)
// MUX gate at /HADDR[34](24)
//      Driven by existing flop at '/dut/ahbapbbridge/AHB_SLAVE/rtlcreg_s_addr_41/Q' (4114)
//      Bounds static X-source '/HADDR[34]' (24)
// MUX gate at /HADDR[33](25)
//      Driven by existing flop at '/dut/ahbapbbridge/AHB_SLAVE/rtlcreg_s_addr_40/Q' (4115)
//      Bounds static X-source '/HADDR[33]' (25)
// MUX gate at /HADDR[32](26)
//      Driven by existing flop at '/dut/ahbapbbridge/AHB_SLAVE/rtlcreg_s_addr_39/Q' (4116)
//      Bounds static X-source '/HADDR[32]' (26)
// MUX gate at /HADDR[31](27)
//      Driven by existing flop at '/dut/ahbapbbridge/AHB_SLAVE/rtlcreg_s_addr_38/Q' (4117)
//      Bounds static X-source '/HADDR[31]' (27)
// MUX gate at /HADDR[30](28)
//      Driven by existing flop at '/dut/ahbapbbridge/AHB_SLAVE/rtlcreg_s_addr_37/Q' (4118)
//      Bounds static X-source '/HADDR[30]' (28)
// MUX gate at /HADDR[29](29)
//      Driven by existing flop at '/dut/ahbapbbridge/AHB_SLAVE/rtlcreg_s_addr_36/Q' (4119)
//      Bounds static X-source '/HADDR[29]' (29)
// MUX gate at /HADDR[28](30)
//      Driven by existing flop at '/dut/ahbapbbridge/AHB_SLAVE/rtlcreg_s_addr_35/Q' (4120)
//      Bounds static X-source '/HADDR[28]' (30)
// MUX gate at /HADDR[27](31)
//      Driven by existing flop at '/dut/ahbapbbridge/AHB_SLAVE/rtlcreg_s_addr_34/Q' (4121)
//      Bounds static X-source '/HADDR[27]' (31)
// MUX gate at /HADDR[26](32)
//      Driven by existing flop at '/dut/ahbapbbridge/AHB_SLAVE/rtlcreg_s_addr_33/Q' (4122)
//      Bounds static X-source '/HADDR[26]' (32)
// MUX gate at /HADDR[25](33)
//      Driven by existing flop at '/dut/ahbapbbridge/AHB_SLAVE/rtlcreg_s_addr_32/Q' (4123)
//      Bounds static X-source '/HADDR[25]' (33)
// MUX gate at /HADDR[24](34)
//      Driven by existing flop at '/dut/ahbapbbridge/AHB_SLAVE/rtlcreg_s_addr_31/Q' (4124)
//      Bounds static X-source '/HADDR[24]' (34)
// MUX gate at /HADDR[23](35)
//      Driven by existing flop at '/dut/ahbapbbridge/AHB_SLAVE/rtlcreg_s_addr_30/Q' (4125)
//      Bounds static X-source '/HADDR[23]' (35)
// MUX gate at /HADDR[22](36)
//      Driven by existing flop at '/dut/ahbapbbridge/AHB_SLAVE/rtlcreg_s_addr_29/Q' (4126)
//      Bounds static X-source '/HADDR[22]' (36)
// MUX gate at /HADDR[21](37)
//      Driven by existing flop at '/dut/ahbapbbridge/AHB_SLAVE/rtlcreg_s_addr_28/Q' (4127)
//      Bounds static X-source '/HADDR[21]' (37)
// MUX gate at /HADDR[20](38)
//      Driven by existing flop at '/dut/ahbapbbridge/AHB_SLAVE/rtlcreg_s_addr_27/Q' (4128)
//      Bounds static X-source '/HADDR[20]' (38)
// MUX gate at /HADDR[19](39)
//      Driven by existing flop at '/dut/ahbapbbridge/AHB_SLAVE/rtlcreg_s_addr_26/Q' (4129)
//      Bounds static X-source '/HADDR[19]' (39)
// MUX gate at /HADDR[18](40)
//      Driven by existing flop at '/dut/ahbapbbridge/AHB_SLAVE/rtlcreg_s_addr_25/Q' (4130)
//      Bounds static X-source '/HADDR[18]' (40)
// MUX gate at /HADDR[17](41)
//      Driven by existing flop at '/dut/ahbapbbridge/AHB_SLAVE/rtlcreg_s_addr_24/Q' (4131)
//      Bounds static X-source '/HADDR[17]' (41)
// MUX gate at /HADDR[16](42)
//      Driven by existing flop at '/dut/ahbapbbridge/AHB_SLAVE/rtlcreg_s_addr_23/Q' (4132)
//      Bounds static X-source '/HADDR[16]' (42)
// MUX gate at /HADDR[15](43)
//      Driven by existing flop at '/dut/ahbapbbridge/AHB_SLAVE/rtlcreg_s_addr_22/Q' (4133)
//      Bounds static X-source '/HADDR[15]' (43)
// MUX gate at /HADDR[14](44)
//      Driven by existing flop at '/dut/ahbapbbridge/AHB_SLAVE/rtlcreg_s_addr_21/Q' (4134)
//      Bounds static X-source '/HADDR[14]' (44)
// MUX gate at /HADDR[13](45)
//      Driven by existing flop at '/dut/ahbapbbridge/AHB_SLAVE/rtlcreg_s_addr_20/Q' (4135)
//      Bounds static X-source '/HADDR[13]' (45)
// MUX gate at /HADDR[12](46)
//      Driven by existing flop at '/dut/ahbapbbridge/AHB_SLAVE/rtlcreg_s_addr_19/Q' (4136)
//      Bounds static X-source '/HADDR[12]' (46)
// MUX gate at /HADDR[11](47)
//      Driven by existing flop at '/dut/ahbapbbridge/AHB_SLAVE/rtlcreg_s_addr_18/Q' (4137)
//      Bounds static X-source '/HADDR[11]' (47)
// MUX gate at /HADDR[10](48)
//      Driven by existing flop at '/dut/ahbapbbridge/AHB_SLAVE/rtlcreg_s_addr_17/Q' (4138)
//      Bounds static X-source '/HADDR[10]' (48)
// MUX gate at /HADDR[9](49)
//      Driven by existing flop at '/dut/ahbapbbridge/AHB_SLAVE/rtlcreg_s_addr_16/Q' (4139)
//      Bounds static X-source '/HADDR[9]' (49)
// MUX gate at /HADDR[8](50)
//      Driven by existing flop at '/dut/ahbapbbridge/AHB_SLAVE/rtlcreg_s_addr_15/Q' (4140)
//      Bounds static X-source '/HADDR[8]' (50)
// MUX gate at /HADDR[7](51)
//      Driven by existing flop at '/dut/ahbapbbridge/AHB_SLAVE/rtlcreg_s_addr_14/Q' (4141)
//      Bounds static X-source '/HADDR[7]' (51)
// MUX gate at /HADDR[6](52)
//      Driven by existing flop at '/dut/ahbapbbridge/AHB_SLAVE/rtlcreg_s_addr_13/Q' (4142)
//      Bounds static X-source '/HADDR[6]' (52)
// MUX gate at /HADDR[5](53)
//      Driven by existing flop at '/dut/ahbapbbridge/AHB_SLAVE/rtlcreg_s_addr_12/Q' (4143)
//      Bounds static X-source '/HADDR[5]' (53)
// MUX gate at /HADDR[4](54)
//      Driven by existing flop at '/dut/ahbapbbridge/AHB_SLAVE/rtlcreg_s_addr_11/Q' (4144)
//      Bounds static X-source '/HADDR[4]' (54)
// MUX gate at /HADDR[3](55)
//      Driven by existing flop at '/dut/ahbapbbridge/AHB_SLAVE/rtlcreg_s_addr_10/Q' (4145)
//      Bounds static X-source '/HADDR[3]' (55)
// MUX gate at /HADDR[2](56)
//      Driven by existing flop at '/dut/ahbapbbridge/AHB_SLAVE/rtlcreg_s_addr_9/Q' (4146)
//      Bounds static X-source '/HADDR[2]' (56)
// MUX gate at /HADDR[1](57)
//      Driven by existing flop at '/dut/ahbapbbridge/AHB_SLAVE/rtlcreg_s_addr_8/Q' (4147)
//      Bounds static X-source '/HADDR[1]' (57)
// MUX gate at /HADDR[0](58)
//      Driven by existing flop at '/dut/ahbapbbridge/AHB_SLAVE/rtlcreg_s_addr_7/Q' (4148)
//      Bounds static X-source '/HADDR[0]' (58)
// MUX gate at /HWDATA[63](59)
//      Driven by existing flop at '/dut/hseldelayreg/rtlcreg_q_12/Q' (4397)
//      Bounds static X-source '/HWDATA[63]' (59)
// MUX gate at /HWDATA[62](60)
//      Driven by existing flop at '/dut/hseldelayreg/rtlcreg_q_10/Q' (4399)
//      Bounds static X-source '/HWDATA[62]' (60)
// MUX gate at /HWDATA[61](61)
//      Driven by existing flop at '/dut/hseldelayreg/rtlcreg_q_5/Q' (4404)
//      Bounds static X-source '/HWDATA[61]' (61)
// MUX gate at /HWDATA[60](62)
//      Driven by existing flop at '/dut/hseldelayreg/rtlcreg_q_4/Q' (4405)
//      Bounds static X-source '/HWDATA[60]' (62)
// MUX gate at /HWDATA[59](63)
//      Driven by existing flop at '/dut/hseldelayreg/rtlcreg_q_3/Q' (4406)
//      Bounds static X-source '/HWDATA[59]' (63)
// MUX gate at /HWDATA[58](64)
//      Driven by existing flop at '/dut/hseldelayreg/rtlcreg_q_0/Q' (4409)
//      Bounds static X-source '/HWDATA[58]' (64)
// MUX gate at /HWDATA[57](65)
//      Driven by existing flop at '/dut/hselbridgedelayreg/rtlcreg_q_0/Q' (4410)
//      Bounds static X-source '/HWDATA[57]' (65)
// MUX gate at /HWDATA[56](66)
//      Driven by existing flop at '/dut/ahbapbbridge/AHB_SLAVE/rtlcreg_s_addr_6/Q' (4149)
//      Bounds static X-source '/HWDATA[56]' (66)
// MUX gate at /HWDATA[55](67)
//      Driven by existing flop at '/dut/ahbapbbridge/AHB_SLAVE/rtlcreg_s_addr_5/Q' (4150)
//      Bounds static X-source '/HWDATA[55]' (67)
// MUX gate at /HWDATA[54](68)
//      Driven by existing flop at '/dut/ahbapbbridge/AHB_SLAVE/rtlcreg_s_addr_4/Q' (4151)
//      Bounds static X-source '/HWDATA[54]' (68)
// MUX gate at /HWDATA[53](69)
//      Driven by existing flop at '/dut/ahbapbbridge/AHB_SLAVE/rtlcreg_s_addr_3/Q' (4152)
//      Bounds static X-source '/HWDATA[53]' (69)
// MUX gate at /HWDATA[52](70)
//      Driven by existing flop at '/dut/ahbapbbridge/AHB_SLAVE/rtlcreg_s_addr_2/Q' (4153)
//      Bounds static X-source '/HWDATA[52]' (70)
// MUX gate at /HWDATA[51](71)
//      Driven by existing flop at '/dut/ahbapbbridge/AHB_SLAVE/rtlcreg_s_addr_1/Q' (4154)
//      Bounds static X-source '/HWDATA[51]' (71)
// MUX gate at /HWDATA[50](72)
//      Driven by existing flop at '/dut/ahbapbbridge/AHB_SLAVE/rtlcreg_s_addr_0/Q' (4155)
//      Bounds static X-source '/HWDATA[50]' (72)
// MUX gate at /HWDATA[49](73)
//      Driven by existing flop at '/dut/ahbapbbridge/AHB_SLAVE/rtlcreg_s_sel_4/Q' (4156)
//      Bounds static X-source '/HWDATA[49]' (73)
// MUX gate at /HWDATA[48](74)
//      Driven by existing flop at '/dut/ahbapbbridge/AHB_SLAVE/rtlcreg_s_sel_3/Q' (4157)
//      Bounds static X-source '/HWDATA[48]' (74)
// MUX gate at /HWDATA[47](75)
//      Driven by existing flop at '/dut/ahbapbbridge/AHB_SLAVE/rtlcreg_s_sel_2/Q' (4158)
//      Bounds static X-source '/HWDATA[47]' (75)
// MUX gate at /HWDATA[46](76)
//      Driven by existing flop at '/dut/ahbapbbridge/AHB_SLAVE/rtlcreg_s_sel_1/Q' (4159)
//      Bounds static X-source '/HWDATA[46]' (76)
// MUX gate at /HWDATA[45](77)
//      Driven by existing flop at '/dut/ahbapbbridge/AHB_SLAVE/rtlcreg_s_sel_0/Q' (4160)
//      Bounds static X-source '/HWDATA[45]' (77)
// MUX gate at /HWDATA[44](78)
//      Driven by existing flop at '/dut/ahbapbbridge/AHB_SLAVE/rtlcreg_s_write/Q' (4161)
//      Bounds static X-source '/HWDATA[44]' (78)
// MUX gate at /HWDATA[43](79)
//      Driven by existing flop at '/dut/ahbapbbridge/AHB_SLAVE/rtlcreg_pstrb_reg_7/Q' (4162)
//      Bounds static X-source '/HWDATA[43]' (79)
// MUX gate at /HWDATA[42](80)
//      Driven by existing flop at '/dut/ahbapbbridge/AHB_SLAVE/rtlcreg_pstrb_reg_6/Q' (4163)
//      Bounds static X-source '/HWDATA[42]' (80)
// MUX gate at /HWDATA[41](81)
//      Driven by existing flop at '/dut/ahbapbbridge/AHB_SLAVE/rtlcreg_pstrb_reg_5/Q' (4164)
//      Bounds static X-source '/HWDATA[41]' (81)
// MUX gate at /HWDATA[40](82)
//      Driven by existing flop at '/dut/ahbapbbridge/AHB_SLAVE/rtlcreg_pstrb_reg_4/Q' (4165)
//      Bounds static X-source '/HWDATA[40]' (82)
// MUX gate at /HWDATA[39](83)
//      Driven by existing flop at '/dut/ahbapbbridge/AHB_SLAVE/rtlcreg_pstrb_reg_3/Q' (4166)
//      Bounds static X-source '/HWDATA[39]' (83)
// MUX gate at /HWDATA[38](84)
//      Driven by existing flop at '/dut/ahbapbbridge/AHB_SLAVE/rtlcreg_pstrb_reg_2/Q' (4167)
//      Bounds static X-source '/HWDATA[38]' (84)
// MUX gate at /HWDATA[37](85)
//      Driven by existing flop at '/dut/ahbapbbridge/AHB_SLAVE/rtlcreg_pstrb_reg_1/Q' (4168)
//      Bounds static X-source '/HWDATA[37]' (85)
// MUX gate at /HWDATA[36](86)
//      Driven by existing flop at '/dut/ahbapbbridge/AHB_SLAVE/rtlcreg_pstrb_reg_0/Q' (4169)
//      Bounds static X-source '/HWDATA[36]' (86)
// MUX gate at /HWDATA[35](87)
//      Driven by existing flop at '/dut/ahbapbbridge/AHB_SLAVE/rtlcreg_s_trans_valid/Q' (4170)
//      Bounds static X-source '/HWDATA[35]' (87)
// MUX gate at /HWDATA[34](88)
//      Driven by existing flop at '/dut/ahbapbbridge/AHB_SLAVE/rtlcreg_s_wdata_63/Q' (4171)
//      Bounds static X-source '/HWDATA[34]' (88)
// MUX gate at /HWDATA[33](89)
//      Driven by existing flop at '/dut/ahbapbbridge/AHB_SLAVE/rtlcreg_s_wdata_62/Q' (4172)
//      Bounds static X-source '/HWDATA[33]' (89)
// MUX gate at /HWDATA[32](90)
//      Driven by existing flop at '/dut/ahbapbbridge/AHB_SLAVE/rtlcreg_s_wdata_61/Q' (4173)
//      Bounds static X-source '/HWDATA[32]' (90)
// MUX gate at /HWDATA[31](91)
//      Driven by existing flop at '/dut/ahbapbbridge/AHB_SLAVE/rtlcreg_s_wdata_60/Q' (4174)
//      Bounds static X-source '/HWDATA[31]' (91)
// MUX gate at /HWDATA[30](92)
//      Driven by existing flop at '/dut/ahbapbbridge/AHB_SLAVE/rtlcreg_s_wdata_59/Q' (4175)
//      Bounds static X-source '/HWDATA[30]' (92)
// MUX gate at /HWDATA[29](93)
//      Driven by existing flop at '/dut/ahbapbbridge/AHB_SLAVE/rtlcreg_s_wdata_58/Q' (4176)
//      Bounds static X-source '/HWDATA[29]' (93)
// MUX gate at /HWDATA[28](94)
//      Driven by existing flop at '/dut/ahbapbbridge/AHB_SLAVE/rtlcreg_s_wdata_57/Q' (4177)
//      Bounds static X-source '/HWDATA[28]' (94)
// MUX gate at /HWDATA[27](95)
//      Driven by existing flop at '/dut/ahbapbbridge/AHB_SLAVE/rtlcreg_s_wdata_56/Q' (4178)
//      Bounds static X-source '/HWDATA[27]' (95)
// MUX gate at /HWDATA[26](96)
//      Driven by existing flop at '/dut/ahbapbbridge/AHB_SLAVE/rtlcreg_s_wdata_55/Q' (4179)
//      Bounds static X-source '/HWDATA[26]' (96)
// MUX gate at /HWDATA[25](97)
//      Driven by existing flop at '/dut/ahbapbbridge/AHB_SLAVE/rtlcreg_s_wdata_54/Q' (4180)
//      Bounds static X-source '/HWDATA[25]' (97)
// MUX gate at /HWDATA[24](98)
//      Driven by existing flop at '/dut/ahbapbbridge/AHB_SLAVE/rtlcreg_s_wdata_53/Q' (4181)
//      Bounds static X-source '/HWDATA[24]' (98)
// MUX gate at /HWDATA[23](99)
//      Driven by existing flop at '/dut/ahbapbbridge/AHB_SLAVE/rtlcreg_s_wdata_52/Q' (4182)
//      Bounds static X-source '/HWDATA[23]' (99)
// MUX gate at /HWDATA[22](100)
//      Driven by existing flop at '/dut/ahbapbbridge/AHB_SLAVE/rtlcreg_s_wdata_51/Q' (4183)
//      Bounds static X-source '/HWDATA[22]' (100)
// MUX gate at /HWDATA[21](101)
//      Driven by existing flop at '/dut/ahbapbbridge/AHB_SLAVE/rtlcreg_s_wdata_50/Q' (4184)
//      Bounds static X-source '/HWDATA[21]' (101)
// MUX gate at /HWDATA[20](102)
//      Driven by existing flop at '/dut/ahbapbbridge/AHB_SLAVE/rtlcreg_s_wdata_49/Q' (4185)
//      Bounds static X-source '/HWDATA[20]' (102)
// MUX gate at /HWDATA[19](103)
//      Driven by existing flop at '/dut/ahbapbbridge/AHB_SLAVE/rtlcreg_s_wdata_48/Q' (4186)
//      Bounds static X-source '/HWDATA[19]' (103)
// MUX gate at /HWDATA[18](104)
//      Driven by existing flop at '/dut/ahbapbbridge/AHB_SLAVE/rtlcreg_s_wdata_47/Q' (4187)
//      Bounds static X-source '/HWDATA[18]' (104)
// MUX gate at /HWDATA[17](105)
//      Driven by existing flop at '/dut/ahbapbbridge/AHB_SLAVE/rtlcreg_s_wdata_46/Q' (4188)
//      Bounds static X-source '/HWDATA[17]' (105)
// MUX gate at /HWDATA[16](106)
//      Driven by existing flop at '/dut/ahbapbbridge/AHB_SLAVE/rtlcreg_s_wdata_45/Q' (4189)
//      Bounds static X-source '/HWDATA[16]' (106)
// MUX gate at /HWDATA[15](107)
//      Driven by existing flop at '/dut/ahbapbbridge/AHB_SLAVE/rtlcreg_s_wdata_44/Q' (4190)
//      Bounds static X-source '/HWDATA[15]' (107)
// MUX gate at /HWDATA[14](108)
//      Driven by existing flop at '/dut/ahbapbbridge/AHB_SLAVE/rtlcreg_s_wdata_43/Q' (4191)
//      Bounds static X-source '/HWDATA[14]' (108)
// MUX gate at /HWDATA[13](109)
//      Driven by existing flop at '/dut/ahbapbbridge/AHB_SLAVE/rtlcreg_s_wdata_42/Q' (4192)
//      Bounds static X-source '/HWDATA[13]' (109)
// MUX gate at /HWDATA[12](110)
//      Driven by existing flop at '/dut/ahbapbbridge/AHB_SLAVE/rtlcreg_s_wdata_41/Q' (4193)
//      Bounds static X-source '/HWDATA[12]' (110)
// MUX gate at /HWDATA[11](111)
//      Driven by existing flop at '/dut/ahbapbbridge/AHB_SLAVE/rtlcreg_s_wdata_40/Q' (4194)
//      Bounds static X-source '/HWDATA[11]' (111)
// MUX gate at /HWDATA[10](112)
//      Driven by existing flop at '/dut/ahbapbbridge/AHB_SLAVE/rtlcreg_s_wdata_39/Q' (4195)
//      Bounds static X-source '/HWDATA[10]' (112)
// MUX gate at /HWDATA[9](113)
//      Driven by existing flop at '/dut/ahbapbbridge/AHB_SLAVE/rtlcreg_s_wdata_38/Q' (4196)
//      Bounds static X-source '/HWDATA[9]' (113)
// MUX gate at /HWDATA[8](114)
//      Driven by existing flop at '/dut/ahbapbbridge/AHB_SLAVE/rtlcreg_s_wdata_37/Q' (4197)
//      Bounds static X-source '/HWDATA[8]' (114)
// MUX gate at /HWDATA[7](115)
//      Driven by existing flop at '/dut/ahbapbbridge/AHB_SLAVE/rtlcreg_s_wdata_36/Q' (4198)
//      Bounds static X-source '/HWDATA[7]' (115)
// MUX gate at /HWDATA[6](116)
//      Driven by existing flop at '/dut/ahbapbbridge/AHB_SLAVE/rtlcreg_s_wdata_35/Q' (4199)
//      Bounds static X-source '/HWDATA[6]' (116)
// MUX gate at /HWDATA[5](117)
//      Driven by existing flop at '/dut/ahbapbbridge/AHB_SLAVE/rtlcreg_s_wdata_34/Q' (4200)
//      Bounds static X-source '/HWDATA[5]' (117)
// MUX gate at /HWDATA[4](118)
//      Driven by existing flop at '/dut/ahbapbbridge/AHB_SLAVE/rtlcreg_s_wdata_33/Q' (4201)
//      Bounds static X-source '/HWDATA[4]' (118)
// MUX gate at /HWDATA[3](119)
//      Driven by existing flop at '/dut/ahbapbbridge/AHB_SLAVE/rtlcreg_s_wdata_32/Q' (4202)
//      Bounds static X-source '/HWDATA[3]' (119)
// MUX gate at /HWDATA[2](120)
//      Driven by existing flop at '/dut/ahbapbbridge/AHB_SLAVE/rtlcreg_s_wdata_31/Q' (4203)
//      Bounds static X-source '/HWDATA[2]' (120)
// MUX gate at /HWDATA[1](121)
//      Driven by existing flop at '/dut/ahbapbbridge/AHB_SLAVE/rtlcreg_s_wdata_30/Q' (4204)
//      Bounds static X-source '/HWDATA[1]' (121)
// MUX gate at /HWDATA[0](122)
//      Driven by existing flop at '/dut/ahbapbbridge/AHB_SLAVE/rtlcreg_s_wdata_29/Q' (4205)
//      Bounds static X-source '/HWDATA[0]' (122)
// MUX gate at /HWSTRB[7](123)
//      Driven by existing flop at '/dut/ahbapbbridge/AHB_SLAVE/rtlcreg_s_wdata_28/Q' (4206)
//      Bounds static X-source '/HWSTRB[7]' (123)
// MUX gate at /HWSTRB[6](124)
//      Driven by existing flop at '/dut/ahbapbbridge/AHB_SLAVE/rtlcreg_s_wdata_27/Q' (4207)
//      Bounds static X-source '/HWSTRB[6]' (124)
// MUX gate at /HWSTRB[5](125)
//      Driven by existing flop at '/dut/ahbapbbridge/AHB_SLAVE/rtlcreg_s_wdata_26/Q' (4208)
//      Bounds static X-source '/HWSTRB[5]' (125)
// MUX gate at /HWSTRB[4](126)
//      Driven by existing flop at '/dut/ahbapbbridge/AHB_SLAVE/rtlcreg_s_wdata_25/Q' (4209)
//      Bounds static X-source '/HWSTRB[4]' (126)
// MUX gate at /HWSTRB[3](127)
//      Driven by existing flop at '/dut/ahbapbbridge/AHB_SLAVE/rtlcreg_s_wdata_24/Q' (4210)
//      Bounds static X-source '/HWSTRB[3]' (127)
// MUX gate at /HWSTRB[2](128)
//      Driven by existing flop at '/dut/ahbapbbridge/AHB_SLAVE/rtlcreg_s_wdata_23/Q' (4211)
//      Bounds static X-source '/HWSTRB[2]' (128)
// MUX gate at /HWSTRB[1](129)
//      Driven by existing flop at '/dut/ahbapbbridge/AHB_SLAVE/rtlcreg_s_wdata_22/Q' (4212)
//      Bounds static X-source '/HWSTRB[1]' (129)
// MUX gate at /HWSTRB[0](130)
//      Driven by existing flop at '/dut/ahbapbbridge/AHB_SLAVE/rtlcreg_s_wdata_21/Q' (4213)
//      Bounds static X-source '/HWSTRB[0]' (130)
// MUX gate at /HWRITE(131)
//      Driven by existing flop at '/dut/ahbapbbridge/AHB_SLAVE/rtlcreg_s_wdata_20/Q' (4214)
//      Bounds static X-source '/HWRITE' (131)
// MUX gate at /HSIZE[1](133)
//      Driven by existing flop at '/dut/ahbapbbridge/AHB_SLAVE/rtlcreg_s_wdata_19/Q' (4215)
//      Bounds static X-source '/HSIZE[1]' (133)
// MUX gate at /HSIZE[0](134)
//      Driven by existing flop at '/dut/ahbapbbridge/AHB_SLAVE/rtlcreg_s_wdata_18/Q' (4216)
//      Bounds static X-source '/HSIZE[0]' (134)
// MUX gate at /HTRANS[1](142)
//      Driven by existing flop at '/dut/ahbapbbridge/AHB_SLAVE/rtlcreg_s_wdata_17/Q' (4217)
//      Bounds static X-source '/HTRANS[1]' (142)
// MUX gate at /HREADYEXT(209)
//      Driven by existing flop at '/dut/ahbapbbridge/AHB_SLAVE/rtlcreg_s_wdata_16/Q' (4218)
//      Bounds static X-source '/HREADYEXT' (209)
// MUX gate at /in_pad_i[31](211)
//      Driven by existing flop at '/dut/\clint.clint /rtlcreg_PRDATA_63/Q' (25561)
//      Bounds static X-source '/in_pad_i[31]' (211)
// MUX gate at /in_pad_i[30](212)
//      Driven by existing flop at '/dut/\clint.clint /rtlcreg_PRDATA_62/Q' (25562)
//      Bounds static X-source '/in_pad_i[30]' (212)
// MUX gate at /in_pad_i[29](213)
//      Driven by existing flop at '/dut/\clint.clint /rtlcreg_PRDATA_61/Q' (25563)
//      Bounds static X-source '/in_pad_i[29]' (213)
// MUX gate at /in_pad_i[28](214)
//      Driven by existing flop at '/dut/\clint.clint /rtlcreg_PRDATA_60/Q' (25564)
//      Bounds static X-source '/in_pad_i[28]' (214)
// MUX gate at /in_pad_i[27](215)
//      Driven by existing flop at '/dut/\clint.clint /rtlcreg_PRDATA_59/Q' (25565)
//      Bounds static X-source '/in_pad_i[27]' (215)
// MUX gate at /in_pad_i[26](216)
//      Driven by existing flop at '/dut/\clint.clint /rtlcreg_PRDATA_58/Q' (25566)
//      Bounds static X-source '/in_pad_i[26]' (216)
// MUX gate at /in_pad_i[25](217)
//      Driven by existing flop at '/dut/\clint.clint /rtlcreg_PRDATA_57/Q' (25567)
//      Bounds static X-source '/in_pad_i[25]' (217)
// MUX gate at /in_pad_i[24](218)
//      Driven by existing flop at '/dut/\clint.clint /rtlcreg_PRDATA_56/Q' (25568)
//      Bounds static X-source '/in_pad_i[24]' (218)
// MUX gate at /in_pad_i[23](219)
//      Driven by existing flop at '/dut/\clint.clint /rtlcreg_PRDATA_55/Q' (25569)
//      Bounds static X-source '/in_pad_i[23]' (219)
// MUX gate at /in_pad_i[22](220)
//      Driven by existing flop at '/dut/\clint.clint /rtlcreg_PRDATA_54/Q' (25570)
//      Bounds static X-source '/in_pad_i[22]' (220)
// MUX gate at /in_pad_i[21](221)
//      Driven by existing flop at '/dut/\clint.clint /rtlcreg_PRDATA_53/Q' (25571)
//      Bounds static X-source '/in_pad_i[21]' (221)
// MUX gate at /in_pad_i[20](222)
//      Driven by existing flop at '/dut/\clint.clint /rtlcreg_PRDATA_52/Q' (25572)
//      Bounds static X-source '/in_pad_i[20]' (222)
// MUX gate at /in_pad_i[19](223)
//      Driven by existing flop at '/dut/\clint.clint /rtlcreg_PRDATA_51/Q' (25573)
//      Bounds static X-source '/in_pad_i[19]' (223)
// MUX gate at /in_pad_i[18](224)
//      Driven by existing flop at '/dut/\clint.clint /rtlcreg_PRDATA_50/Q' (25574)
//      Bounds static X-source '/in_pad_i[18]' (224)
// MUX gate at /in_pad_i[17](225)
//      Driven by existing flop at '/dut/\clint.clint /rtlcreg_PRDATA_49/Q' (25575)
//      Bounds static X-source '/in_pad_i[17]' (225)
// MUX gate at /in_pad_i[16](226)
//      Driven by existing flop at '/dut/\clint.clint /rtlcreg_PRDATA_48/Q' (25576)
//      Bounds static X-source '/in_pad_i[16]' (226)
// MUX gate at /in_pad_i[15](227)
//      Driven by existing flop at '/dut/\clint.clint /rtlcreg_PRDATA_47/Q' (25577)
//      Bounds static X-source '/in_pad_i[15]' (227)
// MUX gate at /in_pad_i[14](228)
//      Driven by existing flop at '/dut/\clint.clint /rtlcreg_PRDATA_46/Q' (25578)
//      Bounds static X-source '/in_pad_i[14]' (228)
// MUX gate at /in_pad_i[13](229)
//      Driven by existing flop at '/dut/\clint.clint /rtlcreg_PRDATA_45/Q' (25579)
//      Bounds static X-source '/in_pad_i[13]' (229)
// MUX gate at /in_pad_i[12](230)
//      Driven by existing flop at '/dut/\clint.clint /rtlcreg_PRDATA_44/Q' (25580)
//      Bounds static X-source '/in_pad_i[12]' (230)
// MUX gate at /in_pad_i[11](231)
//      Driven by existing flop at '/dut/\clint.clint /rtlcreg_PRDATA_43/Q' (25581)
//      Bounds static X-source '/in_pad_i[11]' (231)
// MUX gate at /in_pad_i[10](232)
//      Driven by existing flop at '/dut/\clint.clint /rtlcreg_PRDATA_42/Q' (25582)
//      Bounds static X-source '/in_pad_i[10]' (232)
// MUX gate at /in_pad_i[9](233)
//      Driven by existing flop at '/dut/\clint.clint /rtlcreg_PRDATA_41/Q' (25583)
//      Bounds static X-source '/in_pad_i[9]' (233)
// MUX gate at /in_pad_i[8](234)
//      Driven by existing flop at '/dut/\clint.clint /rtlcreg_PRDATA_40/Q' (25584)
//      Bounds static X-source '/in_pad_i[8]' (234)
// MUX gate at /in_pad_i[7](235)
//      Driven by existing flop at '/dut/\clint.clint /rtlcreg_PRDATA_39/Q' (25585)
//      Bounds static X-source '/in_pad_i[7]' (235)
// MUX gate at /in_pad_i[6](236)
//      Driven by existing flop at '/dut/\clint.clint /rtlcreg_PRDATA_38/Q' (25586)
//      Bounds static X-source '/in_pad_i[6]' (236)
// MUX gate at /in_pad_i[5](237)
//      Driven by existing flop at '/dut/\clint.clint /rtlcreg_PRDATA_37/Q' (25587)
//      Bounds static X-source '/in_pad_i[5]' (237)
// MUX gate at /in_pad_i[4](238)
//      Driven by existing flop at '/dut/\clint.clint /rtlcreg_PRDATA_36/Q' (25588)
//      Bounds static X-source '/in_pad_i[4]' (238)
// MUX gate at /in_pad_i[3](239)
//      Driven by existing flop at '/dut/\clint.clint /rtlcreg_PRDATA_35/Q' (25589)
//      Bounds static X-source '/in_pad_i[3]' (239)
// MUX gate at /in_pad_i[2](240)
//      Driven by existing flop at '/dut/\clint.clint /rtlcreg_PRDATA_34/Q' (25590)
//      Bounds static X-source '/in_pad_i[2]' (240)
// MUX gate at /in_pad_i[1](241)
//      Driven by existing flop at '/dut/\clint.clint /rtlcreg_PRDATA_33/Q' (25591)
//      Bounds static X-source '/in_pad_i[1]' (241)
// MUX gate at /in_pad_i[0](242)
//      Driven by existing flop at '/dut/\clint.clint /rtlcreg_PRDATA_32/Q' (25592)
//      Bounds static X-source '/in_pad_i[0]' (242)
// MUX gate at /dut/\clint.clint /rtlc2_163/B(17735)
//      Driven by existing flop at '/dut/\clint.clint /rtlcreg_PRDATA_31/Q' (25593)
//      Bounds static X-source '/PRESETn' (244)
// MUX gate at /dut/\uartgen.uart /uartPC/rtlc5_21/B(18279)
//      Driven by existing flop at '/dut/\uartgen.uart /uartPC/rtlcreg_DSRb2/Q' (26078)
//      Bounds static X-source '/PRESETn' (244)
// MUX gate at /dut/\uartgen.uart /uartPC/rtlc1_184/B(18283)
//      Driven by existing flop at '/dut/\uartgen.uart /uartPC/rtlcreg_DCDb2/Q' (26079)
//      Bounds static X-source '/PRESETn' (244)
// MUX gate at /dut/\uartgen.uart /uartPC/rtlc1_180/B(18284)
//      Driven by existing flop at '/dut/\uartgen.uart /uartPC/rtlcreg_CTSb2/Q' (26080)
//      Bounds static X-source '/PRESETn' (244)
// MUX gate at /dut/\uartgen.uart /uartPC/rtlc1_176/B(18285)
//      Driven by existing flop at '/dut/\uartgen.uart /uartPC/rtlcreg_RIb2/Q' (4999)
//      Bounds static X-source '/PRESETn' (244)
// MUX gate at /dut/\uartgen.uart /uartPC/rtlc1_168/B(18287)
//      Driven by existing flop at '/dut/\uartgen.uart /uartPC/rtlcreg_SINsync/Q' (26082)
//      Bounds static X-source '/PRESETn' (244)
// MUX gate at /dut/\uartgen.uart /uartPC/rtlc1_164/B(18288)
//      Driven by existing flop at '/dut/\uartgen.uart /uartPC/rtlcreg_DSRbsync/Q' (5001)
//      Bounds static X-source '/PRESETn' (244)
// MUX gate at /dut/\uartgen.uart /uartPC/rtlc1_174/B(24616)
//      Driven by existing flop at '/dut/\uartgen.uart /uartPC/rtlcreg_DCDbsync/Q' (5002)
//      Bounds static X-source '/PRESETn' (244)
// MUX gate at /dut/\uartgen.uart /uartPC/rtlc4_85/B(18280)
//      Driven by existing flop at '/dut/\uartgen.uart /uartPC/rtlcreg_CTSbsync/Q' (5003)
//      Bounds static X-source '/PRESETn' (244)
// MUX gate at /dut/\uartgen.uart /uartPC/rtlc4_78/B(18281)
//      Driven by existing flop at '/dut/\uartgen.uart /uartPC/rtlcreg_RIbsync/Q' (26086)
//      Bounds static X-source '/PRESETn' (244)
// MUX gate at /dut/\uartgen.uart /uartPC/rtlc7_415/B(18278)
//      Driven by existing flop at '/dut/\uartgen.uart /uartPC/rtlcreg_SINd/Q' (26087)
//      Bounds static X-source '/PRESETn' (244)
// MUX gate at /dut/\uartgen.uart /uartPC/rtlc7_423/B(22490)
//      Driven by existing flop at '/dut/\uartgen.uart /uartPC/rtlcreg_DSRbd/Q' (26088)
//      Bounds static X-source '/PRESETn' (244)
// MUX gate at /dut/\uartgen.uart /uartPC/rtlc7_419/B(18277)
//      Driven by existing flop at '/dut/\uartgen.uart /uartPC/rtlcreg_DCDbd/Q' (26089)
//      Bounds static X-source '/PRESETn' (244)
// MUX gate at /dut/\uartgen.uart /uartPC/rtlc4_81/B(22569)
//      Driven by existing flop at '/dut/\uartgen.uart /uartPC/rtlcreg_CTSbd/Q' (26090)
//      Bounds static X-source '/PRESETn' (244)
// MUX gate at /dut/\uartgen.uart /uartPC/rtlc4_88/B(22737)
//      Driven by existing flop at '/dut/\uartgen.uart /uartPC/rtlcreg_RIbd/Q' (26091)
//      Bounds static X-source '/PRESETn' (244)
// MUX gate at /dut/\uartgen.uart /uartPC/rtlc1_172/B(18286)
//      Driven by existing flop at '/dut/\uartgen.uart /uartPC/rtlcreg_SCR_7/Q' (5006)
//      Bounds static X-source '/PRESETn' (244)
// MUX gate at /dut/\uartgen.uart /uartPC/rtlc3_73/B(18282)
//      Driven by existing flop at '/dut/\uartgen.uart /uartPC/rtlcreg_SCR_6/Q' (5007)
//      Bounds static X-source '/PRESETn' (244)
// MUX gate at /dut/\gpio.gpio /APB_INTERFACE/rtlc3_3/A(18295)
//      Driven by existing flop at '/dut/\gpio.gpio /AUX_INTERFACE/rtlcreg_aux_i_8/Q' (4778)
//      Bounds static X-source '/PRESETn' (244)
// MUX gate at /dut/\uartgen.uart /uartPC/rtlc1_160/B(18289)
//      Driven by existing flop at '/dut/\uartgen.uart /uartPC/rtlcreg_SCR_5/Q' (5008)
//      Bounds static X-source '/PRESETn' (244)
// MUX gate at /dut/\uartgen.uart /uartPC/rtlc1_156/B(18290)
//      Driven by existing flop at '/dut/\uartgen.uart /uartPC/rtlcreg_SCR_4/Q' (5009)
//      Bounds static X-source '/PRESETn' (244)
// MUX gate at /dut/\uartgen.uart /uartPC/rtlc0_198/A(18291)
//      Driven by existing flop at '/dut/\uartgen.uart /uartPC/rtlcreg_SCR_3/Q' (5010)
//      Bounds static X-source '/PRESETn' (244)
// MUX gate at /dut/\gpio.gpio /APB_INTERFACE/rtlc_330/B(18292)
//      Driven by existing flop at '/dut/\gpio.gpio /AUX_INTERFACE/rtlcreg_aux_i_7/Q' (4779)
//      Bounds static X-source '/PRESETn' (244)
// MUX gate at /dut/\gpio.gpio /APB_INTERFACE/rtlc_326/B(18293)
//      Driven by existing flop at '/dut/\gpio.gpio /AUX_INTERFACE/rtlcreg_aux_i_6/Q' (4780)
//      Bounds static X-source '/PRESETn' (244)
// MUX gate at /dut/\plic.plic /rtlc_3031/B(24370)
//      Driven by existing flop at '/dut/\plic.plic /rtlcreg_Dout_31/Q' (4617)
//      Bounds static X-source '/PRESETn' (244)
// MUX gate at /dut/\plic.plic /rtlc_3027/B(24371)
//      Driven by existing flop at '/dut/\plic.plic /rtlcreg_Dout_30/Q' (4618)
//      Bounds static X-source '/PRESETn' (244)
// MUX gate at /dut/\plic.plic /rtlc_3023/B(24372)
//      Driven by existing flop at '/dut/\plic.plic /rtlcreg_Dout_29/Q' (4619)
//      Bounds static X-source '/PRESETn' (244)
// MUX gate at /dut/\plic.plic /rtlc_3019/B(24382)
//      Driven by existing flop at '/dut/\plic.plic /rtlcreg_Dout_28/Q' (4620)
//      Bounds static X-source '/PRESETn' (244)
// MUX gate at /dut/\plic.plic /rtlc_3015/B(24383)
//      Driven by existing flop at '/dut/\plic.plic /rtlcreg_Dout_27/Q' (4621)
//      Bounds static X-source '/PRESETn' (244)
// MUX gate at /dut/\plic.plic /rtlc_3011/B(24384)
//      Driven by existing flop at '/dut/\plic.plic /rtlcreg_Dout_26/Q' (4622)
//      Bounds static X-source '/PRESETn' (244)
// MUX gate at /dut/\plic.plic /rtlc_3043/B(24367)
//      Driven by existing flop at '/dut/\plic.plic /rtlcreg_Dout_25/Q' (4623)
//      Bounds static X-source '/PRESETn' (244)
// MUX gate at /dut/\plic.plic /rtlc_3039/B(24368)
//      Driven by existing flop at '/dut/\plic.plic /rtlcreg_Dout_24/Q' (4624)
//      Bounds static X-source '/PRESETn' (244)
// MUX gate at /dut/\plic.plic /rtlc_3035/B(24369)
//      Driven by existing flop at '/dut/\plic.plic /rtlcreg_Dout_23/Q' (4625)
//      Bounds static X-source '/PRESETn' (244)
// MUX gate at /dut/\clint.clint /rtlc2_177/B(18338)
//      Driven by existing flop at '/dut/\clint.clint /rtlcreg_PRDATA_30/Q' (25594)
//      Bounds static X-source '/PRESETn' (244)
// MUX gate at /dut/\clint.clint /rtlc2_175/B(18339)
//      Driven by existing flop at '/dut/\clint.clint /rtlcreg_PRDATA_29/Q' (25595)
//      Bounds static X-source '/PRESETn' (244)
// MUX gate at /dut/\clint.clint /rtlc2_173/B(18340)
//      Driven by existing flop at '/dut/\clint.clint /rtlcreg_PRDATA_28/Q' (25596)
//      Bounds static X-source '/PRESETn' (244)
// MUX gate at /dut/\clint.clint /rtlc2_171/B(18341)
//      Driven by existing flop at '/dut/\clint.clint /rtlcreg_PRDATA_27/Q' (25597)
//      Bounds static X-source '/PRESETn' (244)
// MUX gate at /dut/\clint.clint /rtlc2_169/B(18342)
//      Driven by existing flop at '/dut/\clint.clint /rtlcreg_PRDATA_26/Q' (25598)
//      Bounds static X-source '/PRESETn' (244)
// MUX gate at /dut/\clint.clint /rtlc2_179/B(18337)
//      Driven by existing flop at '/dut/\clint.clint /rtlcreg_PRDATA_25/Q' (25599)
//      Bounds static X-source '/PRESETn' (244)
// MUX gate at /dut/\clint.clint /rtlc2_167/B(18343)
//      Driven by existing flop at '/dut/\clint.clint /rtlcreg_PRDATA_24/Q' (25600)
//      Bounds static X-source '/PRESETn' (244)
// MUX gate at /dut/\clint.clint /rtlc2_165/B(18344)
//      Driven by existing flop at '/dut/\clint.clint /rtlcreg_PRDATA_23/Q' (25601)
//      Bounds static X-source '/PRESETn' (244)
// MUX gate at /dut/\clint.clint /rtlc3_226/B(18336)
//      Driven by existing flop at '/dut/\clint.clint /rtlcreg_PRDATA_22/Q' (25602)
//      Bounds static X-source '/PRESETn' (244)
// MUX gate at /dut/\clint.clint /rtlc3_247/B(18329)
//      Driven by existing flop at '/dut/\clint.clint /rtlcreg_PRDATA_21/Q' (25603)
//      Bounds static X-source '/PRESETn' (244)
// MUX gate at /dut/\clint.clint /rtlc3_244/B(18330)
//      Driven by existing flop at '/dut/\clint.clint /rtlcreg_PRDATA_20/Q' (25604)
//      Bounds static X-source '/PRESETn' (244)
// MUX gate at /dut/\clint.clint /rtlc3_241/B(18331)
//      Driven by existing flop at '/dut/\clint.clint /rtlcreg_PRDATA_19/Q' (25605)
//      Bounds static X-source '/PRESETn' (244)
// MUX gate at /dut/\clint.clint /rtlc3_238/B(18332)
//      Driven by existing flop at '/dut/\clint.clint /rtlcreg_PRDATA_18/Q' (25606)
//      Bounds static X-source '/PRESETn' (244)
// MUX gate at /dut/\clint.clint /rtlc3_235/B(18333)
//      Driven by existing flop at '/dut/\clint.clint /rtlcreg_PRDATA_17/Q' (25607)
//      Bounds static X-source '/PRESETn' (244)
// MUX gate at /dut/\clint.clint /rtlc3_232/B(18334)
//      Driven by existing flop at '/dut/\clint.clint /rtlcreg_PRDATA_16/Q' (25608)
//      Bounds static X-source '/PRESETn' (244)
// MUX gate at /dut/\clint.clint /rtlc3_229/B(18335)
//      Driven by existing flop at '/dut/\clint.clint /rtlcreg_PRDATA_15/Q' (25609)
//      Bounds static X-source '/PRESETn' (244)
// MUX gate at /dut/\plic.plic /rtlc4_402/B(18320)
//      Driven by existing flop at '/dut/\plic.plic /rtlcreg_Dout_22/Q' (4626)
//      Bounds static X-source '/PRESETn' (244)
// MUX gate at /dut/\plic.plic /rtlc4_398/B(18321)
//      Driven by existing flop at '/dut/\plic.plic /rtlcreg_Dout_21/Q' (4627)
//      Bounds static X-source '/PRESETn' (244)
// MUX gate at /dut/\plic.plic /rtlc0_532/A(18323)
//      Driven by existing flop at '/dut/\plic.plic /rtlcreg_Dout_20/Q' (4628)
//      Bounds static X-source '/PRESETn' (244)
// MUX gate at /dut/\plic.plic /rtlc4_410/B(18318)
//      Driven by existing flop at '/dut/\plic.plic /rtlcreg_Dout_19/Q' (4629)
//      Bounds static X-source '/PRESETn' (244)
// MUX gate at /dut/\plic.plic /rtlc4_406/B(18319)
//      Driven by existing flop at '/dut/\plic.plic /rtlcreg_Dout_18/Q' (4630)
//      Bounds static X-source '/PRESETn' (244)
// MUX gate at /dut/\clint.clint /rtlc_959/B(18324)
//      Driven by existing flop at '/dut/\clint.clint /rtlcreg_PRDATA_14/Q' (25610)
//      Bounds static X-source '/PRESETn' (244)
// MUX gate at /dut/\clint.clint /rtlc_958/B(18325)
//      Driven by existing flop at '/dut/\clint.clint /rtlcreg_PRDATA_13/Q' (25611)
//      Bounds static X-source '/PRESETn' (244)
// MUX gate at /dut/\plic.plic /rtlc_1779/B(18311)
//      Driven by existing flop at '/dut/\plic.plic /rtlcreg_Dout_17/Q' (4631)
//      Bounds static X-source '/PRESETn' (244)
// MUX gate at /dut/\plic.plic /rtlc_1761/B(18312)
//      Driven by existing flop at '/dut/\plic.plic /rtlcreg_Dout_16/Q' (4632)
//      Bounds static X-source '/PRESETn' (244)
// MUX gate at /dut/\plic.plic /rtlc_1743/B(18313)
//      Driven by existing flop at '/dut/\plic.plic /rtlcreg_Dout_15/Q' (4633)
//      Bounds static X-source '/PRESETn' (244)
// MUX gate at /dut/\plic.plic /rtlc_1725/B(18314)
//      Driven by existing flop at '/dut/\plic.plic /rtlcreg_Dout_14/Q' (4634)
//      Bounds static X-source '/PRESETn' (244)
// MUX gate at /dut/\plic.plic /rtlc_1707/B(18315)
//      Driven by existing flop at '/dut/\plic.plic /rtlcreg_Dout_13/Q' (4635)
//      Bounds static X-source '/PRESETn' (244)
// MUX gate at /dut/\plic.plic /rtlc_1689/B(18316)
//      Driven by existing flop at '/dut/\plic.plic /rtlcreg_Dout_12/Q' (4636)
//      Bounds static X-source '/PRESETn' (244)
// MUX gate at /dut/\plic.plic /rtlc_1671/B(18317)
//      Driven by existing flop at '/dut/\plic.plic /rtlcreg_Dout_11/Q' (4637)
//      Bounds static X-source '/PRESETn' (244)
// MUX gate at /dut/\plic.plic /rtlc4_394/B(18322)
//      Driven by existing flop at '/dut/\plic.plic /rtlcreg_Dout_10/Q' (4638)
//      Bounds static X-source '/PRESETn' (244)
// MUX gate at /dut/\plic.plic /rtlc4_414/B(22538)
//      Driven by existing flop at '/dut/\plic.plic /rtlcreg_Dout_9/Q' (4639)
//      Bounds static X-source '/PRESETn' (244)
// MUX gate at /dut/\uartgen.uart /uartPC/rtlc14_4/B(18266)
//      Driven by existing flop at '/dut/\uartgen.uart /uartPC/rtlcreg_SCR_2/Q' (5011)
//      Bounds static X-source '/PRESETn' (244)
// MUX gate at /dut/\uartgen.uart /uartPC/rtlc12_384/B(18269)
//      Driven by existing flop at '/dut/\uartgen.uart /uartPC/rtlcreg_SCR_1/Q' (5012)
//      Bounds static X-source '/PRESETn' (244)
// MUX gate at /dut/\uartgen.uart /uartPC/rtlc7_428/B(18276)
//      Driven by existing flop at '/dut/\uartgen.uart /uartPC/rtlcreg_SCR_0/Q' (5013)
//      Bounds static X-source '/PRESETn' (244)
// MUX gate at /dut/\uartgen.uart /uartPC/rtlc12_386/B(18268)
//      Driven by existing flop at '/dut/\uartgen.uart /uartPC/rtlcreg_DLM_7/Q' (5014)
//      Bounds static X-source '/PRESETn' (244)
// MUX gate at /dut/\uartgen.uart /uartPC/rtlc7_431/B(18275)
//      Driven by existing flop at '/dut/\uartgen.uart /uartPC/rtlcreg_DLM_6/Q' (5015)
//      Bounds static X-source '/PRESETn' (244)
// MUX gate at /dut/\uartgen.uart /uartPC/rtlc_3948/B(18265)
//      Driven by existing flop at '/dut/\uartgen.uart /uartPC/rtlcreg_DLM_5/Q' (5016)
//      Bounds static X-source '/PRESETn' (244)
// MUX gate at /dut/\uartgen.uart /uartPC/rtlc10_42/B(18273)
//      Driven by existing flop at '/dut/\uartgen.uart /uartPC/rtlcreg_DLM_4/Q' (5018)
//      Bounds static X-source '/PRESETn' (244)
// MUX gate at /dut/\uartgen.uart /uartPC/rtlc_3951/B(18264)
//      Driven by existing flop at '/dut/\uartgen.uart /uartPC/rtlcreg_DLM_3/Q' (5019)
//      Bounds static X-source '/PRESETn' (244)
// MUX gate at /dut/\uartgen.uart /uartPC/rtlc13_4/B(18267)
//      Driven by existing flop at '/dut/\uartgen.uart /uartPC/rtlcreg_DLM_2/Q' (5020)
//      Bounds static X-source '/PRESETn' (244)
// MUX gate at /dut/\uartgen.uart /uartPC/rtlc10_39/B(22637)
//      Driven by existing flop at '/dut/\uartgen.uart /uartPC/rtlcreg_DLM_1/Q' (5021)
//      Bounds static X-source '/PRESETn' (244)
// MUX gate at /dut/\uartgen.uart /uartPC/rtlc10_35/B(18274)
//      Driven by existing flop at '/dut/\uartgen.uart /uartPC/rtlcreg_DLM_0/Q' (5022)
//      Bounds static X-source '/PRESETn' (244)
// MUX gate at /dut/\uartgen.uart /uartPC/rtlc12_379/B(18270)
//      Driven by existing flop at '/dut/\uartgen.uart /uartPC/rtlcreg_DLL_7/Q' (5023)
//      Bounds static X-source '/PRESETn' (244)
// MUX gate at /dut/\uartgen.uart /uartPC/rtlc12_373/B(18271)
//      Driven by existing flop at '/dut/\uartgen.uart /uartPC/rtlcreg_DLL_6/Q' (5024)
//      Bounds static X-source '/PRESETn' (244)
// MUX gate at /dut/\uartgen.uart /uartPC/rtlc12_366/B(18272)
//      Driven by existing flop at '/dut/\uartgen.uart /uartPC/rtlcreg_DLL_5/Q' (5025)
//      Bounds static X-source '/PRESETn' (244)
// MUX gate at /dut/\uartgen.uart /uartPC/rtlc12_361/B(18104)
//      Driven by existing flop at '/dut/\uartgen.uart /uartPC/rtlcreg_DLL_4/Q' (5026)
//      Bounds static X-source '/PRESETn' (244)
// MUX gate at /dut/\uartgen.uart /uartPC/rtlc8_4/B(22638)
//      Driven by existing flop at '/dut/\uartgen.uart /uartPC/rtlcreg_DLL_3/Q' (5027)
//      Bounds static X-source '/PRESETn' (244)
// MUX gate at /dut/\clint.clint /rtlc_957/B(18326)
//      Driven by existing flop at '/dut/\clint.clint /rtlcreg_PRDATA_12/Q' (25612)
//      Bounds static X-source '/PRESETn' (244)
// MUX gate at /dut/\clint.clint /rtlc_956/B(18108)
//      Driven by existing flop at '/dut/\clint.clint /rtlcreg_PRDATA_11/Q' (25613)
//      Bounds static X-source '/PRESETn' (244)
// MUX gate at /dut/\clint.clint /rtlc_955/B(20404)
//      Driven by existing flop at '/dut/\clint.clint /rtlcreg_PRDATA_10/Q' (25614)
//      Bounds static X-source '/PRESETn' (244)
// MUX gate at /dut/\clint.clint /rtlc_954/B(21933)
//      Driven by existing flop at '/dut/\clint.clint /rtlcreg_PRDATA_9/Q' (25615)
//      Bounds static X-source '/PRESETn' (244)
// MUX gate at /dut/\clint.clint /rtlc_953/B(22480)
//      Driven by existing flop at '/dut/\clint.clint /rtlcreg_PRDATA_8/Q' (25616)
//      Bounds static X-source '/PRESETn' (244)
// MUX gate at /dut/\clint.clint /rtlc_952/B(22625)
//      Driven by existing flop at '/dut/\clint.clint /rtlcreg_PRDATA_7/Q' (25617)
//      Bounds static X-source '/PRESETn' (244)
// MUX gate at /dut/\clint.clint /rtlc_951/B(22746)
//      Driven by existing flop at '/dut/\clint.clint /rtlcreg_PRDATA_6/Q' (25618)
//      Bounds static X-source '/PRESETn' (244)
// MUX gate at /dut/\clint.clint /rtlc_950/B(22943)
//      Driven by existing flop at '/dut/\clint.clint /rtlcreg_PRDATA_5/Q' (25619)
//      Bounds static X-source '/PRESETn' (244)
// MUX gate at /dut/\clint.clint /rtlc_949/B(23159)
//      Driven by existing flop at '/dut/\clint.clint /rtlcreg_PRDATA_4/Q' (25620)
//      Bounds static X-source '/PRESETn' (244)
// MUX gate at /dut/\clint.clint /rtlc_948/B(24263)
//      Driven by existing flop at '/dut/\clint.clint /rtlcreg_PRDATA_3/Q' (25621)
//      Bounds static X-source '/PRESETn' (244)
// MUX gate at /dut/\clint.clint /rtlc_947/B(24343)
//      Driven by existing flop at '/dut/\clint.clint /rtlcreg_PRDATA_2/Q' (25622)
//      Bounds static X-source '/PRESETn' (244)
// MUX gate at /dut/\clint.clint /rtlc_946/B(24398)
//      Driven by existing flop at '/dut/\clint.clint /rtlcreg_PRDATA_1/Q' (25623)
//      Bounds static X-source '/PRESETn' (244)
// MUX gate at /dut/\clint.clint /rtlc_945/B(24427)
//      Driven by existing flop at '/dut/\clint.clint /rtlcreg_PRDATA_0/Q' (25624)
//      Bounds static X-source '/PRESETn' (244)
// MUX gate at /dut/\clint.clint /rtlc_944/B(24455)
//      Driven by existing flop at '/dut/\clint.clint /rtlcreg_MTIMECMP_63/Q' (4482)
//      Bounds static X-source '/PRESETn' (244)
// MUX gate at /dut/\clint.clint /rtlc_943/B(24486)
//      Driven by existing flop at '/dut/\clint.clint /rtlcreg_MTIMECMP_62/Q' (4483)
//      Bounds static X-source '/PRESETn' (244)
// MUX gate at /dut/\clint.clint /rtlc_942/B(24513)
//      Driven by existing flop at '/dut/\clint.clint /rtlcreg_MTIMECMP_61/Q' (4484)
//      Bounds static X-source '/PRESETn' (244)
// MUX gate at /dut/\clint.clint /rtlc_941/B(24537)
//      Driven by existing flop at '/dut/\clint.clint /rtlcreg_MTIMECMP_60/Q' (4485)
//      Bounds static X-source '/PRESETn' (244)
// MUX gate at /dut/\clint.clint /rtlc_940/B(24562)
//      Driven by existing flop at '/dut/\clint.clint /rtlcreg_MTIMECMP_59/Q' (4486)
//      Bounds static X-source '/PRESETn' (244)
// MUX gate at /dut/\clint.clint /rtlc_939/B(24583)
//      Driven by existing flop at '/dut/\clint.clint /rtlcreg_MTIMECMP_58/Q' (4487)
//      Bounds static X-source '/PRESETn' (244)
// MUX gate at /dut/\clint.clint /rtlc_938/B(24599)
//      Driven by existing flop at '/dut/\clint.clint /rtlcreg_MTIMECMP_57/Q' (4488)
//      Bounds static X-source '/PRESETn' (244)
// MUX gate at /dut/\clint.clint /rtlc_937/B(24615)
//      Driven by existing flop at '/dut/\clint.clint /rtlcreg_MTIMECMP_56/Q' (4489)
//      Bounds static X-source '/PRESETn' (244)
// MUX gate at /dut/\clint.clint /rtlc_936/B(24631)
//      Driven by existing flop at '/dut/\clint.clint /rtlcreg_MTIMECMP_55/Q' (4490)
//      Bounds static X-source '/PRESETn' (244)
// MUX gate at /dut/\clint.clint /rtlc_935/B(24644)
//      Driven by existing flop at '/dut/\clint.clint /rtlcreg_MTIMECMP_54/Q' (4491)
//      Bounds static X-source '/PRESETn' (244)
// MUX gate at /dut/\clint.clint /rtlc_934/B(24657)
//      Driven by existing flop at '/dut/\clint.clint /rtlcreg_MTIMECMP_53/Q' (4492)
//      Bounds static X-source '/PRESETn' (244)
// MUX gate at /dut/\clint.clint /rtlc_933/B(24670)
//      Driven by existing flop at '/dut/\clint.clint /rtlcreg_MTIMECMP_52/Q' (4493)
//      Bounds static X-source '/PRESETn' (244)
// MUX gate at /dut/\clint.clint /rtlc_932/B(24683)
//      Driven by existing flop at '/dut/\clint.clint /rtlcreg_MTIMECMP_51/Q' (4494)
//      Bounds static X-source '/PRESETn' (244)
// MUX gate at /dut/\clint.clint /rtlc_931/B(24696)
//      Driven by existing flop at '/dut/\clint.clint /rtlcreg_MTIMECMP_50/Q' (4495)
//      Bounds static X-source '/PRESETn' (244)
// MUX gate at /dut/\clint.clint /rtlc_930/B(24709)
//      Driven by existing flop at '/dut/\clint.clint /rtlcreg_MTIMECMP_49/Q' (4496)
//      Bounds static X-source '/PRESETn' (244)
// MUX gate at /dut/\clint.clint /rtlc_929/B(24722)
//      Driven by existing flop at '/dut/\clint.clint /rtlcreg_MTIMECMP_48/Q' (4497)
//      Bounds static X-source '/PRESETn' (244)
// MUX gate at /dut/\clint.clint /rtlc_928/B(24735)
//      Driven by existing flop at '/dut/\clint.clint /rtlcreg_MTIMECMP_47/Q' (4498)
//      Bounds static X-source '/PRESETn' (244)
// MUX gate at /dut/\clint.clint /rtlc_927/B(24748)
//      Driven by existing flop at '/dut/\clint.clint /rtlcreg_MTIMECMP_46/Q' (4499)
//      Bounds static X-source '/PRESETn' (244)
// MUX gate at /dut/\clint.clint /rtlc_926/B(24761)
//      Driven by existing flop at '/dut/\clint.clint /rtlcreg_MTIMECMP_45/Q' (4500)
//      Bounds static X-source '/PRESETn' (244)
// MUX gate at /dut/\clint.clint /rtlc_925/B(24774)
//      Driven by existing flop at '/dut/\clint.clint /rtlcreg_MTIMECMP_44/Q' (4501)
//      Bounds static X-source '/PRESETn' (244)
// MUX gate at /dut/\clint.clint /rtlc_924/B(24787)
//      Driven by existing flop at '/dut/\clint.clint /rtlcreg_MTIMECMP_43/Q' (4502)
//      Bounds static X-source '/PRESETn' (244)
// MUX gate at /dut/\clint.clint /rtlc_923/B(24800)
//      Driven by existing flop at '/dut/\clint.clint /rtlcreg_MTIMECMP_42/Q' (4503)
//      Bounds static X-source '/PRESETn' (244)
// MUX gate at /dut/\clint.clint /rtlc_922/B(24813)
//      Driven by existing flop at '/dut/\clint.clint /rtlcreg_MTIMECMP_41/Q' (4504)
//      Bounds static X-source '/PRESETn' (244)
// MUX gate at /dut/\clint.clint /rtlc_921/B(24826)
//      Driven by existing flop at '/dut/\clint.clint /rtlcreg_MTIMECMP_40/Q' (4505)
//      Bounds static X-source '/PRESETn' (244)
// MUX gate at /dut/\clint.clint /rtlc_920/B(24839)
//      Driven by existing flop at '/dut/\clint.clint /rtlcreg_MTIMECMP_39/Q' (4506)
//      Bounds static X-source '/PRESETn' (244)
// MUX gate at /dut/\clint.clint /rtlc_919/B(24852)
//      Driven by existing flop at '/dut/\clint.clint /rtlcreg_MTIMECMP_38/Q' (4507)
//      Bounds static X-source '/PRESETn' (244)
// MUX gate at /dut/\clint.clint /rtlc_918/B(24865)
//      Driven by existing flop at '/dut/\clint.clint /rtlcreg_MTIMECMP_37/Q' (4508)
//      Bounds static X-source '/PRESETn' (244)
// MUX gate at /dut/\clint.clint /rtlc_917/B(24878)
//      Driven by existing flop at '/dut/\clint.clint /rtlcreg_MTIMECMP_36/Q' (4509)
//      Bounds static X-source '/PRESETn' (244)
// MUX gate at /dut/\clint.clint /rtlc_916/B(24891)
//      Driven by existing flop at '/dut/\clint.clint /rtlcreg_MTIMECMP_35/Q' (4510)
//      Bounds static X-source '/PRESETn' (244)
// MUX gate at /dut/\clint.clint /rtlc_915/B(24904)
//      Driven by existing flop at '/dut/\clint.clint /rtlcreg_MTIMECMP_34/Q' (4511)
//      Bounds static X-source '/PRESETn' (244)
// MUX gate at /dut/\clint.clint /rtlc_914/B(24917)
//      Driven by existing flop at '/dut/\clint.clint /rtlcreg_MTIMECMP_33/Q' (4512)
//      Bounds static X-source '/PRESETn' (244)
// MUX gate at /dut/\clint.clint /rtlc_913/B(24930)
//      Driven by existing flop at '/dut/\clint.clint /rtlcreg_MTIMECMP_32/Q' (4513)
//      Bounds static X-source '/PRESETn' (244)
// MUX gate at /dut/\clint.clint /rtlc_912/B(24943)
//      Driven by existing flop at '/dut/\clint.clint /rtlcreg_MTIMECMP_31/Q' (4514)
//      Bounds static X-source '/PRESETn' (244)
// MUX gate at /dut/\clint.clint /rtlc_911/B(24956)
//      Driven by existing flop at '/dut/\clint.clint /rtlcreg_MTIMECMP_30/Q' (4515)
//      Bounds static X-source '/PRESETn' (244)
// MUX gate at /dut/\clint.clint /rtlc_910/B(24969)
//      Driven by existing flop at '/dut/\clint.clint /rtlcreg_MTIMECMP_29/Q' (4516)
//      Bounds static X-source '/PRESETn' (244)
// MUX gate at /dut/\clint.clint /rtlc_909/B(24982)
//      Driven by existing flop at '/dut/\clint.clint /rtlcreg_MTIMECMP_28/Q' (4517)
//      Bounds static X-source '/PRESETn' (244)
// MUX gate at /dut/\clint.clint /rtlc_908/B(24995)
//      Driven by existing flop at '/dut/\clint.clint /rtlcreg_MTIMECMP_27/Q' (4518)
//      Bounds static X-source '/PRESETn' (244)
// MUX gate at /dut/\clint.clint /rtlc_907/B(25008)
//      Driven by existing flop at '/dut/\clint.clint /rtlcreg_MTIMECMP_26/Q' (4519)
//      Bounds static X-source '/PRESETn' (244)
// MUX gate at /dut/\clint.clint /rtlc_906/B(25021)
//      Driven by existing flop at '/dut/\clint.clint /rtlcreg_MTIMECMP_25/Q' (4520)
//      Bounds static X-source '/PRESETn' (244)
// MUX gate at /dut/\clint.clint /rtlc_905/B(25034)
//      Driven by existing flop at '/dut/\clint.clint /rtlcreg_MTIMECMP_24/Q' (4521)
//      Bounds static X-source '/PRESETn' (244)
// MUX gate at /dut/\clint.clint /rtlc_904/B(25047)
//      Driven by existing flop at '/dut/\clint.clint /rtlcreg_MTIMECMP_23/Q' (4522)
//      Bounds static X-source '/PRESETn' (244)
// MUX gate at /dut/\clint.clint /rtlc_903/B(25060)
//      Driven by existing flop at '/dut/\clint.clint /rtlcreg_MTIMECMP_22/Q' (4523)
//      Bounds static X-source '/PRESETn' (244)
// MUX gate at /dut/\clint.clint /rtlc_902/B(25073)
//      Driven by existing flop at '/dut/\clint.clint /rtlcreg_MTIMECMP_21/Q' (4524)
//      Bounds static X-source '/PRESETn' (244)
// MUX gate at /dut/\clint.clint /rtlc_901/B(25086)
//      Driven by existing flop at '/dut/\clint.clint /rtlcreg_MTIMECMP_20/Q' (4525)
//      Bounds static X-source '/PRESETn' (244)
// MUX gate at /dut/\clint.clint /rtlc_900/B(25099)
//      Driven by existing flop at '/dut/\clint.clint /rtlcreg_MTIMECMP_19/Q' (4526)
//      Bounds static X-source '/PRESETn' (244)
// MUX gate at /dut/\clint.clint /rtlc_899/B(25112)
//      Driven by existing flop at '/dut/\clint.clint /rtlcreg_MTIMECMP_18/Q' (4527)
//      Bounds static X-source '/PRESETn' (244)
// MUX gate at /dut/\clint.clint /rtlc_898/B(25125)
//      Driven by existing flop at '/dut/\clint.clint /rtlcreg_MTIMECMP_17/Q' (4528)
//      Bounds static X-source '/PRESETn' (244)
// MUX gate at /dut/\clint.clint /rtlc_897/B(25138)
//      Driven by existing flop at '/dut/\clint.clint /rtlcreg_MTIMECMP_16/Q' (4529)
//      Bounds static X-source '/PRESETn' (244)
// MUX gate at /dut/\clint.clint /rtlc_896/B(25146)
//      Driven by existing flop at '/dut/\clint.clint /rtlcreg_MTIMECMP_15/Q' (4530)
//      Bounds static X-source '/PRESETn' (244)
// MUX gate at /dut/\clint.clint /rtlc_871/A(18327)
//      Driven by existing flop at '/dut/\clint.clint /rtlcreg_MTIMECMP_14/Q' (4531)
//      Bounds static X-source '/PRESETn' (244)
// MUX gate at /dut/\clint.clint /rtlc_852/B(18328)
//      Driven by existing flop at '/dut/\clint.clint /rtlcreg_MTIMECMP_13/Q' (4532)
//      Bounds static X-source '/PRESETn' (244)
// MUX gate at /dut/\plic.plic /rtlc_2499/B(18296)
//      Driven by existing flop at '/dut/\plic.plic /rtlcreg_Dout_8/Q' (4640)
//      Bounds static X-source '/PRESETn' (244)
// MUX gate at /dut/\plic.plic /rtlc_2496/B(18297)
//      Driven by existing flop at '/dut/\plic.plic /rtlcreg_Dout_7/Q' (4641)
//      Bounds static X-source '/PRESETn' (244)
// MUX gate at /dut/\plic.plic /rtlc_2493/B(18298)
//      Driven by existing flop at '/dut/\plic.plic /rtlcreg_Dout_6/Q' (4642)
//      Bounds static X-source '/PRESETn' (244)
// MUX gate at /dut/\plic.plic /rtlc_2490/B(18299)
//      Driven by existing flop at '/dut/\plic.plic /rtlcreg_Dout_5/Q' (4643)
//      Bounds static X-source '/PRESETn' (244)
// MUX gate at /dut/\plic.plic /rtlc_2473/B(18303)
//      Driven by existing flop at '/dut/\plic.plic /rtlcreg_Dout_4/Q' (4644)
//      Bounds static X-source '/PRESETn' (244)
// MUX gate at /dut/\plic.plic /rtlc_2487/B(18300)
//      Driven by existing flop at '/dut/\plic.plic /rtlcreg_Dout_3/Q' (4645)
//      Bounds static X-source '/PRESETn' (244)
// MUX gate at /dut/\plic.plic /rtlc_2484/B(18301)
//      Driven by existing flop at '/dut/\plic.plic /rtlcreg_Dout_2/Q' (4646)
//      Bounds static X-source '/PRESETn' (244)
// MUX gate at /dut/\plic.plic /rtlc_2481/B(18302)
//      Driven by existing flop at '/dut/\plic.plic /rtlcreg_Dout_1/Q' (4647)
//      Bounds static X-source '/PRESETn' (244)
// MUX gate at /dut/\plic.plic /rtlc_2441/B(18304)
//      Driven by existing flop at '/dut/\plic.plic /rtlcreg_Dout_0/Q' (4648)
//      Bounds static X-source '/PRESETn' (244)
// MUX gate at /dut/\plic.plic /rtlc_2440/B(18305)
//      Driven by existing flop at '/dut/\plic.plic /rtlcreg_intInProgress_10/Q' (4649)
//      Bounds static X-source '/PRESETn' (244)
// MUX gate at /dut/\plic.plic /rtlc_2411/B(18306)
//      Driven by existing flop at '/dut/\plic.plic /rtlcreg_intInProgress_9/Q' (4650)
//      Bounds static X-source '/PRESETn' (244)
// MUX gate at /dut/\plic.plic /rtlc_1833/B(18308)
//      Driven by existing flop at '/dut/\plic.plic /rtlcreg_intInProgress_8/Q' (4651)
//      Bounds static X-source '/PRESETn' (244)
// MUX gate at /dut/\plic.plic /rtlc_1815/B(18309)
//      Driven by existing flop at '/dut/\plic.plic /rtlcreg_intInProgress_7/Q' (4652)
//      Bounds static X-source '/PRESETn' (244)
// MUX gate at /dut/\plic.plic /rtlc_1797/B(18310)
//      Driven by existing flop at '/dut/\plic.plic /rtlcreg_intInProgress_6/Q' (4653)
//      Bounds static X-source '/PRESETn' (244)
// MUX gate at /dut/\plic.plic /rtlc_3005/B(24385)
//      Driven by existing flop at '/dut/\plic.plic /rtlcreg_intInProgress_5/Q' (4654)
//      Bounds static X-source '/PRESETn' (244)
// MUX gate at /dut/\plic.plic /rtlc_2127/A(18307)
//      Driven by existing flop at '/dut/\clint.clint /rtlcreg_MTIMECMP_12/Q' (4533)
//      Bounds static X-source '/PRESETn' (244)
// MUX gate at /dut/\spi.spi /rtlcreg_Dout_8/CE(18694)
//      Driven by existing flop at '/dut/\spi.spi /rtlcreg_Dout_31/Q' (5709)
//      Bounds static X-source '/PRESETn' (244)
// MUX gate at /dut/\spi.spi /rtlcreg_Dout_9/CE(18695)
//      Driven by existing flop at '/dut/\spi.spi /rtlcreg_Dout_30/Q' (5710)
//      Bounds static X-source '/PRESETn' (244)
// MUX gate at /dut/\spi.spi /rtlcreg_Dout_10/CE(18696)
//      Driven by existing flop at '/dut/\spi.spi /rtlcreg_Dout_29/Q' (5711)
//      Bounds static X-source '/PRESETn' (244)
// MUX gate at /dut/\spi.spi /rtlcreg_Dout_11/CE(18697)
//      Driven by existing flop at '/dut/\spi.spi /rtlcreg_Dout_28/Q' (5712)
//      Bounds static X-source '/PRESETn' (244)
// MUX gate at /dut/\spi.spi /rtlcreg_Dout_12/CE(18698)
//      Driven by existing flop at '/dut/\spi.spi /rtlcreg_Dout_27/Q' (5713)
//      Bounds static X-source '/PRESETn' (244)
// MUX gate at /dut/\spi.spi /rtlcreg_Dout_13/CE(18699)
//      Driven by existing flop at '/dut/\spi.spi /rtlcreg_Dout_26/Q' (5714)
//      Bounds static X-source '/PRESETn' (244)
// MUX gate at /dut/\spi.spi /rtlcreg_Dout_14/CE(18700)
//      Driven by existing flop at '/dut/\spi.spi /rtlcreg_Dout_25/Q' (5715)
//      Bounds static X-source '/PRESETn' (244)
// MUX gate at /dut/\spi.spi /rtlcreg_Dout_15/CE(18701)
//      Driven by existing flop at '/dut/\spi.spi /rtlcreg_Dout_24/Q' (5716)
//      Bounds static X-source '/PRESETn' (244)
// MUX gate at /dut/\spi.spi /rtlcreg_Dout_0/CE(18686)
//      Driven by existing flop at '/dut/\spi.spi /rtlcreg_Dout_23/Q' (5717)
//      Bounds static X-source '/PRESETn' (244)
// MUX gate at /dut/\spi.spi /rtlcreg_Dout_1/CE(18687)
//      Driven by existing flop at '/dut/\spi.spi /rtlcreg_Dout_22/Q' (5718)
//      Bounds static X-source '/PRESETn' (244)
// MUX gate at /dut/\spi.spi /rtlcreg_Dout_4/CE(18690)
//      Driven by existing flop at '/dut/\spi.spi /rtlcreg_Dout_21/Q' (5719)
//      Bounds static X-source '/PRESETn' (244)
// MUX gate at /dut/\spi.spi /rtlcreg_Dout_5/CE(18691)
//      Driven by existing flop at '/dut/\spi.spi /rtlcreg_Dout_20/Q' (5720)
//      Bounds static X-source '/PRESETn' (244)
// MUX gate at /dut/\spi.spi /rtlcreg_Dout_6/CE(18692)
//      Driven by existing flop at '/dut/\spi.spi /rtlcreg_Dout_19/Q' (5721)
//      Bounds static X-source '/PRESETn' (244)
// MUX gate at /dut/\spi.spi /rtlcreg_Dout_7/CE(18693)
//      Driven by existing flop at '/dut/\spi.spi /rtlcreg_Dout_18/Q' (5722)
//      Bounds static X-source '/PRESETn' (244)
// MUX gate at /dut/\spi.spi /rtlcreg_Dout_2/CE(18688)
//      Driven by existing flop at '/dut/\spi.spi /rtlcreg_Dout_17/Q' (5723)
//      Bounds static X-source '/PRESETn' (244)
// MUX gate at /dut/\spi.spi /rtlcreg_Dout_3/CE(18689)
//      Driven by existing flop at '/dut/\spi.spi /rtlcreg_Dout_16/Q' (5724)
//      Bounds static X-source '/PRESETn' (244)
// MUX gate at /dut/\spi.spi /rtlcreg_Dout_16/CE(18702)
//      Driven by existing flop at '/dut/\spi.spi /rtlcreg_Dout_15/Q' (5725)
//      Bounds static X-source '/PRESETn' (244)
// MUX gate at /dut/\spi.spi /rtlcreg_Dout_17/CE(18703)
//      Driven by existing flop at '/dut/\spi.spi /rtlcreg_Dout_14/Q' (5726)
//      Bounds static X-source '/PRESETn' (244)
// MUX gate at /dut/\spi.spi /rtlcreg_Dout_18/CE(18704)
//      Driven by existing flop at '/dut/\spi.spi /rtlcreg_Dout_13/Q' (5727)
//      Bounds static X-source '/PRESETn' (244)
// MUX gate at /dut/\spi.spi /rtlcreg_Dout_19/CE(18705)
//      Driven by existing flop at '/dut/\spi.spi /rtlcreg_Dout_12/Q' (5729)
//      Bounds static X-source '/PRESETn' (244)
// MUX gate at /dut/\spi.spi /rtlcreg_Dout_20/CE(18706)
//      Driven by existing flop at '/dut/\spi.spi /rtlcreg_Dout_11/Q' (5730)
//      Bounds static X-source '/PRESETn' (244)
// MUX gate at /dut/\spi.spi /rtlcreg_Dout_21/CE(18707)
//      Driven by existing flop at '/dut/\spi.spi /rtlcreg_Dout_10/Q' (5731)
//      Bounds static X-source '/PRESETn' (244)
// MUX gate at /dut/\spi.spi /rtlcreg_Dout_22/CE(18708)
//      Driven by existing flop at '/dut/\spi.spi /rtlcreg_Dout_9/Q' (5732)
//      Bounds static X-source '/PRESETn' (244)
// MUX gate at /dut/\spi.spi /rtlcreg_Dout_23/CE(18709)
//      Driven by existing flop at '/dut/\spi.spi /rtlcreg_Dout_8/Q' (5733)
//      Bounds static X-source '/PRESETn' (244)
// MUX gate at /dut/\spi.spi /rtlcreg_Dout_24/CE(18710)
//      Driven by existing flop at '/dut/\spi.spi /rtlcreg_Dout_7/Q' (5734)
//      Bounds static X-source '/PRESETn' (244)
// MUX gate at /dut/\spi.spi /rtlcreg_Dout_25/CE(18711)
//      Driven by existing flop at '/dut/\spi.spi /rtlcreg_Dout_6/Q' (5735)
//      Bounds static X-source '/PRESETn' (244)
// MUX gate at /dut/\spi.spi /rtlcreg_Dout_26/CE(18712)
//      Driven by existing flop at '/dut/\spi.spi /rtlcreg_Dout_5/Q' (5736)
//      Bounds static X-source '/PRESETn' (244)
// MUX gate at /dut/\spi.spi /rtlcreg_Dout_27/CE(18713)
//      Driven by existing flop at '/dut/\spi.spi /rtlcreg_Dout_4/Q' (5737)
//      Bounds static X-source '/PRESETn' (244)
// MUX gate at /dut/\spi.spi /rtlcreg_Dout_28/CE(18714)
//      Driven by existing flop at '/dut/\spi.spi /rtlcreg_Dout_3/Q' (5738)
//      Bounds static X-source '/PRESETn' (244)
// MUX gate at /dut/\spi.spi /rtlcreg_Dout_29/CE(18715)
//      Driven by existing flop at '/dut/\spi.spi /rtlcreg_Dout_2/Q' (5739)
//      Bounds static X-source '/PRESETn' (244)
// MUX gate at /dut/\spi.spi /rtlcreg_Dout_30/CE(18716)
//      Driven by existing flop at '/dut/\spi.spi /rtlcreg_Dout_1/Q' (5740)
//      Bounds static X-source '/PRESETn' (244)
// MUX gate at /dut/\spi.spi /rtlcreg_Dout_31/CE(18717)
//      Driven by existing flop at '/dut/\spi.spi /rtlcreg_Dout_0/Q' (5741)
//      Bounds static X-source '/PRESETn' (244)
// MUX gate at /dut/\spi.spi /rtlc_1187/B(21273)
//      Driven by existing flop at '/dut/\spi.spi /rtlcreg_InterruptPending_1/Q' (26785)
//      Bounds static X-source '/PRESETn' (244)
// MUX gate at /dut/\spi.spi /rtlc_1159/B(18718)
//      Driven by existing flop at '/dut/\spi.spi /rtlcreg_InterruptPending_0/Q' (26786)
//      Bounds static X-source '/PRESETn' (244)
// MUX gate at /dut/\spi.spi /rtlc_1158/B(18719)
//      Driven by existing flop at '/dut/\spi.spi /rtlcreg_InterruptEnable_1/Q' (5742)
//      Bounds static X-source '/PRESETn' (244)
// MUX gate at /dut/\spi.spi /rtlc_1157/B(18720)
//      Driven by existing flop at '/dut/\spi.spi /rtlcreg_InterruptEnable_0/Q' (5743)
//      Bounds static X-source '/PRESETn' (244)
// MUX gate at /dut/\spi.spi /rtlc_1152/B(18725)
//      Driven by existing flop at '/dut/\spi.spi /rtlcreg_ReceiveWatermark_2/Q' (5744)
//      Bounds static X-source '/PRESETn' (244)
// MUX gate at /dut/\spi.spi /rtlc_1156/B(18721)
//      Driven by existing flop at '/dut/\spi.spi /rtlcreg_ReceiveWatermark_1/Q' (5745)
//      Bounds static X-source '/PRESETn' (244)
// MUX gate at /dut/\spi.spi /rtlc_1155/B(18722)
//      Driven by existing flop at '/dut/\spi.spi /rtlcreg_ReceiveWatermark_0/Q' (5746)
//      Bounds static X-source '/PRESETn' (244)
// MUX gate at /dut/\spi.spi /rtlc_1154/B(18723)
//      Driven by existing flop at '/dut/\spi.spi /rtlcreg_TransmitWatermark_2/Q' (5747)
//      Bounds static X-source '/PRESETn' (244)
// MUX gate at /dut/\spi.spi /rtlc_1153/B(18724)
//      Driven by existing flop at '/dut/\spi.spi /rtlcreg_TransmitWatermark_1/Q' (5748)
//      Bounds static X-source '/PRESETn' (244)
// MUX gate at /dut/\spi.spi /rtlc_1151/B(18726)
//      Driven by existing flop at '/dut/\spi.spi /rtlcreg_TransmitWatermark_0/Q' (5749)
//      Bounds static X-source '/PRESETn' (244)
// MUX gate at /dut/\spi.spi /rtlc_1150/B(18727)
//      Driven by existing flop at '/dut/\spi.spi /rtlcreg_TransmitData_8/Q' (5750)
//      Bounds static X-source '/PRESETn' (244)
// MUX gate at /dut/\spi.spi /rtlc_1149/B(18728)
//      Driven by existing flop at '/dut/\spi.spi /rtlcreg_TransmitData_7/Q' (5751)
//      Bounds static X-source '/PRESETn' (244)
// MUX gate at /dut/\spi.spi /rtlc_1148/B(18729)
//      Driven by existing flop at '/dut/\spi.spi /rtlcreg_TransmitData_6/Q' (5752)
//      Bounds static X-source '/PRESETn' (244)
// MUX gate at /dut/\spi.spi /rtlc_1147/B(18730)
//      Driven by existing flop at '/dut/\spi.spi /rtlcreg_TransmitData_5/Q' (5753)
//      Bounds static X-source '/PRESETn' (244)
// MUX gate at /dut/\spi.spi /rtlc_1146/B(18731)
//      Driven by existing flop at '/dut/\spi.spi /rtlcreg_TransmitData_4/Q' (5754)
//      Bounds static X-source '/PRESETn' (244)
// MUX gate at /dut/\spi.spi /rtlc_1144/B(18732)
//      Driven by existing flop at '/dut/\spi.spi /rtlcreg_TransmitData_3/Q' (5755)
//      Bounds static X-source '/PRESETn' (244)
// MUX gate at /dut/\spi.spi /rtlc6_17/B(18758)
//      Driven by existing flop at '/dut/\spi.spi /rtlcreg_TransmitData_2/Q' (5756)
//      Bounds static X-source '/PRESETn' (244)
// MUX gate at /dut/\spi.spi /rtlc_1019/B(18755)
//      Driven by existing flop at '/dut/\spi.spi /rtlcreg_TransmitData_1/Q' (5757)
//      Bounds static X-source '/PRESETn' (244)
// MUX gate at /dut/\spi.spi /rtlc_1018/B(18756)
//      Driven by existing flop at '/dut/\spi.spi /rtlcreg_TransmitData_0/Q' (5758)
//      Bounds static X-source '/PRESETn' (244)
// MUX gate at /dut/\spi.spi /rtlc_1007/B(18757)
//      Driven by existing flop at '/dut/\spi.spi /rtlcreg_Format_4/Q' (5759)
//      Bounds static X-source '/PRESETn' (244)
// MUX gate at /dut/\spi.spi /rtlc0_287/B(18763)
//      Driven by existing flop at '/dut/\spi.spi /rtlcreg_Format_3/Q' (5760)
//      Bounds static X-source '/PRESETn' (244)
// MUX gate at /dut/\spi.spi /rtlc4_4/B(18761)
//      Driven by existing flop at '/dut/\spi.spi /rtlcreg_Format_2/Q' (5761)
//      Bounds static X-source '/PRESETn' (244)
// MUX gate at /dut/\spi.spi /rtlc5_27/B(18759)
//      Driven by existing flop at '/dut/\spi.spi /rtlcreg_Format_1/Q' (5762)
//      Bounds static X-source '/PRESETn' (244)
// MUX gate at /dut/\spi.spi /rtlc1_4/B(18762)
//      Driven by existing flop at '/dut/\spi.spi /rtlcreg_Format_0/Q' (5763)
//      Bounds static X-source '/PRESETn' (244)
// MUX gate at /dut/\spi.spi /rtlc5_24/B(18760)
//      Driven by existing flop at '/dut/\spi.spi /rtlcreg_Delay1_15/Q' (5764)
//      Bounds static X-source '/PRESETn' (244)
// MUX gate at /dut/\spi.spi /rtlc_1042/B(18748)
//      Driven by existing flop at '/dut/\spi.spi /rtlcreg_Delay1_14/Q' (5765)
//      Bounds static X-source '/PRESETn' (244)
// MUX gate at /dut/\spi.spi /rtlc_1041/B(18749)
//      Driven by existing flop at '/dut/\spi.spi /rtlcreg_Delay1_13/Q' (5766)
//      Bounds static X-source '/PRESETn' (244)
// MUX gate at /dut/\spi.spi /rtlc_1040/B(18750)
//      Driven by existing flop at '/dut/\spi.spi /rtlcreg_Delay1_12/Q' (5767)
//      Bounds static X-source '/PRESETn' (244)
// MUX gate at /dut/\spi.spi /rtlc_1039/B(18751)
//      Driven by existing flop at '/dut/\spi.spi /rtlcreg_Delay1_11/Q' (5768)
//      Bounds static X-source '/PRESETn' (244)
// MUX gate at /dut/\spi.spi /rtlc_1038/B(18752)
//      Driven by existing flop at '/dut/\spi.spi /rtlcreg_Delay1_10/Q' (5769)
//      Bounds static X-source '/PRESETn' (244)
// MUX gate at /dut/\spi.spi /rtlc_1037/B(18753)
//      Driven by existing flop at '/dut/\spi.spi /rtlcreg_Delay1_9/Q' (5770)
//      Bounds static X-source '/PRESETn' (244)
// MUX gate at /dut/\spi.spi /rtlc_1036/B(18754)
//      Driven by existing flop at '/dut/\spi.spi /rtlcreg_Delay1_8/Q' (5771)
//      Bounds static X-source '/PRESETn' (244)
// MUX gate at /dut/\spi.spi /rtlc0_276/B(18766)
//      Driven by existing flop at '/dut/\spi.spi /rtlcreg_Delay1_7/Q' (5772)
//      Bounds static X-source '/PRESETn' (244)
// MUX gate at /dut/\spi.spi /rtlc0_159/A(18775)
//      Driven by existing flop at '/dut/\spi.spi /rtlcreg_Delay1_6/Q' (5773)
//      Bounds static X-source '/PRESETn' (244)
// MUX gate at /dut/\spi.spi /rtlc0_283/B(18764)
//      Driven by existing flop at '/dut/\spi.spi /rtlcreg_Delay1_5/Q' (5774)
//      Bounds static X-source '/PRESETn' (244)
// MUX gate at /dut/\spi.spi /rtlc0_279/B(18765)
//      Driven by existing flop at '/dut/\spi.spi /rtlcreg_Delay1_4/Q' (5775)
//      Bounds static X-source '/PRESETn' (244)
// MUX gate at /dut/\spi.spi /rtlc0_272/B(18767)
//      Driven by existing flop at '/dut/\spi.spi /rtlcreg_Delay1_3/Q' (5776)
//      Bounds static X-source '/PRESETn' (244)
// MUX gate at /dut/\spi.spi /rtlc0_268/B(18768)
//      Driven by existing flop at '/dut/\spi.spi /rtlcreg_Delay1_2/Q' (5777)
//      Bounds static X-source '/PRESETn' (244)
// MUX gate at /dut/\spi.spi /rtlc0_264/B(18769)
//      Driven by existing flop at '/dut/\spi.spi /rtlcreg_Delay1_1/Q' (5778)
//      Bounds static X-source '/PRESETn' (244)
// MUX gate at /dut/\spi.spi /rtlc0_260/B(18770)
//      Driven by existing flop at '/dut/\spi.spi /rtlcreg_Delay1_0/Q' (5779)
//      Bounds static X-source '/PRESETn' (244)
// MUX gate at /dut/\spi.spi /rtlc0_252/B(18772)
//      Driven by existing flop at '/dut/\spi.spi /rtlcreg_Delay0_15/Q' (5780)
//      Bounds static X-source '/PRESETn' (244)
// MUX gate at /dut/\spi.spi /rtlc0_248/B(18773)
//      Driven by existing flop at '/dut/\spi.spi /rtlcreg_Delay0_14/Q' (5781)
//      Bounds static X-source '/PRESETn' (244)
// MUX gate at /dut/\spi.spi /rtlc0_244/B(18774)
//      Driven by existing flop at '/dut/\spi.spi /rtlcreg_Delay0_13/Q' (5782)
//      Bounds static X-source '/PRESETn' (244)
// MUX gate at /dut/\spi.spi /rtlc0_256/B(18771)
//      Driven by existing flop at '/dut/\spi.spi /rtlcreg_Delay0_12/Q' (5783)
//      Bounds static X-source '/PRESETn' (244)
// MUX gate at /dut/\spi.spi /rxFIFO/rtlc_842/B(18777)
//      Driven by existing flop at '/dut/\spi.spi /rxFIFO/rtlcreg_wfull/Q' (5635)
//      Bounds static X-source '/PRESETn' (244)
// MUX gate at /dut/\spi.spi /rxFIFO/rtlc_840/A(18778)
//      Driven by existing flop at '/dut/\spi.spi /rxFIFO/rtlcreg_mem_63/Q' (5644)
//      Bounds static X-source '/PRESETn' (244)
// MUX gate at /dut/\spi.spi /rxFIFO/rtlc_844/B(18776)
//      Driven by existing flop at '/dut/\spi.spi /rxFIFO/rtlcreg_rempty/Q' (5634)
//      Bounds static X-source '/PRESETn' (244)
// MUX gate at /dut/\spi.spi /rxFIFO/rtlc_843/B(21527)
//      Driven by existing flop at '/dut/\spi.spi /rxFIFO/rtlcreg_mem_62/Q' (5645)
//      Bounds static X-source '/PRESETn' (244)
// MUX gate at /dut/\uartgen.uart /uartPC/rtlc_4283/B(18851)
//      Driven by existing flop at '/dut/\uartgen.uart /uartPC/rtlcreg_DLL_2/Q' (5028)
//      Bounds static X-source '/PRESETn' (244)
// MUX gate at /dut/\uartgen.uart /uartPC/rtlc_4293/B(18843)
//      Driven by existing flop at '/dut/\uartgen.uart /uartPC/rtlcreg_DLL_1/Q' (5029)
//      Bounds static X-source '/PRESETn' (244)
// MUX gate at /dut/\uartgen.uart /uartPC/rtlc_4292/B(18844)
//      Driven by existing flop at '/dut/\uartgen.uart /uartPC/rtlcreg_DLL_0/Q' (5030)
//      Bounds static X-source '/PRESETn' (244)
// MUX gate at /dut/\uartgen.uart /uartPC/rtlc_4291/B(18845)
//      Driven by existing flop at '/dut/\uartgen.uart /uartPC/rtlcreg_MSR_3/Q' (26116)
//      Bounds static X-source '/PRESETn' (244)
// MUX gate at /dut/\uartgen.uart /uartPC/rtlc_4290/B(18846)
//      Driven by existing flop at '/dut/\uartgen.uart /uartPC/rtlcreg_MSR_2/Q' (26117)
//      Bounds static X-source '/PRESETn' (244)
// MUX gate at /dut/\uartgen.uart /uartPC/rtlc_4289/B(18847)
//      Driven by existing flop at '/dut/\uartgen.uart /uartPC/rtlcreg_MSR_1/Q' (26118)
//      Bounds static X-source '/PRESETn' (244)
// MUX gate at /dut/\uartgen.uart /uartPC/rtlc_4288/B(18848)
//      Driven by existing flop at '/dut/\uartgen.uart /uartPC/rtlcreg_MSR_0/Q' (26119)
//      Bounds static X-source '/PRESETn' (244)
// MUX gate at /dut/\uartgen.uart /uartPC/rtlc_4287/B(18849)
//      Driven by existing flop at '/dut/\uartgen.uart /uartPC/rtlcreg_LSR_7/Q' (5033)
//      Bounds static X-source '/PRESETn' (244)
// MUX gate at /dut/\uartgen.uart /uartPC/rtlc_4286/B(18850)
//      Driven by existing flop at '/dut/\uartgen.uart /uartPC/rtlcreg_LSR_6/Q' (26121)
//      Bounds static X-source '/PRESETn' (244)
// MUX gate at /dut/\uartgen.uart /uartPC/rtlc_4278/B(18852)
//      Driven by existing flop at '/dut/\uartgen.uart /uartPC/rtlcreg_LSR_5/Q' (26122)
//      Bounds static X-source '/PRESETn' (244)
// MUX gate at /dut/\uartgen.uart /uartPC/rtlc_4275/B(18853)
//      Driven by existing flop at '/dut/\uartgen.uart /uartPC/rtlcreg_LSR_4/Q' (26123)
//      Bounds static X-source '/PRESETn' (244)
// MUX gate at /dut/\uartgen.uart /uartPC/rtlc_4272/B(18854)
//      Driven by existing flop at '/dut/\uartgen.uart /uartPC/rtlcreg_LSR_3/Q' (26124)
//      Bounds static X-source '/PRESETn' (244)
// MUX gate at /dut/\uartgen.uart /uartPC/rtlc_4269/B(18855)
//      Driven by existing flop at '/dut/\uartgen.uart /uartPC/rtlcreg_LSR_2/Q' (26125)
//      Bounds static X-source '/PRESETn' (244)
// MUX gate at /dut/\uartgen.uart /uartPC/rtlc_4261/B(18856)
//      Driven by existing flop at '/dut/\uartgen.uart /uartPC/rtlcreg_LSR_1/Q' (26126)
//      Bounds static X-source '/PRESETn' (244)
// MUX gate at /dut/\uartgen.uart /uartPC/rtlc_4258/B(18857)
//      Driven by existing flop at '/dut/\uartgen.uart /uartPC/rtlcreg_LSR_0/Q' (5036)
//      Bounds static X-source '/PRESETn' (244)
// MUX gate at /dut/\uartgen.uart /uartPC/rtlc_4308/B(18842)
//      Driven by existing flop at '/dut/\uartgen.uart /uartPC/rtlcreg_MCR_4/Q' (5037)
//      Bounds static X-source '/PRESETn' (244)
// MUX gate at /dut/\spi.spi /rtlc_1109/B(18734)
//      Driven by existing flop at '/dut/\spi.spi /rtlcreg_Delay0_11/Q' (5784)
//      Bounds static X-source '/PRESETn' (244)
// MUX gate at /dut/\spi.spi /rtlc_1143/B(18733)
//      Driven by existing flop at '/dut/\spi.spi /rtlcreg_Delay0_10/Q' (5785)
//      Bounds static X-source '/PRESETn' (244)
// MUX gate at /dut/\spi.spi /rtlc_1081/B(18736)
//      Driven by existing flop at '/dut/\spi.spi /rtlcreg_Delay0_9/Q' (5786)
//      Bounds static X-source '/PRESETn' (244)
// MUX gate at /dut/\spi.spi /rtlc_1080/B(18737)
//      Driven by existing flop at '/dut/\spi.spi /rtlcreg_Delay0_8/Q' (5787)
//      Bounds static X-source '/PRESETn' (244)
// MUX gate at /dut/\spi.spi /rtlc_1079/B(18738)
//      Driven by existing flop at '/dut/\spi.spi /rtlcreg_Delay0_7/Q' (5788)
//      Bounds static X-source '/PRESETn' (244)
// MUX gate at /dut/\spi.spi /rtlc_1078/B(18739)
//      Driven by existing flop at '/dut/\spi.spi /rtlcreg_Delay0_6/Q' (5789)
//      Bounds static X-source '/PRESETn' (244)
// MUX gate at /dut/\spi.spi /rtlc_1077/B(18740)
//      Driven by existing flop at '/dut/\spi.spi /rtlcreg_Delay0_5/Q' (5790)
//      Bounds static X-source '/PRESETn' (244)
// MUX gate at /dut/\spi.spi /rtlc_1076/B(18741)
//      Driven by existing flop at '/dut/\spi.spi /rtlcreg_Delay0_4/Q' (5791)
//      Bounds static X-source '/PRESETn' (244)
// MUX gate at /dut/\spi.spi /rtlc_1089/B(18735)
//      Driven by existing flop at '/dut/\spi.spi /rtlcreg_Delay0_3/Q' (5792)
//      Bounds static X-source '/PRESETn' (244)
// MUX gate at /dut/\spi.spi /rtlc_1075/B(18742)
//      Driven by existing flop at '/dut/\spi.spi /rtlcreg_Delay0_2/Q' (5793)
//      Bounds static X-source '/PRESETn' (244)
// MUX gate at /dut/\spi.spi /rtlc_1056/B(18743)
//      Driven by existing flop at '/dut/\spi.spi /rtlcreg_Delay0_1/Q' (5794)
//      Bounds static X-source '/PRESETn' (244)
// MUX gate at /dut/\spi.spi /rtlc_1046/B(18744)
//      Driven by existing flop at '/dut/\spi.spi /rtlcreg_Delay0_0/Q' (5795)
//      Bounds static X-source '/PRESETn' (244)
// MUX gate at /dut/\spi.spi /rtlc_1045/B(18745)
//      Driven by existing flop at '/dut/\spi.spi /rtlcreg_ChipSelectMode_1/Q' (5796)
//      Bounds static X-source '/PRESETn' (244)
// MUX gate at /dut/\spi.spi /rtlc_1044/B(18746)
//      Driven by existing flop at '/dut/\spi.spi /rtlcreg_ChipSelectMode_0/Q' (5797)
//      Bounds static X-source '/PRESETn' (244)
// MUX gate at /dut/\spi.spi /rtlc_1043/B(18747)
//      Driven by existing flop at '/dut/\spi.spi /rtlcreg_ChipSelectDef_3/Q' (5798)
//      Bounds static X-source '/PRESETn' (244)
// MUX gate at /dut/\spi.spi /rtlc_1122/B(20500)
//      Driven by existing flop at '/dut/\spi.spi /rtlcreg_ChipSelectDef_2/Q' (5799)
//      Bounds static X-source '/PRESETn' (244)
// MUX gate at /dut/\spi.spi /txFIFO/rtlc_834/B(18795)
//      Driven by existing flop at '/dut/\spi.spi /txFIFO/rtlcreg_rempty/Q' (5556)
//      Bounds static X-source '/PRESETn' (244)
// MUX gate at /dut/\spi.spi /txFIFO/rtlc_835/B(18794)
//      Driven by existing flop at '/dut/\spi.spi /txFIFO/rtlcreg_wptr_3/Q' (5558)
//      Bounds static X-source '/PRESETn' (244)
// MUX gate at /dut/\spi.spi /txFIFO/rtlc1_24/B(18797)
//      Driven by existing flop at '/dut/\spi.spi /txFIFO/rtlcreg_wfull/Q' (5557)
//      Bounds static X-source '/PRESETn' (244)
// MUX gate at /dut/\spi.spi /controller/rtlc_624/B(24288)
//      Driven by existing flop at '/dut/\spi.spi /controller/rtlcreg_DelayCounter_7/Q' (5516)
//      Bounds static X-source '/PRESETn' (244)
// MUX gate at /dut/\spi.spi /controller/rtlc_621/B(18798)
//      Driven by existing flop at '/dut/\spi.spi /controller/rtlcreg_DelayCounter_6/Q' (5517)
//      Bounds static X-source '/PRESETn' (244)
// MUX gate at /dut/\spi.spi /controller/rtlc_618/B(18799)
//      Driven by existing flop at '/dut/\spi.spi /controller/rtlcreg_DelayCounter_5/Q' (5518)
//      Bounds static X-source '/PRESETn' (244)
// MUX gate at /dut/\spi.spi /controller/rtlc_615/B(18800)
//      Driven by existing flop at '/dut/\spi.spi /controller/rtlcreg_DelayCounter_4/Q' (5519)
//      Bounds static X-source '/PRESETn' (244)
// MUX gate at /dut/\spi.spi /controller/rtlc_612/B(18801)
//      Driven by existing flop at '/dut/\spi.spi /controller/rtlcreg_DelayCounter_3/Q' (5520)
//      Bounds static X-source '/PRESETn' (244)
// MUX gate at /dut/\spi.spi /controller/rtlc_609/B(20493)
//      Driven by existing flop at '/dut/\spi.spi /controller/rtlcreg_DelayCounter_2/Q' (5521)
//      Bounds static X-source '/PRESETn' (244)
// MUX gate at /dut/\spi.spi /controller/rtlc_606/B(21977)
//      Driven by existing flop at '/dut/\spi.spi /controller/rtlcreg_DelayCounter_1/Q' (5522)
//      Bounds static X-source '/PRESETn' (244)
// MUX gate at /dut/\spi.spi /controller/rtlc_603/B(22502)
//      Driven by existing flop at '/dut/\spi.spi /controller/rtlcreg_DelayCounter_0/Q' (5523)
//      Bounds static X-source '/PRESETn' (244)
// MUX gate at /dut/\spi.spi /controller/rtlc_600/B(22655)
//      Driven by existing flop at '/dut/\spi.spi /controller/rtlcreg_BitNum_3/Q' (5524)
//      Bounds static X-source '/PRESETn' (244)
// MUX gate at /dut/\spi.spi /controller/rtlc_597/B(22808)
//      Driven by existing flop at '/dut/\spi.spi /controller/rtlcreg_BitNum_2/Q' (5525)
//      Bounds static X-source '/PRESETn' (244)
// MUX gate at /dut/\spi.spi /controller/rtlc_594/B(23018)
//      Driven by existing flop at '/dut/\spi.spi /controller/rtlcreg_BitNum_1/Q' (5528)
//      Bounds static X-source '/PRESETn' (244)
// MUX gate at /dut/\spi.spi /controller/rtlc_591/B(23214)
//      Driven by existing flop at '/dut/\spi.spi /controller/rtlcreg_BitNum_0/Q' (5529)
//      Bounds static X-source '/PRESETn' (244)
// MUX gate at /dut/\uartgen.uart /uartPC/rtlc_4363/B(18834)
//      Driven by existing flop at '/dut/\uartgen.uart /uartPC/rtlcreg_MCR_3/Q' (5038)
//      Bounds static X-source '/PRESETn' (244)
// MUX gate at /dut/\uartgen.uart /uartPC/rtlc_4377/B(18831)
//      Driven by existing flop at '/dut/\uartgen.uart /uartPC/rtlcreg_MCR_2/Q' (5039)
//      Bounds static X-source '/PRESETn' (244)
// MUX gate at /dut/\uartgen.uart /uartPC/rtlc_4373/B(18832)
//      Driven by existing flop at '/dut/\uartgen.uart /uartPC/rtlcreg_MCR_1/Q' (5040)
//      Bounds static X-source '/PRESETn' (244)
// MUX gate at /dut/\uartgen.uart /uartPC/rtlc_4369/B(18833)
//      Driven by existing flop at '/dut/\uartgen.uart /uartPC/rtlcreg_MCR_0/Q' (5041)
//      Bounds static X-source '/PRESETn' (244)
// MUX gate at /dut/\uartgen.uart /uartPC/rtlc_4314/B(18841)
//      Driven by existing flop at '/dut/\uartgen.uart /uartPC/rtlcreg_LCR_6/Q' (5043)
//      Bounds static X-source '/PRESETn' (244)
// MUX gate at /dut/\uartgen.uart /uartPC/rtlc_4329/B(18838)
//      Driven by existing flop at '/dut/\uartgen.uart /uartPC/rtlcreg_LCR_5/Q' (5044)
//      Bounds static X-source '/PRESETn' (244)
// MUX gate at /dut/\uartgen.uart /uartPC/rtlc_4333/B(18611)
//      Driven by existing flop at '/dut/\uartgen.uart /uartPC/rtlcreg_LCR_4/Q' (5045)
//      Bounds static X-source '/PRESETn' (244)
// MUX gate at /dut/\uartgen.uart /uartPC/rtlc_4325/B(18839)
//      Driven by existing flop at '/dut/\uartgen.uart /uartPC/rtlcreg_LCR_3/Q' (5046)
//      Bounds static X-source '/PRESETn' (244)
// MUX gate at /dut/\uartgen.uart /uartPC/rtlc_4318/B(18840)
//      Driven by existing flop at '/dut/\uartgen.uart /uartPC/rtlcreg_LCR_2/Q' (5047)
//      Bounds static X-source '/PRESETn' (244)
// MUX gate at /dut/\uartgen.uart /uartPC/rtlc_4397/B(22695)
//      Driven by existing flop at '/dut/\uartgen.uart /uartPC/rtlcreg_FCR_7/Q' (5050)
//      Bounds static X-source '/PRESETn' (244)
// MUX gate at /dut/\uartgen.uart /uartPC/rtlc_4393/B(22680)
//      Driven by existing flop at '/dut/\uartgen.uart /uartPC/rtlcreg_FCR_6/Q' (5051)
//      Bounds static X-source '/PRESETn' (244)
// MUX gate at /dut/\uartgen.uart /uartPC/rtlc_4388/B(22853)
//      Driven by existing flop at '/dut/\uartgen.uart /uartPC/rtlcreg_FCR_5/Q' (5052)
//      Bounds static X-source '/PRESETn' (244)
// MUX gate at /dut/\uartgen.uart /uartPC/rtlc_4345/B(18835)
//      Driven by existing flop at '/dut/\uartgen.uart /uartPC/rtlcreg_LCR_1/Q' (5048)
//      Bounds static X-source '/PRESETn' (244)
// MUX gate at /dut/\uartgen.uart /uartPC/rtlc_4352/B(20460)
//      Driven by existing flop at '/dut/\uartgen.uart /uartPC/rtlcreg_LCR_0/Q' (5049)
//      Bounds static X-source '/PRESETn' (244)
// MUX gate at /dut/\uartgen.uart /uartPC/rtlc_4341/B(18836)
//      Driven by existing flop at '/dut/\uartgen.uart /uartPC/rtlcreg_FCR_4/Q' (5053)
//      Bounds static X-source '/PRESETn' (244)
// MUX gate at /dut/\uartgen.uart /uartPC/rtlc_4337/B(18837)
//      Driven by existing flop at '/dut/\uartgen.uart /uartPC/rtlcreg_FCR_3/Q' (5056)
//      Bounds static X-source '/PRESETn' (244)
// MUX gate at /dut/\uartgen.uart /uartPC/rtlc_4128/B(18872)
//      Driven by existing flop at '/dut/\uartgen.uart /uartPC/rtlcreg_FCR_2/Q' (5057)
//      Bounds static X-source '/PRESETn' (244)
// MUX gate at /dut/\uartgen.uart /uartPC/rtlc_4183/B(18861)
//      Driven by existing flop at '/dut/\uartgen.uart /uartPC/rtlcreg_FCR_1/Q' (5058)
//      Bounds static X-source '/PRESETn' (244)
// MUX gate at /dut/\uartgen.uart /uartPC/rtlc_4136/B(18869)
//      Driven by existing flop at '/dut/\uartgen.uart /uartPC/rtlcreg_LCR_7/Q' (5042)
//      Bounds static X-source '/PRESETn' (244)
// MUX gate at /dut/\uartgen.uart /uartPC/rtlc_4255/B(18858)
//      Driven by existing flop at '/dut/\uartgen.uart /uartPC/rtlcreg_FCR_0/Q' (5059)
//      Bounds static X-source '/PRESETn' (244)
// MUX gate at /dut/\uartgen.uart /uartPC/rtlc_4251/B(18859)
//      Driven by existing flop at '/dut/\uartgen.uart /uartPC/rtlcreg_IER_3/Q' (5060)
//      Bounds static X-source '/PRESETn' (244)
// MUX gate at /dut/\uartgen.uart /uartPC/rtlc_4248/B(18860)
//      Driven by existing flop at '/dut/\uartgen.uart /uartPC/rtlcreg_IER_2/Q' (5061)
//      Bounds static X-source '/PRESETn' (244)
// MUX gate at /dut/\uartgen.uart /uartPC/rtlc_4168/B(18863)
//      Driven by existing flop at '/dut/\uartgen.uart /uartPC/rtlcreg_IER_1/Q' (5062)
//      Bounds static X-source '/PRESETn' (244)
// MUX gate at /dut/\uartgen.uart /uartPC/rtlc_4173/B(18862)
//      Driven by existing flop at '/dut/\uartgen.uart /uartPC/rtlcreg_IER_0/Q' (5063)
//      Bounds static X-source '/PRESETn' (244)
// MUX gate at /dut/\uartgen.uart /uartPC/rtlc_4156/B(18864)
//      Driven by existing flop at '/dut/\uartgen.uart /uartPC/rtlcreg_baudcount_16/Q' (26154)
//      Bounds static X-source '/PRESETn' (244)
// MUX gate at /dut/\uartgen.uart /uartPC/rtlc_4154/B(18865)
//      Driven by existing flop at '/dut/\uartgen.uart /uartPC/rtlcreg_baudcount_15/Q' (26155)
//      Bounds static X-source '/PRESETn' (244)
// MUX gate at /dut/\uartgen.uart /uartPC/rtlc_4152/B(18866)
//      Driven by existing flop at '/dut/\uartgen.uart /uartPC/rtlcreg_baudcount_14/Q' (26156)
//      Bounds static X-source '/PRESETn' (244)
// MUX gate at /dut/\uartgen.uart /uartPC/rtlc_4145/B(18867)
//      Driven by existing flop at '/dut/\uartgen.uart /uartPC/rtlcreg_baudcount_13/Q' (26157)
//      Bounds static X-source '/PRESETn' (244)
// MUX gate at /dut/\uartgen.uart /uartPC/rtlc_4138/B(18868)
//      Driven by existing flop at '/dut/\uartgen.uart /uartPC/rtlcreg_baudcount_12/Q' (26158)
//      Bounds static X-source '/PRESETn' (244)
// MUX gate at /dut/\uartgen.uart /uartPC/rtlc_4133/B(18870)
//      Driven by existing flop at '/dut/\uartgen.uart /uartPC/rtlcreg_baudcount_11/Q' (26159)
//      Bounds static X-source '/PRESETn' (244)
// MUX gate at /dut/\uartgen.uart /uartPC/rtlc_4130/B(18871)
//      Driven by existing flop at '/dut/\uartgen.uart /uartPC/rtlcreg_baudcount_10/Q' (26160)
//      Bounds static X-source '/PRESETn' (244)
// MUX gate at /dut/\uartgen.uart /uartPC/rtlc_4198/B(20483)
//      Driven by existing flop at '/dut/\uartgen.uart /uartPC/rtlcreg_baudpulse/Q' (5064)
//      Bounds static X-source '/PRESETn' (244)
// MUX gate at /dut/\spi.spi /rxFIFO/rtlc_839/B(18779)
//      Driven by existing flop at '/dut/\spi.spi /rxFIFO/rtlcreg_wptr_3/Q' (5636)
//      Bounds static X-source '/PRESETn' (244)
// MUX gate at /dut/\spi.spi /rxFIFO/rtlc_838/B(18780)
//      Driven by existing flop at '/dut/\spi.spi /rxFIFO/rtlcreg_wptr_2/Q' (5637)
//      Bounds static X-source '/PRESETn' (244)
// MUX gate at /dut/\spi.spi /rxFIFO/rtlc_837/B(18781)
//      Driven by existing flop at '/dut/\spi.spi /rxFIFO/rtlcreg_wptr_1/Q' (5638)
//      Bounds static X-source '/PRESETn' (244)
// MUX gate at /dut/\spi.spi /rxFIFO/rtlc_834/B(18784)
//      Driven by existing flop at '/dut/\spi.spi /rxFIFO/rtlcreg_rptr_3/Q' (5640)
//      Bounds static X-source '/PRESETn' (244)
// MUX gate at /dut/\spi.spi /txFIFO/rtlc_844/B(18787)
//      Driven by existing flop at '/dut/\spi.spi /txFIFO/rtlcreg_rptr_3/Q' (5562)
//      Bounds static X-source '/PRESETn' (244)
// MUX gate at /dut/\spi.spi /txFIFO/rtlc_842/B(18788)
//      Driven by existing flop at '/dut/\spi.spi /txFIFO/rtlcreg_wptr_2/Q' (5559)
//      Bounds static X-source '/PRESETn' (244)
// MUX gate at /dut/\spi.spi /txFIFO/rtlc_840/A(18789)
//      Driven by existing flop at '/dut/\spi.spi /txFIFO/rtlcreg_mem_63/Q' (5566)
//      Bounds static X-source '/PRESETn' (244)
// MUX gate at /dut/\spi.spi /txFIFO/rtlc_836/B(18793)
//      Driven by existing flop at '/dut/\spi.spi /txFIFO/rtlcreg_wptr_1/Q' (5560)
//      Bounds static X-source '/PRESETn' (244)
// MUX gate at /dut/\spi.spi /rxFIFO/rtlc_836/B(18782)
//      Driven by existing flop at '/dut/\spi.spi /rxFIFO/rtlcreg_rptr_2/Q' (5641)
//      Bounds static X-source '/PRESETn' (244)
// MUX gate at /dut/\spi.spi /rxFIFO/rtlc_835/B(18783)
//      Driven by existing flop at '/dut/\spi.spi /rxFIFO/rtlcreg_rptr_1/Q' (5642)
//      Bounds static X-source '/PRESETn' (244)
// MUX gate at /dut/\spi.spi /rxFIFO/rtlc1_26/B(18785)
//      Driven by existing flop at '/dut/\spi.spi /rxFIFO/rtlcreg_mem_61/Q' (5646)
//      Bounds static X-source '/PRESETn' (244)
// MUX gate at /dut/\spi.spi /txFIFO/rtlc_839/B(18790)
//      Driven by existing flop at '/dut/\spi.spi /txFIFO/rtlcreg_wptr_0/Q' (5561)
//      Bounds static X-source '/PRESETn' (244)
// MUX gate at /dut/\spi.spi /txFIFO/rtlc_838/B(18791)
//      Driven by existing flop at '/dut/\spi.spi /txFIFO/rtlcreg_rptr_2/Q' (5563)
//      Bounds static X-source '/PRESETn' (244)
// MUX gate at /dut/\spi.spi /txFIFO/rtlc_837/B(18792)
//      Driven by existing flop at '/dut/\spi.spi /txFIFO/rtlcreg_mem_62/Q' (5567)
//      Bounds static X-source '/PRESETn' (244)
// MUX gate at /dut/\spi.spi /txFIFO/rtlc_843/B(21525)
//      Driven by existing flop at '/dut/\spi.spi /txFIFO/rtlcreg_mem_61/Q' (5568)
//      Bounds static X-source '/PRESETn' (244)
// MUX gate at /dut/\spi.spi /controller/rtlc_384/B(18810)
//      Driven by existing flop at '/dut/\spi.spi /controller/rtlcreg_SPICLK/Q' (5531)
//      Bounds static X-source '/PRESETn' (244)
// MUX gate at /dut/\spi.spi /controller/rtlc_511/B(20506)
//      Driven by existing flop at '/dut/\spi.spi /controller/rtlcreg_SCK/Q' (5530)
//      Bounds static X-source '/PRESETn' (244)
// MUX gate at /dut/\spi.spi /controller/rtlc_555/B(21533)
//      Driven by existing flop at '/dut/\spi.spi /rtlcreg_ChipSelectDef_1/Q' (5800)
//      Bounds static X-source '/PRESETn' (244)
// MUX gate at /dut/\spi.spi /controller/rtlc_580/B(21274)
//      Driven by existing flop at '/dut/\spi.spi /rtlcreg_ChipSelectDef_0/Q' (5801)
//      Bounds static X-source '/PRESETn' (244)
// MUX gate at /dut/\spi.spi /controller/rtlc_470/B(18802)
//      Driven by existing flop at '/dut/\spi.spi /controller/rtlcreg_DivCounter_11/Q' (26583)
//      Bounds static X-source '/PRESETn' (244)
// MUX gate at /dut/\spi.spi /controller/rtlc_468/B(18803)
//      Driven by existing flop at '/dut/\spi.spi /controller/rtlcreg_DivCounter_10/Q' (26584)
//      Bounds static X-source '/PRESETn' (244)
// MUX gate at /dut/\spi.spi /controller/rtlc_466/B(18804)
//      Driven by existing flop at '/dut/\spi.spi /controller/rtlcreg_DivCounter_9/Q' (26585)
//      Bounds static X-source '/PRESETn' (244)
// MUX gate at /dut/\spi.spi /controller/rtlc_463/B(18805)
//      Driven by existing flop at '/dut/\spi.spi /controller/rtlcreg_DivCounter_8/Q' (26586)
//      Bounds static X-source '/PRESETn' (244)
// MUX gate at /dut/\spi.spi /controller/rtlc_398/B(18806)
//      Driven by existing flop at '/dut/\spi.spi /rtlcreg_ChipSelectID_1/Q' (5802)
//      Bounds static X-source '/PRESETn' (244)
// MUX gate at /dut/\spi.spi /controller/rtlc_564/B(22656)
//      Driven by existing flop at '/dut/\spi.spi /rtlcreg_ChipSelectID_0/Q' (5803)
//      Bounds static X-source '/PRESETn' (244)
// MUX gate at /dut/\spi.spi /controller/rtlc_396/B(18807)
//      Driven by existing flop at '/dut/\spi.spi /rtlcreg_SckMode_1/Q' (5804)
//      Bounds static X-source '/PRESETn' (244)
// MUX gate at /dut/\spi.spi /controller/rtlc_394/B(18808)
//      Driven by existing flop at '/dut/\spi.spi /rtlcreg_SckMode_0/Q' (5805)
//      Bounds static X-source '/PRESETn' (244)
// MUX gate at /dut/\spi.spi /controller/rtlc_392/B(18809)
//      Driven by existing flop at '/dut/\spi.spi /rtlcreg_TransmitRegLoaded/Q' (5819)
//      Bounds static X-source '/PRESETn' (244)
// MUX gate at /dut/\spi.spi /controller/rtlc_390/B(20496)
//      Driven by existing flop at '/dut/\spi.spi /rtlcreg_CurrState_1/Q' (26864)
//      Bounds static X-source '/PRESETn' (244)
// MUX gate at /dut/\spi.spi /controller/rtlc_388/B(21980)
//      Driven by existing flop at '/dut/\spi.spi /rtlcreg_CurrState_0/Q' (26865)
//      Bounds static X-source '/PRESETn' (244)
// MUX gate at /dut/\spi.spi /controller/rtlc_386/B(22505)
//      Driven by existing flop at '/dut/\spi.spi /rtlcreg_TransmitStartD/Q' (5824)
//      Bounds static X-source '/PRESETn' (244)
// MUX gate at /dut/\spi.spi /controller/rtlc0_101/B(18814)
//      Driven by existing flop at '/dut/\spi.spi /controller/rtlcreg_DivCounter_7/Q' (26587)
//      Bounds static X-source '/PRESETn' (244)
// MUX gate at /dut/\spi.spi /controller/rtlc0_98/B(18815)
//      Driven by existing flop at '/dut/\spi.spi /rtlcreg_TransmitReg_7/Q' (5825)
//      Bounds static X-source '/PRESETn' (244)
// MUX gate at /dut/\spi.spi /controller/rtlc0_104/B(18813)
//      Driven by existing flop at '/dut/\spi.spi /rtlcreg_TransmitReg_6/Q' (5826)
//      Bounds static X-source '/PRESETn' (244)
// MUX gate at /dut/\uartgen.uart /uartPC/rtlcreg_LSR_7/D(24627)
//      Driven by existing flop at '/dut/\uartgen.uart /uartPC/rtlcreg_baudcount_9/Q' (26161)
//      Bounds static X-source '/PRESETn' (244)
// MUX gate at /dut/\spi.spi /controller/rtlc2_7/B(18811)
//      Driven by existing flop at '/dut/\spi.spi /rtlcreg_TransmitReg_5/Q' (5827)
//      Bounds static X-source '/PRESETn' (244)
// MUX gate at /dut/\uartgen.uart /uartPC/rtlc_4775/B(18817)
//      Driven by existing flop at '/dut/\uartgen.uart /uartPC/rtlcreg_baudcount_8/Q' (26162)
//      Bounds static X-source '/PRESETn' (244)
// MUX gate at /dut/\uartgen.uart /uartPC/rtlc_4779/B(18816)
//      Driven by existing flop at '/dut/\uartgen.uart /uartPC/rtlcreg_baudcount_7/Q' (26163)
//      Bounds static X-source '/PRESETn' (244)
// MUX gate at /dut/\spi.spi /controller/rtlc0_226/A(18812)
//      Driven by existing flop at '/dut/\spi.spi /controller/rtlcreg_SampleEdge/Q' (5546)
//      Bounds static X-source '/PRESETn' (244)
// MUX gate at /dut/\uartgen.uart /uartPC/rtlc_4529/B(18818)
//      Driven by existing flop at '/dut/\uartgen.uart /uartPC/rtlcreg_baudcount_6/Q' (26164)
//      Bounds static X-source '/PRESETn' (244)
// MUX gate at /dut/\uartgen.uart /uartPC/rtlc_4521/B(18819)
//      Driven by existing flop at '/dut/\uartgen.uart /uartPC/rtlcreg_baudcount_5/Q' (26165)
//      Bounds static X-source '/PRESETn' (244)
// MUX gate at /dut/\uartgen.uart /uartPC/rtlc_4513/B(18820)
//      Driven by existing flop at '/dut/\uartgen.uart /uartPC/rtlcreg_baudcount_4/Q' (26166)
//      Bounds static X-source '/PRESETn' (244)
// MUX gate at /dut/\uartgen.uart /uartPC/rtlc_4507/B(18821)
//      Driven by existing flop at '/dut/\uartgen.uart /uartPC/rtlcreg_baudcount_3/Q' (26167)
//      Bounds static X-source '/PRESETn' (244)
// MUX gate at /dut/\uartgen.uart /uartPC/rtlc_4502/B(18822)
//      Driven by existing flop at '/dut/\uartgen.uart /uartPC/rtlcreg_baudcount_2/Q' (26168)
//      Bounds static X-source '/PRESETn' (244)
// MUX gate at /dut/\spi.spi /controller/rtlc0_94/B(22657)
//      Driven by existing flop at '/dut/\spi.spi /rtlcreg_TransmitReg_4/Q' (5828)
//      Bounds static X-source '/PRESETn' (244)
// MUX gate at /dut/\uartgen.uart /uartPC/rtlc_4782/B(22566)
//      Driven by existing flop at '/dut/\uartgen.uart /uartPC/rtlcreg_baudcount_1/Q' (26169)
//      Bounds static X-source '/PRESETn' (244)
// MUX gate at /dut/\spi.spi /controller/rtlc_319/muxinst/S(22702)
//      Driven by existing flop at '/dut/\spi.spi /rtlcreg_TransmitReg_3/Q' (5829)
//      Bounds static X-source '/PRESETn' (244)
// MUX gate at /dut/\uartgen.uart /uartPC/rtlc_4465/B(18825)
//      Driven by existing flop at '/dut/\uartgen.uart /uartPC/rtlcreg_baudcount_0/Q' (26170)
//      Bounds static X-source '/PRESETn' (244)
// MUX gate at /dut/\uartgen.uart /uartPC/rtlc_4463/B(18826)
//      Driven by existing flop at '/dut/\uartgen.uart /uartPC/rtlcreg_rxtimeoutcnt_9/Q' (5099)
//      Bounds static X-source '/PRESETn' (244)
// MUX gate at /dut/\uartgen.uart /uartPC/rtlc_4460/B(18828)
//      Driven by existing flop at '/dut/\uartgen.uart /uartPC/rtlcreg_rxtimeoutcnt_8/Q' (5100)
//      Bounds static X-source '/PRESETn' (244)
// MUX gate at /dut/\uartgen.uart /uartPC/rtlc_4456/B(18830)
//      Driven by existing flop at '/dut/\uartgen.uart /uartPC/rtlcreg_rxtimeoutcnt_7/Q' (5101)
//      Bounds static X-source '/PRESETn' (244)
// MUX gate at /dut/\uartgen.uart /uartPC/rtlc_4461/B(18827)
//      Driven by existing flop at '/dut/\uartgen.uart /uartPC/rtlcreg_rxtimeoutcnt_6/Q' (5102)
//      Bounds static X-source '/PRESETn' (244)
// MUX gate at /dut/\uartgen.uart /uartPC/rtlc_4492/B(18824)
//      Driven by existing flop at '/dut/\uartgen.uart /uartPC/rtlcreg_rxtimeoutcnt_5/Q' (5103)
//      Bounds static X-source '/PRESETn' (244)
// MUX gate at /dut/\uartgen.uart /uartPC/rtlc_4449/B(21507)
//      Driven by existing flop at '/dut/\uartgen.uart /uartPC/rtlcreg_rxtimeoutcnt_4/Q' (5104)
//      Bounds static X-source '/PRESETn' (244)
// MUX gate at /dut/\uartgen.uart /uartPC/rtlc_4497/B(18823)
//      Driven by existing flop at '/dut/\uartgen.uart /uartPC/rtlcreg_rxtimeoutcnt_3/Q' (5105)
//      Bounds static X-source '/PRESETn' (244)
// MUX gate at /dut/\uartgen.uart /uartPC/rtlc_4421/B(22689)
//      Driven by existing flop at '/dut/\uartgen.uart /uartPC/rtlcreg_rxbitsreceived_3/Q' (5109)
//      Bounds static X-source '/PRESETn' (244)
// MUX gate at /dut/\uartgen.uart /uartPC/rtlc_4425/B(23071)
//      Driven by existing flop at '/dut/\uartgen.uart /uartPC/rtlcreg_rxbitsreceived_2/Q' (5110)
//      Bounds static X-source '/PRESETn' (244)
// MUX gate at /dut/\uartgen.uart /uartPC/rtlc_4417/B(22690)
//      Driven by existing flop at '/dut/\uartgen.uart /uartPC/rtlcreg_rxbitsreceived_1/Q' (5111)
//      Bounds static X-source '/PRESETn' (244)
// MUX gate at /dut/\uartgen.uart /uartPC/rtlc_4413/B(22691)
//      Driven by existing flop at '/dut/\uartgen.uart /uartPC/rtlcreg_rxbitsreceived_0/Q' (5112)
//      Bounds static X-source '/PRESETn' (244)
// MUX gate at /dut/\uartgen.uart /uartPC/rtlc_4409/B(22692)
//      Driven by existing flop at '/dut/\uartgen.uart /uartPC/rtlcreg_rxoversampledcnt_3/Q' (5115)
//      Bounds static X-source '/PRESETn' (244)
// MUX gate at /dut/\uartgen.uart /uartPC/rtlc_4405/B(22693)
//      Driven by existing flop at '/dut/\uartgen.uart /uartPC/rtlcreg_rxoversampledcnt_2/Q' (5116)
//      Bounds static X-source '/PRESETn' (244)
// MUX gate at /dut/\uartgen.uart /uartPC/rtlc_4401/B(22694)
//      Driven by existing flop at '/dut/\uartgen.uart /uartPC/rtlcreg_rxoversampledcnt_1/Q' (5117)
//      Bounds static X-source '/PRESETn' (244)
// MUX gate at /dut/\uartgen.uart /uartPC/rtlc_4457/B(18829)
//      Driven by existing flop at '/dut/\uartgen.uart /uartPC/rtlcreg_rxtimeoutcnt_2/Q' (5106)
//      Bounds static X-source '/PRESETn' (244)
// MUX gate at /dut/\uartgen.uart /uartPC/rtlc_4112/B(24497)
//      Driven by existing flop at '/dut/\uartgen.uart /uartPC/rtlcreg_rxtimeoutcnt_1/Q' (5107)
//      Bounds static X-source '/PRESETn' (244)
// MUX gate at /dut/\uartgen.uart /uartPC/rtlc_4103/B(18877)
//      Driven by existing flop at '/dut/\uartgen.uart /uartPC/rtlcreg_rxtimeoutcnt_0/Q' (5108)
//      Bounds static X-source '/PRESETn' (244)
// MUX gate at /dut/\uartgen.uart /uartPC/rtlc_4098/B(18878)
//      Driven by existing flop at '/dut/\uartgen.uart /uartPC/rtlcreg_rxstate_1/Q' (5113)
//      Bounds static X-source '/PRESETn' (244)
// MUX gate at /dut/\uartgen.uart /uartPC/rtlc_4093/B(18535)
//      Driven by existing flop at '/dut/\uartgen.uart /uartPC/rtlcreg_rxstate_0/Q' (5114)
//      Bounds static X-source '/PRESETn' (244)
// MUX gate at /dut/\uartgen.uart /uartPC/rtlc_4088/B(21243)
//      Driven by existing flop at '/dut/\uartgen.uart /uartPC/rtlcreg_rxoversampledcnt_0/Q' (5118)
//      Bounds static X-source '/PRESETn' (244)
// MUX gate at /dut/\uartgen.uart /uartPC/rtlc_4083/B(22290)
//      Driven by existing flop at '/dut/\uartgen.uart /uartPC/rtlcreg_rxshiftreg_9/Q' (5119)
//      Bounds static X-source '/PRESETn' (244)
// MUX gate at /dut/\uartgen.uart /uartPC/rtlc_4078/B(22558)
//      Driven by existing flop at '/dut/\uartgen.uart /uartPC/rtlcreg_rxshiftreg_8/Q' (5120)
//      Bounds static X-source '/PRESETn' (244)
// MUX gate at /dut/\uartgen.uart /uartPC/rtlc_4073/B(22675)
//      Driven by existing flop at '/dut/\uartgen.uart /uartPC/rtlcreg_rxshiftreg_7/Q' (5121)
//      Bounds static X-source '/PRESETn' (244)
// MUX gate at /dut/\uartgen.uart /uartPC/rtlc_4068/B(22848)
//      Driven by existing flop at '/dut/\uartgen.uart /uartPC/rtlcreg_rxshiftreg_6/Q' (5122)
//      Bounds static X-source '/PRESETn' (244)
// MUX gate at /dut/\uartgen.uart /uartPC/rtlc_4063/B(23069)
//      Driven by existing flop at '/dut/\uartgen.uart /uartPC/rtlcreg_rxshiftreg_5/Q' (5123)
//      Bounds static X-source '/PRESETn' (244)
// MUX gate at /dut/\uartgen.uart /uartPC/rtlc_4058/B(23735)
//      Driven by existing flop at '/dut/\uartgen.uart /uartPC/rtlcreg_rxshiftreg_4/Q' (5124)
//      Bounds static X-source '/PRESETn' (244)
// MUX gate at /dut/\uartgen.uart /uartPC/rtlc_4053/B(24317)
//      Driven by existing flop at '/dut/\uartgen.uart /uartPC/rtlcreg_rxshiftreg_3/Q' (5125)
//      Bounds static X-source '/PRESETn' (244)
// MUX gate at /dut/\uartgen.uart /uartPC/rtlc_4118/B(18874)
//      Driven by existing flop at '/dut/\uartgen.uart /uartPC/rtlcreg_rxshiftreg_2/Q' (5126)
//      Bounds static X-source '/PRESETn' (244)
// MUX gate at /dut/\uartgen.uart /uartPC/rtlc_4117/B(18875)
//      Driven by existing flop at '/dut/\uartgen.uart /uartPC/rtlcreg_rxshiftreg_1/Q' (5127)
//      Bounds static X-source '/PRESETn' (244)
// MUX gate at /dut/\uartgen.uart /uartPC/rtlc_4116/B(18876)
//      Driven by existing flop at '/dut/\uartgen.uart /uartPC/rtlcreg_rxshiftreg_0/Q' (5128)
//      Bounds static X-source '/PRESETn' (244)
// MUX gate at /dut/\uartgen.uart /uartPC/rtlc_4119/B(18873)
//      Driven by existing flop at '/dut/\uartgen.uart /uartPC/rtlcreg_RXBR_10/Q' (5129)
//      Bounds static X-source '/PRESETn' (244)
// MUX gate at /dut/\uartgen.uart /uartPC/rtlc_4048/B(24376)
//      Driven by existing flop at '/dut/\uartgen.uart /uartPC/rtlcreg_RXBR_9/Q' (5130)
//      Bounds static X-source '/PRESETn' (244)
// MUX gate at /dut/\uartgen.uart /uartPC/rtlc_4043/B(24415)
//      Driven by existing flop at '/dut/\uartgen.uart /uartPC/rtlcreg_RXBR_8/Q' (5131)
//      Bounds static X-source '/PRESETn' (244)
// MUX gate at /dut/\uartgen.uart /uartPC/rtlc_4038/B(24440)
//      Driven by existing flop at '/dut/\uartgen.uart /uartPC/rtlcreg_RXBR_7/Q' (5132)
//      Bounds static X-source '/PRESETn' (244)
// MUX gate at /dut/\uartgen.uart /uartPC/rtlc_4033/B(24470)
//      Driven by existing flop at '/dut/\uartgen.uart /uartPC/rtlcreg_RXBR_6/Q' (5133)
//      Bounds static X-source '/PRESETn' (244)
// MUX gate at /dut/\uartgen.uart /uartPC/rtlc_3962/B(18888)
//      Driven by existing flop at '/dut/\uartgen.uart /uartPC/rtlcreg_RXBR_5/Q' (5134)
//      Bounds static X-source '/PRESETn' (244)
// MUX gate at /dut/\uartgen.uart /uartPC/rtlc_3976/B(18886)
//      Driven by existing flop at '/dut/\uartgen.uart /uartPC/rtlcreg_RXBR_4/Q' (5135)
//      Bounds static X-source '/PRESETn' (244)
// MUX gate at /dut/\uartgen.uart /uartPC/rtlc_3956/B(18889)
//      Driven by existing flop at '/dut/\uartgen.uart /uartPC/rtlcreg_RXBR_3/Q' (5136)
//      Bounds static X-source '/PRESETn' (244)
// MUX gate at /dut/\uartgen.uart /uartPC/rtlc_4020/B(18879)
//      Driven by existing flop at '/dut/\uartgen.uart /uartPC/rtlcreg_RXBR_2/Q' (5137)
//      Bounds static X-source '/PRESETn' (244)
// MUX gate at /dut/\uartgen.uart /uartPC/rtlc_3996/B(18612)
//      Driven by existing flop at '/dut/\uartgen.uart /uartPC/rtlcreg_RXBR_1/Q' (5138)
//      Bounds static X-source '/PRESETn' (244)
// MUX gate at /dut/\uartgen.uart /uartPC/rtlc_3991/B(18884)
//      Driven by existing flop at '/dut/\uartgen.uart /uartPC/rtlcreg_RXBR_0/Q' (5139)
//      Bounds static X-source '/PRESETn' (244)
// MUX gate at /dut/\uartgen.uart /uartPC/rtlc_3986/B(18885)
//      Driven by existing flop at '/dut/\uartgen.uart /uartPC/rtlcreg_rxdataready/Q' (5140)
//      Bounds static X-source '/PRESETn' (244)
// MUX gate at /dut/\uartgen.uart /uartPC/rtlc_3971/B(18887)
//      Driven by existing flop at '/dut/\uartgen.uart /uartPC/rtlcreg_rxfifotail_3/Q' (5141)
//      Bounds static X-source '/PRESETn' (244)
// MUX gate at /dut/\uartgen.uart /uartPC/rtlc_4014/B(18881)
//      Driven by existing flop at '/dut/\uartgen.uart /uartPC/rtlcreg_rxfifotail_2/Q' (5142)
//      Bounds static X-source '/PRESETn' (244)
// MUX gate at /dut/\uartgen.uart /uartPC/rtlc_4004/B(18883)
//      Driven by existing flop at '/dut/\uartgen.uart /uartPC/rtlcreg_rxfifotail_1/Q' (5143)
//      Bounds static X-source '/PRESETn' (244)
// MUX gate at /dut/\uartgen.uart /uartPC/rtlc_4009/B(18882)
//      Driven by existing flop at '/dut/\uartgen.uart /uartPC/rtlcreg_rxfifotail_0/Q' (5144)
//      Bounds static X-source '/PRESETn' (244)
// MUX gate at /dut/\uartgen.uart /uartPC/rtlc_4016/B(18880)
//      Driven by existing flop at '/dut/\uartgen.uart /uartPC/rtlcreg_rxfifohead_3/Q' (5145)
//      Bounds static X-source '/PRESETn' (244)
// MUX gate at /dut/\spi.spi /controller/rtlc4_78/A(5544)
//      Driven by existing flop at '/dut/\spi.spi /rtlcreg_TransmitReg_2/Q' (5830)
//      Bounds static X-source '/dut/\spi.spi /TrasmitFIFOEmpty' (2326) (TIEX gate)
// MUX gate at /dut/\gpio.gpio /AUX_INTERFACE/rtlc_52/A(19760)
//      Driven by existing flop at '/dut/\gpio.gpio /AUX_INTERFACE/rtlcreg_aux_i_5/Q' (4781)
//      Bounds static X-source '/dut/aux_in[8]' (2452) (TIEX gate)
// MUX gate at /dut/\gpio.gpio /AUX_INTERFACE/rtlc_50/A(19762)
//      Driven by existing flop at '/dut/\gpio.gpio /AUX_INTERFACE/rtlcreg_aux_i_4/Q' (4782)
//      Bounds static X-source '/dut/aux_in[6]' (2453) (TIEX gate)
// MUX gate at /dut/ahbapbbridge/AHB_SLAVE/rtlcreg_s_trans_valid/CE(19169)
//      Driven by existing flop at '/dut/ahbapbbridge/AHB_SLAVE/rtlcreg_s_wdata_15/Q' (4219)
//      Bounds static X-source '/dut/HREADYRam' (2455) (TIEX gate)
// MUX gate at /dut/\bootrom.bootrom /memwritereg/rtlc_24/A(18377)
//      Driven by existing flop at '/dut/\bootrom.bootrom /memwritereg/rtlcreg_q_0/Q' (4411)
//      Bounds static X-source '/dut/HREADYRam' (2455) (TIEX gate)
// MUX gate at /dut/\bootrom.bootrom /haddrreg/rtlc_519/A(18375)
//      Driven by existing flop at '/dut/\bootrom.bootrom /haddrreg/rtlcreg_q_55/Q' (4412)
//      Bounds static X-source '/dut/HREADYRam' (2455) (TIEX gate)
// MUX gate at /dut/hseldelayreg/rtlc_95/A(18360)
//      Driven by existing flop at '/dut/ahbapbbridge/AHB_SLAVE/rtlcreg_s_wdata_14/Q' (4220)
//      Bounds static X-source '/dut/HREADYRam' (2455) (TIEX gate)
// MUX gate at /dut/hselbridgedelayreg/rtlc_24/A(18358)
//      Driven by existing flop at '/dut/ahbapbbridge/AHB_SLAVE/rtlcreg_s_wdata_13/Q' (4221)
//      Bounds static X-source '/dut/HREADYRam' (2455) (TIEX gate)
// MUX gate at /dut/ahbapbbridge/AHB_SLAVE/rtlc25_24/B(19170)
//      Driven by existing flop at '/dut/ahbapbbridge/AHB_SLAVE/rtlcreg_s_wdata_12/Q' (4222)
//      Bounds static X-source '/dut/HREADYRam' (2455) (TIEX gate)
// MUX gate at /dut/\bootrom.bootrom /rtlc0_16/A(16744)
//      Driven by existing flop at '/dut/\bootrom.bootrom /haddrreg/rtlcreg_q_54/Q' (4413)
//      Bounds static X-source '/dut/HREADYRam' (2455) (TIEX gate)
// MUX gate at /dut/ahbapbbridge/APB_MASTER/rtlcreg_pready/Q(25354)
//      Driven by existing flop at '/dut/ahbapbbridge/APB_MASTER/rtlcreg_s_rdata_63/Q' (4327)
//      Bounds static X-source '/dut/ahbapbbridge/APB_MASTER/rtlcreg_pready/Q' (25354)
// MUX gate at /dut/ahbapbbridge/APB_MASTER/rtlcreg_rdata_63/Q(25355)
//      Driven by existing flop at '/dut/ahbapbbridge/APB_MASTER/rtlcreg_last_s_req_p/Q' (25419)
//      Bounds static X-source '/dut/ahbapbbridge/APB_MASTER/rtlcreg_rdata_63/Q' (25355)
// MUX gate at /dut/ahbapbbridge/APB_MASTER/rtlcreg_rdata_62/Q(25356)
//      Driven by existing flop at '/dut/ahbapbbridge/APB_MASTER/rtlcreg_s_trans_valid_reg/Q' (4310)
//      Bounds static X-source '/dut/ahbapbbridge/APB_MASTER/rtlcreg_rdata_62/Q' (25356)
// MUX gate at /dut/ahbapbbridge/APB_MASTER/rtlcreg_rdata_61/Q(25357)
//      Driven by existing flop at '/dut/ahbapbbridge/APB_MASTER/rtlcreg_s_rdata_62/Q' (4328)
//      Bounds static X-source '/dut/ahbapbbridge/APB_MASTER/rtlcreg_rdata_61/Q' (25357)
// MUX gate at /dut/ahbapbbridge/APB_MASTER/rtlcreg_rdata_60/Q(25358)
//      Driven by existing flop at '/dut/ahbapbbridge/APB_MASTER/rtlcreg_s_rdata_61/Q' (4329)
//      Bounds static X-source '/dut/ahbapbbridge/APB_MASTER/rtlcreg_rdata_60/Q' (25358)
// MUX gate at /dut/ahbapbbridge/APB_MASTER/rtlcreg_rdata_59/Q(25359)
//      Driven by existing flop at '/dut/ahbapbbridge/APB_MASTER/rtlcreg_s_rdata_60/Q' (4330)
//      Bounds static X-source '/dut/ahbapbbridge/APB_MASTER/rtlcreg_rdata_59/Q' (25359)
// MUX gate at /dut/ahbapbbridge/APB_MASTER/rtlcreg_rdata_58/Q(25360)
//      Driven by existing flop at '/dut/ahbapbbridge/APB_MASTER/rtlcreg_s_rdata_59/Q' (4331)
//      Bounds static X-source '/dut/ahbapbbridge/APB_MASTER/rtlcreg_rdata_58/Q' (25360)
// MUX gate at /dut/ahbapbbridge/APB_MASTER/rtlcreg_rdata_57/Q(25361)
//      Driven by existing flop at '/dut/ahbapbbridge/APB_MASTER/rtlcreg_s_rdata_58/Q' (4332)
//      Bounds static X-source '/dut/ahbapbbridge/APB_MASTER/rtlcreg_rdata_57/Q' (25361)
// MUX gate at /dut/ahbapbbridge/APB_MASTER/rtlcreg_rdata_56/Q(25362)
//      Driven by existing flop at '/dut/ahbapbbridge/APB_MASTER/rtlcreg_s_rdata_57/Q' (4333)
//      Bounds static X-source '/dut/ahbapbbridge/APB_MASTER/rtlcreg_rdata_56/Q' (25362)
// MUX gate at /dut/ahbapbbridge/APB_MASTER/rtlcreg_rdata_55/Q(25363)
//      Driven by existing flop at '/dut/ahbapbbridge/APB_MASTER/rtlcreg_s_rdata_56/Q' (4334)
//      Bounds static X-source '/dut/ahbapbbridge/APB_MASTER/rtlcreg_rdata_55/Q' (25363)
// MUX gate at /dut/ahbapbbridge/APB_MASTER/rtlcreg_rdata_54/Q(25364)
//      Driven by existing flop at '/dut/ahbapbbridge/APB_MASTER/rtlcreg_s_rdata_55/Q' (4335)
//      Bounds static X-source '/dut/ahbapbbridge/APB_MASTER/rtlcreg_rdata_54/Q' (25364)
// MUX gate at /dut/ahbapbbridge/APB_MASTER/rtlcreg_rdata_53/Q(25365)
//      Driven by existing flop at '/dut/ahbapbbridge/APB_MASTER/rtlcreg_s_rdata_54/Q' (4336)
//      Bounds static X-source '/dut/ahbapbbridge/APB_MASTER/rtlcreg_rdata_53/Q' (25365)
// MUX gate at /dut/ahbapbbridge/APB_MASTER/rtlcreg_rdata_52/Q(25366)
//      Driven by existing flop at '/dut/ahbapbbridge/APB_MASTER/rtlcreg_s_rdata_53/Q' (4337)
//      Bounds static X-source '/dut/ahbapbbridge/APB_MASTER/rtlcreg_rdata_52/Q' (25366)
// MUX gate at /dut/ahbapbbridge/APB_MASTER/rtlcreg_rdata_51/Q(25367)
//      Driven by existing flop at '/dut/ahbapbbridge/APB_MASTER/rtlcreg_s_rdata_52/Q' (4338)
//      Bounds static X-source '/dut/ahbapbbridge/APB_MASTER/rtlcreg_rdata_51/Q' (25367)
// MUX gate at /dut/ahbapbbridge/APB_MASTER/rtlcreg_rdata_50/Q(25368)
//      Driven by existing flop at '/dut/ahbapbbridge/APB_MASTER/rtlcreg_s_rdata_51/Q' (4339)
//      Bounds static X-source '/dut/ahbapbbridge/APB_MASTER/rtlcreg_rdata_50/Q' (25368)
// MUX gate at /dut/ahbapbbridge/APB_MASTER/rtlcreg_rdata_49/Q(25369)
//      Driven by existing flop at '/dut/ahbapbbridge/APB_MASTER/rtlcreg_s_rdata_50/Q' (4340)
//      Bounds static X-source '/dut/ahbapbbridge/APB_MASTER/rtlcreg_rdata_49/Q' (25369)
// MUX gate at /dut/ahbapbbridge/APB_MASTER/rtlcreg_rdata_48/Q(25370)
//      Driven by existing flop at '/dut/ahbapbbridge/APB_MASTER/rtlcreg_s_rdata_49/Q' (4341)
//      Bounds static X-source '/dut/ahbapbbridge/APB_MASTER/rtlcreg_rdata_48/Q' (25370)
// MUX gate at /dut/ahbapbbridge/APB_MASTER/rtlcreg_rdata_47/Q(25371)
//      Driven by existing flop at '/dut/ahbapbbridge/APB_MASTER/rtlcreg_s_rdata_48/Q' (4342)
//      Bounds static X-source '/dut/ahbapbbridge/APB_MASTER/rtlcreg_rdata_47/Q' (25371)
// MUX gate at /dut/ahbapbbridge/APB_MASTER/rtlcreg_rdata_46/Q(25372)
//      Driven by existing flop at '/dut/ahbapbbridge/APB_MASTER/rtlcreg_s_rdata_47/Q' (4343)
//      Bounds static X-source '/dut/ahbapbbridge/APB_MASTER/rtlcreg_rdata_46/Q' (25372)
// MUX gate at /dut/ahbapbbridge/APB_MASTER/rtlcreg_rdata_45/Q(25373)
//      Driven by existing flop at '/dut/ahbapbbridge/APB_MASTER/rtlcreg_s_rdata_46/Q' (4344)
//      Bounds static X-source '/dut/ahbapbbridge/APB_MASTER/rtlcreg_rdata_45/Q' (25373)
// MUX gate at /dut/ahbapbbridge/APB_MASTER/rtlcreg_rdata_44/Q(25374)
//      Driven by existing flop at '/dut/ahbapbbridge/APB_MASTER/rtlcreg_s_rdata_45/Q' (4345)
//      Bounds static X-source '/dut/ahbapbbridge/APB_MASTER/rtlcreg_rdata_44/Q' (25374)
// MUX gate at /dut/ahbapbbridge/APB_MASTER/rtlcreg_rdata_43/Q(25375)
//      Driven by existing flop at '/dut/ahbapbbridge/APB_MASTER/rtlcreg_s_rdata_44/Q' (4346)
//      Bounds static X-source '/dut/ahbapbbridge/APB_MASTER/rtlcreg_rdata_43/Q' (25375)
// MUX gate at /dut/ahbapbbridge/APB_MASTER/rtlcreg_rdata_42/Q(25376)
//      Driven by existing flop at '/dut/ahbapbbridge/APB_MASTER/rtlcreg_s_rdata_43/Q' (4347)
//      Bounds static X-source '/dut/ahbapbbridge/APB_MASTER/rtlcreg_rdata_42/Q' (25376)
// MUX gate at /dut/ahbapbbridge/APB_MASTER/rtlcreg_rdata_41/Q(25377)
//      Driven by existing flop at '/dut/ahbapbbridge/APB_MASTER/rtlcreg_s_rdata_42/Q' (4348)
//      Bounds static X-source '/dut/ahbapbbridge/APB_MASTER/rtlcreg_rdata_41/Q' (25377)
// MUX gate at /dut/ahbapbbridge/APB_MASTER/rtlcreg_rdata_40/Q(25378)
//      Driven by existing flop at '/dut/ahbapbbridge/APB_MASTER/rtlcreg_s_rdata_41/Q' (4349)
//      Bounds static X-source '/dut/ahbapbbridge/APB_MASTER/rtlcreg_rdata_40/Q' (25378)
// MUX gate at /dut/ahbapbbridge/APB_MASTER/rtlcreg_rdata_39/Q(25379)
//      Driven by existing flop at '/dut/ahbapbbridge/APB_MASTER/rtlcreg_s_rdata_40/Q' (4350)
//      Bounds static X-source '/dut/ahbapbbridge/APB_MASTER/rtlcreg_rdata_39/Q' (25379)
// MUX gate at /dut/ahbapbbridge/APB_MASTER/rtlcreg_rdata_38/Q(25380)
//      Driven by existing flop at '/dut/ahbapbbridge/APB_MASTER/rtlcreg_s_rdata_39/Q' (4351)
//      Bounds static X-source '/dut/ahbapbbridge/APB_MASTER/rtlcreg_rdata_38/Q' (25380)
// MUX gate at /dut/ahbapbbridge/APB_MASTER/rtlcreg_rdata_37/Q(25381)
//      Driven by existing flop at '/dut/ahbapbbridge/APB_MASTER/rtlcreg_s_rdata_38/Q' (4352)
//      Bounds static X-source '/dut/ahbapbbridge/APB_MASTER/rtlcreg_rdata_37/Q' (25381)
// MUX gate at /dut/ahbapbbridge/APB_MASTER/rtlcreg_rdata_36/Q(25382)
//      Driven by existing flop at '/dut/ahbapbbridge/APB_MASTER/rtlcreg_s_rdata_37/Q' (4353)
//      Bounds static X-source '/dut/ahbapbbridge/APB_MASTER/rtlcreg_rdata_36/Q' (25382)
// MUX gate at /dut/ahbapbbridge/APB_MASTER/rtlcreg_rdata_35/Q(25383)
//      Driven by existing flop at '/dut/ahbapbbridge/APB_MASTER/rtlcreg_s_rdata_36/Q' (4354)
//      Bounds static X-source '/dut/ahbapbbridge/APB_MASTER/rtlcreg_rdata_35/Q' (25383)
// MUX gate at /dut/ahbapbbridge/APB_MASTER/rtlcreg_rdata_34/Q(25384)
//      Driven by existing flop at '/dut/ahbapbbridge/APB_MASTER/rtlcreg_s_rdata_35/Q' (4355)
//      Bounds static X-source '/dut/ahbapbbridge/APB_MASTER/rtlcreg_rdata_34/Q' (25384)
// MUX gate at /dut/ahbapbbridge/APB_MASTER/rtlcreg_rdata_33/Q(25385)
//      Driven by existing flop at '/dut/ahbapbbridge/APB_MASTER/rtlcreg_s_rdata_34/Q' (4356)
//      Bounds static X-source '/dut/ahbapbbridge/APB_MASTER/rtlcreg_rdata_33/Q' (25385)
// MUX gate at /dut/ahbapbbridge/APB_MASTER/rtlcreg_rdata_32/Q(25386)
//      Driven by existing flop at '/dut/ahbapbbridge/APB_MASTER/rtlcreg_s_rdata_33/Q' (4357)
//      Bounds static X-source '/dut/ahbapbbridge/APB_MASTER/rtlcreg_rdata_32/Q' (25386)
// MUX gate at /dut/ahbapbbridge/APB_MASTER/rtlcreg_rdata_31/Q(25387)
//      Driven by existing flop at '/dut/ahbapbbridge/APB_MASTER/rtlcreg_s_rdata_32/Q' (4358)
//      Bounds static X-source '/dut/ahbapbbridge/APB_MASTER/rtlcreg_rdata_31/Q' (25387)
// MUX gate at /dut/ahbapbbridge/APB_MASTER/rtlcreg_rdata_30/Q(25388)
//      Driven by existing flop at '/dut/ahbapbbridge/APB_MASTER/rtlcreg_s_rdata_31/Q' (4359)
//      Bounds static X-source '/dut/ahbapbbridge/APB_MASTER/rtlcreg_rdata_30/Q' (25388)
// MUX gate at /dut/ahbapbbridge/APB_MASTER/rtlcreg_rdata_29/Q(25389)
//      Driven by existing flop at '/dut/ahbapbbridge/APB_MASTER/rtlcreg_s_rdata_30/Q' (4360)
//      Bounds static X-source '/dut/ahbapbbridge/APB_MASTER/rtlcreg_rdata_29/Q' (25389)
// MUX gate at /dut/ahbapbbridge/APB_MASTER/rtlcreg_rdata_28/Q(25390)
//      Driven by existing flop at '/dut/ahbapbbridge/APB_MASTER/rtlcreg_s_rdata_29/Q' (4361)
//      Bounds static X-source '/dut/ahbapbbridge/APB_MASTER/rtlcreg_rdata_28/Q' (25390)
// MUX gate at /dut/ahbapbbridge/APB_MASTER/rtlcreg_rdata_27/Q(25391)
//      Driven by existing flop at '/dut/ahbapbbridge/APB_MASTER/rtlcreg_s_rdata_28/Q' (4362)
//      Bounds static X-source '/dut/ahbapbbridge/APB_MASTER/rtlcreg_rdata_27/Q' (25391)
// MUX gate at /dut/ahbapbbridge/APB_MASTER/rtlcreg_rdata_26/Q(25392)
//      Driven by existing flop at '/dut/ahbapbbridge/APB_MASTER/rtlcreg_s_rdata_27/Q' (4363)
//      Bounds static X-source '/dut/ahbapbbridge/APB_MASTER/rtlcreg_rdata_26/Q' (25392)
// MUX gate at /dut/ahbapbbridge/APB_MASTER/rtlcreg_rdata_25/Q(25393)
//      Driven by existing flop at '/dut/ahbapbbridge/APB_MASTER/rtlcreg_s_rdata_26/Q' (4364)
//      Bounds static X-source '/dut/ahbapbbridge/APB_MASTER/rtlcreg_rdata_25/Q' (25393)
// MUX gate at /dut/ahbapbbridge/APB_MASTER/rtlcreg_rdata_24/Q(25394)
//      Driven by existing flop at '/dut/ahbapbbridge/APB_MASTER/rtlcreg_s_rdata_25/Q' (4365)
//      Bounds static X-source '/dut/ahbapbbridge/APB_MASTER/rtlcreg_rdata_24/Q' (25394)
// MUX gate at /dut/ahbapbbridge/APB_MASTER/rtlcreg_rdata_23/Q(25395)
//      Driven by existing flop at '/dut/ahbapbbridge/APB_MASTER/rtlcreg_s_rdata_24/Q' (4366)
//      Bounds static X-source '/dut/ahbapbbridge/APB_MASTER/rtlcreg_rdata_23/Q' (25395)
// MUX gate at /dut/ahbapbbridge/APB_MASTER/rtlcreg_rdata_22/Q(25396)
//      Driven by existing flop at '/dut/ahbapbbridge/APB_MASTER/rtlcreg_s_rdata_23/Q' (4367)
//      Bounds static X-source '/dut/ahbapbbridge/APB_MASTER/rtlcreg_rdata_22/Q' (25396)
// MUX gate at /dut/ahbapbbridge/APB_MASTER/rtlcreg_rdata_21/Q(25397)
//      Driven by existing flop at '/dut/ahbapbbridge/APB_MASTER/rtlcreg_s_rdata_22/Q' (4368)
//      Bounds static X-source '/dut/ahbapbbridge/APB_MASTER/rtlcreg_rdata_21/Q' (25397)
// MUX gate at /dut/ahbapbbridge/APB_MASTER/rtlcreg_rdata_20/Q(25398)
//      Driven by existing flop at '/dut/ahbapbbridge/APB_MASTER/rtlcreg_s_rdata_21/Q' (4369)
//      Bounds static X-source '/dut/ahbapbbridge/APB_MASTER/rtlcreg_rdata_20/Q' (25398)
// MUX gate at /dut/ahbapbbridge/APB_MASTER/rtlcreg_rdata_19/Q(25399)
//      Driven by existing flop at '/dut/ahbapbbridge/APB_MASTER/rtlcreg_s_rdata_20/Q' (4370)
//      Bounds static X-source '/dut/ahbapbbridge/APB_MASTER/rtlcreg_rdata_19/Q' (25399)
// MUX gate at /dut/ahbapbbridge/APB_MASTER/rtlcreg_rdata_18/Q(25400)
//      Driven by existing flop at '/dut/ahbapbbridge/APB_MASTER/rtlcreg_s_rdata_19/Q' (4371)
//      Bounds static X-source '/dut/ahbapbbridge/APB_MASTER/rtlcreg_rdata_18/Q' (25400)
// MUX gate at /dut/ahbapbbridge/APB_MASTER/rtlcreg_rdata_17/Q(25401)
//      Driven by existing flop at '/dut/ahbapbbridge/APB_MASTER/rtlcreg_s_rdata_18/Q' (4372)
//      Bounds static X-source '/dut/ahbapbbridge/APB_MASTER/rtlcreg_rdata_17/Q' (25401)
// MUX gate at /dut/ahbapbbridge/APB_MASTER/rtlcreg_rdata_16/Q(25402)
//      Driven by existing flop at '/dut/ahbapbbridge/APB_MASTER/rtlcreg_s_rdata_17/Q' (4373)
//      Bounds static X-source '/dut/ahbapbbridge/APB_MASTER/rtlcreg_rdata_16/Q' (25402)
// MUX gate at /dut/ahbapbbridge/APB_MASTER/rtlcreg_rdata_15/Q(25403)
//      Driven by existing flop at '/dut/ahbapbbridge/APB_MASTER/rtlcreg_s_rdata_16/Q' (4374)
//      Bounds static X-source '/dut/ahbapbbridge/APB_MASTER/rtlcreg_rdata_15/Q' (25403)
// MUX gate at /dut/ahbapbbridge/APB_MASTER/rtlcreg_rdata_14/Q(25404)
//      Driven by existing flop at '/dut/ahbapbbridge/APB_MASTER/rtlcreg_s_rdata_15/Q' (4375)
//      Bounds static X-source '/dut/ahbapbbridge/APB_MASTER/rtlcreg_rdata_14/Q' (25404)
// MUX gate at /dut/ahbapbbridge/APB_MASTER/rtlcreg_rdata_13/Q(25405)
//      Driven by existing flop at '/dut/ahbapbbridge/APB_MASTER/rtlcreg_s_rdata_14/Q' (4376)
//      Bounds static X-source '/dut/ahbapbbridge/APB_MASTER/rtlcreg_rdata_13/Q' (25405)
// MUX gate at /dut/ahbapbbridge/APB_MASTER/rtlcreg_rdata_12/Q(25406)
//      Driven by existing flop at '/dut/ahbapbbridge/APB_MASTER/rtlcreg_s_rdata_13/Q' (4377)
//      Bounds static X-source '/dut/ahbapbbridge/APB_MASTER/rtlcreg_rdata_12/Q' (25406)
// MUX gate at /dut/ahbapbbridge/APB_MASTER/rtlcreg_rdata_11/Q(25407)
//      Driven by existing flop at '/dut/ahbapbbridge/APB_MASTER/rtlcreg_s_rdata_12/Q' (4378)
//      Bounds static X-source '/dut/ahbapbbridge/APB_MASTER/rtlcreg_rdata_11/Q' (25407)
// MUX gate at /dut/ahbapbbridge/APB_MASTER/rtlcreg_rdata_10/Q(25408)
//      Driven by existing flop at '/dut/ahbapbbridge/APB_MASTER/rtlcreg_s_rdata_11/Q' (4379)
//      Bounds static X-source '/dut/ahbapbbridge/APB_MASTER/rtlcreg_rdata_10/Q' (25408)
// MUX gate at /dut/ahbapbbridge/APB_MASTER/rtlcreg_rdata_9/Q(25409)
//      Driven by existing flop at '/dut/ahbapbbridge/APB_MASTER/rtlcreg_s_rdata_10/Q' (4380)
//      Bounds static X-source '/dut/ahbapbbridge/APB_MASTER/rtlcreg_rdata_9/Q' (25409)
// MUX gate at /dut/ahbapbbridge/APB_MASTER/rtlcreg_rdata_8/Q(25410)
//      Driven by existing flop at '/dut/ahbapbbridge/APB_MASTER/rtlcreg_s_rdata_9/Q' (4381)
//      Bounds static X-source '/dut/ahbapbbridge/APB_MASTER/rtlcreg_rdata_8/Q' (25410)
// MUX gate at /dut/ahbapbbridge/APB_MASTER/rtlcreg_rdata_7/Q(25411)
//      Driven by existing flop at '/dut/ahbapbbridge/APB_MASTER/rtlcreg_s_rdata_8/Q' (4382)
//      Bounds static X-source '/dut/ahbapbbridge/APB_MASTER/rtlcreg_rdata_7/Q' (25411)
// MUX gate at /dut/ahbapbbridge/APB_MASTER/rtlcreg_rdata_6/Q(25412)
//      Driven by existing flop at '/dut/ahbapbbridge/APB_MASTER/rtlcreg_s_rdata_7/Q' (4383)
//      Bounds static X-source '/dut/ahbapbbridge/APB_MASTER/rtlcreg_rdata_6/Q' (25412)
// MUX gate at /dut/ahbapbbridge/APB_MASTER/rtlcreg_rdata_5/Q(25413)
//      Driven by existing flop at '/dut/ahbapbbridge/APB_MASTER/rtlcreg_s_rdata_6/Q' (4384)
//      Bounds static X-source '/dut/ahbapbbridge/APB_MASTER/rtlcreg_rdata_5/Q' (25413)
// MUX gate at /dut/ahbapbbridge/APB_MASTER/rtlcreg_rdata_4/Q(25414)
//      Driven by existing flop at '/dut/ahbapbbridge/APB_MASTER/rtlcreg_s_rdata_5/Q' (4385)
//      Bounds static X-source '/dut/ahbapbbridge/APB_MASTER/rtlcreg_rdata_4/Q' (25414)
// MUX gate at /dut/ahbapbbridge/APB_MASTER/rtlcreg_rdata_3/Q(25415)
//      Driven by existing flop at '/dut/ahbapbbridge/APB_MASTER/rtlcreg_s_rdata_4/Q' (4386)
//      Bounds static X-source '/dut/ahbapbbridge/APB_MASTER/rtlcreg_rdata_3/Q' (25415)
// MUX gate at /dut/ahbapbbridge/APB_MASTER/rtlcreg_rdata_2/Q(25416)
//      Driven by existing flop at '/dut/ahbapbbridge/APB_MASTER/rtlcreg_s_rdata_3/Q' (4387)
//      Bounds static X-source '/dut/ahbapbbridge/APB_MASTER/rtlcreg_rdata_2/Q' (25416)
// MUX gate at /dut/ahbapbbridge/APB_MASTER/rtlcreg_rdata_1/Q(25417)
//      Driven by existing flop at '/dut/ahbapbbridge/APB_MASTER/rtlcreg_s_rdata_2/Q' (4388)
//      Bounds static X-source '/dut/ahbapbbridge/APB_MASTER/rtlcreg_rdata_1/Q' (25417)
// MUX gate at /dut/ahbapbbridge/APB_MASTER/rtlcreg_rdata_0/Q(25418)
//      Driven by existing flop at '/dut/ahbapbbridge/APB_MASTER/rtlcreg_s_rdata_1/Q' (4389)
//      Bounds static X-source '/dut/ahbapbbridge/APB_MASTER/rtlcreg_rdata_0/Q' (25418)
//  command: report_xbounding -verbose -ignored_x_sources 
//  Analyzed 439 static X-sources.
//  Added 654 control points for static X-bounding.
//  Marked 195 previously observable gate pins with no_observe_point attribute
//  to avoid inserting observe points that would capture an unblocked X-source.
// MUX gate at /HADDR[55](3)
//      Driven by existing flop at '/dut/hseldelayreg/rtlcreg_q_11/Q' (4398)
//      Bounds static X-source '/HADDR[55]' (3)
// MUX gate at /HADDR[54](4)
//      Driven by existing flop at '/dut/hseldelayreg/rtlcreg_q_9/Q' (4400)
//      Bounds static X-source '/HADDR[54]' (4)
// MUX gate at /HADDR[53](5)
//      Driven by existing flop at '/dut/hseldelayreg/rtlcreg_q_8/Q' (4401)
//      Bounds static X-source '/HADDR[53]' (5)
// MUX gate at /HADDR[52](6)
//      Driven by existing flop at '/dut/hseldelayreg/rtlcreg_q_7/Q' (4402)
//      Bounds static X-source '/HADDR[52]' (6)
// MUX gate at /HADDR[51](7)
//      Driven by existing flop at '/dut/hseldelayreg/rtlcreg_q_6/Q' (4403)
//      Bounds static X-source '/HADDR[51]' (7)
// MUX gate at /HADDR[50](8)
//      Driven by existing flop at '/dut/hseldelayreg/rtlcreg_q_2/Q' (4407)
//      Bounds static X-source '/HADDR[50]' (8)
// MUX gate at /HADDR[49](9)
//      Driven by existing flop at '/dut/hseldelayreg/rtlcreg_q_1/Q' (4408)
//      Bounds static X-source '/HADDR[49]' (9)
// MUX gate at /HADDR[48](10)
//      Driven by existing flop at '/dut/ahbapbbridge/AHB_SLAVE/rtlcreg_s_addr_55/Q' (4100)
//      Bounds static X-source '/HADDR[48]' (10)
// MUX gate at /HADDR[47](11)
//      Driven by existing flop at '/dut/ahbapbbridge/AHB_SLAVE/rtlcreg_s_addr_54/Q' (4101)
//      Bounds static X-source '/HADDR[47]' (11)
// MUX gate at /HADDR[46](12)
//      Driven by existing flop at '/dut/ahbapbbridge/AHB_SLAVE/rtlcreg_s_addr_53/Q' (4102)
//      Bounds static X-source '/HADDR[46]' (12)
// MUX gate at /HADDR[45](13)
//      Driven by existing flop at '/dut/ahbapbbridge/AHB_SLAVE/rtlcreg_s_addr_52/Q' (4103)
//      Bounds static X-source '/HADDR[45]' (13)
// MUX gate at /HADDR[44](14)
//      Driven by existing flop at '/dut/ahbapbbridge/AHB_SLAVE/rtlcreg_s_addr_51/Q' (4104)
//      Bounds static X-source '/HADDR[44]' (14)
// MUX gate at /HADDR[43](15)
//      Driven by existing flop at '/dut/ahbapbbridge/AHB_SLAVE/rtlcreg_s_addr_50/Q' (4105)
//      Bounds static X-source '/HADDR[43]' (15)
// MUX gate at /HADDR[42](16)
//      Driven by existing flop at '/dut/ahbapbbridge/AHB_SLAVE/rtlcreg_s_addr_49/Q' (4106)
//      Bounds static X-source '/HADDR[42]' (16)
// MUX gate at /HADDR[41](17)
//      Driven by existing flop at '/dut/ahbapbbridge/AHB_SLAVE/rtlcreg_s_addr_48/Q' (4107)
//      Bounds static X-source '/HADDR[41]' (17)
// MUX gate at /HADDR[40](18)
//      Driven by existing flop at '/dut/ahbapbbridge/AHB_SLAVE/rtlcreg_s_addr_47/Q' (4108)
//      Bounds static X-source '/HADDR[40]' (18)
// MUX gate at /HADDR[39](19)
//      Driven by existing flop at '/dut/ahbapbbridge/AHB_SLAVE/rtlcreg_s_addr_46/Q' (4109)
//      Bounds static X-source '/HADDR[39]' (19)
// MUX gate at /HADDR[38](20)
//      Driven by existing flop at '/dut/ahbapbbridge/AHB_SLAVE/rtlcreg_s_addr_45/Q' (4110)
//      Bounds static X-source '/HADDR[38]' (20)
// MUX gate at /HADDR[37](21)
//      Driven by existing flop at '/dut/ahbapbbridge/AHB_SLAVE/rtlcreg_s_addr_44/Q' (4111)
//      Bounds static X-source '/HADDR[37]' (21)
// MUX gate at /HADDR[36](22)
//      Driven by existing flop at '/dut/ahbapbbridge/AHB_SLAVE/rtlcreg_s_addr_43/Q' (4112)
//      Bounds static X-source '/HADDR[36]' (22)
// MUX gate at /HADDR[35](23)
//      Driven by existing flop at '/dut/ahbapbbridge/AHB_SLAVE/rtlcreg_s_addr_42/Q' (4113)
//      Bounds static X-source '/HADDR[35]' (23)
// MUX gate at /HADDR[34](24)
//      Driven by existing flop at '/dut/ahbapbbridge/AHB_SLAVE/rtlcreg_s_addr_41/Q' (4114)
//      Bounds static X-source '/HADDR[34]' (24)
// MUX gate at /HADDR[33](25)
//      Driven by existing flop at '/dut/ahbapbbridge/AHB_SLAVE/rtlcreg_s_addr_40/Q' (4115)
//      Bounds static X-source '/HADDR[33]' (25)
// MUX gate at /HADDR[32](26)
//      Driven by existing flop at '/dut/ahbapbbridge/AHB_SLAVE/rtlcreg_s_addr_39/Q' (4116)
//      Bounds static X-source '/HADDR[32]' (26)
// MUX gate at /HADDR[31](27)
//      Driven by existing flop at '/dut/ahbapbbridge/AHB_SLAVE/rtlcreg_s_addr_38/Q' (4117)
//      Bounds static X-source '/HADDR[31]' (27)
// MUX gate at /HADDR[30](28)
//      Driven by existing flop at '/dut/ahbapbbridge/AHB_SLAVE/rtlcreg_s_addr_37/Q' (4118)
//      Bounds static X-source '/HADDR[30]' (28)
// MUX gate at /HADDR[29](29)
//      Driven by existing flop at '/dut/ahbapbbridge/AHB_SLAVE/rtlcreg_s_addr_36/Q' (4119)
//      Bounds static X-source '/HADDR[29]' (29)
// MUX gate at /HADDR[28](30)
//      Driven by existing flop at '/dut/ahbapbbridge/AHB_SLAVE/rtlcreg_s_addr_35/Q' (4120)
//      Bounds static X-source '/HADDR[28]' (30)
// MUX gate at /HADDR[27](31)
//      Driven by existing flop at '/dut/ahbapbbridge/AHB_SLAVE/rtlcreg_s_addr_34/Q' (4121)
//      Bounds static X-source '/HADDR[27]' (31)
// MUX gate at /HADDR[26](32)
//      Driven by existing flop at '/dut/ahbapbbridge/AHB_SLAVE/rtlcreg_s_addr_33/Q' (4122)
//      Bounds static X-source '/HADDR[26]' (32)
// MUX gate at /HADDR[25](33)
//      Driven by existing flop at '/dut/ahbapbbridge/AHB_SLAVE/rtlcreg_s_addr_32/Q' (4123)
//      Bounds static X-source '/HADDR[25]' (33)
// MUX gate at /HADDR[24](34)
//      Driven by existing flop at '/dut/ahbapbbridge/AHB_SLAVE/rtlcreg_s_addr_31/Q' (4124)
//      Bounds static X-source '/HADDR[24]' (34)
// MUX gate at /HADDR[23](35)
//      Driven by existing flop at '/dut/ahbapbbridge/AHB_SLAVE/rtlcreg_s_addr_30/Q' (4125)
//      Bounds static X-source '/HADDR[23]' (35)
// MUX gate at /HADDR[22](36)
//      Driven by existing flop at '/dut/ahbapbbridge/AHB_SLAVE/rtlcreg_s_addr_29/Q' (4126)
//      Bounds static X-source '/HADDR[22]' (36)
// MUX gate at /HADDR[21](37)
//      Driven by existing flop at '/dut/ahbapbbridge/AHB_SLAVE/rtlcreg_s_addr_28/Q' (4127)
//      Bounds static X-source '/HADDR[21]' (37)
// MUX gate at /HADDR[20](38)
//      Driven by existing flop at '/dut/ahbapbbridge/AHB_SLAVE/rtlcreg_s_addr_27/Q' (4128)
//      Bounds static X-source '/HADDR[20]' (38)
// MUX gate at /HADDR[19](39)
//      Driven by existing flop at '/dut/ahbapbbridge/AHB_SLAVE/rtlcreg_s_addr_26/Q' (4129)
//      Bounds static X-source '/HADDR[19]' (39)
// MUX gate at /HADDR[18](40)
//      Driven by existing flop at '/dut/ahbapbbridge/AHB_SLAVE/rtlcreg_s_addr_25/Q' (4130)
//      Bounds static X-source '/HADDR[18]' (40)
// MUX gate at /HADDR[17](41)
//      Driven by existing flop at '/dut/ahbapbbridge/AHB_SLAVE/rtlcreg_s_addr_24/Q' (4131)
//      Bounds static X-source '/HADDR[17]' (41)
// MUX gate at /HADDR[16](42)
//      Driven by existing flop at '/dut/ahbapbbridge/AHB_SLAVE/rtlcreg_s_addr_23/Q' (4132)
//      Bounds static X-source '/HADDR[16]' (42)
// MUX gate at /HADDR[15](43)
//      Driven by existing flop at '/dut/ahbapbbridge/AHB_SLAVE/rtlcreg_s_addr_22/Q' (4133)
//      Bounds static X-source '/HADDR[15]' (43)
// MUX gate at /HADDR[14](44)
//      Driven by existing flop at '/dut/ahbapbbridge/AHB_SLAVE/rtlcreg_s_addr_21/Q' (4134)
//      Bounds static X-source '/HADDR[14]' (44)
// MUX gate at /HADDR[13](45)
//      Driven by existing flop at '/dut/ahbapbbridge/AHB_SLAVE/rtlcreg_s_addr_20/Q' (4135)
//      Bounds static X-source '/HADDR[13]' (45)
// MUX gate at /HADDR[12](46)
//      Driven by existing flop at '/dut/ahbapbbridge/AHB_SLAVE/rtlcreg_s_addr_19/Q' (4136)
//      Bounds static X-source '/HADDR[12]' (46)
// MUX gate at /HADDR[11](47)
//      Driven by existing flop at '/dut/ahbapbbridge/AHB_SLAVE/rtlcreg_s_addr_18/Q' (4137)
//      Bounds static X-source '/HADDR[11]' (47)
// MUX gate at /HADDR[10](48)
//      Driven by existing flop at '/dut/ahbapbbridge/AHB_SLAVE/rtlcreg_s_addr_17/Q' (4138)
//      Bounds static X-source '/HADDR[10]' (48)
// MUX gate at /HADDR[9](49)
//      Driven by existing flop at '/dut/ahbapbbridge/AHB_SLAVE/rtlcreg_s_addr_16/Q' (4139)
//      Bounds static X-source '/HADDR[9]' (49)
// MUX gate at /HADDR[8](50)
//      Driven by existing flop at '/dut/ahbapbbridge/AHB_SLAVE/rtlcreg_s_addr_15/Q' (4140)
//      Bounds static X-source '/HADDR[8]' (50)
// MUX gate at /HADDR[7](51)
//      Driven by existing flop at '/dut/ahbapbbridge/AHB_SLAVE/rtlcreg_s_addr_14/Q' (4141)
//      Bounds static X-source '/HADDR[7]' (51)
// MUX gate at /HADDR[6](52)
//      Driven by existing flop at '/dut/ahbapbbridge/AHB_SLAVE/rtlcreg_s_addr_13/Q' (4142)
//      Bounds static X-source '/HADDR[6]' (52)
// MUX gate at /HADDR[5](53)
//      Driven by existing flop at '/dut/ahbapbbridge/AHB_SLAVE/rtlcreg_s_addr_12/Q' (4143)
//      Bounds static X-source '/HADDR[5]' (53)
// MUX gate at /HADDR[4](54)
//      Driven by existing flop at '/dut/ahbapbbridge/AHB_SLAVE/rtlcreg_s_addr_11/Q' (4144)
//      Bounds static X-source '/HADDR[4]' (54)
// MUX gate at /HADDR[3](55)
//      Driven by existing flop at '/dut/ahbapbbridge/AHB_SLAVE/rtlcreg_s_addr_10/Q' (4145)
//      Bounds static X-source '/HADDR[3]' (55)
// MUX gate at /HADDR[2](56)
//      Driven by existing flop at '/dut/ahbapbbridge/AHB_SLAVE/rtlcreg_s_addr_9/Q' (4146)
//      Bounds static X-source '/HADDR[2]' (56)
// MUX gate at /HADDR[1](57)
//      Driven by existing flop at '/dut/ahbapbbridge/AHB_SLAVE/rtlcreg_s_addr_8/Q' (4147)
//      Bounds static X-source '/HADDR[1]' (57)
// MUX gate at /HADDR[0](58)
//      Driven by existing flop at '/dut/ahbapbbridge/AHB_SLAVE/rtlcreg_s_addr_7/Q' (4148)
//      Bounds static X-source '/HADDR[0]' (58)
// MUX gate at /HWDATA[63](59)
//      Driven by existing flop at '/dut/hseldelayreg/rtlcreg_q_12/Q' (4397)
//      Bounds static X-source '/HWDATA[63]' (59)
// MUX gate at /HWDATA[62](60)
//      Driven by existing flop at '/dut/hseldelayreg/rtlcreg_q_10/Q' (4399)
//      Bounds static X-source '/HWDATA[62]' (60)
// MUX gate at /HWDATA[61](61)
//      Driven by existing flop at '/dut/hseldelayreg/rtlcreg_q_5/Q' (4404)
//      Bounds static X-source '/HWDATA[61]' (61)
// MUX gate at /HWDATA[60](62)
//      Driven by existing flop at '/dut/hseldelayreg/rtlcreg_q_4/Q' (4405)
//      Bounds static X-source '/HWDATA[60]' (62)
// MUX gate at /HWDATA[59](63)
//      Driven by existing flop at '/dut/hseldelayreg/rtlcreg_q_3/Q' (4406)
//      Bounds static X-source '/HWDATA[59]' (63)
// MUX gate at /HWDATA[58](64)
//      Driven by existing flop at '/dut/hseldelayreg/rtlcreg_q_0/Q' (4409)
//      Bounds static X-source '/HWDATA[58]' (64)
// MUX gate at /HWDATA[57](65)
//      Driven by existing flop at '/dut/hselbridgedelayreg/rtlcreg_q_0/Q' (4410)
//      Bounds static X-source '/HWDATA[57]' (65)
// MUX gate at /HWDATA[56](66)
//      Driven by existing flop at '/dut/ahbapbbridge/AHB_SLAVE/rtlcreg_s_addr_6/Q' (4149)
//      Bounds static X-source '/HWDATA[56]' (66)
// MUX gate at /HWDATA[55](67)
//      Driven by existing flop at '/dut/ahbapbbridge/AHB_SLAVE/rtlcreg_s_addr_5/Q' (4150)
//      Bounds static X-source '/HWDATA[55]' (67)
// MUX gate at /HWDATA[54](68)
//      Driven by existing flop at '/dut/ahbapbbridge/AHB_SLAVE/rtlcreg_s_addr_4/Q' (4151)
//      Bounds static X-source '/HWDATA[54]' (68)
// MUX gate at /HWDATA[53](69)
//      Driven by existing flop at '/dut/ahbapbbridge/AHB_SLAVE/rtlcreg_s_addr_3/Q' (4152)
//      Bounds static X-source '/HWDATA[53]' (69)
// MUX gate at /HWDATA[52](70)
//      Driven by existing flop at '/dut/ahbapbbridge/AHB_SLAVE/rtlcreg_s_addr_2/Q' (4153)
//      Bounds static X-source '/HWDATA[52]' (70)
// MUX gate at /HWDATA[51](71)
//      Driven by existing flop at '/dut/ahbapbbridge/AHB_SLAVE/rtlcreg_s_addr_1/Q' (4154)
//      Bounds static X-source '/HWDATA[51]' (71)
// MUX gate at /HWDATA[50](72)
//      Driven by existing flop at '/dut/ahbapbbridge/AHB_SLAVE/rtlcreg_s_addr_0/Q' (4155)
//      Bounds static X-source '/HWDATA[50]' (72)
// MUX gate at /HWDATA[49](73)
//      Driven by existing flop at '/dut/ahbapbbridge/AHB_SLAVE/rtlcreg_s_sel_4/Q' (4156)
//      Bounds static X-source '/HWDATA[49]' (73)
// MUX gate at /HWDATA[48](74)
//      Driven by existing flop at '/dut/ahbapbbridge/AHB_SLAVE/rtlcreg_s_sel_3/Q' (4157)
//      Bounds static X-source '/HWDATA[48]' (74)
// MUX gate at /HWDATA[47](75)
//      Driven by existing flop at '/dut/ahbapbbridge/AHB_SLAVE/rtlcreg_s_sel_2/Q' (4158)
//      Bounds static X-source '/HWDATA[47]' (75)
// MUX gate at /HWDATA[46](76)
//      Driven by existing flop at '/dut/ahbapbbridge/AHB_SLAVE/rtlcreg_s_sel_1/Q' (4159)
//      Bounds static X-source '/HWDATA[46]' (76)
// MUX gate at /HWDATA[45](77)
//      Driven by existing flop at '/dut/ahbapbbridge/AHB_SLAVE/rtlcreg_s_sel_0/Q' (4160)
//      Bounds static X-source '/HWDATA[45]' (77)
// MUX gate at /HWDATA[44](78)
//      Driven by existing flop at '/dut/ahbapbbridge/AHB_SLAVE/rtlcreg_s_write/Q' (4161)
//      Bounds static X-source '/HWDATA[44]' (78)
// MUX gate at /HWDATA[43](79)
//      Driven by existing flop at '/dut/ahbapbbridge/AHB_SLAVE/rtlcreg_pstrb_reg_7/Q' (4162)
//      Bounds static X-source '/HWDATA[43]' (79)
// MUX gate at /HWDATA[42](80)
//      Driven by existing flop at '/dut/ahbapbbridge/AHB_SLAVE/rtlcreg_pstrb_reg_6/Q' (4163)
//      Bounds static X-source '/HWDATA[42]' (80)
// MUX gate at /HWDATA[41](81)
//      Driven by existing flop at '/dut/ahbapbbridge/AHB_SLAVE/rtlcreg_pstrb_reg_5/Q' (4164)
//      Bounds static X-source '/HWDATA[41]' (81)
// MUX gate at /HWDATA[40](82)
//      Driven by existing flop at '/dut/ahbapbbridge/AHB_SLAVE/rtlcreg_pstrb_reg_4/Q' (4165)
//      Bounds static X-source '/HWDATA[40]' (82)
// MUX gate at /HWDATA[39](83)
//      Driven by existing flop at '/dut/ahbapbbridge/AHB_SLAVE/rtlcreg_pstrb_reg_3/Q' (4166)
//      Bounds static X-source '/HWDATA[39]' (83)
// MUX gate at /HWDATA[38](84)
//      Driven by existing flop at '/dut/ahbapbbridge/AHB_SLAVE/rtlcreg_pstrb_reg_2/Q' (4167)
//      Bounds static X-source '/HWDATA[38]' (84)
// MUX gate at /HWDATA[37](85)
//      Driven by existing flop at '/dut/ahbapbbridge/AHB_SLAVE/rtlcreg_pstrb_reg_1/Q' (4168)
//      Bounds static X-source '/HWDATA[37]' (85)
// MUX gate at /HWDATA[36](86)
//      Driven by existing flop at '/dut/ahbapbbridge/AHB_SLAVE/rtlcreg_pstrb_reg_0/Q' (4169)
//      Bounds static X-source '/HWDATA[36]' (86)
// MUX gate at /HWDATA[35](87)
//      Driven by existing flop at '/dut/ahbapbbridge/AHB_SLAVE/rtlcreg_s_trans_valid/Q' (4170)
//      Bounds static X-source '/HWDATA[35]' (87)
// MUX gate at /HWDATA[34](88)
//      Driven by existing flop at '/dut/ahbapbbridge/AHB_SLAVE/rtlcreg_s_wdata_63/Q' (4171)
//      Bounds static X-source '/HWDATA[34]' (88)
// MUX gate at /HWDATA[33](89)
//      Driven by existing flop at '/dut/ahbapbbridge/AHB_SLAVE/rtlcreg_s_wdata_62/Q' (4172)
//      Bounds static X-source '/HWDATA[33]' (89)
// MUX gate at /HWDATA[32](90)
//      Driven by existing flop at '/dut/ahbapbbridge/AHB_SLAVE/rtlcreg_s_wdata_61/Q' (4173)
//      Bounds static X-source '/HWDATA[32]' (90)
// MUX gate at /HWDATA[31](91)
//      Driven by existing flop at '/dut/ahbapbbridge/AHB_SLAVE/rtlcreg_s_wdata_60/Q' (4174)
//      Bounds static X-source '/HWDATA[31]' (91)
// MUX gate at /HWDATA[30](92)
//      Driven by existing flop at '/dut/ahbapbbridge/AHB_SLAVE/rtlcreg_s_wdata_59/Q' (4175)
//      Bounds static X-source '/HWDATA[30]' (92)
// MUX gate at /HWDATA[29](93)
//      Driven by existing flop at '/dut/ahbapbbridge/AHB_SLAVE/rtlcreg_s_wdata_58/Q' (4176)
//      Bounds static X-source '/HWDATA[29]' (93)
// MUX gate at /HWDATA[28](94)
//      Driven by existing flop at '/dut/ahbapbbridge/AHB_SLAVE/rtlcreg_s_wdata_57/Q' (4177)
//      Bounds static X-source '/HWDATA[28]' (94)
// MUX gate at /HWDATA[27](95)
//      Driven by existing flop at '/dut/ahbapbbridge/AHB_SLAVE/rtlcreg_s_wdata_56/Q' (4178)
//      Bounds static X-source '/HWDATA[27]' (95)
// MUX gate at /HWDATA[26](96)
//      Driven by existing flop at '/dut/ahbapbbridge/AHB_SLAVE/rtlcreg_s_wdata_55/Q' (4179)
//      Bounds static X-source '/HWDATA[26]' (96)
// MUX gate at /HWDATA[25](97)
//      Driven by existing flop at '/dut/ahbapbbridge/AHB_SLAVE/rtlcreg_s_wdata_54/Q' (4180)
//      Bounds static X-source '/HWDATA[25]' (97)
// MUX gate at /HWDATA[24](98)
//      Driven by existing flop at '/dut/ahbapbbridge/AHB_SLAVE/rtlcreg_s_wdata_53/Q' (4181)
//      Bounds static X-source '/HWDATA[24]' (98)
// MUX gate at /HWDATA[23](99)
//      Driven by existing flop at '/dut/ahbapbbridge/AHB_SLAVE/rtlcreg_s_wdata_52/Q' (4182)
//      Bounds static X-source '/HWDATA[23]' (99)
// MUX gate at /HWDATA[22](100)
//      Driven by existing flop at '/dut/ahbapbbridge/AHB_SLAVE/rtlcreg_s_wdata_51/Q' (4183)
//      Bounds static X-source '/HWDATA[22]' (100)
// MUX gate at /HWDATA[21](101)
//      Driven by existing flop at '/dut/ahbapbbridge/AHB_SLAVE/rtlcreg_s_wdata_50/Q' (4184)
//      Bounds static X-source '/HWDATA[21]' (101)
// MUX gate at /HWDATA[20](102)
//      Driven by existing flop at '/dut/ahbapbbridge/AHB_SLAVE/rtlcreg_s_wdata_49/Q' (4185)
//      Bounds static X-source '/HWDATA[20]' (102)
// MUX gate at /HWDATA[19](103)
//      Driven by existing flop at '/dut/ahbapbbridge/AHB_SLAVE/rtlcreg_s_wdata_48/Q' (4186)
//      Bounds static X-source '/HWDATA[19]' (103)
// MUX gate at /HWDATA[18](104)
//      Driven by existing flop at '/dut/ahbapbbridge/AHB_SLAVE/rtlcreg_s_wdata_47/Q' (4187)
//      Bounds static X-source '/HWDATA[18]' (104)
// MUX gate at /HWDATA[17](105)
//      Driven by existing flop at '/dut/ahbapbbridge/AHB_SLAVE/rtlcreg_s_wdata_46/Q' (4188)
//      Bounds static X-source '/HWDATA[17]' (105)
// MUX gate at /HWDATA[16](106)
//      Driven by existing flop at '/dut/ahbapbbridge/AHB_SLAVE/rtlcreg_s_wdata_45/Q' (4189)
//      Bounds static X-source '/HWDATA[16]' (106)
// MUX gate at /HWDATA[15](107)
//      Driven by existing flop at '/dut/ahbapbbridge/AHB_SLAVE/rtlcreg_s_wdata_44/Q' (4190)
//      Bounds static X-source '/HWDATA[15]' (107)
// MUX gate at /HWDATA[14](108)
//      Driven by existing flop at '/dut/ahbapbbridge/AHB_SLAVE/rtlcreg_s_wdata_43/Q' (4191)
//      Bounds static X-source '/HWDATA[14]' (108)
// MUX gate at /HWDATA[13](109)
//      Driven by existing flop at '/dut/ahbapbbridge/AHB_SLAVE/rtlcreg_s_wdata_42/Q' (4192)
//      Bounds static X-source '/HWDATA[13]' (109)
// MUX gate at /HWDATA[12](110)
//      Driven by existing flop at '/dut/ahbapbbridge/AHB_SLAVE/rtlcreg_s_wdata_41/Q' (4193)
//      Bounds static X-source '/HWDATA[12]' (110)
// MUX gate at /HWDATA[11](111)
//      Driven by existing flop at '/dut/ahbapbbridge/AHB_SLAVE/rtlcreg_s_wdata_40/Q' (4194)
//      Bounds static X-source '/HWDATA[11]' (111)
// MUX gate at /HWDATA[10](112)
//      Driven by existing flop at '/dut/ahbapbbridge/AHB_SLAVE/rtlcreg_s_wdata_39/Q' (4195)
//      Bounds static X-source '/HWDATA[10]' (112)
// MUX gate at /HWDATA[9](113)
//      Driven by existing flop at '/dut/ahbapbbridge/AHB_SLAVE/rtlcreg_s_wdata_38/Q' (4196)
//      Bounds static X-source '/HWDATA[9]' (113)
// MUX gate at /HWDATA[8](114)
//      Driven by existing flop at '/dut/ahbapbbridge/AHB_SLAVE/rtlcreg_s_wdata_37/Q' (4197)
//      Bounds static X-source '/HWDATA[8]' (114)
// MUX gate at /HWDATA[7](115)
//      Driven by existing flop at '/dut/ahbapbbridge/AHB_SLAVE/rtlcreg_s_wdata_36/Q' (4198)
//      Bounds static X-source '/HWDATA[7]' (115)
// MUX gate at /HWDATA[6](116)
//      Driven by existing flop at '/dut/ahbapbbridge/AHB_SLAVE/rtlcreg_s_wdata_35/Q' (4199)
//      Bounds static X-source '/HWDATA[6]' (116)
// MUX gate at /HWDATA[5](117)
//      Driven by existing flop at '/dut/ahbapbbridge/AHB_SLAVE/rtlcreg_s_wdata_34/Q' (4200)
//      Bounds static X-source '/HWDATA[5]' (117)
// MUX gate at /HWDATA[4](118)
//      Driven by existing flop at '/dut/ahbapbbridge/AHB_SLAVE/rtlcreg_s_wdata_33/Q' (4201)
//      Bounds static X-source '/HWDATA[4]' (118)
// MUX gate at /HWDATA[3](119)
//      Driven by existing flop at '/dut/ahbapbbridge/AHB_SLAVE/rtlcreg_s_wdata_32/Q' (4202)
//      Bounds static X-source '/HWDATA[3]' (119)
// MUX gate at /HWDATA[2](120)
//      Driven by existing flop at '/dut/ahbapbbridge/AHB_SLAVE/rtlcreg_s_wdata_31/Q' (4203)
//      Bounds static X-source '/HWDATA[2]' (120)
// MUX gate at /HWDATA[1](121)
//      Driven by existing flop at '/dut/ahbapbbridge/AHB_SLAVE/rtlcreg_s_wdata_30/Q' (4204)
//      Bounds static X-source '/HWDATA[1]' (121)
// MUX gate at /HWDATA[0](122)
//      Driven by existing flop at '/dut/ahbapbbridge/AHB_SLAVE/rtlcreg_s_wdata_29/Q' (4205)
//      Bounds static X-source '/HWDATA[0]' (122)
// MUX gate at /HWSTRB[7](123)
//      Driven by existing flop at '/dut/ahbapbbridge/AHB_SLAVE/rtlcreg_s_wdata_28/Q' (4206)
//      Bounds static X-source '/HWSTRB[7]' (123)
// MUX gate at /HWSTRB[6](124)
//      Driven by existing flop at '/dut/ahbapbbridge/AHB_SLAVE/rtlcreg_s_wdata_27/Q' (4207)
//      Bounds static X-source '/HWSTRB[6]' (124)
// MUX gate at /HWSTRB[5](125)
//      Driven by existing flop at '/dut/ahbapbbridge/AHB_SLAVE/rtlcreg_s_wdata_26/Q' (4208)
//      Bounds static X-source '/HWSTRB[5]' (125)
// MUX gate at /HWSTRB[4](126)
//      Driven by existing flop at '/dut/ahbapbbridge/AHB_SLAVE/rtlcreg_s_wdata_25/Q' (4209)
//      Bounds static X-source '/HWSTRB[4]' (126)
// MUX gate at /HWSTRB[3](127)
//      Driven by existing flop at '/dut/ahbapbbridge/AHB_SLAVE/rtlcreg_s_wdata_24/Q' (4210)
//      Bounds static X-source '/HWSTRB[3]' (127)
// MUX gate at /HWSTRB[2](128)
//      Driven by existing flop at '/dut/ahbapbbridge/AHB_SLAVE/rtlcreg_s_wdata_23/Q' (4211)
//      Bounds static X-source '/HWSTRB[2]' (128)
// MUX gate at /HWSTRB[1](129)
//      Driven by existing flop at '/dut/ahbapbbridge/AHB_SLAVE/rtlcreg_s_wdata_22/Q' (4212)
//      Bounds static X-source '/HWSTRB[1]' (129)
// MUX gate at /HWSTRB[0](130)
//      Driven by existing flop at '/dut/ahbapbbridge/AHB_SLAVE/rtlcreg_s_wdata_21/Q' (4213)
//      Bounds static X-source '/HWSTRB[0]' (130)
// MUX gate at /HWRITE(131)
//      Driven by existing flop at '/dut/ahbapbbridge/AHB_SLAVE/rtlcreg_s_wdata_20/Q' (4214)
//      Bounds static X-source '/HWRITE' (131)
// MUX gate at /HSIZE[1](133)
//      Driven by existing flop at '/dut/ahbapbbridge/AHB_SLAVE/rtlcreg_s_wdata_19/Q' (4215)
//      Bounds static X-source '/HSIZE[1]' (133)
// MUX gate at /HSIZE[0](134)
//      Driven by existing flop at '/dut/ahbapbbridge/AHB_SLAVE/rtlcreg_s_wdata_18/Q' (4216)
//      Bounds static X-source '/HSIZE[0]' (134)
// MUX gate at /HTRANS[1](142)
//      Driven by existing flop at '/dut/ahbapbbridge/AHB_SLAVE/rtlcreg_s_wdata_17/Q' (4217)
//      Bounds static X-source '/HTRANS[1]' (142)
// MUX gate at /HREADYEXT(209)
//      Driven by existing flop at '/dut/ahbapbbridge/AHB_SLAVE/rtlcreg_s_wdata_16/Q' (4218)
//      Bounds static X-source '/HREADYEXT' (209)
// MUX gate at /in_pad_i[31](211)
//      Driven by existing flop at '/dut/\clint.clint /rtlcreg_PRDATA_63/Q' (25561)
//      Bounds static X-source '/in_pad_i[31]' (211)
// MUX gate at /in_pad_i[30](212)
//      Driven by existing flop at '/dut/\clint.clint /rtlcreg_PRDATA_62/Q' (25562)
//      Bounds static X-source '/in_pad_i[30]' (212)
// MUX gate at /in_pad_i[29](213)
//      Driven by existing flop at '/dut/\clint.clint /rtlcreg_PRDATA_61/Q' (25563)
//      Bounds static X-source '/in_pad_i[29]' (213)
// MUX gate at /in_pad_i[28](214)
//      Driven by existing flop at '/dut/\clint.clint /rtlcreg_PRDATA_60/Q' (25564)
//      Bounds static X-source '/in_pad_i[28]' (214)
// MUX gate at /in_pad_i[27](215)
//      Driven by existing flop at '/dut/\clint.clint /rtlcreg_PRDATA_59/Q' (25565)
//      Bounds static X-source '/in_pad_i[27]' (215)
// MUX gate at /in_pad_i[26](216)
//      Driven by existing flop at '/dut/\clint.clint /rtlcreg_PRDATA_58/Q' (25566)
//      Bounds static X-source '/in_pad_i[26]' (216)
// MUX gate at /in_pad_i[25](217)
//      Driven by existing flop at '/dut/\clint.clint /rtlcreg_PRDATA_57/Q' (25567)
//      Bounds static X-source '/in_pad_i[25]' (217)
// MUX gate at /in_pad_i[24](218)
//      Driven by existing flop at '/dut/\clint.clint /rtlcreg_PRDATA_56/Q' (25568)
//      Bounds static X-source '/in_pad_i[24]' (218)
// MUX gate at /in_pad_i[23](219)
//      Driven by existing flop at '/dut/\clint.clint /rtlcreg_PRDATA_55/Q' (25569)
//      Bounds static X-source '/in_pad_i[23]' (219)
// MUX gate at /in_pad_i[22](220)
//      Driven by existing flop at '/dut/\clint.clint /rtlcreg_PRDATA_54/Q' (25570)
//      Bounds static X-source '/in_pad_i[22]' (220)
// MUX gate at /in_pad_i[21](221)
//      Driven by existing flop at '/dut/\clint.clint /rtlcreg_PRDATA_53/Q' (25571)
//      Bounds static X-source '/in_pad_i[21]' (221)
// MUX gate at /in_pad_i[20](222)
//      Driven by existing flop at '/dut/\clint.clint /rtlcreg_PRDATA_52/Q' (25572)
//      Bounds static X-source '/in_pad_i[20]' (222)
// MUX gate at /in_pad_i[19](223)
//      Driven by existing flop at '/dut/\clint.clint /rtlcreg_PRDATA_51/Q' (25573)
//      Bounds static X-source '/in_pad_i[19]' (223)
// MUX gate at /in_pad_i[18](224)
//      Driven by existing flop at '/dut/\clint.clint /rtlcreg_PRDATA_50/Q' (25574)
//      Bounds static X-source '/in_pad_i[18]' (224)
// MUX gate at /in_pad_i[17](225)
//      Driven by existing flop at '/dut/\clint.clint /rtlcreg_PRDATA_49/Q' (25575)
//      Bounds static X-source '/in_pad_i[17]' (225)
// MUX gate at /in_pad_i[16](226)
//      Driven by existing flop at '/dut/\clint.clint /rtlcreg_PRDATA_48/Q' (25576)
//      Bounds static X-source '/in_pad_i[16]' (226)
// MUX gate at /in_pad_i[15](227)
//      Driven by existing flop at '/dut/\clint.clint /rtlcreg_PRDATA_47/Q' (25577)
//      Bounds static X-source '/in_pad_i[15]' (227)
// MUX gate at /in_pad_i[14](228)
//      Driven by existing flop at '/dut/\clint.clint /rtlcreg_PRDATA_46/Q' (25578)
//      Bounds static X-source '/in_pad_i[14]' (228)
// MUX gate at /in_pad_i[13](229)
//      Driven by existing flop at '/dut/\clint.clint /rtlcreg_PRDATA_45/Q' (25579)
//      Bounds static X-source '/in_pad_i[13]' (229)
// MUX gate at /in_pad_i[12](230)
//      Driven by existing flop at '/dut/\clint.clint /rtlcreg_PRDATA_44/Q' (25580)
//      Bounds static X-source '/in_pad_i[12]' (230)
// MUX gate at /in_pad_i[11](231)
//      Driven by existing flop at '/dut/\clint.clint /rtlcreg_PRDATA_43/Q' (25581)
//      Bounds static X-source '/in_pad_i[11]' (231)
// MUX gate at /in_pad_i[10](232)
//      Driven by existing flop at '/dut/\clint.clint /rtlcreg_PRDATA_42/Q' (25582)
//      Bounds static X-source '/in_pad_i[10]' (232)
// MUX gate at /in_pad_i[9](233)
//      Driven by existing flop at '/dut/\clint.clint /rtlcreg_PRDATA_41/Q' (25583)
//      Bounds static X-source '/in_pad_i[9]' (233)
// MUX gate at /in_pad_i[8](234)
//      Driven by existing flop at '/dut/\clint.clint /rtlcreg_PRDATA_40/Q' (25584)
//      Bounds static X-source '/in_pad_i[8]' (234)
// MUX gate at /in_pad_i[7](235)
//      Driven by existing flop at '/dut/\clint.clint /rtlcreg_PRDATA_39/Q' (25585)
//      Bounds static X-source '/in_pad_i[7]' (235)
// MUX gate at /in_pad_i[6](236)
//      Driven by existing flop at '/dut/\clint.clint /rtlcreg_PRDATA_38/Q' (25586)
//      Bounds static X-source '/in_pad_i[6]' (236)
// MUX gate at /in_pad_i[5](237)
//      Driven by existing flop at '/dut/\clint.clint /rtlcreg_PRDATA_37/Q' (25587)
//      Bounds static X-source '/in_pad_i[5]' (237)
// MUX gate at /in_pad_i[4](238)
//      Driven by existing flop at '/dut/\clint.clint /rtlcreg_PRDATA_36/Q' (25588)
//      Bounds static X-source '/in_pad_i[4]' (238)
// MUX gate at /in_pad_i[3](239)
//      Driven by existing flop at '/dut/\clint.clint /rtlcreg_PRDATA_35/Q' (25589)
//      Bounds static X-source '/in_pad_i[3]' (239)
// MUX gate at /in_pad_i[2](240)
//      Driven by existing flop at '/dut/\clint.clint /rtlcreg_PRDATA_34/Q' (25590)
//      Bounds static X-source '/in_pad_i[2]' (240)
// MUX gate at /in_pad_i[1](241)
//      Driven by existing flop at '/dut/\clint.clint /rtlcreg_PRDATA_33/Q' (25591)
//      Bounds static X-source '/in_pad_i[1]' (241)
// MUX gate at /in_pad_i[0](242)
//      Driven by existing flop at '/dut/\clint.clint /rtlcreg_PRDATA_32/Q' (25592)
//      Bounds static X-source '/in_pad_i[0]' (242)
// MUX gate at /dut/\clint.clint /rtlc2_163/B(17735)
//      Driven by existing flop at '/dut/\clint.clint /rtlcreg_PRDATA_31/Q' (25593)
//      Bounds static X-source '/PRESETn' (244)
// MUX gate at /dut/\uartgen.uart /uartPC/rtlc5_21/B(18279)
//      Driven by existing flop at '/dut/\uartgen.uart /uartPC/rtlcreg_DSRb2/Q' (26078)
//      Bounds static X-source '/PRESETn' (244)
// MUX gate at /dut/\uartgen.uart /uartPC/rtlc1_184/B(18283)
//      Driven by existing flop at '/dut/\uartgen.uart /uartPC/rtlcreg_DCDb2/Q' (26079)
//      Bounds static X-source '/PRESETn' (244)
// MUX gate at /dut/\uartgen.uart /uartPC/rtlc1_180/B(18284)
//      Driven by existing flop at '/dut/\uartgen.uart /uartPC/rtlcreg_CTSb2/Q' (26080)
//      Bounds static X-source '/PRESETn' (244)
// MUX gate at /dut/\uartgen.uart /uartPC/rtlc1_176/B(18285)
//      Driven by existing flop at '/dut/\uartgen.uart /uartPC/rtlcreg_RIb2/Q' (4999)
//      Bounds static X-source '/PRESETn' (244)
// MUX gate at /dut/\uartgen.uart /uartPC/rtlc1_168/B(18287)
//      Driven by existing flop at '/dut/\uartgen.uart /uartPC/rtlcreg_SINsync/Q' (26082)
//      Bounds static X-source '/PRESETn' (244)
// MUX gate at /dut/\uartgen.uart /uartPC/rtlc1_164/B(18288)
//      Driven by existing flop at '/dut/\uartgen.uart /uartPC/rtlcreg_DSRbsync/Q' (5001)
//      Bounds static X-source '/PRESETn' (244)
// MUX gate at /dut/\uartgen.uart /uartPC/rtlc1_174/B(24616)
//      Driven by existing flop at '/dut/\uartgen.uart /uartPC/rtlcreg_DCDbsync/Q' (5002)
//      Bounds static X-source '/PRESETn' (244)
// MUX gate at /dut/\uartgen.uart /uartPC/rtlc4_85/B(18280)
//      Driven by existing flop at '/dut/\uartgen.uart /uartPC/rtlcreg_CTSbsync/Q' (5003)
//      Bounds static X-source '/PRESETn' (244)
// MUX gate at /dut/\uartgen.uart /uartPC/rtlc4_78/B(18281)
//      Driven by existing flop at '/dut/\uartgen.uart /uartPC/rtlcreg_RIbsync/Q' (26086)
//      Bounds static X-source '/PRESETn' (244)
// MUX gate at /dut/\uartgen.uart /uartPC/rtlc7_415/B(18278)
//      Driven by existing flop at '/dut/\uartgen.uart /uartPC/rtlcreg_SINd/Q' (26087)
//      Bounds static X-source '/PRESETn' (244)
// MUX gate at /dut/\uartgen.uart /uartPC/rtlc7_423/B(22490)
//      Driven by existing flop at '/dut/\uartgen.uart /uartPC/rtlcreg_DSRbd/Q' (26088)
//      Bounds static X-source '/PRESETn' (244)
// MUX gate at /dut/\uartgen.uart /uartPC/rtlc7_419/B(18277)
//      Driven by existing flop at '/dut/\uartgen.uart /uartPC/rtlcreg_DCDbd/Q' (26089)
//      Bounds static X-source '/PRESETn' (244)
// MUX gate at /dut/\uartgen.uart /uartPC/rtlc4_81/B(22569)
//      Driven by existing flop at '/dut/\uartgen.uart /uartPC/rtlcreg_CTSbd/Q' (26090)
//      Bounds static X-source '/PRESETn' (244)
// MUX gate at /dut/\uartgen.uart /uartPC/rtlc4_88/B(22737)
//      Driven by existing flop at '/dut/\uartgen.uart /uartPC/rtlcreg_RIbd/Q' (26091)
//      Bounds static X-source '/PRESETn' (244)
// MUX gate at /dut/\uartgen.uart /uartPC/rtlc1_172/B(18286)
//      Driven by existing flop at '/dut/\uartgen.uart /uartPC/rtlcreg_SCR_7/Q' (5006)
//      Bounds static X-source '/PRESETn' (244)
// MUX gate at /dut/\uartgen.uart /uartPC/rtlc3_73/B(18282)
//      Driven by existing flop at '/dut/\uartgen.uart /uartPC/rtlcreg_SCR_6/Q' (5007)
//      Bounds static X-source '/PRESETn' (244)
// MUX gate at /dut/\gpio.gpio /APB_INTERFACE/rtlc3_3/A(18295)
//      Driven by existing flop at '/dut/\gpio.gpio /AUX_INTERFACE/rtlcreg_aux_i_8/Q' (4778)
//      Bounds static X-source '/PRESETn' (244)
// MUX gate at /dut/\uartgen.uart /uartPC/rtlc1_160/B(18289)
//      Driven by existing flop at '/dut/\uartgen.uart /uartPC/rtlcreg_SCR_5/Q' (5008)
//      Bounds static X-source '/PRESETn' (244)
// MUX gate at /dut/\uartgen.uart /uartPC/rtlc1_156/B(18290)
//      Driven by existing flop at '/dut/\uartgen.uart /uartPC/rtlcreg_SCR_4/Q' (5009)
//      Bounds static X-source '/PRESETn' (244)
// MUX gate at /dut/\uartgen.uart /uartPC/rtlc0_198/A(18291)
//      Driven by existing flop at '/dut/\uartgen.uart /uartPC/rtlcreg_SCR_3/Q' (5010)
//      Bounds static X-source '/PRESETn' (244)
// MUX gate at /dut/\gpio.gpio /APB_INTERFACE/rtlc_330/B(18292)
//      Driven by existing flop at '/dut/\gpio.gpio /AUX_INTERFACE/rtlcreg_aux_i_7/Q' (4779)
//      Bounds static X-source '/PRESETn' (244)
// MUX gate at /dut/\gpio.gpio /APB_INTERFACE/rtlc_326/B(18293)
//      Driven by existing flop at '/dut/\gpio.gpio /AUX_INTERFACE/rtlcreg_aux_i_6/Q' (4780)
//      Bounds static X-source '/PRESETn' (244)
// MUX gate at /dut/\plic.plic /rtlc_3031/B(24370)
//      Driven by existing flop at '/dut/\plic.plic /rtlcreg_Dout_31/Q' (4617)
//      Bounds static X-source '/PRESETn' (244)
// MUX gate at /dut/\plic.plic /rtlc_3027/B(24371)
//      Driven by existing flop at '/dut/\plic.plic /rtlcreg_Dout_30/Q' (4618)
//      Bounds static X-source '/PRESETn' (244)
// MUX gate at /dut/\plic.plic /rtlc_3023/B(24372)
//      Driven by existing flop at '/dut/\plic.plic /rtlcreg_Dout_29/Q' (4619)
//      Bounds static X-source '/PRESETn' (244)
// MUX gate at /dut/\plic.plic /rtlc_3019/B(24382)
//      Driven by existing flop at '/dut/\plic.plic /rtlcreg_Dout_28/Q' (4620)
//      Bounds static X-source '/PRESETn' (244)
// MUX gate at /dut/\plic.plic /rtlc_3015/B(24383)
//      Driven by existing flop at '/dut/\plic.plic /rtlcreg_Dout_27/Q' (4621)
//      Bounds static X-source '/PRESETn' (244)
// MUX gate at /dut/\plic.plic /rtlc_3011/B(24384)
//      Driven by existing flop at '/dut/\plic.plic /rtlcreg_Dout_26/Q' (4622)
//      Bounds static X-source '/PRESETn' (244)
// MUX gate at /dut/\plic.plic /rtlc_3043/B(24367)
//      Driven by existing flop at '/dut/\plic.plic /rtlcreg_Dout_25/Q' (4623)
//      Bounds static X-source '/PRESETn' (244)
// MUX gate at /dut/\plic.plic /rtlc_3039/B(24368)
//      Driven by existing flop at '/dut/\plic.plic /rtlcreg_Dout_24/Q' (4624)
//      Bounds static X-source '/PRESETn' (244)
// MUX gate at /dut/\plic.plic /rtlc_3035/B(24369)
//      Driven by existing flop at '/dut/\plic.plic /rtlcreg_Dout_23/Q' (4625)
//      Bounds static X-source '/PRESETn' (244)
// MUX gate at /dut/\clint.clint /rtlc2_177/B(18338)
//      Driven by existing flop at '/dut/\clint.clint /rtlcreg_PRDATA_30/Q' (25594)
//      Bounds static X-source '/PRESETn' (244)
// MUX gate at /dut/\clint.clint /rtlc2_175/B(18339)
//      Driven by existing flop at '/dut/\clint.clint /rtlcreg_PRDATA_29/Q' (25595)
//      Bounds static X-source '/PRESETn' (244)
// MUX gate at /dut/\clint.clint /rtlc2_173/B(18340)
//      Driven by existing flop at '/dut/\clint.clint /rtlcreg_PRDATA_28/Q' (25596)
//      Bounds static X-source '/PRESETn' (244)
// MUX gate at /dut/\clint.clint /rtlc2_171/B(18341)
//      Driven by existing flop at '/dut/\clint.clint /rtlcreg_PRDATA_27/Q' (25597)
//      Bounds static X-source '/PRESETn' (244)
// MUX gate at /dut/\clint.clint /rtlc2_169/B(18342)
//      Driven by existing flop at '/dut/\clint.clint /rtlcreg_PRDATA_26/Q' (25598)
//      Bounds static X-source '/PRESETn' (244)
// MUX gate at /dut/\clint.clint /rtlc2_179/B(18337)
//      Driven by existing flop at '/dut/\clint.clint /rtlcreg_PRDATA_25/Q' (25599)
//      Bounds static X-source '/PRESETn' (244)
// MUX gate at /dut/\clint.clint /rtlc2_167/B(18343)
//      Driven by existing flop at '/dut/\clint.clint /rtlcreg_PRDATA_24/Q' (25600)
//      Bounds static X-source '/PRESETn' (244)
// MUX gate at /dut/\clint.clint /rtlc2_165/B(18344)
//      Driven by existing flop at '/dut/\clint.clint /rtlcreg_PRDATA_23/Q' (25601)
//      Bounds static X-source '/PRESETn' (244)
// MUX gate at /dut/\clint.clint /rtlc3_226/B(18336)
//      Driven by existing flop at '/dut/\clint.clint /rtlcreg_PRDATA_22/Q' (25602)
//      Bounds static X-source '/PRESETn' (244)
// MUX gate at /dut/\clint.clint /rtlc3_247/B(18329)
//      Driven by existing flop at '/dut/\clint.clint /rtlcreg_PRDATA_21/Q' (25603)
//      Bounds static X-source '/PRESETn' (244)
// MUX gate at /dut/\clint.clint /rtlc3_244/B(18330)
//      Driven by existing flop at '/dut/\clint.clint /rtlcreg_PRDATA_20/Q' (25604)
//      Bounds static X-source '/PRESETn' (244)
// MUX gate at /dut/\clint.clint /rtlc3_241/B(18331)
//      Driven by existing flop at '/dut/\clint.clint /rtlcreg_PRDATA_19/Q' (25605)
//      Bounds static X-source '/PRESETn' (244)
// MUX gate at /dut/\clint.clint /rtlc3_238/B(18332)
//      Driven by existing flop at '/dut/\clint.clint /rtlcreg_PRDATA_18/Q' (25606)
//      Bounds static X-source '/PRESETn' (244)
// MUX gate at /dut/\clint.clint /rtlc3_235/B(18333)
//      Driven by existing flop at '/dut/\clint.clint /rtlcreg_PRDATA_17/Q' (25607)
//      Bounds static X-source '/PRESETn' (244)
// MUX gate at /dut/\clint.clint /rtlc3_232/B(18334)
//      Driven by existing flop at '/dut/\clint.clint /rtlcreg_PRDATA_16/Q' (25608)
//      Bounds static X-source '/PRESETn' (244)
// MUX gate at /dut/\clint.clint /rtlc3_229/B(18335)
//      Driven by existing flop at '/dut/\clint.clint /rtlcreg_PRDATA_15/Q' (25609)
//      Bounds static X-source '/PRESETn' (244)
// MUX gate at /dut/\plic.plic /rtlc4_402/B(18320)
//      Driven by existing flop at '/dut/\plic.plic /rtlcreg_Dout_22/Q' (4626)
//      Bounds static X-source '/PRESETn' (244)
// MUX gate at /dut/\plic.plic /rtlc4_398/B(18321)
//      Driven by existing flop at '/dut/\plic.plic /rtlcreg_Dout_21/Q' (4627)
//      Bounds static X-source '/PRESETn' (244)
// MUX gate at /dut/\plic.plic /rtlc0_532/A(18323)
//      Driven by existing flop at '/dut/\plic.plic /rtlcreg_Dout_20/Q' (4628)
//      Bounds static X-source '/PRESETn' (244)
// MUX gate at /dut/\plic.plic /rtlc4_410/B(18318)
//      Driven by existing flop at '/dut/\plic.plic /rtlcreg_Dout_19/Q' (4629)
//      Bounds static X-source '/PRESETn' (244)
// MUX gate at /dut/\plic.plic /rtlc4_406/B(18319)
//      Driven by existing flop at '/dut/\plic.plic /rtlcreg_Dout_18/Q' (4630)
//      Bounds static X-source '/PRESETn' (244)
// MUX gate at /dut/\clint.clint /rtlc_959/B(18324)
//      Driven by existing flop at '/dut/\clint.clint /rtlcreg_PRDATA_14/Q' (25610)
//      Bounds static X-source '/PRESETn' (244)
// MUX gate at /dut/\clint.clint /rtlc_958/B(18325)
//      Driven by existing flop at '/dut/\clint.clint /rtlcreg_PRDATA_13/Q' (25611)
//      Bounds static X-source '/PRESETn' (244)
// MUX gate at /dut/\plic.plic /rtlc_1779/B(18311)
//      Driven by existing flop at '/dut/\plic.plic /rtlcreg_Dout_17/Q' (4631)
//      Bounds static X-source '/PRESETn' (244)
// MUX gate at /dut/\plic.plic /rtlc_1761/B(18312)
//      Driven by existing flop at '/dut/\plic.plic /rtlcreg_Dout_16/Q' (4632)
//      Bounds static X-source '/PRESETn' (244)
// MUX gate at /dut/\plic.plic /rtlc_1743/B(18313)
//      Driven by existing flop at '/dut/\plic.plic /rtlcreg_Dout_15/Q' (4633)
//      Bounds static X-source '/PRESETn' (244)
// MUX gate at /dut/\plic.plic /rtlc_1725/B(18314)
//      Driven by existing flop at '/dut/\plic.plic /rtlcreg_Dout_14/Q' (4634)
//      Bounds static X-source '/PRESETn' (244)
// MUX gate at /dut/\plic.plic /rtlc_1707/B(18315)
//      Driven by existing flop at '/dut/\plic.plic /rtlcreg_Dout_13/Q' (4635)
//      Bounds static X-source '/PRESETn' (244)
// MUX gate at /dut/\plic.plic /rtlc_1689/B(18316)
//      Driven by existing flop at '/dut/\plic.plic /rtlcreg_Dout_12/Q' (4636)
//      Bounds static X-source '/PRESETn' (244)
// MUX gate at /dut/\plic.plic /rtlc_1671/B(18317)
//      Driven by existing flop at '/dut/\plic.plic /rtlcreg_Dout_11/Q' (4637)
//      Bounds static X-source '/PRESETn' (244)
// MUX gate at /dut/\plic.plic /rtlc4_394/B(18322)
//      Driven by existing flop at '/dut/\plic.plic /rtlcreg_Dout_10/Q' (4638)
//      Bounds static X-source '/PRESETn' (244)
// MUX gate at /dut/\plic.plic /rtlc4_414/B(22538)
//      Driven by existing flop at '/dut/\plic.plic /rtlcreg_Dout_9/Q' (4639)
//      Bounds static X-source '/PRESETn' (244)
// MUX gate at /dut/\uartgen.uart /uartPC/rtlc14_4/B(18266)
//      Driven by existing flop at '/dut/\uartgen.uart /uartPC/rtlcreg_SCR_2/Q' (5011)
//      Bounds static X-source '/PRESETn' (244)
// MUX gate at /dut/\uartgen.uart /uartPC/rtlc12_384/B(18269)
//      Driven by existing flop at '/dut/\uartgen.uart /uartPC/rtlcreg_SCR_1/Q' (5012)
//      Bounds static X-source '/PRESETn' (244)
// MUX gate at /dut/\uartgen.uart /uartPC/rtlc7_428/B(18276)
//      Driven by existing flop at '/dut/\uartgen.uart /uartPC/rtlcreg_SCR_0/Q' (5013)
//      Bounds static X-source '/PRESETn' (244)
// MUX gate at /dut/\uartgen.uart /uartPC/rtlc12_386/B(18268)
//      Driven by existing flop at '/dut/\uartgen.uart /uartPC/rtlcreg_DLM_7/Q' (5014)
//      Bounds static X-source '/PRESETn' (244)
// MUX gate at /dut/\uartgen.uart /uartPC/rtlc7_431/B(18275)
//      Driven by existing flop at '/dut/\uartgen.uart /uartPC/rtlcreg_DLM_6/Q' (5015)
//      Bounds static X-source '/PRESETn' (244)
// MUX gate at /dut/\uartgen.uart /uartPC/rtlc_3948/B(18265)
//      Driven by existing flop at '/dut/\uartgen.uart /uartPC/rtlcreg_DLM_5/Q' (5016)
//      Bounds static X-source '/PRESETn' (244)
// MUX gate at /dut/\uartgen.uart /uartPC/rtlc10_42/B(18273)
//      Driven by existing flop at '/dut/\uartgen.uart /uartPC/rtlcreg_DLM_4/Q' (5018)
//      Bounds static X-source '/PRESETn' (244)
// MUX gate at /dut/\uartgen.uart /uartPC/rtlc_3951/B(18264)
//      Driven by existing flop at '/dut/\uartgen.uart /uartPC/rtlcreg_DLM_3/Q' (5019)
//      Bounds static X-source '/PRESETn' (244)
// MUX gate at /dut/\uartgen.uart /uartPC/rtlc13_4/B(18267)
//      Driven by existing flop at '/dut/\uartgen.uart /uartPC/rtlcreg_DLM_2/Q' (5020)
//      Bounds static X-source '/PRESETn' (244)
// MUX gate at /dut/\uartgen.uart /uartPC/rtlc10_39/B(22637)
//      Driven by existing flop at '/dut/\uartgen.uart /uartPC/rtlcreg_DLM_1/Q' (5021)
//      Bounds static X-source '/PRESETn' (244)
// MUX gate at /dut/\uartgen.uart /uartPC/rtlc10_35/B(18274)
//      Driven by existing flop at '/dut/\uartgen.uart /uartPC/rtlcreg_DLM_0/Q' (5022)
//      Bounds static X-source '/PRESETn' (244)
// MUX gate at /dut/\uartgen.uart /uartPC/rtlc12_379/B(18270)
//      Driven by existing flop at '/dut/\uartgen.uart /uartPC/rtlcreg_DLL_7/Q' (5023)
//      Bounds static X-source '/PRESETn' (244)
// MUX gate at /dut/\uartgen.uart /uartPC/rtlc12_373/B(18271)
//      Driven by existing flop at '/dut/\uartgen.uart /uartPC/rtlcreg_DLL_6/Q' (5024)
//      Bounds static X-source '/PRESETn' (244)
// MUX gate at /dut/\uartgen.uart /uartPC/rtlc12_366/B(18272)
//      Driven by existing flop at '/dut/\uartgen.uart /uartPC/rtlcreg_DLL_5/Q' (5025)
//      Bounds static X-source '/PRESETn' (244)
// MUX gate at /dut/\uartgen.uart /uartPC/rtlc12_361/B(18104)
//      Driven by existing flop at '/dut/\uartgen.uart /uartPC/rtlcreg_DLL_4/Q' (5026)
//      Bounds static X-source '/PRESETn' (244)
// MUX gate at /dut/\uartgen.uart /uartPC/rtlc8_4/B(22638)
//      Driven by existing flop at '/dut/\uartgen.uart /uartPC/rtlcreg_DLL_3/Q' (5027)
//      Bounds static X-source '/PRESETn' (244)
// MUX gate at /dut/\clint.clint /rtlc_957/B(18326)
//      Driven by existing flop at '/dut/\clint.clint /rtlcreg_PRDATA_12/Q' (25612)
//      Bounds static X-source '/PRESETn' (244)
// MUX gate at /dut/\clint.clint /rtlc_956/B(18108)
//      Driven by existing flop at '/dut/\clint.clint /rtlcreg_PRDATA_11/Q' (25613)
//      Bounds static X-source '/PRESETn' (244)
// MUX gate at /dut/\clint.clint /rtlc_955/B(20404)
//      Driven by existing flop at '/dut/\clint.clint /rtlcreg_PRDATA_10/Q' (25614)
//      Bounds static X-source '/PRESETn' (244)
// MUX gate at /dut/\clint.clint /rtlc_954/B(21933)
//      Driven by existing flop at '/dut/\clint.clint /rtlcreg_PRDATA_9/Q' (25615)
//      Bounds static X-source '/PRESETn' (244)
// MUX gate at /dut/\clint.clint /rtlc_953/B(22480)
//      Driven by existing flop at '/dut/\clint.clint /rtlcreg_PRDATA_8/Q' (25616)
//      Bounds static X-source '/PRESETn' (244)
// MUX gate at /dut/\clint.clint /rtlc_952/B(22625)
//      Driven by existing flop at '/dut/\clint.clint /rtlcreg_PRDATA_7/Q' (25617)
//      Bounds static X-source '/PRESETn' (244)
// MUX gate at /dut/\clint.clint /rtlc_951/B(22746)
//      Driven by existing flop at '/dut/\clint.clint /rtlcreg_PRDATA_6/Q' (25618)
//      Bounds static X-source '/PRESETn' (244)
// MUX gate at /dut/\clint.clint /rtlc_950/B(22943)
//      Driven by existing flop at '/dut/\clint.clint /rtlcreg_PRDATA_5/Q' (25619)
//      Bounds static X-source '/PRESETn' (244)
// MUX gate at /dut/\clint.clint /rtlc_949/B(23159)
//      Driven by existing flop at '/dut/\clint.clint /rtlcreg_PRDATA_4/Q' (25620)
//      Bounds static X-source '/PRESETn' (244)
// MUX gate at /dut/\clint.clint /rtlc_948/B(24263)
//      Driven by existing flop at '/dut/\clint.clint /rtlcreg_PRDATA_3/Q' (25621)
//      Bounds static X-source '/PRESETn' (244)
// MUX gate at /dut/\clint.clint /rtlc_947/B(24343)
//      Driven by existing flop at '/dut/\clint.clint /rtlcreg_PRDATA_2/Q' (25622)
//      Bounds static X-source '/PRESETn' (244)
// MUX gate at /dut/\clint.clint /rtlc_946/B(24398)
//      Driven by existing flop at '/dut/\clint.clint /rtlcreg_PRDATA_1/Q' (25623)
//      Bounds static X-source '/PRESETn' (244)
// MUX gate at /dut/\clint.clint /rtlc_945/B(24427)
//      Driven by existing flop at '/dut/\clint.clint /rtlcreg_PRDATA_0/Q' (25624)
//      Bounds static X-source '/PRESETn' (244)
// MUX gate at /dut/\clint.clint /rtlc_944/B(24455)
//      Driven by existing flop at '/dut/\clint.clint /rtlcreg_MTIMECMP_63/Q' (4482)
//      Bounds static X-source '/PRESETn' (244)
// MUX gate at /dut/\clint.clint /rtlc_943/B(24486)
//      Driven by existing flop at '/dut/\clint.clint /rtlcreg_MTIMECMP_62/Q' (4483)
//      Bounds static X-source '/PRESETn' (244)
// MUX gate at /dut/\clint.clint /rtlc_942/B(24513)
//      Driven by existing flop at '/dut/\clint.clint /rtlcreg_MTIMECMP_61/Q' (4484)
//      Bounds static X-source '/PRESETn' (244)
// MUX gate at /dut/\clint.clint /rtlc_941/B(24537)
//      Driven by existing flop at '/dut/\clint.clint /rtlcreg_MTIMECMP_60/Q' (4485)
//      Bounds static X-source '/PRESETn' (244)
// MUX gate at /dut/\clint.clint /rtlc_940/B(24562)
//      Driven by existing flop at '/dut/\clint.clint /rtlcreg_MTIMECMP_59/Q' (4486)
//      Bounds static X-source '/PRESETn' (244)
// MUX gate at /dut/\clint.clint /rtlc_939/B(24583)
//      Driven by existing flop at '/dut/\clint.clint /rtlcreg_MTIMECMP_58/Q' (4487)
//      Bounds static X-source '/PRESETn' (244)
// MUX gate at /dut/\clint.clint /rtlc_938/B(24599)
//      Driven by existing flop at '/dut/\clint.clint /rtlcreg_MTIMECMP_57/Q' (4488)
//      Bounds static X-source '/PRESETn' (244)
// MUX gate at /dut/\clint.clint /rtlc_937/B(24615)
//      Driven by existing flop at '/dut/\clint.clint /rtlcreg_MTIMECMP_56/Q' (4489)
//      Bounds static X-source '/PRESETn' (244)
// MUX gate at /dut/\clint.clint /rtlc_936/B(24631)
//      Driven by existing flop at '/dut/\clint.clint /rtlcreg_MTIMECMP_55/Q' (4490)
//      Bounds static X-source '/PRESETn' (244)
// MUX gate at /dut/\clint.clint /rtlc_935/B(24644)
//      Driven by existing flop at '/dut/\clint.clint /rtlcreg_MTIMECMP_54/Q' (4491)
//      Bounds static X-source '/PRESETn' (244)
// MUX gate at /dut/\clint.clint /rtlc_934/B(24657)
//      Driven by existing flop at '/dut/\clint.clint /rtlcreg_MTIMECMP_53/Q' (4492)
//      Bounds static X-source '/PRESETn' (244)
// MUX gate at /dut/\clint.clint /rtlc_933/B(24670)
//      Driven by existing flop at '/dut/\clint.clint /rtlcreg_MTIMECMP_52/Q' (4493)
//      Bounds static X-source '/PRESETn' (244)
// MUX gate at /dut/\clint.clint /rtlc_932/B(24683)
//      Driven by existing flop at '/dut/\clint.clint /rtlcreg_MTIMECMP_51/Q' (4494)
//      Bounds static X-source '/PRESETn' (244)
// MUX gate at /dut/\clint.clint /rtlc_931/B(24696)
//      Driven by existing flop at '/dut/\clint.clint /rtlcreg_MTIMECMP_50/Q' (4495)
//      Bounds static X-source '/PRESETn' (244)
// MUX gate at /dut/\clint.clint /rtlc_930/B(24709)
//      Driven by existing flop at '/dut/\clint.clint /rtlcreg_MTIMECMP_49/Q' (4496)
//      Bounds static X-source '/PRESETn' (244)
// MUX gate at /dut/\clint.clint /rtlc_929/B(24722)
//      Driven by existing flop at '/dut/\clint.clint /rtlcreg_MTIMECMP_48/Q' (4497)
//      Bounds static X-source '/PRESETn' (244)
// MUX gate at /dut/\clint.clint /rtlc_928/B(24735)
//      Driven by existing flop at '/dut/\clint.clint /rtlcreg_MTIMECMP_47/Q' (4498)
//      Bounds static X-source '/PRESETn' (244)
// MUX gate at /dut/\clint.clint /rtlc_927/B(24748)
//      Driven by existing flop at '/dut/\clint.clint /rtlcreg_MTIMECMP_46/Q' (4499)
//      Bounds static X-source '/PRESETn' (244)
// MUX gate at /dut/\clint.clint /rtlc_926/B(24761)
//      Driven by existing flop at '/dut/\clint.clint /rtlcreg_MTIMECMP_45/Q' (4500)
//      Bounds static X-source '/PRESETn' (244)
// MUX gate at /dut/\clint.clint /rtlc_925/B(24774)
//      Driven by existing flop at '/dut/\clint.clint /rtlcreg_MTIMECMP_44/Q' (4501)
//      Bounds static X-source '/PRESETn' (244)
// MUX gate at /dut/\clint.clint /rtlc_924/B(24787)
//      Driven by existing flop at '/dut/\clint.clint /rtlcreg_MTIMECMP_43/Q' (4502)
//      Bounds static X-source '/PRESETn' (244)
// MUX gate at /dut/\clint.clint /rtlc_923/B(24800)
//      Driven by existing flop at '/dut/\clint.clint /rtlcreg_MTIMECMP_42/Q' (4503)
//      Bounds static X-source '/PRESETn' (244)
// MUX gate at /dut/\clint.clint /rtlc_922/B(24813)
//      Driven by existing flop at '/dut/\clint.clint /rtlcreg_MTIMECMP_41/Q' (4504)
//      Bounds static X-source '/PRESETn' (244)
// MUX gate at /dut/\clint.clint /rtlc_921/B(24826)
//      Driven by existing flop at '/dut/\clint.clint /rtlcreg_MTIMECMP_40/Q' (4505)
//      Bounds static X-source '/PRESETn' (244)
// MUX gate at /dut/\clint.clint /rtlc_920/B(24839)
//      Driven by existing flop at '/dut/\clint.clint /rtlcreg_MTIMECMP_39/Q' (4506)
//      Bounds static X-source '/PRESETn' (244)
// MUX gate at /dut/\clint.clint /rtlc_919/B(24852)
//      Driven by existing flop at '/dut/\clint.clint /rtlcreg_MTIMECMP_38/Q' (4507)
//      Bounds static X-source '/PRESETn' (244)
// MUX gate at /dut/\clint.clint /rtlc_918/B(24865)
//      Driven by existing flop at '/dut/\clint.clint /rtlcreg_MTIMECMP_37/Q' (4508)
//      Bounds static X-source '/PRESETn' (244)
// MUX gate at /dut/\clint.clint /rtlc_917/B(24878)
//      Driven by existing flop at '/dut/\clint.clint /rtlcreg_MTIMECMP_36/Q' (4509)
//      Bounds static X-source '/PRESETn' (244)
// MUX gate at /dut/\clint.clint /rtlc_916/B(24891)
//      Driven by existing flop at '/dut/\clint.clint /rtlcreg_MTIMECMP_35/Q' (4510)
//      Bounds static X-source '/PRESETn' (244)
// MUX gate at /dut/\clint.clint /rtlc_915/B(24904)
//      Driven by existing flop at '/dut/\clint.clint /rtlcreg_MTIMECMP_34/Q' (4511)
//      Bounds static X-source '/PRESETn' (244)
// MUX gate at /dut/\clint.clint /rtlc_914/B(24917)
//      Driven by existing flop at '/dut/\clint.clint /rtlcreg_MTIMECMP_33/Q' (4512)
//      Bounds static X-source '/PRESETn' (244)
// MUX gate at /dut/\clint.clint /rtlc_913/B(24930)
//      Driven by existing flop at '/dut/\clint.clint /rtlcreg_MTIMECMP_32/Q' (4513)
//      Bounds static X-source '/PRESETn' (244)
// MUX gate at /dut/\clint.clint /rtlc_912/B(24943)
//      Driven by existing flop at '/dut/\clint.clint /rtlcreg_MTIMECMP_31/Q' (4514)
//      Bounds static X-source '/PRESETn' (244)
// MUX gate at /dut/\clint.clint /rtlc_911/B(24956)
//      Driven by existing flop at '/dut/\clint.clint /rtlcreg_MTIMECMP_30/Q' (4515)
//      Bounds static X-source '/PRESETn' (244)
// MUX gate at /dut/\clint.clint /rtlc_910/B(24969)
//      Driven by existing flop at '/dut/\clint.clint /rtlcreg_MTIMECMP_29/Q' (4516)
//      Bounds static X-source '/PRESETn' (244)
// MUX gate at /dut/\clint.clint /rtlc_909/B(24982)
//      Driven by existing flop at '/dut/\clint.clint /rtlcreg_MTIMECMP_28/Q' (4517)
//      Bounds static X-source '/PRESETn' (244)
// MUX gate at /dut/\clint.clint /rtlc_908/B(24995)
//      Driven by existing flop at '/dut/\clint.clint /rtlcreg_MTIMECMP_27/Q' (4518)
//      Bounds static X-source '/PRESETn' (244)
// MUX gate at /dut/\clint.clint /rtlc_907/B(25008)
//      Driven by existing flop at '/dut/\clint.clint /rtlcreg_MTIMECMP_26/Q' (4519)
//      Bounds static X-source '/PRESETn' (244)
// MUX gate at /dut/\clint.clint /rtlc_906/B(25021)
//      Driven by existing flop at '/dut/\clint.clint /rtlcreg_MTIMECMP_25/Q' (4520)
//      Bounds static X-source '/PRESETn' (244)
// MUX gate at /dut/\clint.clint /rtlc_905/B(25034)
//      Driven by existing flop at '/dut/\clint.clint /rtlcreg_MTIMECMP_24/Q' (4521)
//      Bounds static X-source '/PRESETn' (244)
// MUX gate at /dut/\clint.clint /rtlc_904/B(25047)
//      Driven by existing flop at '/dut/\clint.clint /rtlcreg_MTIMECMP_23/Q' (4522)
//      Bounds static X-source '/PRESETn' (244)
// MUX gate at /dut/\clint.clint /rtlc_903/B(25060)
//      Driven by existing flop at '/dut/\clint.clint /rtlcreg_MTIMECMP_22/Q' (4523)
//      Bounds static X-source '/PRESETn' (244)
// MUX gate at /dut/\clint.clint /rtlc_902/B(25073)
//      Driven by existing flop at '/dut/\clint.clint /rtlcreg_MTIMECMP_21/Q' (4524)
//      Bounds static X-source '/PRESETn' (244)
// MUX gate at /dut/\clint.clint /rtlc_901/B(25086)
//      Driven by existing flop at '/dut/\clint.clint /rtlcreg_MTIMECMP_20/Q' (4525)
//      Bounds static X-source '/PRESETn' (244)
// MUX gate at /dut/\clint.clint /rtlc_900/B(25099)
//      Driven by existing flop at '/dut/\clint.clint /rtlcreg_MTIMECMP_19/Q' (4526)
//      Bounds static X-source '/PRESETn' (244)
// MUX gate at /dut/\clint.clint /rtlc_899/B(25112)
//      Driven by existing flop at '/dut/\clint.clint /rtlcreg_MTIMECMP_18/Q' (4527)
//      Bounds static X-source '/PRESETn' (244)
// MUX gate at /dut/\clint.clint /rtlc_898/B(25125)
//      Driven by existing flop at '/dut/\clint.clint /rtlcreg_MTIMECMP_17/Q' (4528)
//      Bounds static X-source '/PRESETn' (244)
// MUX gate at /dut/\clint.clint /rtlc_897/B(25138)
//      Driven by existing flop at '/dut/\clint.clint /rtlcreg_MTIMECMP_16/Q' (4529)
//      Bounds static X-source '/PRESETn' (244)
// MUX gate at /dut/\clint.clint /rtlc_896/B(25146)
//      Driven by existing flop at '/dut/\clint.clint /rtlcreg_MTIMECMP_15/Q' (4530)
//      Bounds static X-source '/PRESETn' (244)
// MUX gate at /dut/\clint.clint /rtlc_871/A(18327)
//      Driven by existing flop at '/dut/\clint.clint /rtlcreg_MTIMECMP_14/Q' (4531)
//      Bounds static X-source '/PRESETn' (244)
// MUX gate at /dut/\clint.clint /rtlc_852/B(18328)
//      Driven by existing flop at '/dut/\clint.clint /rtlcreg_MTIMECMP_13/Q' (4532)
//      Bounds static X-source '/PRESETn' (244)
// MUX gate at /dut/\plic.plic /rtlc_2499/B(18296)
//      Driven by existing flop at '/dut/\plic.plic /rtlcreg_Dout_8/Q' (4640)
//      Bounds static X-source '/PRESETn' (244)
// MUX gate at /dut/\plic.plic /rtlc_2496/B(18297)
//      Driven by existing flop at '/dut/\plic.plic /rtlcreg_Dout_7/Q' (4641)
//      Bounds static X-source '/PRESETn' (244)
// MUX gate at /dut/\plic.plic /rtlc_2493/B(18298)
//      Driven by existing flop at '/dut/\plic.plic /rtlcreg_Dout_6/Q' (4642)
//      Bounds static X-source '/PRESETn' (244)
// MUX gate at /dut/\plic.plic /rtlc_2490/B(18299)
//      Driven by existing flop at '/dut/\plic.plic /rtlcreg_Dout_5/Q' (4643)
//      Bounds static X-source '/PRESETn' (244)
// MUX gate at /dut/\plic.plic /rtlc_2473/B(18303)
//      Driven by existing flop at '/dut/\plic.plic /rtlcreg_Dout_4/Q' (4644)
//      Bounds static X-source '/PRESETn' (244)
// MUX gate at /dut/\plic.plic /rtlc_2487/B(18300)
//      Driven by existing flop at '/dut/\plic.plic /rtlcreg_Dout_3/Q' (4645)
//      Bounds static X-source '/PRESETn' (244)
// MUX gate at /dut/\plic.plic /rtlc_2484/B(18301)
//      Driven by existing flop at '/dut/\plic.plic /rtlcreg_Dout_2/Q' (4646)
//      Bounds static X-source '/PRESETn' (244)
// MUX gate at /dut/\plic.plic /rtlc_2481/B(18302)
//      Driven by existing flop at '/dut/\plic.plic /rtlcreg_Dout_1/Q' (4647)
//      Bounds static X-source '/PRESETn' (244)
// MUX gate at /dut/\plic.plic /rtlc_2441/B(18304)
//      Driven by existing flop at '/dut/\plic.plic /rtlcreg_Dout_0/Q' (4648)
//      Bounds static X-source '/PRESETn' (244)
// MUX gate at /dut/\plic.plic /rtlc_2440/B(18305)
//      Driven by existing flop at '/dut/\plic.plic /rtlcreg_intInProgress_10/Q' (4649)
//      Bounds static X-source '/PRESETn' (244)
// MUX gate at /dut/\plic.plic /rtlc_2411/B(18306)
//      Driven by existing flop at '/dut/\plic.plic /rtlcreg_intInProgress_9/Q' (4650)
//      Bounds static X-source '/PRESETn' (244)
// MUX gate at /dut/\plic.plic /rtlc_1833/B(18308)
//      Driven by existing flop at '/dut/\plic.plic /rtlcreg_intInProgress_8/Q' (4651)
//      Bounds static X-source '/PRESETn' (244)
// MUX gate at /dut/\plic.plic /rtlc_1815/B(18309)
//      Driven by existing flop at '/dut/\plic.plic /rtlcreg_intInProgress_7/Q' (4652)
//      Bounds static X-source '/PRESETn' (244)
// MUX gate at /dut/\plic.plic /rtlc_1797/B(18310)
//      Driven by existing flop at '/dut/\plic.plic /rtlcreg_intInProgress_6/Q' (4653)
//      Bounds static X-source '/PRESETn' (244)
// MUX gate at /dut/\plic.plic /rtlc_3005/B(24385)
//      Driven by existing flop at '/dut/\plic.plic /rtlcreg_intInProgress_5/Q' (4654)
//      Bounds static X-source '/PRESETn' (244)
// MUX gate at /dut/\plic.plic /rtlc_2127/A(18307)
//      Driven by existing flop at '/dut/\clint.clint /rtlcreg_MTIMECMP_12/Q' (4533)
//      Bounds static X-source '/PRESETn' (244)
// MUX gate at /dut/\spi.spi /rtlcreg_Dout_8/CE(18694)
//      Driven by existing flop at '/dut/\spi.spi /rtlcreg_Dout_31/Q' (5709)
//      Bounds static X-source '/PRESETn' (244)
// MUX gate at /dut/\spi.spi /rtlcreg_Dout_9/CE(18695)
//      Driven by existing flop at '/dut/\spi.spi /rtlcreg_Dout_30/Q' (5710)
//      Bounds static X-source '/PRESETn' (244)
// MUX gate at /dut/\spi.spi /rtlcreg_Dout_10/CE(18696)
//      Driven by existing flop at '/dut/\spi.spi /rtlcreg_Dout_29/Q' (5711)
//      Bounds static X-source '/PRESETn' (244)
// MUX gate at /dut/\spi.spi /rtlcreg_Dout_11/CE(18697)
//      Driven by existing flop at '/dut/\spi.spi /rtlcreg_Dout_28/Q' (5712)
//      Bounds static X-source '/PRESETn' (244)
// MUX gate at /dut/\spi.spi /rtlcreg_Dout_12/CE(18698)
//      Driven by existing flop at '/dut/\spi.spi /rtlcreg_Dout_27/Q' (5713)
//      Bounds static X-source '/PRESETn' (244)
// MUX gate at /dut/\spi.spi /rtlcreg_Dout_13/CE(18699)
//      Driven by existing flop at '/dut/\spi.spi /rtlcreg_Dout_26/Q' (5714)
//      Bounds static X-source '/PRESETn' (244)
// MUX gate at /dut/\spi.spi /rtlcreg_Dout_14/CE(18700)
//      Driven by existing flop at '/dut/\spi.spi /rtlcreg_Dout_25/Q' (5715)
//      Bounds static X-source '/PRESETn' (244)
// MUX gate at /dut/\spi.spi /rtlcreg_Dout_15/CE(18701)
//      Driven by existing flop at '/dut/\spi.spi /rtlcreg_Dout_24/Q' (5716)
//      Bounds static X-source '/PRESETn' (244)
// MUX gate at /dut/\spi.spi /rtlcreg_Dout_0/CE(18686)
//      Driven by existing flop at '/dut/\spi.spi /rtlcreg_Dout_23/Q' (5717)
//      Bounds static X-source '/PRESETn' (244)
// MUX gate at /dut/\spi.spi /rtlcreg_Dout_1/CE(18687)
//      Driven by existing flop at '/dut/\spi.spi /rtlcreg_Dout_22/Q' (5718)
//      Bounds static X-source '/PRESETn' (244)
// MUX gate at /dut/\spi.spi /rtlcreg_Dout_4/CE(18690)
//      Driven by existing flop at '/dut/\spi.spi /rtlcreg_Dout_21/Q' (5719)
//      Bounds static X-source '/PRESETn' (244)
// MUX gate at /dut/\spi.spi /rtlcreg_Dout_5/CE(18691)
//      Driven by existing flop at '/dut/\spi.spi /rtlcreg_Dout_20/Q' (5720)
//      Bounds static X-source '/PRESETn' (244)
// MUX gate at /dut/\spi.spi /rtlcreg_Dout_6/CE(18692)
//      Driven by existing flop at '/dut/\spi.spi /rtlcreg_Dout_19/Q' (5721)
//      Bounds static X-source '/PRESETn' (244)
// MUX gate at /dut/\spi.spi /rtlcreg_Dout_7/CE(18693)
//      Driven by existing flop at '/dut/\spi.spi /rtlcreg_Dout_18/Q' (5722)
//      Bounds static X-source '/PRESETn' (244)
// MUX gate at /dut/\spi.spi /rtlcreg_Dout_2/CE(18688)
//      Driven by existing flop at '/dut/\spi.spi /rtlcreg_Dout_17/Q' (5723)
//      Bounds static X-source '/PRESETn' (244)
// MUX gate at /dut/\spi.spi /rtlcreg_Dout_3/CE(18689)
//      Driven by existing flop at '/dut/\spi.spi /rtlcreg_Dout_16/Q' (5724)
//      Bounds static X-source '/PRESETn' (244)
// MUX gate at /dut/\spi.spi /rtlcreg_Dout_16/CE(18702)
//      Driven by existing flop at '/dut/\spi.spi /rtlcreg_Dout_15/Q' (5725)
//      Bounds static X-source '/PRESETn' (244)
// MUX gate at /dut/\spi.spi /rtlcreg_Dout_17/CE(18703)
//      Driven by existing flop at '/dut/\spi.spi /rtlcreg_Dout_14/Q' (5726)
//      Bounds static X-source '/PRESETn' (244)
// MUX gate at /dut/\spi.spi /rtlcreg_Dout_18/CE(18704)
//      Driven by existing flop at '/dut/\spi.spi /rtlcreg_Dout_13/Q' (5727)
//      Bounds static X-source '/PRESETn' (244)
// MUX gate at /dut/\spi.spi /rtlcreg_Dout_19/CE(18705)
//      Driven by existing flop at '/dut/\spi.spi /rtlcreg_Dout_12/Q' (5729)
//      Bounds static X-source '/PRESETn' (244)
// MUX gate at /dut/\spi.spi /rtlcreg_Dout_20/CE(18706)
//      Driven by existing flop at '/dut/\spi.spi /rtlcreg_Dout_11/Q' (5730)
//      Bounds static X-source '/PRESETn' (244)
// MUX gate at /dut/\spi.spi /rtlcreg_Dout_21/CE(18707)
//      Driven by existing flop at '/dut/\spi.spi /rtlcreg_Dout_10/Q' (5731)
//      Bounds static X-source '/PRESETn' (244)
// MUX gate at /dut/\spi.spi /rtlcreg_Dout_22/CE(18708)
//      Driven by existing flop at '/dut/\spi.spi /rtlcreg_Dout_9/Q' (5732)
//      Bounds static X-source '/PRESETn' (244)
// MUX gate at /dut/\spi.spi /rtlcreg_Dout_23/CE(18709)
//      Driven by existing flop at '/dut/\spi.spi /rtlcreg_Dout_8/Q' (5733)
//      Bounds static X-source '/PRESETn' (244)
// MUX gate at /dut/\spi.spi /rtlcreg_Dout_24/CE(18710)
//      Driven by existing flop at '/dut/\spi.spi /rtlcreg_Dout_7/Q' (5734)
//      Bounds static X-source '/PRESETn' (244)
// MUX gate at /dut/\spi.spi /rtlcreg_Dout_25/CE(18711)
//      Driven by existing flop at '/dut/\spi.spi /rtlcreg_Dout_6/Q' (5735)
//      Bounds static X-source '/PRESETn' (244)
// MUX gate at /dut/\spi.spi /rtlcreg_Dout_26/CE(18712)
//      Driven by existing flop at '/dut/\spi.spi /rtlcreg_Dout_5/Q' (5736)
//      Bounds static X-source '/PRESETn' (244)
// MUX gate at /dut/\spi.spi /rtlcreg_Dout_27/CE(18713)
//      Driven by existing flop at '/dut/\spi.spi /rtlcreg_Dout_4/Q' (5737)
//      Bounds static X-source '/PRESETn' (244)
// MUX gate at /dut/\spi.spi /rtlcreg_Dout_28/CE(18714)
//      Driven by existing flop at '/dut/\spi.spi /rtlcreg_Dout_3/Q' (5738)
//      Bounds static X-source '/PRESETn' (244)
// MUX gate at /dut/\spi.spi /rtlcreg_Dout_29/CE(18715)
//      Driven by existing flop at '/dut/\spi.spi /rtlcreg_Dout_2/Q' (5739)
//      Bounds static X-source '/PRESETn' (244)
// MUX gate at /dut/\spi.spi /rtlcreg_Dout_30/CE(18716)
//      Driven by existing flop at '/dut/\spi.spi /rtlcreg_Dout_1/Q' (5740)
//      Bounds static X-source '/PRESETn' (244)
// MUX gate at /dut/\spi.spi /rtlcreg_Dout_31/CE(18717)
//      Driven by existing flop at '/dut/\spi.spi /rtlcreg_Dout_0/Q' (5741)
//      Bounds static X-source '/PRESETn' (244)
// MUX gate at /dut/\spi.spi /rtlc_1187/B(21273)
//      Driven by existing flop at '/dut/\spi.spi /rtlcreg_InterruptPending_1/Q' (26785)
//      Bounds static X-source '/PRESETn' (244)
// MUX gate at /dut/\spi.spi /rtlc_1159/B(18718)
//      Driven by existing flop at '/dut/\spi.spi /rtlcreg_InterruptPending_0/Q' (26786)
//      Bounds static X-source '/PRESETn' (244)
// MUX gate at /dut/\spi.spi /rtlc_1158/B(18719)
//      Driven by existing flop at '/dut/\spi.spi /rtlcreg_InterruptEnable_1/Q' (5742)
//      Bounds static X-source '/PRESETn' (244)
// MUX gate at /dut/\spi.spi /rtlc_1157/B(18720)
//      Driven by existing flop at '/dut/\spi.spi /rtlcreg_InterruptEnable_0/Q' (5743)
//      Bounds static X-source '/PRESETn' (244)
// MUX gate at /dut/\spi.spi /rtlc_1152/B(18725)
//      Driven by existing flop at '/dut/\spi.spi /rtlcreg_ReceiveWatermark_2/Q' (5744)
//      Bounds static X-source '/PRESETn' (244)
// MUX gate at /dut/\spi.spi /rtlc_1156/B(18721)
//      Driven by existing flop at '/dut/\spi.spi /rtlcreg_ReceiveWatermark_1/Q' (5745)
//      Bounds static X-source '/PRESETn' (244)
// MUX gate at /dut/\spi.spi /rtlc_1155/B(18722)
//      Driven by existing flop at '/dut/\spi.spi /rtlcreg_ReceiveWatermark_0/Q' (5746)
//      Bounds static X-source '/PRESETn' (244)
// MUX gate at /dut/\spi.spi /rtlc_1154/B(18723)
//      Driven by existing flop at '/dut/\spi.spi /rtlcreg_TransmitWatermark_2/Q' (5747)
//      Bounds static X-source '/PRESETn' (244)
// MUX gate at /dut/\spi.spi /rtlc_1153/B(18724)
//      Driven by existing flop at '/dut/\spi.spi /rtlcreg_TransmitWatermark_1/Q' (5748)
//      Bounds static X-source '/PRESETn' (244)
// MUX gate at /dut/\spi.spi /rtlc_1151/B(18726)
//      Driven by existing flop at '/dut/\spi.spi /rtlcreg_TransmitWatermark_0/Q' (5749)
//      Bounds static X-source '/PRESETn' (244)
// MUX gate at /dut/\spi.spi /rtlc_1150/B(18727)
//      Driven by existing flop at '/dut/\spi.spi /rtlcreg_TransmitData_8/Q' (5750)
//      Bounds static X-source '/PRESETn' (244)
// MUX gate at /dut/\spi.spi /rtlc_1149/B(18728)
//      Driven by existing flop at '/dut/\spi.spi /rtlcreg_TransmitData_7/Q' (5751)
//      Bounds static X-source '/PRESETn' (244)
// MUX gate at /dut/\spi.spi /rtlc_1148/B(18729)
//      Driven by existing flop at '/dut/\spi.spi /rtlcreg_TransmitData_6/Q' (5752)
//      Bounds static X-source '/PRESETn' (244)
// MUX gate at /dut/\spi.spi /rtlc_1147/B(18730)
//      Driven by existing flop at '/dut/\spi.spi /rtlcreg_TransmitData_5/Q' (5753)
//      Bounds static X-source '/PRESETn' (244)
// MUX gate at /dut/\spi.spi /rtlc_1146/B(18731)
//      Driven by existing flop at '/dut/\spi.spi /rtlcreg_TransmitData_4/Q' (5754)
//      Bounds static X-source '/PRESETn' (244)
// MUX gate at /dut/\spi.spi /rtlc_1144/B(18732)
//      Driven by existing flop at '/dut/\spi.spi /rtlcreg_TransmitData_3/Q' (5755)
//      Bounds static X-source '/PRESETn' (244)
// MUX gate at /dut/\spi.spi /rtlc6_17/B(18758)
//      Driven by existing flop at '/dut/\spi.spi /rtlcreg_TransmitData_2/Q' (5756)
//      Bounds static X-source '/PRESETn' (244)
// MUX gate at /dut/\spi.spi /rtlc_1019/B(18755)
//      Driven by existing flop at '/dut/\spi.spi /rtlcreg_TransmitData_1/Q' (5757)
//      Bounds static X-source '/PRESETn' (244)
// MUX gate at /dut/\spi.spi /rtlc_1018/B(18756)
//      Driven by existing flop at '/dut/\spi.spi /rtlcreg_TransmitData_0/Q' (5758)
//      Bounds static X-source '/PRESETn' (244)
// MUX gate at /dut/\spi.spi /rtlc_1007/B(18757)
//      Driven by existing flop at '/dut/\spi.spi /rtlcreg_Format_4/Q' (5759)
//      Bounds static X-source '/PRESETn' (244)
// MUX gate at /dut/\spi.spi /rtlc0_287/B(18763)
//      Driven by existing flop at '/dut/\spi.spi /rtlcreg_Format_3/Q' (5760)
//      Bounds static X-source '/PRESETn' (244)
// MUX gate at /dut/\spi.spi /rtlc4_4/B(18761)
//      Driven by existing flop at '/dut/\spi.spi /rtlcreg_Format_2/Q' (5761)
//      Bounds static X-source '/PRESETn' (244)
// MUX gate at /dut/\spi.spi /rtlc5_27/B(18759)
//      Driven by existing flop at '/dut/\spi.spi /rtlcreg_Format_1/Q' (5762)
//      Bounds static X-source '/PRESETn' (244)
// MUX gate at /dut/\spi.spi /rtlc1_4/B(18762)
//      Driven by existing flop at '/dut/\spi.spi /rtlcreg_Format_0/Q' (5763)
//      Bounds static X-source '/PRESETn' (244)
// MUX gate at /dut/\spi.spi /rtlc5_24/B(18760)
//      Driven by existing flop at '/dut/\spi.spi /rtlcreg_Delay1_15/Q' (5764)
//      Bounds static X-source '/PRESETn' (244)
// MUX gate at /dut/\spi.spi /rtlc_1042/B(18748)
//      Driven by existing flop at '/dut/\spi.spi /rtlcreg_Delay1_14/Q' (5765)
//      Bounds static X-source '/PRESETn' (244)
// MUX gate at /dut/\spi.spi /rtlc_1041/B(18749)
//      Driven by existing flop at '/dut/\spi.spi /rtlcreg_Delay1_13/Q' (5766)
//      Bounds static X-source '/PRESETn' (244)
// MUX gate at /dut/\spi.spi /rtlc_1040/B(18750)
//      Driven by existing flop at '/dut/\spi.spi /rtlcreg_Delay1_12/Q' (5767)
//      Bounds static X-source '/PRESETn' (244)
// MUX gate at /dut/\spi.spi /rtlc_1039/B(18751)
//      Driven by existing flop at '/dut/\spi.spi /rtlcreg_Delay1_11/Q' (5768)
//      Bounds static X-source '/PRESETn' (244)
// MUX gate at /dut/\spi.spi /rtlc_1038/B(18752)
//      Driven by existing flop at '/dut/\spi.spi /rtlcreg_Delay1_10/Q' (5769)
//      Bounds static X-source '/PRESETn' (244)
// MUX gate at /dut/\spi.spi /rtlc_1037/B(18753)
//      Driven by existing flop at '/dut/\spi.spi /rtlcreg_Delay1_9/Q' (5770)
//      Bounds static X-source '/PRESETn' (244)
// MUX gate at /dut/\spi.spi /rtlc_1036/B(18754)
//      Driven by existing flop at '/dut/\spi.spi /rtlcreg_Delay1_8/Q' (5771)
//      Bounds static X-source '/PRESETn' (244)
// MUX gate at /dut/\spi.spi /rtlc0_276/B(18766)
//      Driven by existing flop at '/dut/\spi.spi /rtlcreg_Delay1_7/Q' (5772)
//      Bounds static X-source '/PRESETn' (244)
// MUX gate at /dut/\spi.spi /rtlc0_159/A(18775)
//      Driven by existing flop at '/dut/\spi.spi /rtlcreg_Delay1_6/Q' (5773)
//      Bounds static X-source '/PRESETn' (244)
// MUX gate at /dut/\spi.spi /rtlc0_283/B(18764)
//      Driven by existing flop at '/dut/\spi.spi /rtlcreg_Delay1_5/Q' (5774)
//      Bounds static X-source '/PRESETn' (244)
// MUX gate at /dut/\spi.spi /rtlc0_279/B(18765)
//      Driven by existing flop at '/dut/\spi.spi /rtlcreg_Delay1_4/Q' (5775)
//      Bounds static X-source '/PRESETn' (244)
// MUX gate at /dut/\spi.spi /rtlc0_272/B(18767)
//      Driven by existing flop at '/dut/\spi.spi /rtlcreg_Delay1_3/Q' (5776)
//      Bounds static X-source '/PRESETn' (244)
// MUX gate at /dut/\spi.spi /rtlc0_268/B(18768)
//      Driven by existing flop at '/dut/\spi.spi /rtlcreg_Delay1_2/Q' (5777)
//      Bounds static X-source '/PRESETn' (244)
// MUX gate at /dut/\spi.spi /rtlc0_264/B(18769)
//      Driven by existing flop at '/dut/\spi.spi /rtlcreg_Delay1_1/Q' (5778)
//      Bounds static X-source '/PRESETn' (244)
// MUX gate at /dut/\spi.spi /rtlc0_260/B(18770)
//      Driven by existing flop at '/dut/\spi.spi /rtlcreg_Delay1_0/Q' (5779)
//      Bounds static X-source '/PRESETn' (244)
// MUX gate at /dut/\spi.spi /rtlc0_252/B(18772)
//      Driven by existing flop at '/dut/\spi.spi /rtlcreg_Delay0_15/Q' (5780)
//      Bounds static X-source '/PRESETn' (244)
// MUX gate at /dut/\spi.spi /rtlc0_248/B(18773)
//      Driven by existing flop at '/dut/\spi.spi /rtlcreg_Delay0_14/Q' (5781)
//      Bounds static X-source '/PRESETn' (244)
// MUX gate at /dut/\spi.spi /rtlc0_244/B(18774)
//      Driven by existing flop at '/dut/\spi.spi /rtlcreg_Delay0_13/Q' (5782)
//      Bounds static X-source '/PRESETn' (244)
// MUX gate at /dut/\spi.spi /rtlc0_256/B(18771)
//      Driven by existing flop at '/dut/\spi.spi /rtlcreg_Delay0_12/Q' (5783)
//      Bounds static X-source '/PRESETn' (244)
// MUX gate at /dut/\spi.spi /rxFIFO/rtlc_842/B(18777)
//      Driven by existing flop at '/dut/\spi.spi /rxFIFO/rtlcreg_wfull/Q' (5635)
//      Bounds static X-source '/PRESETn' (244)
// MUX gate at /dut/\spi.spi /rxFIFO/rtlc_840/A(18778)
//      Driven by existing flop at '/dut/\spi.spi /rxFIFO/rtlcreg_mem_63/Q' (5644)
//      Bounds static X-source '/PRESETn' (244)
// MUX gate at /dut/\spi.spi /rxFIFO/rtlc_844/B(18776)
//      Driven by existing flop at '/dut/\spi.spi /rxFIFO/rtlcreg_rempty/Q' (5634)
//      Bounds static X-source '/PRESETn' (244)
// MUX gate at /dut/\spi.spi /rxFIFO/rtlc_843/B(21527)
//      Driven by existing flop at '/dut/\spi.spi /rxFIFO/rtlcreg_mem_62/Q' (5645)
//      Bounds static X-source '/PRESETn' (244)
// MUX gate at /dut/\uartgen.uart /uartPC/rtlc_4283/B(18851)
//      Driven by existing flop at '/dut/\uartgen.uart /uartPC/rtlcreg_DLL_2/Q' (5028)
//      Bounds static X-source '/PRESETn' (244)
// MUX gate at /dut/\uartgen.uart /uartPC/rtlc_4293/B(18843)
//      Driven by existing flop at '/dut/\uartgen.uart /uartPC/rtlcreg_DLL_1/Q' (5029)
//      Bounds static X-source '/PRESETn' (244)
// MUX gate at /dut/\uartgen.uart /uartPC/rtlc_4292/B(18844)
//      Driven by existing flop at '/dut/\uartgen.uart /uartPC/rtlcreg_DLL_0/Q' (5030)
//      Bounds static X-source '/PRESETn' (244)
// MUX gate at /dut/\uartgen.uart /uartPC/rtlc_4291/B(18845)
//      Driven by existing flop at '/dut/\uartgen.uart /uartPC/rtlcreg_MSR_3/Q' (26116)
//      Bounds static X-source '/PRESETn' (244)
// MUX gate at /dut/\uartgen.uart /uartPC/rtlc_4290/B(18846)
//      Driven by existing flop at '/dut/\uartgen.uart /uartPC/rtlcreg_MSR_2/Q' (26117)
//      Bounds static X-source '/PRESETn' (244)
// MUX gate at /dut/\uartgen.uart /uartPC/rtlc_4289/B(18847)
//      Driven by existing flop at '/dut/\uartgen.uart /uartPC/rtlcreg_MSR_1/Q' (26118)
//      Bounds static X-source '/PRESETn' (244)
// MUX gate at /dut/\uartgen.uart /uartPC/rtlc_4288/B(18848)
//      Driven by existing flop at '/dut/\uartgen.uart /uartPC/rtlcreg_MSR_0/Q' (26119)
//      Bounds static X-source '/PRESETn' (244)
// MUX gate at /dut/\uartgen.uart /uartPC/rtlc_4287/B(18849)
//      Driven by existing flop at '/dut/\uartgen.uart /uartPC/rtlcreg_LSR_7/Q' (5033)
//      Bounds static X-source '/PRESETn' (244)
// MUX gate at /dut/\uartgen.uart /uartPC/rtlc_4286/B(18850)
//      Driven by existing flop at '/dut/\uartgen.uart /uartPC/rtlcreg_LSR_6/Q' (26121)
//      Bounds static X-source '/PRESETn' (244)
// MUX gate at /dut/\uartgen.uart /uartPC/rtlc_4278/B(18852)
//      Driven by existing flop at '/dut/\uartgen.uart /uartPC/rtlcreg_LSR_5/Q' (26122)
//      Bounds static X-source '/PRESETn' (244)
// MUX gate at /dut/\uartgen.uart /uartPC/rtlc_4275/B(18853)
//      Driven by existing flop at '/dut/\uartgen.uart /uartPC/rtlcreg_LSR_4/Q' (26123)
//      Bounds static X-source '/PRESETn' (244)
// MUX gate at /dut/\uartgen.uart /uartPC/rtlc_4272/B(18854)
//      Driven by existing flop at '/dut/\uartgen.uart /uartPC/rtlcreg_LSR_3/Q' (26124)
//      Bounds static X-source '/PRESETn' (244)
// MUX gate at /dut/\uartgen.uart /uartPC/rtlc_4269/B(18855)
//      Driven by existing flop at '/dut/\uartgen.uart /uartPC/rtlcreg_LSR_2/Q' (26125)
//      Bounds static X-source '/PRESETn' (244)
// MUX gate at /dut/\uartgen.uart /uartPC/rtlc_4261/B(18856)
//      Driven by existing flop at '/dut/\uartgen.uart /uartPC/rtlcreg_LSR_1/Q' (26126)
//      Bounds static X-source '/PRESETn' (244)
// MUX gate at /dut/\uartgen.uart /uartPC/rtlc_4258/B(18857)
//      Driven by existing flop at '/dut/\uartgen.uart /uartPC/rtlcreg_LSR_0/Q' (5036)
//      Bounds static X-source '/PRESETn' (244)
// MUX gate at /dut/\uartgen.uart /uartPC/rtlc_4308/B(18842)
//      Driven by existing flop at '/dut/\uartgen.uart /uartPC/rtlcreg_MCR_4/Q' (5037)
//      Bounds static X-source '/PRESETn' (244)
// MUX gate at /dut/\spi.spi /rtlc_1109/B(18734)
//      Driven by existing flop at '/dut/\spi.spi /rtlcreg_Delay0_11/Q' (5784)
//      Bounds static X-source '/PRESETn' (244)
// MUX gate at /dut/\spi.spi /rtlc_1143/B(18733)
//      Driven by existing flop at '/dut/\spi.spi /rtlcreg_Delay0_10/Q' (5785)
//      Bounds static X-source '/PRESETn' (244)
// MUX gate at /dut/\spi.spi /rtlc_1081/B(18736)
//      Driven by existing flop at '/dut/\spi.spi /rtlcreg_Delay0_9/Q' (5786)
//      Bounds static X-source '/PRESETn' (244)
// MUX gate at /dut/\spi.spi /rtlc_1080/B(18737)
//      Driven by existing flop at '/dut/\spi.spi /rtlcreg_Delay0_8/Q' (5787)
//      Bounds static X-source '/PRESETn' (244)
// MUX gate at /dut/\spi.spi /rtlc_1079/B(18738)
//      Driven by existing flop at '/dut/\spi.spi /rtlcreg_Delay0_7/Q' (5788)
//      Bounds static X-source '/PRESETn' (244)
// MUX gate at /dut/\spi.spi /rtlc_1078/B(18739)
//      Driven by existing flop at '/dut/\spi.spi /rtlcreg_Delay0_6/Q' (5789)
//      Bounds static X-source '/PRESETn' (244)
// MUX gate at /dut/\spi.spi /rtlc_1077/B(18740)
//      Driven by existing flop at '/dut/\spi.spi /rtlcreg_Delay0_5/Q' (5790)
//      Bounds static X-source '/PRESETn' (244)
// MUX gate at /dut/\spi.spi /rtlc_1076/B(18741)
//      Driven by existing flop at '/dut/\spi.spi /rtlcreg_Delay0_4/Q' (5791)
//      Bounds static X-source '/PRESETn' (244)
// MUX gate at /dut/\spi.spi /rtlc_1089/B(18735)
//      Driven by existing flop at '/dut/\spi.spi /rtlcreg_Delay0_3/Q' (5792)
//      Bounds static X-source '/PRESETn' (244)
// MUX gate at /dut/\spi.spi /rtlc_1075/B(18742)
//      Driven by existing flop at '/dut/\spi.spi /rtlcreg_Delay0_2/Q' (5793)
//      Bounds static X-source '/PRESETn' (244)
// MUX gate at /dut/\spi.spi /rtlc_1056/B(18743)
//      Driven by existing flop at '/dut/\spi.spi /rtlcreg_Delay0_1/Q' (5794)
//      Bounds static X-source '/PRESETn' (244)
// MUX gate at /dut/\spi.spi /rtlc_1046/B(18744)
//      Driven by existing flop at '/dut/\spi.spi /rtlcreg_Delay0_0/Q' (5795)
//      Bounds static X-source '/PRESETn' (244)
// MUX gate at /dut/\spi.spi /rtlc_1045/B(18745)
//      Driven by existing flop at '/dut/\spi.spi /rtlcreg_ChipSelectMode_1/Q' (5796)
//      Bounds static X-source '/PRESETn' (244)
// MUX gate at /dut/\spi.spi /rtlc_1044/B(18746)
//      Driven by existing flop at '/dut/\spi.spi /rtlcreg_ChipSelectMode_0/Q' (5797)
//      Bounds static X-source '/PRESETn' (244)
// MUX gate at /dut/\spi.spi /rtlc_1043/B(18747)
//      Driven by existing flop at '/dut/\spi.spi /rtlcreg_ChipSelectDef_3/Q' (5798)
//      Bounds static X-source '/PRESETn' (244)
// MUX gate at /dut/\spi.spi /rtlc_1122/B(20500)
//      Driven by existing flop at '/dut/\spi.spi /rtlcreg_ChipSelectDef_2/Q' (5799)
//      Bounds static X-source '/PRESETn' (244)
// MUX gate at /dut/\spi.spi /txFIFO/rtlc_834/B(18795)
//      Driven by existing flop at '/dut/\spi.spi /txFIFO/rtlcreg_rempty/Q' (5556)
//      Bounds static X-source '/PRESETn' (244)
// MUX gate at /dut/\spi.spi /txFIFO/rtlc_835/B(18794)
//      Driven by existing flop at '/dut/\spi.spi /txFIFO/rtlcreg_wptr_3/Q' (5558)
//      Bounds static X-source '/PRESETn' (244)
// MUX gate at /dut/\spi.spi /txFIFO/rtlc1_24/B(18797)
//      Driven by existing flop at '/dut/\spi.spi /txFIFO/rtlcreg_wfull/Q' (5557)
//      Bounds static X-source '/PRESETn' (244)
// MUX gate at /dut/\spi.spi /controller/rtlc_624/B(24288)
//      Driven by existing flop at '/dut/\spi.spi /controller/rtlcreg_DelayCounter_7/Q' (5516)
//      Bounds static X-source '/PRESETn' (244)
// MUX gate at /dut/\spi.spi /controller/rtlc_621/B(18798)
//      Driven by existing flop at '/dut/\spi.spi /controller/rtlcreg_DelayCounter_6/Q' (5517)
//      Bounds static X-source '/PRESETn' (244)
// MUX gate at /dut/\spi.spi /controller/rtlc_618/B(18799)
//      Driven by existing flop at '/dut/\spi.spi /controller/rtlcreg_DelayCounter_5/Q' (5518)
//      Bounds static X-source '/PRESETn' (244)
// MUX gate at /dut/\spi.spi /controller/rtlc_615/B(18800)
//      Driven by existing flop at '/dut/\spi.spi /controller/rtlcreg_DelayCounter_4/Q' (5519)
//      Bounds static X-source '/PRESETn' (244)
// MUX gate at /dut/\spi.spi /controller/rtlc_612/B(18801)
//      Driven by existing flop at '/dut/\spi.spi /controller/rtlcreg_DelayCounter_3/Q' (5520)
//      Bounds static X-source '/PRESETn' (244)
// MUX gate at /dut/\spi.spi /controller/rtlc_609/B(20493)
//      Driven by existing flop at '/dut/\spi.spi /controller/rtlcreg_DelayCounter_2/Q' (5521)
//      Bounds static X-source '/PRESETn' (244)
// MUX gate at /dut/\spi.spi /controller/rtlc_606/B(21977)
//      Driven by existing flop at '/dut/\spi.spi /controller/rtlcreg_DelayCounter_1/Q' (5522)
//      Bounds static X-source '/PRESETn' (244)
// MUX gate at /dut/\spi.spi /controller/rtlc_603/B(22502)
//      Driven by existing flop at '/dut/\spi.spi /controller/rtlcreg_DelayCounter_0/Q' (5523)
//      Bounds static X-source '/PRESETn' (244)
// MUX gate at /dut/\spi.spi /controller/rtlc_600/B(22655)
//      Driven by existing flop at '/dut/\spi.spi /controller/rtlcreg_BitNum_3/Q' (5524)
//      Bounds static X-source '/PRESETn' (244)
// MUX gate at /dut/\spi.spi /controller/rtlc_597/B(22808)
//      Driven by existing flop at '/dut/\spi.spi /controller/rtlcreg_BitNum_2/Q' (5525)
//      Bounds static X-source '/PRESETn' (244)
// MUX gate at /dut/\spi.spi /controller/rtlc_594/B(23018)
//      Driven by existing flop at '/dut/\spi.spi /controller/rtlcreg_BitNum_1/Q' (5528)
//      Bounds static X-source '/PRESETn' (244)
// MUX gate at /dut/\spi.spi /controller/rtlc_591/B(23214)
//      Driven by existing flop at '/dut/\spi.spi /controller/rtlcreg_BitNum_0/Q' (5529)
//      Bounds static X-source '/PRESETn' (244)
// MUX gate at /dut/\uartgen.uart /uartPC/rtlc_4363/B(18834)
//      Driven by existing flop at '/dut/\uartgen.uart /uartPC/rtlcreg_MCR_3/Q' (5038)
//      Bounds static X-source '/PRESETn' (244)
// MUX gate at /dut/\uartgen.uart /uartPC/rtlc_4377/B(18831)
//      Driven by existing flop at '/dut/\uartgen.uart /uartPC/rtlcreg_MCR_2/Q' (5039)
//      Bounds static X-source '/PRESETn' (244)
// MUX gate at /dut/\uartgen.uart /uartPC/rtlc_4373/B(18832)
//      Driven by existing flop at '/dut/\uartgen.uart /uartPC/rtlcreg_MCR_1/Q' (5040)
//      Bounds static X-source '/PRESETn' (244)
// MUX gate at /dut/\uartgen.uart /uartPC/rtlc_4369/B(18833)
//      Driven by existing flop at '/dut/\uartgen.uart /uartPC/rtlcreg_MCR_0/Q' (5041)
//      Bounds static X-source '/PRESETn' (244)
// MUX gate at /dut/\uartgen.uart /uartPC/rtlc_4314/B(18841)
//      Driven by existing flop at '/dut/\uartgen.uart /uartPC/rtlcreg_LCR_6/Q' (5043)
//      Bounds static X-source '/PRESETn' (244)
// MUX gate at /dut/\uartgen.uart /uartPC/rtlc_4329/B(18838)
//      Driven by existing flop at '/dut/\uartgen.uart /uartPC/rtlcreg_LCR_5/Q' (5044)
//      Bounds static X-source '/PRESETn' (244)
// MUX gate at /dut/\uartgen.uart /uartPC/rtlc_4333/B(18611)
//      Driven by existing flop at '/dut/\uartgen.uart /uartPC/rtlcreg_LCR_4/Q' (5045)
//      Bounds static X-source '/PRESETn' (244)
// MUX gate at /dut/\uartgen.uart /uartPC/rtlc_4325/B(18839)
//      Driven by existing flop at '/dut/\uartgen.uart /uartPC/rtlcreg_LCR_3/Q' (5046)
//      Bounds static X-source '/PRESETn' (244)
// MUX gate at /dut/\uartgen.uart /uartPC/rtlc_4318/B(18840)
//      Driven by existing flop at '/dut/\uartgen.uart /uartPC/rtlcreg_LCR_2/Q' (5047)
//      Bounds static X-source '/PRESETn' (244)
// MUX gate at /dut/\uartgen.uart /uartPC/rtlc_4397/B(22695)
//      Driven by existing flop at '/dut/\uartgen.uart /uartPC/rtlcreg_FCR_7/Q' (5050)
//      Bounds static X-source '/PRESETn' (244)
// MUX gate at /dut/\uartgen.uart /uartPC/rtlc_4393/B(22680)
//      Driven by existing flop at '/dut/\uartgen.uart /uartPC/rtlcreg_FCR_6/Q' (5051)
//      Bounds static X-source '/PRESETn' (244)
// MUX gate at /dut/\uartgen.uart /uartPC/rtlc_4388/B(22853)
//      Driven by existing flop at '/dut/\uartgen.uart /uartPC/rtlcreg_FCR_5/Q' (5052)
//      Bounds static X-source '/PRESETn' (244)
// MUX gate at /dut/\uartgen.uart /uartPC/rtlc_4345/B(18835)
//      Driven by existing flop at '/dut/\uartgen.uart /uartPC/rtlcreg_LCR_1/Q' (5048)
//      Bounds static X-source '/PRESETn' (244)
// MUX gate at /dut/\uartgen.uart /uartPC/rtlc_4352/B(20460)
//      Driven by existing flop at '/dut/\uartgen.uart /uartPC/rtlcreg_LCR_0/Q' (5049)
//      Bounds static X-source '/PRESETn' (244)
// MUX gate at /dut/\uartgen.uart /uartPC/rtlc_4341/B(18836)
//      Driven by existing flop at '/dut/\uartgen.uart /uartPC/rtlcreg_FCR_4/Q' (5053)
//      Bounds static X-source '/PRESETn' (244)
// MUX gate at /dut/\uartgen.uart /uartPC/rtlc_4337/B(18837)
//      Driven by existing flop at '/dut/\uartgen.uart /uartPC/rtlcreg_FCR_3/Q' (5056)
//      Bounds static X-source '/PRESETn' (244)
// MUX gate at /dut/\uartgen.uart /uartPC/rtlc_4128/B(18872)
//      Driven by existing flop at '/dut/\uartgen.uart /uartPC/rtlcreg_FCR_2/Q' (5057)
//      Bounds static X-source '/PRESETn' (244)
// MUX gate at /dut/\uartgen.uart /uartPC/rtlc_4183/B(18861)
//      Driven by existing flop at '/dut/\uartgen.uart /uartPC/rtlcreg_FCR_1/Q' (5058)
//      Bounds static X-source '/PRESETn' (244)
// MUX gate at /dut/\uartgen.uart /uartPC/rtlc_4136/B(18869)
//      Driven by existing flop at '/dut/\uartgen.uart /uartPC/rtlcreg_LCR_7/Q' (5042)
//      Bounds static X-source '/PRESETn' (244)
// MUX gate at /dut/\uartgen.uart /uartPC/rtlc_4255/B(18858)
//      Driven by existing flop at '/dut/\uartgen.uart /uartPC/rtlcreg_FCR_0/Q' (5059)
//      Bounds static X-source '/PRESETn' (244)
// MUX gate at /dut/\uartgen.uart /uartPC/rtlc_4251/B(18859)
//      Driven by existing flop at '/dut/\uartgen.uart /uartPC/rtlcreg_IER_3/Q' (5060)
//      Bounds static X-source '/PRESETn' (244)
// MUX gate at /dut/\uartgen.uart /uartPC/rtlc_4248/B(18860)
//      Driven by existing flop at '/dut/\uartgen.uart /uartPC/rtlcreg_IER_2/Q' (5061)
//      Bounds static X-source '/PRESETn' (244)
// MUX gate at /dut/\uartgen.uart /uartPC/rtlc_4168/B(18863)
//      Driven by existing flop at '/dut/\uartgen.uart /uartPC/rtlcreg_IER_1/Q' (5062)
//      Bounds static X-source '/PRESETn' (244)
// MUX gate at /dut/\uartgen.uart /uartPC/rtlc_4173/B(18862)
//      Driven by existing flop at '/dut/\uartgen.uart /uartPC/rtlcreg_IER_0/Q' (5063)
//      Bounds static X-source '/PRESETn' (244)
// MUX gate at /dut/\uartgen.uart /uartPC/rtlc_4156/B(18864)
//      Driven by existing flop at '/dut/\uartgen.uart /uartPC/rtlcreg_baudcount_16/Q' (26154)
//      Bounds static X-source '/PRESETn' (244)
// MUX gate at /dut/\uartgen.uart /uartPC/rtlc_4154/B(18865)
//      Driven by existing flop at '/dut/\uartgen.uart /uartPC/rtlcreg_baudcount_15/Q' (26155)
//      Bounds static X-source '/PRESETn' (244)
// MUX gate at /dut/\uartgen.uart /uartPC/rtlc_4152/B(18866)
//      Driven by existing flop at '/dut/\uartgen.uart /uartPC/rtlcreg_baudcount_14/Q' (26156)
//      Bounds static X-source '/PRESETn' (244)
// MUX gate at /dut/\uartgen.uart /uartPC/rtlc_4145/B(18867)
//      Driven by existing flop at '/dut/\uartgen.uart /uartPC/rtlcreg_baudcount_13/Q' (26157)
//      Bounds static X-source '/PRESETn' (244)
// MUX gate at /dut/\uartgen.uart /uartPC/rtlc_4138/B(18868)
//      Driven by existing flop at '/dut/\uartgen.uart /uartPC/rtlcreg_baudcount_12/Q' (26158)
//      Bounds static X-source '/PRESETn' (244)
// MUX gate at /dut/\uartgen.uart /uartPC/rtlc_4133/B(18870)
//      Driven by existing flop at '/dut/\uartgen.uart /uartPC/rtlcreg_baudcount_11/Q' (26159)
//      Bounds static X-source '/PRESETn' (244)
// MUX gate at /dut/\uartgen.uart /uartPC/rtlc_4130/B(18871)
//      Driven by existing flop at '/dut/\uartgen.uart /uartPC/rtlcreg_baudcount_10/Q' (26160)
//      Bounds static X-source '/PRESETn' (244)
// MUX gate at /dut/\uartgen.uart /uartPC/rtlc_4198/B(20483)
//      Driven by existing flop at '/dut/\uartgen.uart /uartPC/rtlcreg_baudpulse/Q' (5064)
//      Bounds static X-source '/PRESETn' (244)
// MUX gate at /dut/\spi.spi /rxFIFO/rtlc_839/B(18779)
//      Driven by existing flop at '/dut/\spi.spi /rxFIFO/rtlcreg_wptr_3/Q' (5636)
//      Bounds static X-source '/PRESETn' (244)
// MUX gate at /dut/\spi.spi /rxFIFO/rtlc_838/B(18780)
//      Driven by existing flop at '/dut/\spi.spi /rxFIFO/rtlcreg_wptr_2/Q' (5637)
//      Bounds static X-source '/PRESETn' (244)
// MUX gate at /dut/\spi.spi /rxFIFO/rtlc_837/B(18781)
//      Driven by existing flop at '/dut/\spi.spi /rxFIFO/rtlcreg_wptr_1/Q' (5638)
//      Bounds static X-source '/PRESETn' (244)
// MUX gate at /dut/\spi.spi /rxFIFO/rtlc_834/B(18784)
//      Driven by existing flop at '/dut/\spi.spi /rxFIFO/rtlcreg_rptr_3/Q' (5640)
//      Bounds static X-source '/PRESETn' (244)
// MUX gate at /dut/\spi.spi /txFIFO/rtlc_844/B(18787)
//      Driven by existing flop at '/dut/\spi.spi /txFIFO/rtlcreg_rptr_3/Q' (5562)
//      Bounds static X-source '/PRESETn' (244)
// MUX gate at /dut/\spi.spi /txFIFO/rtlc_842/B(18788)
//      Driven by existing flop at '/dut/\spi.spi /txFIFO/rtlcreg_wptr_2/Q' (5559)
//      Bounds static X-source '/PRESETn' (244)
// MUX gate at /dut/\spi.spi /txFIFO/rtlc_840/A(18789)
//      Driven by existing flop at '/dut/\spi.spi /txFIFO/rtlcreg_mem_63/Q' (5566)
//      Bounds static X-source '/PRESETn' (244)
// MUX gate at /dut/\spi.spi /txFIFO/rtlc_836/B(18793)
//      Driven by existing flop at '/dut/\spi.spi /txFIFO/rtlcreg_wptr_1/Q' (5560)
//      Bounds static X-source '/PRESETn' (244)
// MUX gate at /dut/\spi.spi /rxFIFO/rtlc_836/B(18782)
//      Driven by existing flop at '/dut/\spi.spi /rxFIFO/rtlcreg_rptr_2/Q' (5641)
//      Bounds static X-source '/PRESETn' (244)
// MUX gate at /dut/\spi.spi /rxFIFO/rtlc_835/B(18783)
//      Driven by existing flop at '/dut/\spi.spi /rxFIFO/rtlcreg_rptr_1/Q' (5642)
//      Bounds static X-source '/PRESETn' (244)
// MUX gate at /dut/\spi.spi /rxFIFO/rtlc1_26/B(18785)
//      Driven by existing flop at '/dut/\spi.spi /rxFIFO/rtlcreg_mem_61/Q' (5646)
//      Bounds static X-source '/PRESETn' (244)
// MUX gate at /dut/\spi.spi /txFIFO/rtlc_839/B(18790)
//      Driven by existing flop at '/dut/\spi.spi /txFIFO/rtlcreg_wptr_0/Q' (5561)
//      Bounds static X-source '/PRESETn' (244)
// MUX gate at /dut/\spi.spi /txFIFO/rtlc_838/B(18791)
//      Driven by existing flop at '/dut/\spi.spi /txFIFO/rtlcreg_rptr_2/Q' (5563)
//      Bounds static X-source '/PRESETn' (244)
// MUX gate at /dut/\spi.spi /txFIFO/rtlc_837/B(18792)
//      Driven by existing flop at '/dut/\spi.spi /txFIFO/rtlcreg_mem_62/Q' (5567)
//      Bounds static X-source '/PRESETn' (244)
// MUX gate at /dut/\spi.spi /txFIFO/rtlc_843/B(21525)
//      Driven by existing flop at '/dut/\spi.spi /txFIFO/rtlcreg_mem_61/Q' (5568)
//      Bounds static X-source '/PRESETn' (244)
// MUX gate at /dut/\spi.spi /controller/rtlc_384/B(18810)
//      Driven by existing flop at '/dut/\spi.spi /controller/rtlcreg_SPICLK/Q' (5531)
//      Bounds static X-source '/PRESETn' (244)
// MUX gate at /dut/\spi.spi /controller/rtlc_511/B(20506)
//      Driven by existing flop at '/dut/\spi.spi /controller/rtlcreg_SCK/Q' (5530)
//      Bounds static X-source '/PRESETn' (244)
// MUX gate at /dut/\spi.spi /controller/rtlc_555/B(21533)
//      Driven by existing flop at '/dut/\spi.spi /rtlcreg_ChipSelectDef_1/Q' (5800)
//      Bounds static X-source '/PRESETn' (244)
// MUX gate at /dut/\spi.spi /controller/rtlc_580/B(21274)
//      Driven by existing flop at '/dut/\spi.spi /rtlcreg_ChipSelectDef_0/Q' (5801)
//      Bounds static X-source '/PRESETn' (244)
// MUX gate at /dut/\spi.spi /controller/rtlc_470/B(18802)
//      Driven by existing flop at '/dut/\spi.spi /controller/rtlcreg_DivCounter_11/Q' (26583)
//      Bounds static X-source '/PRESETn' (244)
// MUX gate at /dut/\spi.spi /controller/rtlc_468/B(18803)
//      Driven by existing flop at '/dut/\spi.spi /controller/rtlcreg_DivCounter_10/Q' (26584)
//      Bounds static X-source '/PRESETn' (244)
// MUX gate at /dut/\spi.spi /controller/rtlc_466/B(18804)
//      Driven by existing flop at '/dut/\spi.spi /controller/rtlcreg_DivCounter_9/Q' (26585)
//      Bounds static X-source '/PRESETn' (244)
// MUX gate at /dut/\spi.spi /controller/rtlc_463/B(18805)
//      Driven by existing flop at '/dut/\spi.spi /controller/rtlcreg_DivCounter_8/Q' (26586)
//      Bounds static X-source '/PRESETn' (244)
// MUX gate at /dut/\spi.spi /controller/rtlc_398/B(18806)
//      Driven by existing flop at '/dut/\spi.spi /rtlcreg_ChipSelectID_1/Q' (5802)
//      Bounds static X-source '/PRESETn' (244)
// MUX gate at /dut/\spi.spi /controller/rtlc_564/B(22656)
//      Driven by existing flop at '/dut/\spi.spi /rtlcreg_ChipSelectID_0/Q' (5803)
//      Bounds static X-source '/PRESETn' (244)
// MUX gate at /dut/\spi.spi /controller/rtlc_396/B(18807)
//      Driven by existing flop at '/dut/\spi.spi /rtlcreg_SckMode_1/Q' (5804)
//      Bounds static X-source '/PRESETn' (244)
// MUX gate at /dut/\spi.spi /controller/rtlc_394/B(18808)
//      Driven by existing flop at '/dut/\spi.spi /rtlcreg_SckMode_0/Q' (5805)
//      Bounds static X-source '/PRESETn' (244)
// MUX gate at /dut/\spi.spi /controller/rtlc_392/B(18809)
//      Driven by existing flop at '/dut/\spi.spi /rtlcreg_TransmitRegLoaded/Q' (5819)
//      Bounds static X-source '/PRESETn' (244)
// MUX gate at /dut/\spi.spi /controller/rtlc_390/B(20496)
//      Driven by existing flop at '/dut/\spi.spi /rtlcreg_CurrState_1/Q' (26864)
//      Bounds static X-source '/PRESETn' (244)
// MUX gate at /dut/\spi.spi /controller/rtlc_388/B(21980)
//      Driven by existing flop at '/dut/\spi.spi /rtlcreg_CurrState_0/Q' (26865)
//      Bounds static X-source '/PRESETn' (244)
// MUX gate at /dut/\spi.spi /controller/rtlc_386/B(22505)
//      Driven by existing flop at '/dut/\spi.spi /rtlcreg_TransmitStartD/Q' (5824)
//      Bounds static X-source '/PRESETn' (244)
// MUX gate at /dut/\spi.spi /controller/rtlc0_101/B(18814)
//      Driven by existing flop at '/dut/\spi.spi /controller/rtlcreg_DivCounter_7/Q' (26587)
//      Bounds static X-source '/PRESETn' (244)
// MUX gate at /dut/\spi.spi /controller/rtlc0_98/B(18815)
//      Driven by existing flop at '/dut/\spi.spi /rtlcreg_TransmitReg_7/Q' (5825)
//      Bounds static X-source '/PRESETn' (244)
// MUX gate at /dut/\spi.spi /controller/rtlc0_104/B(18813)
//      Driven by existing flop at '/dut/\spi.spi /rtlcreg_TransmitReg_6/Q' (5826)
//      Bounds static X-source '/PRESETn' (244)
// MUX gate at /dut/\uartgen.uart /uartPC/rtlcreg_LSR_7/D(24627)
//      Driven by existing flop at '/dut/\uartgen.uart /uartPC/rtlcreg_baudcount_9/Q' (26161)
//      Bounds static X-source '/PRESETn' (244)
// MUX gate at /dut/\spi.spi /controller/rtlc2_7/B(18811)
//      Driven by existing flop at '/dut/\spi.spi /rtlcreg_TransmitReg_5/Q' (5827)
//      Bounds static X-source '/PRESETn' (244)
// MUX gate at /dut/\uartgen.uart /uartPC/rtlc_4775/B(18817)
//      Driven by existing flop at '/dut/\uartgen.uart /uartPC/rtlcreg_baudcount_8/Q' (26162)
//      Bounds static X-source '/PRESETn' (244)
// MUX gate at /dut/\uartgen.uart /uartPC/rtlc_4779/B(18816)
//      Driven by existing flop at '/dut/\uartgen.uart /uartPC/rtlcreg_baudcount_7/Q' (26163)
//      Bounds static X-source '/PRESETn' (244)
// MUX gate at /dut/\spi.spi /controller/rtlc0_226/A(18812)
//      Driven by existing flop at '/dut/\spi.spi /controller/rtlcreg_SampleEdge/Q' (5546)
//      Bounds static X-source '/PRESETn' (244)
// MUX gate at /dut/\uartgen.uart /uartPC/rtlc_4529/B(18818)
//      Driven by existing flop at '/dut/\uartgen.uart /uartPC/rtlcreg_baudcount_6/Q' (26164)
//      Bounds static X-source '/PRESETn' (244)
// MUX gate at /dut/\uartgen.uart /uartPC/rtlc_4521/B(18819)
//      Driven by existing flop at '/dut/\uartgen.uart /uartPC/rtlcreg_baudcount_5/Q' (26165)
//      Bounds static X-source '/PRESETn' (244)
// MUX gate at /dut/\uartgen.uart /uartPC/rtlc_4513/B(18820)
//      Driven by existing flop at '/dut/\uartgen.uart /uartPC/rtlcreg_baudcount_4/Q' (26166)
//      Bounds static X-source '/PRESETn' (244)
// MUX gate at /dut/\uartgen.uart /uartPC/rtlc_4507/B(18821)
//      Driven by existing flop at '/dut/\uartgen.uart /uartPC/rtlcreg_baudcount_3/Q' (26167)
//      Bounds static X-source '/PRESETn' (244)
// MUX gate at /dut/\uartgen.uart /uartPC/rtlc_4502/B(18822)
//      Driven by existing flop at '/dut/\uartgen.uart /uartPC/rtlcreg_baudcount_2/Q' (26168)
//      Bounds static X-source '/PRESETn' (244)
// MUX gate at /dut/\spi.spi /controller/rtlc0_94/B(22657)
//      Driven by existing flop at '/dut/\spi.spi /rtlcreg_TransmitReg_4/Q' (5828)
//      Bounds static X-source '/PRESETn' (244)
// MUX gate at /dut/\uartgen.uart /uartPC/rtlc_4782/B(22566)
//      Driven by existing flop at '/dut/\uartgen.uart /uartPC/rtlcreg_baudcount_1/Q' (26169)
//      Bounds static X-source '/PRESETn' (244)
// MUX gate at /dut/\spi.spi /controller/rtlc_319/muxinst/S(22702)
//      Driven by existing flop at '/dut/\spi.spi /rtlcreg_TransmitReg_3/Q' (5829)
//      Bounds static X-source '/PRESETn' (244)
// MUX gate at /dut/\uartgen.uart /uartPC/rtlc_4465/B(18825)
//      Driven by existing flop at '/dut/\uartgen.uart /uartPC/rtlcreg_baudcount_0/Q' (26170)
//      Bounds static X-source '/PRESETn' (244)
// MUX gate at /dut/\uartgen.uart /uartPC/rtlc_4463/B(18826)
//      Driven by existing flop at '/dut/\uartgen.uart /uartPC/rtlcreg_rxtimeoutcnt_9/Q' (5099)
//      Bounds static X-source '/PRESETn' (244)
// MUX gate at /dut/\uartgen.uart /uartPC/rtlc_4460/B(18828)
//      Driven by existing flop at '/dut/\uartgen.uart /uartPC/rtlcreg_rxtimeoutcnt_8/Q' (5100)
//      Bounds static X-source '/PRESETn' (244)
// MUX gate at /dut/\uartgen.uart /uartPC/rtlc_4456/B(18830)
//      Driven by existing flop at '/dut/\uartgen.uart /uartPC/rtlcreg_rxtimeoutcnt_7/Q' (5101)
//      Bounds static X-source '/PRESETn' (244)
// MUX gate at /dut/\uartgen.uart /uartPC/rtlc_4461/B(18827)
//      Driven by existing flop at '/dut/\uartgen.uart /uartPC/rtlcreg_rxtimeoutcnt_6/Q' (5102)
//      Bounds static X-source '/PRESETn' (244)
// MUX gate at /dut/\uartgen.uart /uartPC/rtlc_4492/B(18824)
//      Driven by existing flop at '/dut/\uartgen.uart /uartPC/rtlcreg_rxtimeoutcnt_5/Q' (5103)
//      Bounds static X-source '/PRESETn' (244)
// MUX gate at /dut/\uartgen.uart /uartPC/rtlc_4449/B(21507)
//      Driven by existing flop at '/dut/\uartgen.uart /uartPC/rtlcreg_rxtimeoutcnt_4/Q' (5104)
//      Bounds static X-source '/PRESETn' (244)
// MUX gate at /dut/\uartgen.uart /uartPC/rtlc_4497/B(18823)
//      Driven by existing flop at '/dut/\uartgen.uart /uartPC/rtlcreg_rxtimeoutcnt_3/Q' (5105)
//      Bounds static X-source '/PRESETn' (244)
// MUX gate at /dut/\uartgen.uart /uartPC/rtlc_4421/B(22689)
//      Driven by existing flop at '/dut/\uartgen.uart /uartPC/rtlcreg_rxbitsreceived_3/Q' (5109)
//      Bounds static X-source '/PRESETn' (244)
// MUX gate at /dut/\uartgen.uart /uartPC/rtlc_4425/B(23071)
//      Driven by existing flop at '/dut/\uartgen.uart /uartPC/rtlcreg_rxbitsreceived_2/Q' (5110)
//      Bounds static X-source '/PRESETn' (244)
// MUX gate at /dut/\uartgen.uart /uartPC/rtlc_4417/B(22690)
//      Driven by existing flop at '/dut/\uartgen.uart /uartPC/rtlcreg_rxbitsreceived_1/Q' (5111)
//      Bounds static X-source '/PRESETn' (244)
// MUX gate at /dut/\uartgen.uart /uartPC/rtlc_4413/B(22691)
//      Driven by existing flop at '/dut/\uartgen.uart /uartPC/rtlcreg_rxbitsreceived_0/Q' (5112)
//      Bounds static X-source '/PRESETn' (244)
// MUX gate at /dut/\uartgen.uart /uartPC/rtlc_4409/B(22692)
//      Driven by existing flop at '/dut/\uartgen.uart /uartPC/rtlcreg_rxoversampledcnt_3/Q' (5115)
//      Bounds static X-source '/PRESETn' (244)
// MUX gate at /dut/\uartgen.uart /uartPC/rtlc_4405/B(22693)
//      Driven by existing flop at '/dut/\uartgen.uart /uartPC/rtlcreg_rxoversampledcnt_2/Q' (5116)
//      Bounds static X-source '/PRESETn' (244)
// MUX gate at /dut/\uartgen.uart /uartPC/rtlc_4401/B(22694)
//      Driven by existing flop at '/dut/\uartgen.uart /uartPC/rtlcreg_rxoversampledcnt_1/Q' (5117)
//      Bounds static X-source '/PRESETn' (244)
// MUX gate at /dut/\uartgen.uart /uartPC/rtlc_4457/B(18829)
//      Driven by existing flop at '/dut/\uartgen.uart /uartPC/rtlcreg_rxtimeoutcnt_2/Q' (5106)
//      Bounds static X-source '/PRESETn' (244)
// MUX gate at /dut/\uartgen.uart /uartPC/rtlc_4112/B(24497)
//      Driven by existing flop at '/dut/\uartgen.uart /uartPC/rtlcreg_rxtimeoutcnt_1/Q' (5107)
//      Bounds static X-source '/PRESETn' (244)
// MUX gate at /dut/\uartgen.uart /uartPC/rtlc_4103/B(18877)
//      Driven by existing flop at '/dut/\uartgen.uart /uartPC/rtlcreg_rxtimeoutcnt_0/Q' (5108)
//      Bounds static X-source '/PRESETn' (244)
// MUX gate at /dut/\uartgen.uart /uartPC/rtlc_4098/B(18878)
//      Driven by existing flop at '/dut/\uartgen.uart /uartPC/rtlcreg_rxstate_1/Q' (5113)
//      Bounds static X-source '/PRESETn' (244)
// MUX gate at /dut/\uartgen.uart /uartPC/rtlc_4093/B(18535)
//      Driven by existing flop at '/dut/\uartgen.uart /uartPC/rtlcreg_rxstate_0/Q' (5114)
//      Bounds static X-source '/PRESETn' (244)
// MUX gate at /dut/\uartgen.uart /uartPC/rtlc_4088/B(21243)
//      Driven by existing flop at '/dut/\uartgen.uart /uartPC/rtlcreg_rxoversampledcnt_0/Q' (5118)
//      Bounds static X-source '/PRESETn' (244)
// MUX gate at /dut/\uartgen.uart /uartPC/rtlc_4083/B(22290)
//      Driven by existing flop at '/dut/\uartgen.uart /uartPC/rtlcreg_rxshiftreg_9/Q' (5119)
//      Bounds static X-source '/PRESETn' (244)
// MUX gate at /dut/\uartgen.uart /uartPC/rtlc_4078/B(22558)
//      Driven by existing flop at '/dut/\uartgen.uart /uartPC/rtlcreg_rxshiftreg_8/Q' (5120)
//      Bounds static X-source '/PRESETn' (244)
// MUX gate at /dut/\uartgen.uart /uartPC/rtlc_4073/B(22675)
//      Driven by existing flop at '/dut/\uartgen.uart /uartPC/rtlcreg_rxshiftreg_7/Q' (5121)
//      Bounds static X-source '/PRESETn' (244)
// MUX gate at /dut/\uartgen.uart /uartPC/rtlc_4068/B(22848)
//      Driven by existing flop at '/dut/\uartgen.uart /uartPC/rtlcreg_rxshiftreg_6/Q' (5122)
//      Bounds static X-source '/PRESETn' (244)
// MUX gate at /dut/\uartgen.uart /uartPC/rtlc_4063/B(23069)
//      Driven by existing flop at '/dut/\uartgen.uart /uartPC/rtlcreg_rxshiftreg_5/Q' (5123)
//      Bounds static X-source '/PRESETn' (244)
// MUX gate at /dut/\uartgen.uart /uartPC/rtlc_4058/B(23735)
//      Driven by existing flop at '/dut/\uartgen.uart /uartPC/rtlcreg_rxshiftreg_4/Q' (5124)
//      Bounds static X-source '/PRESETn' (244)
// MUX gate at /dut/\uartgen.uart /uartPC/rtlc_4053/B(24317)
//      Driven by existing flop at '/dut/\uartgen.uart /uartPC/rtlcreg_rxshiftreg_3/Q' (5125)
//      Bounds static X-source '/PRESETn' (244)
// MUX gate at /dut/\uartgen.uart /uartPC/rtlc_4118/B(18874)
//      Driven by existing flop at '/dut/\uartgen.uart /uartPC/rtlcreg_rxshiftreg_2/Q' (5126)
//      Bounds static X-source '/PRESETn' (244)
// MUX gate at /dut/\uartgen.uart /uartPC/rtlc_4117/B(18875)
//      Driven by existing flop at '/dut/\uartgen.uart /uartPC/rtlcreg_rxshiftreg_1/Q' (5127)
//      Bounds static X-source '/PRESETn' (244)
// MUX gate at /dut/\uartgen.uart /uartPC/rtlc_4116/B(18876)
//      Driven by existing flop at '/dut/\uartgen.uart /uartPC/rtlcreg_rxshiftreg_0/Q' (5128)
//      Bounds static X-source '/PRESETn' (244)
// MUX gate at /dut/\uartgen.uart /uartPC/rtlc_4119/B(18873)
//      Driven by existing flop at '/dut/\uartgen.uart /uartPC/rtlcreg_RXBR_10/Q' (5129)
//      Bounds static X-source '/PRESETn' (244)
// MUX gate at /dut/\uartgen.uart /uartPC/rtlc_4048/B(24376)
//      Driven by existing flop at '/dut/\uartgen.uart /uartPC/rtlcreg_RXBR_9/Q' (5130)
//      Bounds static X-source '/PRESETn' (244)
// MUX gate at /dut/\uartgen.uart /uartPC/rtlc_4043/B(24415)
//      Driven by existing flop at '/dut/\uartgen.uart /uartPC/rtlcreg_RXBR_8/Q' (5131)
//      Bounds static X-source '/PRESETn' (244)
// MUX gate at /dut/\uartgen.uart /uartPC/rtlc_4038/B(24440)
//      Driven by existing flop at '/dut/\uartgen.uart /uartPC/rtlcreg_RXBR_7/Q' (5132)
//      Bounds static X-source '/PRESETn' (244)
// MUX gate at /dut/\uartgen.uart /uartPC/rtlc_4033/B(24470)
//      Driven by existing flop at '/dut/\uartgen.uart /uartPC/rtlcreg_RXBR_6/Q' (5133)
//      Bounds static X-source '/PRESETn' (244)
// MUX gate at /dut/\uartgen.uart /uartPC/rtlc_3962/B(18888)
//      Driven by existing flop at '/dut/\uartgen.uart /uartPC/rtlcreg_RXBR_5/Q' (5134)
//      Bounds static X-source '/PRESETn' (244)
// MUX gate at /dut/\uartgen.uart /uartPC/rtlc_3976/B(18886)
//      Driven by existing flop at '/dut/\uartgen.uart /uartPC/rtlcreg_RXBR_4/Q' (5135)
//      Bounds static X-source '/PRESETn' (244)
// MUX gate at /dut/\uartgen.uart /uartPC/rtlc_3956/B(18889)
//      Driven by existing flop at '/dut/\uartgen.uart /uartPC/rtlcreg_RXBR_3/Q' (5136)
//      Bounds static X-source '/PRESETn' (244)
// MUX gate at /dut/\uartgen.uart /uartPC/rtlc_4020/B(18879)
//      Driven by existing flop at '/dut/\uartgen.uart /uartPC/rtlcreg_RXBR_2/Q' (5137)
//      Bounds static X-source '/PRESETn' (244)
// MUX gate at /dut/\uartgen.uart /uartPC/rtlc_3996/B(18612)
//      Driven by existing flop at '/dut/\uartgen.uart /uartPC/rtlcreg_RXBR_1/Q' (5138)
//      Bounds static X-source '/PRESETn' (244)
// MUX gate at /dut/\uartgen.uart /uartPC/rtlc_3991/B(18884)
//      Driven by existing flop at '/dut/\uartgen.uart /uartPC/rtlcreg_RXBR_0/Q' (5139)
//      Bounds static X-source '/PRESETn' (244)
// MUX gate at /dut/\uartgen.uart /uartPC/rtlc_3986/B(18885)
//      Driven by existing flop at '/dut/\uartgen.uart /uartPC/rtlcreg_rxdataready/Q' (5140)
//      Bounds static X-source '/PRESETn' (244)
// MUX gate at /dut/\uartgen.uart /uartPC/rtlc_3971/B(18887)
//      Driven by existing flop at '/dut/\uartgen.uart /uartPC/rtlcreg_rxfifotail_3/Q' (5141)
//      Bounds static X-source '/PRESETn' (244)
// MUX gate at /dut/\uartgen.uart /uartPC/rtlc_4014/B(18881)
//      Driven by existing flop at '/dut/\uartgen.uart /uartPC/rtlcreg_rxfifotail_2/Q' (5142)
//      Bounds static X-source '/PRESETn' (244)
// MUX gate at /dut/\uartgen.uart /uartPC/rtlc_4004/B(18883)
//      Driven by existing flop at '/dut/\uartgen.uart /uartPC/rtlcreg_rxfifotail_1/Q' (5143)
//      Bounds static X-source '/PRESETn' (244)
// MUX gate at /dut/\uartgen.uart /uartPC/rtlc_4009/B(18882)
//      Driven by existing flop at '/dut/\uartgen.uart /uartPC/rtlcreg_rxfifotail_0/Q' (5144)
//      Bounds static X-source '/PRESETn' (244)
// MUX gate at /dut/\uartgen.uart /uartPC/rtlc_4016/B(18880)
//      Driven by existing flop at '/dut/\uartgen.uart /uartPC/rtlcreg_rxfifohead_3/Q' (5145)
//      Bounds static X-source '/PRESETn' (244)
// MUX gate at /dut/\spi.spi /controller/rtlc4_78/A(5544)
//      Driven by existing flop at '/dut/\spi.spi /rtlcreg_TransmitReg_2/Q' (5830)
//      Bounds static X-source '/dut/\spi.spi /TrasmitFIFOEmpty' (2326) (TIEX gate)
// MUX gate at /dut/\gpio.gpio /AUX_INTERFACE/rtlc_52/A(19760)
//      Driven by existing flop at '/dut/\gpio.gpio /AUX_INTERFACE/rtlcreg_aux_i_5/Q' (4781)
//      Bounds static X-source '/dut/aux_in[8]' (2452) (TIEX gate)
// MUX gate at /dut/\gpio.gpio /AUX_INTERFACE/rtlc_50/A(19762)
//      Driven by existing flop at '/dut/\gpio.gpio /AUX_INTERFACE/rtlcreg_aux_i_4/Q' (4782)
//      Bounds static X-source '/dut/aux_in[6]' (2453) (TIEX gate)
// MUX gate at /dut/ahbapbbridge/AHB_SLAVE/rtlcreg_s_trans_valid/CE(19169)
//      Driven by existing flop at '/dut/ahbapbbridge/AHB_SLAVE/rtlcreg_s_wdata_15/Q' (4219)
//      Bounds static X-source '/dut/HREADYRam' (2455) (TIEX gate)
// MUX gate at /dut/\bootrom.bootrom /memwritereg/rtlc_24/A(18377)
//      Driven by existing flop at '/dut/\bootrom.bootrom /memwritereg/rtlcreg_q_0/Q' (4411)
//      Bounds static X-source '/dut/HREADYRam' (2455) (TIEX gate)
// MUX gate at /dut/\bootrom.bootrom /haddrreg/rtlc_519/A(18375)
//      Driven by existing flop at '/dut/\bootrom.bootrom /haddrreg/rtlcreg_q_55/Q' (4412)
//      Bounds static X-source '/dut/HREADYRam' (2455) (TIEX gate)
// MUX gate at /dut/hseldelayreg/rtlc_95/A(18360)
//      Driven by existing flop at '/dut/ahbapbbridge/AHB_SLAVE/rtlcreg_s_wdata_14/Q' (4220)
//      Bounds static X-source '/dut/HREADYRam' (2455) (TIEX gate)
// MUX gate at /dut/hselbridgedelayreg/rtlc_24/A(18358)
//      Driven by existing flop at '/dut/ahbapbbridge/AHB_SLAVE/rtlcreg_s_wdata_13/Q' (4221)
//      Bounds static X-source '/dut/HREADYRam' (2455) (TIEX gate)
// MUX gate at /dut/ahbapbbridge/AHB_SLAVE/rtlc25_24/B(19170)
//      Driven by existing flop at '/dut/ahbapbbridge/AHB_SLAVE/rtlcreg_s_wdata_12/Q' (4222)
//      Bounds static X-source '/dut/HREADYRam' (2455) (TIEX gate)
// MUX gate at /dut/\bootrom.bootrom /rtlc0_16/A(16744)
//      Driven by existing flop at '/dut/\bootrom.bootrom /haddrreg/rtlcreg_q_54/Q' (4413)
//      Bounds static X-source '/dut/HREADYRam' (2455) (TIEX gate)
// MUX gate at /dut/ahbapbbridge/APB_MASTER/rtlcreg_pready/Q(25354)
//      Driven by existing flop at '/dut/ahbapbbridge/APB_MASTER/rtlcreg_s_rdata_63/Q' (4327)
//      Bounds static X-source '/dut/ahbapbbridge/APB_MASTER/rtlcreg_pready/Q' (25354)
// MUX gate at /dut/ahbapbbridge/APB_MASTER/rtlcreg_rdata_63/Q(25355)
//      Driven by existing flop at '/dut/ahbapbbridge/APB_MASTER/rtlcreg_last_s_req_p/Q' (25419)
//      Bounds static X-source '/dut/ahbapbbridge/APB_MASTER/rtlcreg_rdata_63/Q' (25355)
// MUX gate at /dut/ahbapbbridge/APB_MASTER/rtlcreg_rdata_62/Q(25356)
//      Driven by existing flop at '/dut/ahbapbbridge/APB_MASTER/rtlcreg_s_trans_valid_reg/Q' (4310)
//      Bounds static X-source '/dut/ahbapbbridge/APB_MASTER/rtlcreg_rdata_62/Q' (25356)
// MUX gate at /dut/ahbapbbridge/APB_MASTER/rtlcreg_rdata_61/Q(25357)
//      Driven by existing flop at '/dut/ahbapbbridge/APB_MASTER/rtlcreg_s_rdata_62/Q' (4328)
//      Bounds static X-source '/dut/ahbapbbridge/APB_MASTER/rtlcreg_rdata_61/Q' (25357)
// MUX gate at /dut/ahbapbbridge/APB_MASTER/rtlcreg_rdata_60/Q(25358)
//      Driven by existing flop at '/dut/ahbapbbridge/APB_MASTER/rtlcreg_s_rdata_61/Q' (4329)
//      Bounds static X-source '/dut/ahbapbbridge/APB_MASTER/rtlcreg_rdata_60/Q' (25358)
// MUX gate at /dut/ahbapbbridge/APB_MASTER/rtlcreg_rdata_59/Q(25359)
//      Driven by existing flop at '/dut/ahbapbbridge/APB_MASTER/rtlcreg_s_rdata_60/Q' (4330)
//      Bounds static X-source '/dut/ahbapbbridge/APB_MASTER/rtlcreg_rdata_59/Q' (25359)
// MUX gate at /dut/ahbapbbridge/APB_MASTER/rtlcreg_rdata_58/Q(25360)
//      Driven by existing flop at '/dut/ahbapbbridge/APB_MASTER/rtlcreg_s_rdata_59/Q' (4331)
//      Bounds static X-source '/dut/ahbapbbridge/APB_MASTER/rtlcreg_rdata_58/Q' (25360)
// MUX gate at /dut/ahbapbbridge/APB_MASTER/rtlcreg_rdata_57/Q(25361)
//      Driven by existing flop at '/dut/ahbapbbridge/APB_MASTER/rtlcreg_s_rdata_58/Q' (4332)
//      Bounds static X-source '/dut/ahbapbbridge/APB_MASTER/rtlcreg_rdata_57/Q' (25361)
// MUX gate at /dut/ahbapbbridge/APB_MASTER/rtlcreg_rdata_56/Q(25362)
//      Driven by existing flop at '/dut/ahbapbbridge/APB_MASTER/rtlcreg_s_rdata_57/Q' (4333)
//      Bounds static X-source '/dut/ahbapbbridge/APB_MASTER/rtlcreg_rdata_56/Q' (25362)
// MUX gate at /dut/ahbapbbridge/APB_MASTER/rtlcreg_rdata_55/Q(25363)
//      Driven by existing flop at '/dut/ahbapbbridge/APB_MASTER/rtlcreg_s_rdata_56/Q' (4334)
//      Bounds static X-source '/dut/ahbapbbridge/APB_MASTER/rtlcreg_rdata_55/Q' (25363)
// MUX gate at /dut/ahbapbbridge/APB_MASTER/rtlcreg_rdata_54/Q(25364)
//      Driven by existing flop at '/dut/ahbapbbridge/APB_MASTER/rtlcreg_s_rdata_55/Q' (4335)
//      Bounds static X-source '/dut/ahbapbbridge/APB_MASTER/rtlcreg_rdata_54/Q' (25364)
// MUX gate at /dut/ahbapbbridge/APB_MASTER/rtlcreg_rdata_53/Q(25365)
//      Driven by existing flop at '/dut/ahbapbbridge/APB_MASTER/rtlcreg_s_rdata_54/Q' (4336)
//      Bounds static X-source '/dut/ahbapbbridge/APB_MASTER/rtlcreg_rdata_53/Q' (25365)
// MUX gate at /dut/ahbapbbridge/APB_MASTER/rtlcreg_rdata_52/Q(25366)
//      Driven by existing flop at '/dut/ahbapbbridge/APB_MASTER/rtlcreg_s_rdata_53/Q' (4337)
//      Bounds static X-source '/dut/ahbapbbridge/APB_MASTER/rtlcreg_rdata_52/Q' (25366)
// MUX gate at /dut/ahbapbbridge/APB_MASTER/rtlcreg_rdata_51/Q(25367)
//      Driven by existing flop at '/dut/ahbapbbridge/APB_MASTER/rtlcreg_s_rdata_52/Q' (4338)
//      Bounds static X-source '/dut/ahbapbbridge/APB_MASTER/rtlcreg_rdata_51/Q' (25367)
// MUX gate at /dut/ahbapbbridge/APB_MASTER/rtlcreg_rdata_50/Q(25368)
//      Driven by existing flop at '/dut/ahbapbbridge/APB_MASTER/rtlcreg_s_rdata_51/Q' (4339)
//      Bounds static X-source '/dut/ahbapbbridge/APB_MASTER/rtlcreg_rdata_50/Q' (25368)
// MUX gate at /dut/ahbapbbridge/APB_MASTER/rtlcreg_rdata_49/Q(25369)
//      Driven by existing flop at '/dut/ahbapbbridge/APB_MASTER/rtlcreg_s_rdata_50/Q' (4340)
//      Bounds static X-source '/dut/ahbapbbridge/APB_MASTER/rtlcreg_rdata_49/Q' (25369)
// MUX gate at /dut/ahbapbbridge/APB_MASTER/rtlcreg_rdata_48/Q(25370)
//      Driven by existing flop at '/dut/ahbapbbridge/APB_MASTER/rtlcreg_s_rdata_49/Q' (4341)
//      Bounds static X-source '/dut/ahbapbbridge/APB_MASTER/rtlcreg_rdata_48/Q' (25370)
// MUX gate at /dut/ahbapbbridge/APB_MASTER/rtlcreg_rdata_47/Q(25371)
//      Driven by existing flop at '/dut/ahbapbbridge/APB_MASTER/rtlcreg_s_rdata_48/Q' (4342)
//      Bounds static X-source '/dut/ahbapbbridge/APB_MASTER/rtlcreg_rdata_47/Q' (25371)
// MUX gate at /dut/ahbapbbridge/APB_MASTER/rtlcreg_rdata_46/Q(25372)
//      Driven by existing flop at '/dut/ahbapbbridge/APB_MASTER/rtlcreg_s_rdata_47/Q' (4343)
//      Bounds static X-source '/dut/ahbapbbridge/APB_MASTER/rtlcreg_rdata_46/Q' (25372)
// MUX gate at /dut/ahbapbbridge/APB_MASTER/rtlcreg_rdata_45/Q(25373)
//      Driven by existing flop at '/dut/ahbapbbridge/APB_MASTER/rtlcreg_s_rdata_46/Q' (4344)
//      Bounds static X-source '/dut/ahbapbbridge/APB_MASTER/rtlcreg_rdata_45/Q' (25373)
// MUX gate at /dut/ahbapbbridge/APB_MASTER/rtlcreg_rdata_44/Q(25374)
//      Driven by existing flop at '/dut/ahbapbbridge/APB_MASTER/rtlcreg_s_rdata_45/Q' (4345)
//      Bounds static X-source '/dut/ahbapbbridge/APB_MASTER/rtlcreg_rdata_44/Q' (25374)
// MUX gate at /dut/ahbapbbridge/APB_MASTER/rtlcreg_rdata_43/Q(25375)
//      Driven by existing flop at '/dut/ahbapbbridge/APB_MASTER/rtlcreg_s_rdata_44/Q' (4346)
//      Bounds static X-source '/dut/ahbapbbridge/APB_MASTER/rtlcreg_rdata_43/Q' (25375)
// MUX gate at /dut/ahbapbbridge/APB_MASTER/rtlcreg_rdata_42/Q(25376)
//      Driven by existing flop at '/dut/ahbapbbridge/APB_MASTER/rtlcreg_s_rdata_43/Q' (4347)
//      Bounds static X-source '/dut/ahbapbbridge/APB_MASTER/rtlcreg_rdata_42/Q' (25376)
// MUX gate at /dut/ahbapbbridge/APB_MASTER/rtlcreg_rdata_41/Q(25377)
//      Driven by existing flop at '/dut/ahbapbbridge/APB_MASTER/rtlcreg_s_rdata_42/Q' (4348)
//      Bounds static X-source '/dut/ahbapbbridge/APB_MASTER/rtlcreg_rdata_41/Q' (25377)
// MUX gate at /dut/ahbapbbridge/APB_MASTER/rtlcreg_rdata_40/Q(25378)
//      Driven by existing flop at '/dut/ahbapbbridge/APB_MASTER/rtlcreg_s_rdata_41/Q' (4349)
//      Bounds static X-source '/dut/ahbapbbridge/APB_MASTER/rtlcreg_rdata_40/Q' (25378)
// MUX gate at /dut/ahbapbbridge/APB_MASTER/rtlcreg_rdata_39/Q(25379)
//      Driven by existing flop at '/dut/ahbapbbridge/APB_MASTER/rtlcreg_s_rdata_40/Q' (4350)
//      Bounds static X-source '/dut/ahbapbbridge/APB_MASTER/rtlcreg_rdata_39/Q' (25379)
// MUX gate at /dut/ahbapbbridge/APB_MASTER/rtlcreg_rdata_38/Q(25380)
//      Driven by existing flop at '/dut/ahbapbbridge/APB_MASTER/rtlcreg_s_rdata_39/Q' (4351)
//      Bounds static X-source '/dut/ahbapbbridge/APB_MASTER/rtlcreg_rdata_38/Q' (25380)
// MUX gate at /dut/ahbapbbridge/APB_MASTER/rtlcreg_rdata_37/Q(25381)
//      Driven by existing flop at '/dut/ahbapbbridge/APB_MASTER/rtlcreg_s_rdata_38/Q' (4352)
//      Bounds static X-source '/dut/ahbapbbridge/APB_MASTER/rtlcreg_rdata_37/Q' (25381)
// MUX gate at /dut/ahbapbbridge/APB_MASTER/rtlcreg_rdata_36/Q(25382)
//      Driven by existing flop at '/dut/ahbapbbridge/APB_MASTER/rtlcreg_s_rdata_37/Q' (4353)
//      Bounds static X-source '/dut/ahbapbbridge/APB_MASTER/rtlcreg_rdata_36/Q' (25382)
// MUX gate at /dut/ahbapbbridge/APB_MASTER/rtlcreg_rdata_35/Q(25383)
//      Driven by existing flop at '/dut/ahbapbbridge/APB_MASTER/rtlcreg_s_rdata_36/Q' (4354)
//      Bounds static X-source '/dut/ahbapbbridge/APB_MASTER/rtlcreg_rdata_35/Q' (25383)
// MUX gate at /dut/ahbapbbridge/APB_MASTER/rtlcreg_rdata_34/Q(25384)
//      Driven by existing flop at '/dut/ahbapbbridge/APB_MASTER/rtlcreg_s_rdata_35/Q' (4355)
//      Bounds static X-source '/dut/ahbapbbridge/APB_MASTER/rtlcreg_rdata_34/Q' (25384)
// MUX gate at /dut/ahbapbbridge/APB_MASTER/rtlcreg_rdata_33/Q(25385)
//      Driven by existing flop at '/dut/ahbapbbridge/APB_MASTER/rtlcreg_s_rdata_34/Q' (4356)
//      Bounds static X-source '/dut/ahbapbbridge/APB_MASTER/rtlcreg_rdata_33/Q' (25385)
// MUX gate at /dut/ahbapbbridge/APB_MASTER/rtlcreg_rdata_32/Q(25386)
//      Driven by existing flop at '/dut/ahbapbbridge/APB_MASTER/rtlcreg_s_rdata_33/Q' (4357)
//      Bounds static X-source '/dut/ahbapbbridge/APB_MASTER/rtlcreg_rdata_32/Q' (25386)
// MUX gate at /dut/ahbapbbridge/APB_MASTER/rtlcreg_rdata_31/Q(25387)
//      Driven by existing flop at '/dut/ahbapbbridge/APB_MASTER/rtlcreg_s_rdata_32/Q' (4358)
//      Bounds static X-source '/dut/ahbapbbridge/APB_MASTER/rtlcreg_rdata_31/Q' (25387)
// MUX gate at /dut/ahbapbbridge/APB_MASTER/rtlcreg_rdata_30/Q(25388)
//      Driven by existing flop at '/dut/ahbapbbridge/APB_MASTER/rtlcreg_s_rdata_31/Q' (4359)
//      Bounds static X-source '/dut/ahbapbbridge/APB_MASTER/rtlcreg_rdata_30/Q' (25388)
// MUX gate at /dut/ahbapbbridge/APB_MASTER/rtlcreg_rdata_29/Q(25389)
//      Driven by existing flop at '/dut/ahbapbbridge/APB_MASTER/rtlcreg_s_rdata_30/Q' (4360)
//      Bounds static X-source '/dut/ahbapbbridge/APB_MASTER/rtlcreg_rdata_29/Q' (25389)
// MUX gate at /dut/ahbapbbridge/APB_MASTER/rtlcreg_rdata_28/Q(25390)
//      Driven by existing flop at '/dut/ahbapbbridge/APB_MASTER/rtlcreg_s_rdata_29/Q' (4361)
//      Bounds static X-source '/dut/ahbapbbridge/APB_MASTER/rtlcreg_rdata_28/Q' (25390)
// MUX gate at /dut/ahbapbbridge/APB_MASTER/rtlcreg_rdata_27/Q(25391)
//      Driven by existing flop at '/dut/ahbapbbridge/APB_MASTER/rtlcreg_s_rdata_28/Q' (4362)
//      Bounds static X-source '/dut/ahbapbbridge/APB_MASTER/rtlcreg_rdata_27/Q' (25391)
// MUX gate at /dut/ahbapbbridge/APB_MASTER/rtlcreg_rdata_26/Q(25392)
//      Driven by existing flop at '/dut/ahbapbbridge/APB_MASTER/rtlcreg_s_rdata_27/Q' (4363)
//      Bounds static X-source '/dut/ahbapbbridge/APB_MASTER/rtlcreg_rdata_26/Q' (25392)
// MUX gate at /dut/ahbapbbridge/APB_MASTER/rtlcreg_rdata_25/Q(25393)
//      Driven by existing flop at '/dut/ahbapbbridge/APB_MASTER/rtlcreg_s_rdata_26/Q' (4364)
//      Bounds static X-source '/dut/ahbapbbridge/APB_MASTER/rtlcreg_rdata_25/Q' (25393)
// MUX gate at /dut/ahbapbbridge/APB_MASTER/rtlcreg_rdata_24/Q(25394)
//      Driven by existing flop at '/dut/ahbapbbridge/APB_MASTER/rtlcreg_s_rdata_25/Q' (4365)
//      Bounds static X-source '/dut/ahbapbbridge/APB_MASTER/rtlcreg_rdata_24/Q' (25394)
// MUX gate at /dut/ahbapbbridge/APB_MASTER/rtlcreg_rdata_23/Q(25395)
//      Driven by existing flop at '/dut/ahbapbbridge/APB_MASTER/rtlcreg_s_rdata_24/Q' (4366)
//      Bounds static X-source '/dut/ahbapbbridge/APB_MASTER/rtlcreg_rdata_23/Q' (25395)
// MUX gate at /dut/ahbapbbridge/APB_MASTER/rtlcreg_rdata_22/Q(25396)
//      Driven by existing flop at '/dut/ahbapbbridge/APB_MASTER/rtlcreg_s_rdata_23/Q' (4367)
//      Bounds static X-source '/dut/ahbapbbridge/APB_MASTER/rtlcreg_rdata_22/Q' (25396)
// MUX gate at /dut/ahbapbbridge/APB_MASTER/rtlcreg_rdata_21/Q(25397)
//      Driven by existing flop at '/dut/ahbapbbridge/APB_MASTER/rtlcreg_s_rdata_22/Q' (4368)
//      Bounds static X-source '/dut/ahbapbbridge/APB_MASTER/rtlcreg_rdata_21/Q' (25397)
// MUX gate at /dut/ahbapbbridge/APB_MASTER/rtlcreg_rdata_20/Q(25398)
//      Driven by existing flop at '/dut/ahbapbbridge/APB_MASTER/rtlcreg_s_rdata_21/Q' (4369)
//      Bounds static X-source '/dut/ahbapbbridge/APB_MASTER/rtlcreg_rdata_20/Q' (25398)
// MUX gate at /dut/ahbapbbridge/APB_MASTER/rtlcreg_rdata_19/Q(25399)
//      Driven by existing flop at '/dut/ahbapbbridge/APB_MASTER/rtlcreg_s_rdata_20/Q' (4370)
//      Bounds static X-source '/dut/ahbapbbridge/APB_MASTER/rtlcreg_rdata_19/Q' (25399)
// MUX gate at /dut/ahbapbbridge/APB_MASTER/rtlcreg_rdata_18/Q(25400)
//      Driven by existing flop at '/dut/ahbapbbridge/APB_MASTER/rtlcreg_s_rdata_19/Q' (4371)
//      Bounds static X-source '/dut/ahbapbbridge/APB_MASTER/rtlcreg_rdata_18/Q' (25400)
// MUX gate at /dut/ahbapbbridge/APB_MASTER/rtlcreg_rdata_17/Q(25401)
//      Driven by existing flop at '/dut/ahbapbbridge/APB_MASTER/rtlcreg_s_rdata_18/Q' (4372)
//      Bounds static X-source '/dut/ahbapbbridge/APB_MASTER/rtlcreg_rdata_17/Q' (25401)
// MUX gate at /dut/ahbapbbridge/APB_MASTER/rtlcreg_rdata_16/Q(25402)
//      Driven by existing flop at '/dut/ahbapbbridge/APB_MASTER/rtlcreg_s_rdata_17/Q' (4373)
//      Bounds static X-source '/dut/ahbapbbridge/APB_MASTER/rtlcreg_rdata_16/Q' (25402)
// MUX gate at /dut/ahbapbbridge/APB_MASTER/rtlcreg_rdata_15/Q(25403)
//      Driven by existing flop at '/dut/ahbapbbridge/APB_MASTER/rtlcreg_s_rdata_16/Q' (4374)
//      Bounds static X-source '/dut/ahbapbbridge/APB_MASTER/rtlcreg_rdata_15/Q' (25403)
// MUX gate at /dut/ahbapbbridge/APB_MASTER/rtlcreg_rdata_14/Q(25404)
//      Driven by existing flop at '/dut/ahbapbbridge/APB_MASTER/rtlcreg_s_rdata_15/Q' (4375)
//      Bounds static X-source '/dut/ahbapbbridge/APB_MASTER/rtlcreg_rdata_14/Q' (25404)
// MUX gate at /dut/ahbapbbridge/APB_MASTER/rtlcreg_rdata_13/Q(25405)
//      Driven by existing flop at '/dut/ahbapbbridge/APB_MASTER/rtlcreg_s_rdata_14/Q' (4376)
//      Bounds static X-source '/dut/ahbapbbridge/APB_MASTER/rtlcreg_rdata_13/Q' (25405)
// MUX gate at /dut/ahbapbbridge/APB_MASTER/rtlcreg_rdata_12/Q(25406)
//      Driven by existing flop at '/dut/ahbapbbridge/APB_MASTER/rtlcreg_s_rdata_13/Q' (4377)
//      Bounds static X-source '/dut/ahbapbbridge/APB_MASTER/rtlcreg_rdata_12/Q' (25406)
// MUX gate at /dut/ahbapbbridge/APB_MASTER/rtlcreg_rdata_11/Q(25407)
//      Driven by existing flop at '/dut/ahbapbbridge/APB_MASTER/rtlcreg_s_rdata_12/Q' (4378)
//      Bounds static X-source '/dut/ahbapbbridge/APB_MASTER/rtlcreg_rdata_11/Q' (25407)
// MUX gate at /dut/ahbapbbridge/APB_MASTER/rtlcreg_rdata_10/Q(25408)
//      Driven by existing flop at '/dut/ahbapbbridge/APB_MASTER/rtlcreg_s_rdata_11/Q' (4379)
//      Bounds static X-source '/dut/ahbapbbridge/APB_MASTER/rtlcreg_rdata_10/Q' (25408)
// MUX gate at /dut/ahbapbbridge/APB_MASTER/rtlcreg_rdata_9/Q(25409)
//      Driven by existing flop at '/dut/ahbapbbridge/APB_MASTER/rtlcreg_s_rdata_10/Q' (4380)
//      Bounds static X-source '/dut/ahbapbbridge/APB_MASTER/rtlcreg_rdata_9/Q' (25409)
// MUX gate at /dut/ahbapbbridge/APB_MASTER/rtlcreg_rdata_8/Q(25410)
//      Driven by existing flop at '/dut/ahbapbbridge/APB_MASTER/rtlcreg_s_rdata_9/Q' (4381)
//      Bounds static X-source '/dut/ahbapbbridge/APB_MASTER/rtlcreg_rdata_8/Q' (25410)
// MUX gate at /dut/ahbapbbridge/APB_MASTER/rtlcreg_rdata_7/Q(25411)
//      Driven by existing flop at '/dut/ahbapbbridge/APB_MASTER/rtlcreg_s_rdata_8/Q' (4382)
//      Bounds static X-source '/dut/ahbapbbridge/APB_MASTER/rtlcreg_rdata_7/Q' (25411)
// MUX gate at /dut/ahbapbbridge/APB_MASTER/rtlcreg_rdata_6/Q(25412)
//      Driven by existing flop at '/dut/ahbapbbridge/APB_MASTER/rtlcreg_s_rdata_7/Q' (4383)
//      Bounds static X-source '/dut/ahbapbbridge/APB_MASTER/rtlcreg_rdata_6/Q' (25412)
// MUX gate at /dut/ahbapbbridge/APB_MASTER/rtlcreg_rdata_5/Q(25413)
//      Driven by existing flop at '/dut/ahbapbbridge/APB_MASTER/rtlcreg_s_rdata_6/Q' (4384)
//      Bounds static X-source '/dut/ahbapbbridge/APB_MASTER/rtlcreg_rdata_5/Q' (25413)
// MUX gate at /dut/ahbapbbridge/APB_MASTER/rtlcreg_rdata_4/Q(25414)
//      Driven by existing flop at '/dut/ahbapbbridge/APB_MASTER/rtlcreg_s_rdata_5/Q' (4385)
//      Bounds static X-source '/dut/ahbapbbridge/APB_MASTER/rtlcreg_rdata_4/Q' (25414)
// MUX gate at /dut/ahbapbbridge/APB_MASTER/rtlcreg_rdata_3/Q(25415)
//      Driven by existing flop at '/dut/ahbapbbridge/APB_MASTER/rtlcreg_s_rdata_4/Q' (4386)
//      Bounds static X-source '/dut/ahbapbbridge/APB_MASTER/rtlcreg_rdata_3/Q' (25415)
// MUX gate at /dut/ahbapbbridge/APB_MASTER/rtlcreg_rdata_2/Q(25416)
//      Driven by existing flop at '/dut/ahbapbbridge/APB_MASTER/rtlcreg_s_rdata_3/Q' (4387)
//      Bounds static X-source '/dut/ahbapbbridge/APB_MASTER/rtlcreg_rdata_2/Q' (25416)
// MUX gate at /dut/ahbapbbridge/APB_MASTER/rtlcreg_rdata_1/Q(25417)
//      Driven by existing flop at '/dut/ahbapbbridge/APB_MASTER/rtlcreg_s_rdata_2/Q' (4388)
//      Bounds static X-source '/dut/ahbapbbridge/APB_MASTER/rtlcreg_rdata_1/Q' (25417)
// MUX gate at /dut/ahbapbbridge/APB_MASTER/rtlcreg_rdata_0/Q(25418)
//      Driven by existing flop at '/dut/ahbapbbridge/APB_MASTER/rtlcreg_s_rdata_1/Q' (4389)
//      Bounds static X-source '/dut/ahbapbbridge/APB_MASTER/rtlcreg_rdata_0/Q' (25418)
//  command: report_xbounding -verbose -ignored_x_sources on
//  Analyzed 439 static X-sources.
//  Added 654 control points for static X-bounding.
//  Marked 195 previously observable gate pins with no_observe_point attribute
//  to avoid inserting observe points that would capture an unblocked X-source.
// MUX gate at /HADDR[55](3)
//      Driven by existing flop at '/dut/hseldelayreg/rtlcreg_q_11/Q' (4398)
//      Bounds static X-source '/HADDR[55]' (3)
// MUX gate at /HADDR[54](4)
//      Driven by existing flop at '/dut/hseldelayreg/rtlcreg_q_9/Q' (4400)
//      Bounds static X-source '/HADDR[54]' (4)
// MUX gate at /HADDR[53](5)
//      Driven by existing flop at '/dut/hseldelayreg/rtlcreg_q_8/Q' (4401)
//      Bounds static X-source '/HADDR[53]' (5)
// MUX gate at /HADDR[52](6)
//      Driven by existing flop at '/dut/hseldelayreg/rtlcreg_q_7/Q' (4402)
//      Bounds static X-source '/HADDR[52]' (6)
// MUX gate at /HADDR[51](7)
//      Driven by existing flop at '/dut/hseldelayreg/rtlcreg_q_6/Q' (4403)
//      Bounds static X-source '/HADDR[51]' (7)
// MUX gate at /HADDR[50](8)
//      Driven by existing flop at '/dut/hseldelayreg/rtlcreg_q_2/Q' (4407)
//      Bounds static X-source '/HADDR[50]' (8)
// MUX gate at /HADDR[49](9)
//      Driven by existing flop at '/dut/hseldelayreg/rtlcreg_q_1/Q' (4408)
//      Bounds static X-source '/HADDR[49]' (9)
// MUX gate at /HADDR[48](10)
//      Driven by existing flop at '/dut/ahbapbbridge/AHB_SLAVE/rtlcreg_s_addr_55/Q' (4100)
//      Bounds static X-source '/HADDR[48]' (10)
// MUX gate at /HADDR[47](11)
//      Driven by existing flop at '/dut/ahbapbbridge/AHB_SLAVE/rtlcreg_s_addr_54/Q' (4101)
//      Bounds static X-source '/HADDR[47]' (11)
// MUX gate at /HADDR[46](12)
//      Driven by existing flop at '/dut/ahbapbbridge/AHB_SLAVE/rtlcreg_s_addr_53/Q' (4102)
//      Bounds static X-source '/HADDR[46]' (12)
// MUX gate at /HADDR[45](13)
//      Driven by existing flop at '/dut/ahbapbbridge/AHB_SLAVE/rtlcreg_s_addr_52/Q' (4103)
//      Bounds static X-source '/HADDR[45]' (13)
// MUX gate at /HADDR[44](14)
//      Driven by existing flop at '/dut/ahbapbbridge/AHB_SLAVE/rtlcreg_s_addr_51/Q' (4104)
//      Bounds static X-source '/HADDR[44]' (14)
// MUX gate at /HADDR[43](15)
//      Driven by existing flop at '/dut/ahbapbbridge/AHB_SLAVE/rtlcreg_s_addr_50/Q' (4105)
//      Bounds static X-source '/HADDR[43]' (15)
// MUX gate at /HADDR[42](16)
//      Driven by existing flop at '/dut/ahbapbbridge/AHB_SLAVE/rtlcreg_s_addr_49/Q' (4106)
//      Bounds static X-source '/HADDR[42]' (16)
// MUX gate at /HADDR[41](17)
//      Driven by existing flop at '/dut/ahbapbbridge/AHB_SLAVE/rtlcreg_s_addr_48/Q' (4107)
//      Bounds static X-source '/HADDR[41]' (17)
// MUX gate at /HADDR[40](18)
//      Driven by existing flop at '/dut/ahbapbbridge/AHB_SLAVE/rtlcreg_s_addr_47/Q' (4108)
//      Bounds static X-source '/HADDR[40]' (18)
// MUX gate at /HADDR[39](19)
//      Driven by existing flop at '/dut/ahbapbbridge/AHB_SLAVE/rtlcreg_s_addr_46/Q' (4109)
//      Bounds static X-source '/HADDR[39]' (19)
// MUX gate at /HADDR[38](20)
//      Driven by existing flop at '/dut/ahbapbbridge/AHB_SLAVE/rtlcreg_s_addr_45/Q' (4110)
//      Bounds static X-source '/HADDR[38]' (20)
// MUX gate at /HADDR[37](21)
//      Driven by existing flop at '/dut/ahbapbbridge/AHB_SLAVE/rtlcreg_s_addr_44/Q' (4111)
//      Bounds static X-source '/HADDR[37]' (21)
// MUX gate at /HADDR[36](22)
//      Driven by existing flop at '/dut/ahbapbbridge/AHB_SLAVE/rtlcreg_s_addr_43/Q' (4112)
//      Bounds static X-source '/HADDR[36]' (22)
// MUX gate at /HADDR[35](23)
//      Driven by existing flop at '/dut/ahbapbbridge/AHB_SLAVE/rtlcreg_s_addr_42/Q' (4113)
//      Bounds static X-source '/HADDR[35]' (23)
// MUX gate at /HADDR[34](24)
//      Driven by existing flop at '/dut/ahbapbbridge/AHB_SLAVE/rtlcreg_s_addr_41/Q' (4114)
//      Bounds static X-source '/HADDR[34]' (24)
// MUX gate at /HADDR[33](25)
//      Driven by existing flop at '/dut/ahbapbbridge/AHB_SLAVE/rtlcreg_s_addr_40/Q' (4115)
//      Bounds static X-source '/HADDR[33]' (25)
// MUX gate at /HADDR[32](26)
//      Driven by existing flop at '/dut/ahbapbbridge/AHB_SLAVE/rtlcreg_s_addr_39/Q' (4116)
//      Bounds static X-source '/HADDR[32]' (26)
// MUX gate at /HADDR[31](27)
//      Driven by existing flop at '/dut/ahbapbbridge/AHB_SLAVE/rtlcreg_s_addr_38/Q' (4117)
//      Bounds static X-source '/HADDR[31]' (27)
// MUX gate at /HADDR[30](28)
//      Driven by existing flop at '/dut/ahbapbbridge/AHB_SLAVE/rtlcreg_s_addr_37/Q' (4118)
//      Bounds static X-source '/HADDR[30]' (28)
// MUX gate at /HADDR[29](29)
//      Driven by existing flop at '/dut/ahbapbbridge/AHB_SLAVE/rtlcreg_s_addr_36/Q' (4119)
//      Bounds static X-source '/HADDR[29]' (29)
// MUX gate at /HADDR[28](30)
//      Driven by existing flop at '/dut/ahbapbbridge/AHB_SLAVE/rtlcreg_s_addr_35/Q' (4120)
//      Bounds static X-source '/HADDR[28]' (30)
// MUX gate at /HADDR[27](31)
//      Driven by existing flop at '/dut/ahbapbbridge/AHB_SLAVE/rtlcreg_s_addr_34/Q' (4121)
//      Bounds static X-source '/HADDR[27]' (31)
// MUX gate at /HADDR[26](32)
//      Driven by existing flop at '/dut/ahbapbbridge/AHB_SLAVE/rtlcreg_s_addr_33/Q' (4122)
//      Bounds static X-source '/HADDR[26]' (32)
// MUX gate at /HADDR[25](33)
//      Driven by existing flop at '/dut/ahbapbbridge/AHB_SLAVE/rtlcreg_s_addr_32/Q' (4123)
//      Bounds static X-source '/HADDR[25]' (33)
// MUX gate at /HADDR[24](34)
//      Driven by existing flop at '/dut/ahbapbbridge/AHB_SLAVE/rtlcreg_s_addr_31/Q' (4124)
//      Bounds static X-source '/HADDR[24]' (34)
// MUX gate at /HADDR[23](35)
//      Driven by existing flop at '/dut/ahbapbbridge/AHB_SLAVE/rtlcreg_s_addr_30/Q' (4125)
//      Bounds static X-source '/HADDR[23]' (35)
// MUX gate at /HADDR[22](36)
//      Driven by existing flop at '/dut/ahbapbbridge/AHB_SLAVE/rtlcreg_s_addr_29/Q' (4126)
//      Bounds static X-source '/HADDR[22]' (36)
// MUX gate at /HADDR[21](37)
//      Driven by existing flop at '/dut/ahbapbbridge/AHB_SLAVE/rtlcreg_s_addr_28/Q' (4127)
//      Bounds static X-source '/HADDR[21]' (37)
// MUX gate at /HADDR[20](38)
//      Driven by existing flop at '/dut/ahbapbbridge/AHB_SLAVE/rtlcreg_s_addr_27/Q' (4128)
//      Bounds static X-source '/HADDR[20]' (38)
// MUX gate at /HADDR[19](39)
//      Driven by existing flop at '/dut/ahbapbbridge/AHB_SLAVE/rtlcreg_s_addr_26/Q' (4129)
//      Bounds static X-source '/HADDR[19]' (39)
// MUX gate at /HADDR[18](40)
//      Driven by existing flop at '/dut/ahbapbbridge/AHB_SLAVE/rtlcreg_s_addr_25/Q' (4130)
//      Bounds static X-source '/HADDR[18]' (40)
// MUX gate at /HADDR[17](41)
//      Driven by existing flop at '/dut/ahbapbbridge/AHB_SLAVE/rtlcreg_s_addr_24/Q' (4131)
//      Bounds static X-source '/HADDR[17]' (41)
// MUX gate at /HADDR[16](42)
//      Driven by existing flop at '/dut/ahbapbbridge/AHB_SLAVE/rtlcreg_s_addr_23/Q' (4132)
//      Bounds static X-source '/HADDR[16]' (42)
// MUX gate at /HADDR[15](43)
//      Driven by existing flop at '/dut/ahbapbbridge/AHB_SLAVE/rtlcreg_s_addr_22/Q' (4133)
//      Bounds static X-source '/HADDR[15]' (43)
// MUX gate at /HADDR[14](44)
//      Driven by existing flop at '/dut/ahbapbbridge/AHB_SLAVE/rtlcreg_s_addr_21/Q' (4134)
//      Bounds static X-source '/HADDR[14]' (44)
// MUX gate at /HADDR[13](45)
//      Driven by existing flop at '/dut/ahbapbbridge/AHB_SLAVE/rtlcreg_s_addr_20/Q' (4135)
//      Bounds static X-source '/HADDR[13]' (45)
// MUX gate at /HADDR[12](46)
//      Driven by existing flop at '/dut/ahbapbbridge/AHB_SLAVE/rtlcreg_s_addr_19/Q' (4136)
//      Bounds static X-source '/HADDR[12]' (46)
// MUX gate at /HADDR[11](47)
//      Driven by existing flop at '/dut/ahbapbbridge/AHB_SLAVE/rtlcreg_s_addr_18/Q' (4137)
//      Bounds static X-source '/HADDR[11]' (47)
// MUX gate at /HADDR[10](48)
//      Driven by existing flop at '/dut/ahbapbbridge/AHB_SLAVE/rtlcreg_s_addr_17/Q' (4138)
//      Bounds static X-source '/HADDR[10]' (48)
// MUX gate at /HADDR[9](49)
//      Driven by existing flop at '/dut/ahbapbbridge/AHB_SLAVE/rtlcreg_s_addr_16/Q' (4139)
//      Bounds static X-source '/HADDR[9]' (49)
// MUX gate at /HADDR[8](50)
//      Driven by existing flop at '/dut/ahbapbbridge/AHB_SLAVE/rtlcreg_s_addr_15/Q' (4140)
//      Bounds static X-source '/HADDR[8]' (50)
// MUX gate at /HADDR[7](51)
//      Driven by existing flop at '/dut/ahbapbbridge/AHB_SLAVE/rtlcreg_s_addr_14/Q' (4141)
//      Bounds static X-source '/HADDR[7]' (51)
// MUX gate at /HADDR[6](52)
//      Driven by existing flop at '/dut/ahbapbbridge/AHB_SLAVE/rtlcreg_s_addr_13/Q' (4142)
//      Bounds static X-source '/HADDR[6]' (52)
// MUX gate at /HADDR[5](53)
//      Driven by existing flop at '/dut/ahbapbbridge/AHB_SLAVE/rtlcreg_s_addr_12/Q' (4143)
//      Bounds static X-source '/HADDR[5]' (53)
// MUX gate at /HADDR[4](54)
//      Driven by existing flop at '/dut/ahbapbbridge/AHB_SLAVE/rtlcreg_s_addr_11/Q' (4144)
//      Bounds static X-source '/HADDR[4]' (54)
// MUX gate at /HADDR[3](55)
//      Driven by existing flop at '/dut/ahbapbbridge/AHB_SLAVE/rtlcreg_s_addr_10/Q' (4145)
//      Bounds static X-source '/HADDR[3]' (55)
// MUX gate at /HADDR[2](56)
//      Driven by existing flop at '/dut/ahbapbbridge/AHB_SLAVE/rtlcreg_s_addr_9/Q' (4146)
//      Bounds static X-source '/HADDR[2]' (56)
// MUX gate at /HADDR[1](57)
//      Driven by existing flop at '/dut/ahbapbbridge/AHB_SLAVE/rtlcreg_s_addr_8/Q' (4147)
//      Bounds static X-source '/HADDR[1]' (57)
// MUX gate at /HADDR[0](58)
//      Driven by existing flop at '/dut/ahbapbbridge/AHB_SLAVE/rtlcreg_s_addr_7/Q' (4148)
//      Bounds static X-source '/HADDR[0]' (58)
// MUX gate at /HWDATA[63](59)
//      Driven by existing flop at '/dut/hseldelayreg/rtlcreg_q_12/Q' (4397)
//      Bounds static X-source '/HWDATA[63]' (59)
// MUX gate at /HWDATA[62](60)
//      Driven by existing flop at '/dut/hseldelayreg/rtlcreg_q_10/Q' (4399)
//      Bounds static X-source '/HWDATA[62]' (60)
// MUX gate at /HWDATA[61](61)
//      Driven by existing flop at '/dut/hseldelayreg/rtlcreg_q_5/Q' (4404)
//      Bounds static X-source '/HWDATA[61]' (61)
// MUX gate at /HWDATA[60](62)
//      Driven by existing flop at '/dut/hseldelayreg/rtlcreg_q_4/Q' (4405)
//      Bounds static X-source '/HWDATA[60]' (62)
// MUX gate at /HWDATA[59](63)
//      Driven by existing flop at '/dut/hseldelayreg/rtlcreg_q_3/Q' (4406)
//      Bounds static X-source '/HWDATA[59]' (63)
// MUX gate at /HWDATA[58](64)
//      Driven by existing flop at '/dut/hseldelayreg/rtlcreg_q_0/Q' (4409)
//      Bounds static X-source '/HWDATA[58]' (64)
// MUX gate at /HWDATA[57](65)
//      Driven by existing flop at '/dut/hselbridgedelayreg/rtlcreg_q_0/Q' (4410)
//      Bounds static X-source '/HWDATA[57]' (65)
// MUX gate at /HWDATA[56](66)
//      Driven by existing flop at '/dut/ahbapbbridge/AHB_SLAVE/rtlcreg_s_addr_6/Q' (4149)
//      Bounds static X-source '/HWDATA[56]' (66)
// MUX gate at /HWDATA[55](67)
//      Driven by existing flop at '/dut/ahbapbbridge/AHB_SLAVE/rtlcreg_s_addr_5/Q' (4150)
//      Bounds static X-source '/HWDATA[55]' (67)
// MUX gate at /HWDATA[54](68)
//      Driven by existing flop at '/dut/ahbapbbridge/AHB_SLAVE/rtlcreg_s_addr_4/Q' (4151)
//      Bounds static X-source '/HWDATA[54]' (68)
// MUX gate at /HWDATA[53](69)
//      Driven by existing flop at '/dut/ahbapbbridge/AHB_SLAVE/rtlcreg_s_addr_3/Q' (4152)
//      Bounds static X-source '/HWDATA[53]' (69)
// MUX gate at /HWDATA[52](70)
//      Driven by existing flop at '/dut/ahbapbbridge/AHB_SLAVE/rtlcreg_s_addr_2/Q' (4153)
//      Bounds static X-source '/HWDATA[52]' (70)
// MUX gate at /HWDATA[51](71)
//      Driven by existing flop at '/dut/ahbapbbridge/AHB_SLAVE/rtlcreg_s_addr_1/Q' (4154)
//      Bounds static X-source '/HWDATA[51]' (71)
// MUX gate at /HWDATA[50](72)
//      Driven by existing flop at '/dut/ahbapbbridge/AHB_SLAVE/rtlcreg_s_addr_0/Q' (4155)
//      Bounds static X-source '/HWDATA[50]' (72)
// MUX gate at /HWDATA[49](73)
//      Driven by existing flop at '/dut/ahbapbbridge/AHB_SLAVE/rtlcreg_s_sel_4/Q' (4156)
//      Bounds static X-source '/HWDATA[49]' (73)
// MUX gate at /HWDATA[48](74)
//      Driven by existing flop at '/dut/ahbapbbridge/AHB_SLAVE/rtlcreg_s_sel_3/Q' (4157)
//      Bounds static X-source '/HWDATA[48]' (74)
// MUX gate at /HWDATA[47](75)
//      Driven by existing flop at '/dut/ahbapbbridge/AHB_SLAVE/rtlcreg_s_sel_2/Q' (4158)
//      Bounds static X-source '/HWDATA[47]' (75)
// MUX gate at /HWDATA[46](76)
//      Driven by existing flop at '/dut/ahbapbbridge/AHB_SLAVE/rtlcreg_s_sel_1/Q' (4159)
//      Bounds static X-source '/HWDATA[46]' (76)
// MUX gate at /HWDATA[45](77)
//      Driven by existing flop at '/dut/ahbapbbridge/AHB_SLAVE/rtlcreg_s_sel_0/Q' (4160)
//      Bounds static X-source '/HWDATA[45]' (77)
// MUX gate at /HWDATA[44](78)
//      Driven by existing flop at '/dut/ahbapbbridge/AHB_SLAVE/rtlcreg_s_write/Q' (4161)
//      Bounds static X-source '/HWDATA[44]' (78)
// MUX gate at /HWDATA[43](79)
//      Driven by existing flop at '/dut/ahbapbbridge/AHB_SLAVE/rtlcreg_pstrb_reg_7/Q' (4162)
//      Bounds static X-source '/HWDATA[43]' (79)
// MUX gate at /HWDATA[42](80)
//      Driven by existing flop at '/dut/ahbapbbridge/AHB_SLAVE/rtlcreg_pstrb_reg_6/Q' (4163)
//      Bounds static X-source '/HWDATA[42]' (80)
// MUX gate at /HWDATA[41](81)
//      Driven by existing flop at '/dut/ahbapbbridge/AHB_SLAVE/rtlcreg_pstrb_reg_5/Q' (4164)
//      Bounds static X-source '/HWDATA[41]' (81)
// MUX gate at /HWDATA[40](82)
//      Driven by existing flop at '/dut/ahbapbbridge/AHB_SLAVE/rtlcreg_pstrb_reg_4/Q' (4165)
//      Bounds static X-source '/HWDATA[40]' (82)
// MUX gate at /HWDATA[39](83)
//      Driven by existing flop at '/dut/ahbapbbridge/AHB_SLAVE/rtlcreg_pstrb_reg_3/Q' (4166)
//      Bounds static X-source '/HWDATA[39]' (83)
// MUX gate at /HWDATA[38](84)
//      Driven by existing flop at '/dut/ahbapbbridge/AHB_SLAVE/rtlcreg_pstrb_reg_2/Q' (4167)
//      Bounds static X-source '/HWDATA[38]' (84)
// MUX gate at /HWDATA[37](85)
//      Driven by existing flop at '/dut/ahbapbbridge/AHB_SLAVE/rtlcreg_pstrb_reg_1/Q' (4168)
//      Bounds static X-source '/HWDATA[37]' (85)
// MUX gate at /HWDATA[36](86)
//      Driven by existing flop at '/dut/ahbapbbridge/AHB_SLAVE/rtlcreg_pstrb_reg_0/Q' (4169)
//      Bounds static X-source '/HWDATA[36]' (86)
// MUX gate at /HWDATA[35](87)
//      Driven by existing flop at '/dut/ahbapbbridge/AHB_SLAVE/rtlcreg_s_trans_valid/Q' (4170)
//      Bounds static X-source '/HWDATA[35]' (87)
// MUX gate at /HWDATA[34](88)
//      Driven by existing flop at '/dut/ahbapbbridge/AHB_SLAVE/rtlcreg_s_wdata_63/Q' (4171)
//      Bounds static X-source '/HWDATA[34]' (88)
// MUX gate at /HWDATA[33](89)
//      Driven by existing flop at '/dut/ahbapbbridge/AHB_SLAVE/rtlcreg_s_wdata_62/Q' (4172)
//      Bounds static X-source '/HWDATA[33]' (89)
// MUX gate at /HWDATA[32](90)
//      Driven by existing flop at '/dut/ahbapbbridge/AHB_SLAVE/rtlcreg_s_wdata_61/Q' (4173)
//      Bounds static X-source '/HWDATA[32]' (90)
// MUX gate at /HWDATA[31](91)
//      Driven by existing flop at '/dut/ahbapbbridge/AHB_SLAVE/rtlcreg_s_wdata_60/Q' (4174)
//      Bounds static X-source '/HWDATA[31]' (91)
// MUX gate at /HWDATA[30](92)
//      Driven by existing flop at '/dut/ahbapbbridge/AHB_SLAVE/rtlcreg_s_wdata_59/Q' (4175)
//      Bounds static X-source '/HWDATA[30]' (92)
// MUX gate at /HWDATA[29](93)
//      Driven by existing flop at '/dut/ahbapbbridge/AHB_SLAVE/rtlcreg_s_wdata_58/Q' (4176)
//      Bounds static X-source '/HWDATA[29]' (93)
// MUX gate at /HWDATA[28](94)
//      Driven by existing flop at '/dut/ahbapbbridge/AHB_SLAVE/rtlcreg_s_wdata_57/Q' (4177)
//      Bounds static X-source '/HWDATA[28]' (94)
// MUX gate at /HWDATA[27](95)
//      Driven by existing flop at '/dut/ahbapbbridge/AHB_SLAVE/rtlcreg_s_wdata_56/Q' (4178)
//      Bounds static X-source '/HWDATA[27]' (95)
// MUX gate at /HWDATA[26](96)
//      Driven by existing flop at '/dut/ahbapbbridge/AHB_SLAVE/rtlcreg_s_wdata_55/Q' (4179)
//      Bounds static X-source '/HWDATA[26]' (96)
// MUX gate at /HWDATA[25](97)
//      Driven by existing flop at '/dut/ahbapbbridge/AHB_SLAVE/rtlcreg_s_wdata_54/Q' (4180)
//      Bounds static X-source '/HWDATA[25]' (97)
// MUX gate at /HWDATA[24](98)
//      Driven by existing flop at '/dut/ahbapbbridge/AHB_SLAVE/rtlcreg_s_wdata_53/Q' (4181)
//      Bounds static X-source '/HWDATA[24]' (98)
// MUX gate at /HWDATA[23](99)
//      Driven by existing flop at '/dut/ahbapbbridge/AHB_SLAVE/rtlcreg_s_wdata_52/Q' (4182)
//      Bounds static X-source '/HWDATA[23]' (99)
// MUX gate at /HWDATA[22](100)
//      Driven by existing flop at '/dut/ahbapbbridge/AHB_SLAVE/rtlcreg_s_wdata_51/Q' (4183)
//      Bounds static X-source '/HWDATA[22]' (100)
// MUX gate at /HWDATA[21](101)
//      Driven by existing flop at '/dut/ahbapbbridge/AHB_SLAVE/rtlcreg_s_wdata_50/Q' (4184)
//      Bounds static X-source '/HWDATA[21]' (101)
// MUX gate at /HWDATA[20](102)
//      Driven by existing flop at '/dut/ahbapbbridge/AHB_SLAVE/rtlcreg_s_wdata_49/Q' (4185)
//      Bounds static X-source '/HWDATA[20]' (102)
// MUX gate at /HWDATA[19](103)
//      Driven by existing flop at '/dut/ahbapbbridge/AHB_SLAVE/rtlcreg_s_wdata_48/Q' (4186)
//      Bounds static X-source '/HWDATA[19]' (103)
// MUX gate at /HWDATA[18](104)
//      Driven by existing flop at '/dut/ahbapbbridge/AHB_SLAVE/rtlcreg_s_wdata_47/Q' (4187)
//      Bounds static X-source '/HWDATA[18]' (104)
// MUX gate at /HWDATA[17](105)
//      Driven by existing flop at '/dut/ahbapbbridge/AHB_SLAVE/rtlcreg_s_wdata_46/Q' (4188)
//      Bounds static X-source '/HWDATA[17]' (105)
// MUX gate at /HWDATA[16](106)
//      Driven by existing flop at '/dut/ahbapbbridge/AHB_SLAVE/rtlcreg_s_wdata_45/Q' (4189)
//      Bounds static X-source '/HWDATA[16]' (106)
// MUX gate at /HWDATA[15](107)
//      Driven by existing flop at '/dut/ahbapbbridge/AHB_SLAVE/rtlcreg_s_wdata_44/Q' (4190)
//      Bounds static X-source '/HWDATA[15]' (107)
// MUX gate at /HWDATA[14](108)
//      Driven by existing flop at '/dut/ahbapbbridge/AHB_SLAVE/rtlcreg_s_wdata_43/Q' (4191)
//      Bounds static X-source '/HWDATA[14]' (108)
// MUX gate at /HWDATA[13](109)
//      Driven by existing flop at '/dut/ahbapbbridge/AHB_SLAVE/rtlcreg_s_wdata_42/Q' (4192)
//      Bounds static X-source '/HWDATA[13]' (109)
// MUX gate at /HWDATA[12](110)
//      Driven by existing flop at '/dut/ahbapbbridge/AHB_SLAVE/rtlcreg_s_wdata_41/Q' (4193)
//      Bounds static X-source '/HWDATA[12]' (110)
// MUX gate at /HWDATA[11](111)
//      Driven by existing flop at '/dut/ahbapbbridge/AHB_SLAVE/rtlcreg_s_wdata_40/Q' (4194)
//      Bounds static X-source '/HWDATA[11]' (111)
// MUX gate at /HWDATA[10](112)
//      Driven by existing flop at '/dut/ahbapbbridge/AHB_SLAVE/rtlcreg_s_wdata_39/Q' (4195)
//      Bounds static X-source '/HWDATA[10]' (112)
// MUX gate at /HWDATA[9](113)
//      Driven by existing flop at '/dut/ahbapbbridge/AHB_SLAVE/rtlcreg_s_wdata_38/Q' (4196)
//      Bounds static X-source '/HWDATA[9]' (113)
// MUX gate at /HWDATA[8](114)
//      Driven by existing flop at '/dut/ahbapbbridge/AHB_SLAVE/rtlcreg_s_wdata_37/Q' (4197)
//      Bounds static X-source '/HWDATA[8]' (114)
// MUX gate at /HWDATA[7](115)
//      Driven by existing flop at '/dut/ahbapbbridge/AHB_SLAVE/rtlcreg_s_wdata_36/Q' (4198)
//      Bounds static X-source '/HWDATA[7]' (115)
// MUX gate at /HWDATA[6](116)
//      Driven by existing flop at '/dut/ahbapbbridge/AHB_SLAVE/rtlcreg_s_wdata_35/Q' (4199)
//      Bounds static X-source '/HWDATA[6]' (116)
// MUX gate at /HWDATA[5](117)
//      Driven by existing flop at '/dut/ahbapbbridge/AHB_SLAVE/rtlcreg_s_wdata_34/Q' (4200)
//      Bounds static X-source '/HWDATA[5]' (117)
// MUX gate at /HWDATA[4](118)
//      Driven by existing flop at '/dut/ahbapbbridge/AHB_SLAVE/rtlcreg_s_wdata_33/Q' (4201)
//      Bounds static X-source '/HWDATA[4]' (118)
// MUX gate at /HWDATA[3](119)
//      Driven by existing flop at '/dut/ahbapbbridge/AHB_SLAVE/rtlcreg_s_wdata_32/Q' (4202)
//      Bounds static X-source '/HWDATA[3]' (119)
// MUX gate at /HWDATA[2](120)
//      Driven by existing flop at '/dut/ahbapbbridge/AHB_SLAVE/rtlcreg_s_wdata_31/Q' (4203)
//      Bounds static X-source '/HWDATA[2]' (120)
// MUX gate at /HWDATA[1](121)
//      Driven by existing flop at '/dut/ahbapbbridge/AHB_SLAVE/rtlcreg_s_wdata_30/Q' (4204)
//      Bounds static X-source '/HWDATA[1]' (121)
// MUX gate at /HWDATA[0](122)
//      Driven by existing flop at '/dut/ahbapbbridge/AHB_SLAVE/rtlcreg_s_wdata_29/Q' (4205)
//      Bounds static X-source '/HWDATA[0]' (122)
// MUX gate at /HWSTRB[7](123)
//      Driven by existing flop at '/dut/ahbapbbridge/AHB_SLAVE/rtlcreg_s_wdata_28/Q' (4206)
//      Bounds static X-source '/HWSTRB[7]' (123)
// MUX gate at /HWSTRB[6](124)
//      Driven by existing flop at '/dut/ahbapbbridge/AHB_SLAVE/rtlcreg_s_wdata_27/Q' (4207)
//      Bounds static X-source '/HWSTRB[6]' (124)
// MUX gate at /HWSTRB[5](125)
//      Driven by existing flop at '/dut/ahbapbbridge/AHB_SLAVE/rtlcreg_s_wdata_26/Q' (4208)
//      Bounds static X-source '/HWSTRB[5]' (125)
// MUX gate at /HWSTRB[4](126)
//      Driven by existing flop at '/dut/ahbapbbridge/AHB_SLAVE/rtlcreg_s_wdata_25/Q' (4209)
//      Bounds static X-source '/HWSTRB[4]' (126)
// MUX gate at /HWSTRB[3](127)
//      Driven by existing flop at '/dut/ahbapbbridge/AHB_SLAVE/rtlcreg_s_wdata_24/Q' (4210)
//      Bounds static X-source '/HWSTRB[3]' (127)
// MUX gate at /HWSTRB[2](128)
//      Driven by existing flop at '/dut/ahbapbbridge/AHB_SLAVE/rtlcreg_s_wdata_23/Q' (4211)
//      Bounds static X-source '/HWSTRB[2]' (128)
// MUX gate at /HWSTRB[1](129)
//      Driven by existing flop at '/dut/ahbapbbridge/AHB_SLAVE/rtlcreg_s_wdata_22/Q' (4212)
//      Bounds static X-source '/HWSTRB[1]' (129)
// MUX gate at /HWSTRB[0](130)
//      Driven by existing flop at '/dut/ahbapbbridge/AHB_SLAVE/rtlcreg_s_wdata_21/Q' (4213)
//      Bounds static X-source '/HWSTRB[0]' (130)
// MUX gate at /HWRITE(131)
//      Driven by existing flop at '/dut/ahbapbbridge/AHB_SLAVE/rtlcreg_s_wdata_20/Q' (4214)
//      Bounds static X-source '/HWRITE' (131)
// MUX gate at /HSIZE[1](133)
//      Driven by existing flop at '/dut/ahbapbbridge/AHB_SLAVE/rtlcreg_s_wdata_19/Q' (4215)
//      Bounds static X-source '/HSIZE[1]' (133)
// MUX gate at /HSIZE[0](134)
//      Driven by existing flop at '/dut/ahbapbbridge/AHB_SLAVE/rtlcreg_s_wdata_18/Q' (4216)
//      Bounds static X-source '/HSIZE[0]' (134)
// MUX gate at /HTRANS[1](142)
//      Driven by existing flop at '/dut/ahbapbbridge/AHB_SLAVE/rtlcreg_s_wdata_17/Q' (4217)
//      Bounds static X-source '/HTRANS[1]' (142)
// MUX gate at /HREADYEXT(209)
//      Driven by existing flop at '/dut/ahbapbbridge/AHB_SLAVE/rtlcreg_s_wdata_16/Q' (4218)
//      Bounds static X-source '/HREADYEXT' (209)
// MUX gate at /in_pad_i[31](211)
//      Driven by existing flop at '/dut/\clint.clint /rtlcreg_PRDATA_63/Q' (25561)
//      Bounds static X-source '/in_pad_i[31]' (211)
// MUX gate at /in_pad_i[30](212)
//      Driven by existing flop at '/dut/\clint.clint /rtlcreg_PRDATA_62/Q' (25562)
//      Bounds static X-source '/in_pad_i[30]' (212)
// MUX gate at /in_pad_i[29](213)
//      Driven by existing flop at '/dut/\clint.clint /rtlcreg_PRDATA_61/Q' (25563)
//      Bounds static X-source '/in_pad_i[29]' (213)
// MUX gate at /in_pad_i[28](214)
//      Driven by existing flop at '/dut/\clint.clint /rtlcreg_PRDATA_60/Q' (25564)
//      Bounds static X-source '/in_pad_i[28]' (214)
// MUX gate at /in_pad_i[27](215)
//      Driven by existing flop at '/dut/\clint.clint /rtlcreg_PRDATA_59/Q' (25565)
//      Bounds static X-source '/in_pad_i[27]' (215)
// MUX gate at /in_pad_i[26](216)
//      Driven by existing flop at '/dut/\clint.clint /rtlcreg_PRDATA_58/Q' (25566)
//      Bounds static X-source '/in_pad_i[26]' (216)
// MUX gate at /in_pad_i[25](217)
//      Driven by existing flop at '/dut/\clint.clint /rtlcreg_PRDATA_57/Q' (25567)
//      Bounds static X-source '/in_pad_i[25]' (217)
// MUX gate at /in_pad_i[24](218)
//      Driven by existing flop at '/dut/\clint.clint /rtlcreg_PRDATA_56/Q' (25568)
//      Bounds static X-source '/in_pad_i[24]' (218)
// MUX gate at /in_pad_i[23](219)
//      Driven by existing flop at '/dut/\clint.clint /rtlcreg_PRDATA_55/Q' (25569)
//      Bounds static X-source '/in_pad_i[23]' (219)
// MUX gate at /in_pad_i[22](220)
//      Driven by existing flop at '/dut/\clint.clint /rtlcreg_PRDATA_54/Q' (25570)
//      Bounds static X-source '/in_pad_i[22]' (220)
// MUX gate at /in_pad_i[21](221)
//      Driven by existing flop at '/dut/\clint.clint /rtlcreg_PRDATA_53/Q' (25571)
//      Bounds static X-source '/in_pad_i[21]' (221)
// MUX gate at /in_pad_i[20](222)
//      Driven by existing flop at '/dut/\clint.clint /rtlcreg_PRDATA_52/Q' (25572)
//      Bounds static X-source '/in_pad_i[20]' (222)
// MUX gate at /in_pad_i[19](223)
//      Driven by existing flop at '/dut/\clint.clint /rtlcreg_PRDATA_51/Q' (25573)
//      Bounds static X-source '/in_pad_i[19]' (223)
// MUX gate at /in_pad_i[18](224)
//      Driven by existing flop at '/dut/\clint.clint /rtlcreg_PRDATA_50/Q' (25574)
//      Bounds static X-source '/in_pad_i[18]' (224)
// MUX gate at /in_pad_i[17](225)
//      Driven by existing flop at '/dut/\clint.clint /rtlcreg_PRDATA_49/Q' (25575)
//      Bounds static X-source '/in_pad_i[17]' (225)
// MUX gate at /in_pad_i[16](226)
//      Driven by existing flop at '/dut/\clint.clint /rtlcreg_PRDATA_48/Q' (25576)
//      Bounds static X-source '/in_pad_i[16]' (226)
// MUX gate at /in_pad_i[15](227)
//      Driven by existing flop at '/dut/\clint.clint /rtlcreg_PRDATA_47/Q' (25577)
//      Bounds static X-source '/in_pad_i[15]' (227)
// MUX gate at /in_pad_i[14](228)
//      Driven by existing flop at '/dut/\clint.clint /rtlcreg_PRDATA_46/Q' (25578)
//      Bounds static X-source '/in_pad_i[14]' (228)
// MUX gate at /in_pad_i[13](229)
//      Driven by existing flop at '/dut/\clint.clint /rtlcreg_PRDATA_45/Q' (25579)
//      Bounds static X-source '/in_pad_i[13]' (229)
// MUX gate at /in_pad_i[12](230)
//      Driven by existing flop at '/dut/\clint.clint /rtlcreg_PRDATA_44/Q' (25580)
//      Bounds static X-source '/in_pad_i[12]' (230)
// MUX gate at /in_pad_i[11](231)
//      Driven by existing flop at '/dut/\clint.clint /rtlcreg_PRDATA_43/Q' (25581)
//      Bounds static X-source '/in_pad_i[11]' (231)
// MUX gate at /in_pad_i[10](232)
//      Driven by existing flop at '/dut/\clint.clint /rtlcreg_PRDATA_42/Q' (25582)
//      Bounds static X-source '/in_pad_i[10]' (232)
// MUX gate at /in_pad_i[9](233)
//      Driven by existing flop at '/dut/\clint.clint /rtlcreg_PRDATA_41/Q' (25583)
//      Bounds static X-source '/in_pad_i[9]' (233)
// MUX gate at /in_pad_i[8](234)
//      Driven by existing flop at '/dut/\clint.clint /rtlcreg_PRDATA_40/Q' (25584)
//      Bounds static X-source '/in_pad_i[8]' (234)
// MUX gate at /in_pad_i[7](235)
//      Driven by existing flop at '/dut/\clint.clint /rtlcreg_PRDATA_39/Q' (25585)
//      Bounds static X-source '/in_pad_i[7]' (235)
// MUX gate at /in_pad_i[6](236)
//      Driven by existing flop at '/dut/\clint.clint /rtlcreg_PRDATA_38/Q' (25586)
//      Bounds static X-source '/in_pad_i[6]' (236)
// MUX gate at /in_pad_i[5](237)
//      Driven by existing flop at '/dut/\clint.clint /rtlcreg_PRDATA_37/Q' (25587)
//      Bounds static X-source '/in_pad_i[5]' (237)
// MUX gate at /in_pad_i[4](238)
//      Driven by existing flop at '/dut/\clint.clint /rtlcreg_PRDATA_36/Q' (25588)
//      Bounds static X-source '/in_pad_i[4]' (238)
// MUX gate at /in_pad_i[3](239)
//      Driven by existing flop at '/dut/\clint.clint /rtlcreg_PRDATA_35/Q' (25589)
//      Bounds static X-source '/in_pad_i[3]' (239)
// MUX gate at /in_pad_i[2](240)
//      Driven by existing flop at '/dut/\clint.clint /rtlcreg_PRDATA_34/Q' (25590)
//      Bounds static X-source '/in_pad_i[2]' (240)
// MUX gate at /in_pad_i[1](241)
//      Driven by existing flop at '/dut/\clint.clint /rtlcreg_PRDATA_33/Q' (25591)
//      Bounds static X-source '/in_pad_i[1]' (241)
// MUX gate at /in_pad_i[0](242)
//      Driven by existing flop at '/dut/\clint.clint /rtlcreg_PRDATA_32/Q' (25592)
//      Bounds static X-source '/in_pad_i[0]' (242)
// MUX gate at /dut/\clint.clint /rtlc2_163/B(17735)
//      Driven by existing flop at '/dut/\clint.clint /rtlcreg_PRDATA_31/Q' (25593)
//      Bounds static X-source '/PRESETn' (244)
// MUX gate at /dut/\uartgen.uart /uartPC/rtlc5_21/B(18279)
//      Driven by existing flop at '/dut/\uartgen.uart /uartPC/rtlcreg_DSRb2/Q' (26078)
//      Bounds static X-source '/PRESETn' (244)
// MUX gate at /dut/\uartgen.uart /uartPC/rtlc1_184/B(18283)
//      Driven by existing flop at '/dut/\uartgen.uart /uartPC/rtlcreg_DCDb2/Q' (26079)
//      Bounds static X-source '/PRESETn' (244)
// MUX gate at /dut/\uartgen.uart /uartPC/rtlc1_180/B(18284)
//      Driven by existing flop at '/dut/\uartgen.uart /uartPC/rtlcreg_CTSb2/Q' (26080)
//      Bounds static X-source '/PRESETn' (244)
// MUX gate at /dut/\uartgen.uart /uartPC/rtlc1_176/B(18285)
//      Driven by existing flop at '/dut/\uartgen.uart /uartPC/rtlcreg_RIb2/Q' (4999)
//      Bounds static X-source '/PRESETn' (244)
// MUX gate at /dut/\uartgen.uart /uartPC/rtlc1_168/B(18287)
//      Driven by existing flop at '/dut/\uartgen.uart /uartPC/rtlcreg_SINsync/Q' (26082)
//      Bounds static X-source '/PRESETn' (244)
// MUX gate at /dut/\uartgen.uart /uartPC/rtlc1_164/B(18288)
//      Driven by existing flop at '/dut/\uartgen.uart /uartPC/rtlcreg_DSRbsync/Q' (5001)
//      Bounds static X-source '/PRESETn' (244)
// MUX gate at /dut/\uartgen.uart /uartPC/rtlc1_174/B(24616)
//      Driven by existing flop at '/dut/\uartgen.uart /uartPC/rtlcreg_DCDbsync/Q' (5002)
//      Bounds static X-source '/PRESETn' (244)
// MUX gate at /dut/\uartgen.uart /uartPC/rtlc4_85/B(18280)
//      Driven by existing flop at '/dut/\uartgen.uart /uartPC/rtlcreg_CTSbsync/Q' (5003)
//      Bounds static X-source '/PRESETn' (244)
// MUX gate at /dut/\uartgen.uart /uartPC/rtlc4_78/B(18281)
//      Driven by existing flop at '/dut/\uartgen.uart /uartPC/rtlcreg_RIbsync/Q' (26086)
//      Bounds static X-source '/PRESETn' (244)
// MUX gate at /dut/\uartgen.uart /uartPC/rtlc7_415/B(18278)
//      Driven by existing flop at '/dut/\uartgen.uart /uartPC/rtlcreg_SINd/Q' (26087)
//      Bounds static X-source '/PRESETn' (244)
// MUX gate at /dut/\uartgen.uart /uartPC/rtlc7_423/B(22490)
//      Driven by existing flop at '/dut/\uartgen.uart /uartPC/rtlcreg_DSRbd/Q' (26088)
//      Bounds static X-source '/PRESETn' (244)
// MUX gate at /dut/\uartgen.uart /uartPC/rtlc7_419/B(18277)
//      Driven by existing flop at '/dut/\uartgen.uart /uartPC/rtlcreg_DCDbd/Q' (26089)
//      Bounds static X-source '/PRESETn' (244)
// MUX gate at /dut/\uartgen.uart /uartPC/rtlc4_81/B(22569)
//      Driven by existing flop at '/dut/\uartgen.uart /uartPC/rtlcreg_CTSbd/Q' (26090)
//      Bounds static X-source '/PRESETn' (244)
// MUX gate at /dut/\uartgen.uart /uartPC/rtlc4_88/B(22737)
//      Driven by existing flop at '/dut/\uartgen.uart /uartPC/rtlcreg_RIbd/Q' (26091)
//      Bounds static X-source '/PRESETn' (244)
// MUX gate at /dut/\uartgen.uart /uartPC/rtlc1_172/B(18286)
//      Driven by existing flop at '/dut/\uartgen.uart /uartPC/rtlcreg_SCR_7/Q' (5006)
//      Bounds static X-source '/PRESETn' (244)
// MUX gate at /dut/\uartgen.uart /uartPC/rtlc3_73/B(18282)
//      Driven by existing flop at '/dut/\uartgen.uart /uartPC/rtlcreg_SCR_6/Q' (5007)
//      Bounds static X-source '/PRESETn' (244)
// MUX gate at /dut/\gpio.gpio /APB_INTERFACE/rtlc3_3/A(18295)
//      Driven by existing flop at '/dut/\gpio.gpio /AUX_INTERFACE/rtlcreg_aux_i_8/Q' (4778)
//      Bounds static X-source '/PRESETn' (244)
// MUX gate at /dut/\uartgen.uart /uartPC/rtlc1_160/B(18289)
//      Driven by existing flop at '/dut/\uartgen.uart /uartPC/rtlcreg_SCR_5/Q' (5008)
//      Bounds static X-source '/PRESETn' (244)
// MUX gate at /dut/\uartgen.uart /uartPC/rtlc1_156/B(18290)
//      Driven by existing flop at '/dut/\uartgen.uart /uartPC/rtlcreg_SCR_4/Q' (5009)
//      Bounds static X-source '/PRESETn' (244)
// MUX gate at /dut/\uartgen.uart /uartPC/rtlc0_198/A(18291)
//      Driven by existing flop at '/dut/\uartgen.uart /uartPC/rtlcreg_SCR_3/Q' (5010)
//      Bounds static X-source '/PRESETn' (244)
// MUX gate at /dut/\gpio.gpio /APB_INTERFACE/rtlc_330/B(18292)
//      Driven by existing flop at '/dut/\gpio.gpio /AUX_INTERFACE/rtlcreg_aux_i_7/Q' (4779)
//      Bounds static X-source '/PRESETn' (244)
// MUX gate at /dut/\gpio.gpio /APB_INTERFACE/rtlc_326/B(18293)
//      Driven by existing flop at '/dut/\gpio.gpio /AUX_INTERFACE/rtlcreg_aux_i_6/Q' (4780)
//      Bounds static X-source '/PRESETn' (244)
// MUX gate at /dut/\plic.plic /rtlc_3031/B(24370)
//      Driven by existing flop at '/dut/\plic.plic /rtlcreg_Dout_31/Q' (4617)
//      Bounds static X-source '/PRESETn' (244)
// MUX gate at /dut/\plic.plic /rtlc_3027/B(24371)
//      Driven by existing flop at '/dut/\plic.plic /rtlcreg_Dout_30/Q' (4618)
//      Bounds static X-source '/PRESETn' (244)
// MUX gate at /dut/\plic.plic /rtlc_3023/B(24372)
//      Driven by existing flop at '/dut/\plic.plic /rtlcreg_Dout_29/Q' (4619)
//      Bounds static X-source '/PRESETn' (244)
// MUX gate at /dut/\plic.plic /rtlc_3019/B(24382)
//      Driven by existing flop at '/dut/\plic.plic /rtlcreg_Dout_28/Q' (4620)
//      Bounds static X-source '/PRESETn' (244)
// MUX gate at /dut/\plic.plic /rtlc_3015/B(24383)
//      Driven by existing flop at '/dut/\plic.plic /rtlcreg_Dout_27/Q' (4621)
//      Bounds static X-source '/PRESETn' (244)
// MUX gate at /dut/\plic.plic /rtlc_3011/B(24384)
//      Driven by existing flop at '/dut/\plic.plic /rtlcreg_Dout_26/Q' (4622)
//      Bounds static X-source '/PRESETn' (244)
// MUX gate at /dut/\plic.plic /rtlc_3043/B(24367)
//      Driven by existing flop at '/dut/\plic.plic /rtlcreg_Dout_25/Q' (4623)
//      Bounds static X-source '/PRESETn' (244)
// MUX gate at /dut/\plic.plic /rtlc_3039/B(24368)
//      Driven by existing flop at '/dut/\plic.plic /rtlcreg_Dout_24/Q' (4624)
//      Bounds static X-source '/PRESETn' (244)
// MUX gate at /dut/\plic.plic /rtlc_3035/B(24369)
//      Driven by existing flop at '/dut/\plic.plic /rtlcreg_Dout_23/Q' (4625)
//      Bounds static X-source '/PRESETn' (244)
// MUX gate at /dut/\clint.clint /rtlc2_177/B(18338)
//      Driven by existing flop at '/dut/\clint.clint /rtlcreg_PRDATA_30/Q' (25594)
//      Bounds static X-source '/PRESETn' (244)
// MUX gate at /dut/\clint.clint /rtlc2_175/B(18339)
//      Driven by existing flop at '/dut/\clint.clint /rtlcreg_PRDATA_29/Q' (25595)
//      Bounds static X-source '/PRESETn' (244)
// MUX gate at /dut/\clint.clint /rtlc2_173/B(18340)
//      Driven by existing flop at '/dut/\clint.clint /rtlcreg_PRDATA_28/Q' (25596)
//      Bounds static X-source '/PRESETn' (244)
// MUX gate at /dut/\clint.clint /rtlc2_171/B(18341)
//      Driven by existing flop at '/dut/\clint.clint /rtlcreg_PRDATA_27/Q' (25597)
//      Bounds static X-source '/PRESETn' (244)
// MUX gate at /dut/\clint.clint /rtlc2_169/B(18342)
//      Driven by existing flop at '/dut/\clint.clint /rtlcreg_PRDATA_26/Q' (25598)
//      Bounds static X-source '/PRESETn' (244)
// MUX gate at /dut/\clint.clint /rtlc2_179/B(18337)
//      Driven by existing flop at '/dut/\clint.clint /rtlcreg_PRDATA_25/Q' (25599)
//      Bounds static X-source '/PRESETn' (244)
// MUX gate at /dut/\clint.clint /rtlc2_167/B(18343)
//      Driven by existing flop at '/dut/\clint.clint /rtlcreg_PRDATA_24/Q' (25600)
//      Bounds static X-source '/PRESETn' (244)
// MUX gate at /dut/\clint.clint /rtlc2_165/B(18344)
//      Driven by existing flop at '/dut/\clint.clint /rtlcreg_PRDATA_23/Q' (25601)
//      Bounds static X-source '/PRESETn' (244)
// MUX gate at /dut/\clint.clint /rtlc3_226/B(18336)
//      Driven by existing flop at '/dut/\clint.clint /rtlcreg_PRDATA_22/Q' (25602)
//      Bounds static X-source '/PRESETn' (244)
// MUX gate at /dut/\clint.clint /rtlc3_247/B(18329)
//      Driven by existing flop at '/dut/\clint.clint /rtlcreg_PRDATA_21/Q' (25603)
//      Bounds static X-source '/PRESETn' (244)
// MUX gate at /dut/\clint.clint /rtlc3_244/B(18330)
//      Driven by existing flop at '/dut/\clint.clint /rtlcreg_PRDATA_20/Q' (25604)
//      Bounds static X-source '/PRESETn' (244)
// MUX gate at /dut/\clint.clint /rtlc3_241/B(18331)
//      Driven by existing flop at '/dut/\clint.clint /rtlcreg_PRDATA_19/Q' (25605)
//      Bounds static X-source '/PRESETn' (244)
// MUX gate at /dut/\clint.clint /rtlc3_238/B(18332)
//      Driven by existing flop at '/dut/\clint.clint /rtlcreg_PRDATA_18/Q' (25606)
//      Bounds static X-source '/PRESETn' (244)
// MUX gate at /dut/\clint.clint /rtlc3_235/B(18333)
//      Driven by existing flop at '/dut/\clint.clint /rtlcreg_PRDATA_17/Q' (25607)
//      Bounds static X-source '/PRESETn' (244)
// MUX gate at /dut/\clint.clint /rtlc3_232/B(18334)
//      Driven by existing flop at '/dut/\clint.clint /rtlcreg_PRDATA_16/Q' (25608)
//      Bounds static X-source '/PRESETn' (244)
// MUX gate at /dut/\clint.clint /rtlc3_229/B(18335)
//      Driven by existing flop at '/dut/\clint.clint /rtlcreg_PRDATA_15/Q' (25609)
//      Bounds static X-source '/PRESETn' (244)
// MUX gate at /dut/\plic.plic /rtlc4_402/B(18320)
//      Driven by existing flop at '/dut/\plic.plic /rtlcreg_Dout_22/Q' (4626)
//      Bounds static X-source '/PRESETn' (244)
// MUX gate at /dut/\plic.plic /rtlc4_398/B(18321)
//      Driven by existing flop at '/dut/\plic.plic /rtlcreg_Dout_21/Q' (4627)
//      Bounds static X-source '/PRESETn' (244)
// MUX gate at /dut/\plic.plic /rtlc0_532/A(18323)
//      Driven by existing flop at '/dut/\plic.plic /rtlcreg_Dout_20/Q' (4628)
//      Bounds static X-source '/PRESETn' (244)
// MUX gate at /dut/\plic.plic /rtlc4_410/B(18318)
//      Driven by existing flop at '/dut/\plic.plic /rtlcreg_Dout_19/Q' (4629)
//      Bounds static X-source '/PRESETn' (244)
// MUX gate at /dut/\plic.plic /rtlc4_406/B(18319)
//      Driven by existing flop at '/dut/\plic.plic /rtlcreg_Dout_18/Q' (4630)
//      Bounds static X-source '/PRESETn' (244)
// MUX gate at /dut/\clint.clint /rtlc_959/B(18324)
//      Driven by existing flop at '/dut/\clint.clint /rtlcreg_PRDATA_14/Q' (25610)
//      Bounds static X-source '/PRESETn' (244)
// MUX gate at /dut/\clint.clint /rtlc_958/B(18325)
//      Driven by existing flop at '/dut/\clint.clint /rtlcreg_PRDATA_13/Q' (25611)
//      Bounds static X-source '/PRESETn' (244)
// MUX gate at /dut/\plic.plic /rtlc_1779/B(18311)
//      Driven by existing flop at '/dut/\plic.plic /rtlcreg_Dout_17/Q' (4631)
//      Bounds static X-source '/PRESETn' (244)
// MUX gate at /dut/\plic.plic /rtlc_1761/B(18312)
//      Driven by existing flop at '/dut/\plic.plic /rtlcreg_Dout_16/Q' (4632)
//      Bounds static X-source '/PRESETn' (244)
// MUX gate at /dut/\plic.plic /rtlc_1743/B(18313)
//      Driven by existing flop at '/dut/\plic.plic /rtlcreg_Dout_15/Q' (4633)
//      Bounds static X-source '/PRESETn' (244)
// MUX gate at /dut/\plic.plic /rtlc_1725/B(18314)
//      Driven by existing flop at '/dut/\plic.plic /rtlcreg_Dout_14/Q' (4634)
//      Bounds static X-source '/PRESETn' (244)
// MUX gate at /dut/\plic.plic /rtlc_1707/B(18315)
//      Driven by existing flop at '/dut/\plic.plic /rtlcreg_Dout_13/Q' (4635)
//      Bounds static X-source '/PRESETn' (244)
// MUX gate at /dut/\plic.plic /rtlc_1689/B(18316)
//      Driven by existing flop at '/dut/\plic.plic /rtlcreg_Dout_12/Q' (4636)
//      Bounds static X-source '/PRESETn' (244)
// MUX gate at /dut/\plic.plic /rtlc_1671/B(18317)
//      Driven by existing flop at '/dut/\plic.plic /rtlcreg_Dout_11/Q' (4637)
//      Bounds static X-source '/PRESETn' (244)
// MUX gate at /dut/\plic.plic /rtlc4_394/B(18322)
//      Driven by existing flop at '/dut/\plic.plic /rtlcreg_Dout_10/Q' (4638)
//      Bounds static X-source '/PRESETn' (244)
// MUX gate at /dut/\plic.plic /rtlc4_414/B(22538)
//      Driven by existing flop at '/dut/\plic.plic /rtlcreg_Dout_9/Q' (4639)
//      Bounds static X-source '/PRESETn' (244)
// MUX gate at /dut/\uartgen.uart /uartPC/rtlc14_4/B(18266)
//      Driven by existing flop at '/dut/\uartgen.uart /uartPC/rtlcreg_SCR_2/Q' (5011)
//      Bounds static X-source '/PRESETn' (244)
// MUX gate at /dut/\uartgen.uart /uartPC/rtlc12_384/B(18269)
//      Driven by existing flop at '/dut/\uartgen.uart /uartPC/rtlcreg_SCR_1/Q' (5012)
//      Bounds static X-source '/PRESETn' (244)
// MUX gate at /dut/\uartgen.uart /uartPC/rtlc7_428/B(18276)
//      Driven by existing flop at '/dut/\uartgen.uart /uartPC/rtlcreg_SCR_0/Q' (5013)
//      Bounds static X-source '/PRESETn' (244)
// MUX gate at /dut/\uartgen.uart /uartPC/rtlc12_386/B(18268)
//      Driven by existing flop at '/dut/\uartgen.uart /uartPC/rtlcreg_DLM_7/Q' (5014)
//      Bounds static X-source '/PRESETn' (244)
// MUX gate at /dut/\uartgen.uart /uartPC/rtlc7_431/B(18275)
//      Driven by existing flop at '/dut/\uartgen.uart /uartPC/rtlcreg_DLM_6/Q' (5015)
//      Bounds static X-source '/PRESETn' (244)
// MUX gate at /dut/\uartgen.uart /uartPC/rtlc_3948/B(18265)
//      Driven by existing flop at '/dut/\uartgen.uart /uartPC/rtlcreg_DLM_5/Q' (5016)
//      Bounds static X-source '/PRESETn' (244)
// MUX gate at /dut/\uartgen.uart /uartPC/rtlc10_42/B(18273)
//      Driven by existing flop at '/dut/\uartgen.uart /uartPC/rtlcreg_DLM_4/Q' (5018)
//      Bounds static X-source '/PRESETn' (244)
// MUX gate at /dut/\uartgen.uart /uartPC/rtlc_3951/B(18264)
//      Driven by existing flop at '/dut/\uartgen.uart /uartPC/rtlcreg_DLM_3/Q' (5019)
//      Bounds static X-source '/PRESETn' (244)
// MUX gate at /dut/\uartgen.uart /uartPC/rtlc13_4/B(18267)
//      Driven by existing flop at '/dut/\uartgen.uart /uartPC/rtlcreg_DLM_2/Q' (5020)
//      Bounds static X-source '/PRESETn' (244)
// MUX gate at /dut/\uartgen.uart /uartPC/rtlc10_39/B(22637)
//      Driven by existing flop at '/dut/\uartgen.uart /uartPC/rtlcreg_DLM_1/Q' (5021)
//      Bounds static X-source '/PRESETn' (244)
// MUX gate at /dut/\uartgen.uart /uartPC/rtlc10_35/B(18274)
//      Driven by existing flop at '/dut/\uartgen.uart /uartPC/rtlcreg_DLM_0/Q' (5022)
//      Bounds static X-source '/PRESETn' (244)
// MUX gate at /dut/\uartgen.uart /uartPC/rtlc12_379/B(18270)
//      Driven by existing flop at '/dut/\uartgen.uart /uartPC/rtlcreg_DLL_7/Q' (5023)
//      Bounds static X-source '/PRESETn' (244)
// MUX gate at /dut/\uartgen.uart /uartPC/rtlc12_373/B(18271)
//      Driven by existing flop at '/dut/\uartgen.uart /uartPC/rtlcreg_DLL_6/Q' (5024)
//      Bounds static X-source '/PRESETn' (244)
// MUX gate at /dut/\uartgen.uart /uartPC/rtlc12_366/B(18272)
//      Driven by existing flop at '/dut/\uartgen.uart /uartPC/rtlcreg_DLL_5/Q' (5025)
//      Bounds static X-source '/PRESETn' (244)
// MUX gate at /dut/\uartgen.uart /uartPC/rtlc12_361/B(18104)
//      Driven by existing flop at '/dut/\uartgen.uart /uartPC/rtlcreg_DLL_4/Q' (5026)
//      Bounds static X-source '/PRESETn' (244)
// MUX gate at /dut/\uartgen.uart /uartPC/rtlc8_4/B(22638)
//      Driven by existing flop at '/dut/\uartgen.uart /uartPC/rtlcreg_DLL_3/Q' (5027)
//      Bounds static X-source '/PRESETn' (244)
// MUX gate at /dut/\clint.clint /rtlc_957/B(18326)
//      Driven by existing flop at '/dut/\clint.clint /rtlcreg_PRDATA_12/Q' (25612)
//      Bounds static X-source '/PRESETn' (244)
// MUX gate at /dut/\clint.clint /rtlc_956/B(18108)
//      Driven by existing flop at '/dut/\clint.clint /rtlcreg_PRDATA_11/Q' (25613)
//      Bounds static X-source '/PRESETn' (244)
// MUX gate at /dut/\clint.clint /rtlc_955/B(20404)
//      Driven by existing flop at '/dut/\clint.clint /rtlcreg_PRDATA_10/Q' (25614)
//      Bounds static X-source '/PRESETn' (244)
// MUX gate at /dut/\clint.clint /rtlc_954/B(21933)
//      Driven by existing flop at '/dut/\clint.clint /rtlcreg_PRDATA_9/Q' (25615)
//      Bounds static X-source '/PRESETn' (244)
// MUX gate at /dut/\clint.clint /rtlc_953/B(22480)
//      Driven by existing flop at '/dut/\clint.clint /rtlcreg_PRDATA_8/Q' (25616)
//      Bounds static X-source '/PRESETn' (244)
// MUX gate at /dut/\clint.clint /rtlc_952/B(22625)
//      Driven by existing flop at '/dut/\clint.clint /rtlcreg_PRDATA_7/Q' (25617)
//      Bounds static X-source '/PRESETn' (244)
// MUX gate at /dut/\clint.clint /rtlc_951/B(22746)
//      Driven by existing flop at '/dut/\clint.clint /rtlcreg_PRDATA_6/Q' (25618)
//      Bounds static X-source '/PRESETn' (244)
// MUX gate at /dut/\clint.clint /rtlc_950/B(22943)
//      Driven by existing flop at '/dut/\clint.clint /rtlcreg_PRDATA_5/Q' (25619)
//      Bounds static X-source '/PRESETn' (244)
// MUX gate at /dut/\clint.clint /rtlc_949/B(23159)
//      Driven by existing flop at '/dut/\clint.clint /rtlcreg_PRDATA_4/Q' (25620)
//      Bounds static X-source '/PRESETn' (244)
// MUX gate at /dut/\clint.clint /rtlc_948/B(24263)
//      Driven by existing flop at '/dut/\clint.clint /rtlcreg_PRDATA_3/Q' (25621)
//      Bounds static X-source '/PRESETn' (244)
// MUX gate at /dut/\clint.clint /rtlc_947/B(24343)
//      Driven by existing flop at '/dut/\clint.clint /rtlcreg_PRDATA_2/Q' (25622)
//      Bounds static X-source '/PRESETn' (244)
// MUX gate at /dut/\clint.clint /rtlc_946/B(24398)
//      Driven by existing flop at '/dut/\clint.clint /rtlcreg_PRDATA_1/Q' (25623)
//      Bounds static X-source '/PRESETn' (244)
// MUX gate at /dut/\clint.clint /rtlc_945/B(24427)
//      Driven by existing flop at '/dut/\clint.clint /rtlcreg_PRDATA_0/Q' (25624)
//      Bounds static X-source '/PRESETn' (244)
// MUX gate at /dut/\clint.clint /rtlc_944/B(24455)
//      Driven by existing flop at '/dut/\clint.clint /rtlcreg_MTIMECMP_63/Q' (4482)
//      Bounds static X-source '/PRESETn' (244)
// MUX gate at /dut/\clint.clint /rtlc_943/B(24486)
//      Driven by existing flop at '/dut/\clint.clint /rtlcreg_MTIMECMP_62/Q' (4483)
//      Bounds static X-source '/PRESETn' (244)
// MUX gate at /dut/\clint.clint /rtlc_942/B(24513)
//      Driven by existing flop at '/dut/\clint.clint /rtlcreg_MTIMECMP_61/Q' (4484)
//      Bounds static X-source '/PRESETn' (244)
// MUX gate at /dut/\clint.clint /rtlc_941/B(24537)
//      Driven by existing flop at '/dut/\clint.clint /rtlcreg_MTIMECMP_60/Q' (4485)
//      Bounds static X-source '/PRESETn' (244)
// MUX gate at /dut/\clint.clint /rtlc_940/B(24562)
//      Driven by existing flop at '/dut/\clint.clint /rtlcreg_MTIMECMP_59/Q' (4486)
//      Bounds static X-source '/PRESETn' (244)
// MUX gate at /dut/\clint.clint /rtlc_939/B(24583)
//      Driven by existing flop at '/dut/\clint.clint /rtlcreg_MTIMECMP_58/Q' (4487)
//      Bounds static X-source '/PRESETn' (244)
// MUX gate at /dut/\clint.clint /rtlc_938/B(24599)
//      Driven by existing flop at '/dut/\clint.clint /rtlcreg_MTIMECMP_57/Q' (4488)
//      Bounds static X-source '/PRESETn' (244)
// MUX gate at /dut/\clint.clint /rtlc_937/B(24615)
//      Driven by existing flop at '/dut/\clint.clint /rtlcreg_MTIMECMP_56/Q' (4489)
//      Bounds static X-source '/PRESETn' (244)
// MUX gate at /dut/\clint.clint /rtlc_936/B(24631)
//      Driven by existing flop at '/dut/\clint.clint /rtlcreg_MTIMECMP_55/Q' (4490)
//      Bounds static X-source '/PRESETn' (244)
// MUX gate at /dut/\clint.clint /rtlc_935/B(24644)
//      Driven by existing flop at '/dut/\clint.clint /rtlcreg_MTIMECMP_54/Q' (4491)
//      Bounds static X-source '/PRESETn' (244)
// MUX gate at /dut/\clint.clint /rtlc_934/B(24657)
//      Driven by existing flop at '/dut/\clint.clint /rtlcreg_MTIMECMP_53/Q' (4492)
//      Bounds static X-source '/PRESETn' (244)
// MUX gate at /dut/\clint.clint /rtlc_933/B(24670)
//      Driven by existing flop at '/dut/\clint.clint /rtlcreg_MTIMECMP_52/Q' (4493)
//      Bounds static X-source '/PRESETn' (244)
// MUX gate at /dut/\clint.clint /rtlc_932/B(24683)
//      Driven by existing flop at '/dut/\clint.clint /rtlcreg_MTIMECMP_51/Q' (4494)
//      Bounds static X-source '/PRESETn' (244)
// MUX gate at /dut/\clint.clint /rtlc_931/B(24696)
//      Driven by existing flop at '/dut/\clint.clint /rtlcreg_MTIMECMP_50/Q' (4495)
//      Bounds static X-source '/PRESETn' (244)
// MUX gate at /dut/\clint.clint /rtlc_930/B(24709)
//      Driven by existing flop at '/dut/\clint.clint /rtlcreg_MTIMECMP_49/Q' (4496)
//      Bounds static X-source '/PRESETn' (244)
// MUX gate at /dut/\clint.clint /rtlc_929/B(24722)
//      Driven by existing flop at '/dut/\clint.clint /rtlcreg_MTIMECMP_48/Q' (4497)
//      Bounds static X-source '/PRESETn' (244)
// MUX gate at /dut/\clint.clint /rtlc_928/B(24735)
//      Driven by existing flop at '/dut/\clint.clint /rtlcreg_MTIMECMP_47/Q' (4498)
//      Bounds static X-source '/PRESETn' (244)
// MUX gate at /dut/\clint.clint /rtlc_927/B(24748)
//      Driven by existing flop at '/dut/\clint.clint /rtlcreg_MTIMECMP_46/Q' (4499)
//      Bounds static X-source '/PRESETn' (244)
// MUX gate at /dut/\clint.clint /rtlc_926/B(24761)
//      Driven by existing flop at '/dut/\clint.clint /rtlcreg_MTIMECMP_45/Q' (4500)
//      Bounds static X-source '/PRESETn' (244)
// MUX gate at /dut/\clint.clint /rtlc_925/B(24774)
//      Driven by existing flop at '/dut/\clint.clint /rtlcreg_MTIMECMP_44/Q' (4501)
//      Bounds static X-source '/PRESETn' (244)
// MUX gate at /dut/\clint.clint /rtlc_924/B(24787)
//      Driven by existing flop at '/dut/\clint.clint /rtlcreg_MTIMECMP_43/Q' (4502)
//      Bounds static X-source '/PRESETn' (244)
// MUX gate at /dut/\clint.clint /rtlc_923/B(24800)
//      Driven by existing flop at '/dut/\clint.clint /rtlcreg_MTIMECMP_42/Q' (4503)
//      Bounds static X-source '/PRESETn' (244)
// MUX gate at /dut/\clint.clint /rtlc_922/B(24813)
//      Driven by existing flop at '/dut/\clint.clint /rtlcreg_MTIMECMP_41/Q' (4504)
//      Bounds static X-source '/PRESETn' (244)
// MUX gate at /dut/\clint.clint /rtlc_921/B(24826)
//      Driven by existing flop at '/dut/\clint.clint /rtlcreg_MTIMECMP_40/Q' (4505)
//      Bounds static X-source '/PRESETn' (244)
// MUX gate at /dut/\clint.clint /rtlc_920/B(24839)
//      Driven by existing flop at '/dut/\clint.clint /rtlcreg_MTIMECMP_39/Q' (4506)
//      Bounds static X-source '/PRESETn' (244)
// MUX gate at /dut/\clint.clint /rtlc_919/B(24852)
//      Driven by existing flop at '/dut/\clint.clint /rtlcreg_MTIMECMP_38/Q' (4507)
//      Bounds static X-source '/PRESETn' (244)
// MUX gate at /dut/\clint.clint /rtlc_918/B(24865)
//      Driven by existing flop at '/dut/\clint.clint /rtlcreg_MTIMECMP_37/Q' (4508)
//      Bounds static X-source '/PRESETn' (244)
// MUX gate at /dut/\clint.clint /rtlc_917/B(24878)
//      Driven by existing flop at '/dut/\clint.clint /rtlcreg_MTIMECMP_36/Q' (4509)
//      Bounds static X-source '/PRESETn' (244)
// MUX gate at /dut/\clint.clint /rtlc_916/B(24891)
//      Driven by existing flop at '/dut/\clint.clint /rtlcreg_MTIMECMP_35/Q' (4510)
//      Bounds static X-source '/PRESETn' (244)
// MUX gate at /dut/\clint.clint /rtlc_915/B(24904)
//      Driven by existing flop at '/dut/\clint.clint /rtlcreg_MTIMECMP_34/Q' (4511)
//      Bounds static X-source '/PRESETn' (244)
// MUX gate at /dut/\clint.clint /rtlc_914/B(24917)
//      Driven by existing flop at '/dut/\clint.clint /rtlcreg_MTIMECMP_33/Q' (4512)
//      Bounds static X-source '/PRESETn' (244)
// MUX gate at /dut/\clint.clint /rtlc_913/B(24930)
//      Driven by existing flop at '/dut/\clint.clint /rtlcreg_MTIMECMP_32/Q' (4513)
//      Bounds static X-source '/PRESETn' (244)
// MUX gate at /dut/\clint.clint /rtlc_912/B(24943)
//      Driven by existing flop at '/dut/\clint.clint /rtlcreg_MTIMECMP_31/Q' (4514)
//      Bounds static X-source '/PRESETn' (244)
// MUX gate at /dut/\clint.clint /rtlc_911/B(24956)
//      Driven by existing flop at '/dut/\clint.clint /rtlcreg_MTIMECMP_30/Q' (4515)
//      Bounds static X-source '/PRESETn' (244)
// MUX gate at /dut/\clint.clint /rtlc_910/B(24969)
//      Driven by existing flop at '/dut/\clint.clint /rtlcreg_MTIMECMP_29/Q' (4516)
//      Bounds static X-source '/PRESETn' (244)
// MUX gate at /dut/\clint.clint /rtlc_909/B(24982)
//      Driven by existing flop at '/dut/\clint.clint /rtlcreg_MTIMECMP_28/Q' (4517)
//      Bounds static X-source '/PRESETn' (244)
// MUX gate at /dut/\clint.clint /rtlc_908/B(24995)
//      Driven by existing flop at '/dut/\clint.clint /rtlcreg_MTIMECMP_27/Q' (4518)
//      Bounds static X-source '/PRESETn' (244)
// MUX gate at /dut/\clint.clint /rtlc_907/B(25008)
//      Driven by existing flop at '/dut/\clint.clint /rtlcreg_MTIMECMP_26/Q' (4519)
//      Bounds static X-source '/PRESETn' (244)
// MUX gate at /dut/\clint.clint /rtlc_906/B(25021)
//      Driven by existing flop at '/dut/\clint.clint /rtlcreg_MTIMECMP_25/Q' (4520)
//      Bounds static X-source '/PRESETn' (244)
// MUX gate at /dut/\clint.clint /rtlc_905/B(25034)
//      Driven by existing flop at '/dut/\clint.clint /rtlcreg_MTIMECMP_24/Q' (4521)
//      Bounds static X-source '/PRESETn' (244)
// MUX gate at /dut/\clint.clint /rtlc_904/B(25047)
//      Driven by existing flop at '/dut/\clint.clint /rtlcreg_MTIMECMP_23/Q' (4522)
//      Bounds static X-source '/PRESETn' (244)
// MUX gate at /dut/\clint.clint /rtlc_903/B(25060)
//      Driven by existing flop at '/dut/\clint.clint /rtlcreg_MTIMECMP_22/Q' (4523)
//      Bounds static X-source '/PRESETn' (244)
// MUX gate at /dut/\clint.clint /rtlc_902/B(25073)
//      Driven by existing flop at '/dut/\clint.clint /rtlcreg_MTIMECMP_21/Q' (4524)
//      Bounds static X-source '/PRESETn' (244)
// MUX gate at /dut/\clint.clint /rtlc_901/B(25086)
//      Driven by existing flop at '/dut/\clint.clint /rtlcreg_MTIMECMP_20/Q' (4525)
//      Bounds static X-source '/PRESETn' (244)
// MUX gate at /dut/\clint.clint /rtlc_900/B(25099)
//      Driven by existing flop at '/dut/\clint.clint /rtlcreg_MTIMECMP_19/Q' (4526)
//      Bounds static X-source '/PRESETn' (244)
// MUX gate at /dut/\clint.clint /rtlc_899/B(25112)
//      Driven by existing flop at '/dut/\clint.clint /rtlcreg_MTIMECMP_18/Q' (4527)
//      Bounds static X-source '/PRESETn' (244)
// MUX gate at /dut/\clint.clint /rtlc_898/B(25125)
//      Driven by existing flop at '/dut/\clint.clint /rtlcreg_MTIMECMP_17/Q' (4528)
//      Bounds static X-source '/PRESETn' (244)
// MUX gate at /dut/\clint.clint /rtlc_897/B(25138)
//      Driven by existing flop at '/dut/\clint.clint /rtlcreg_MTIMECMP_16/Q' (4529)
//      Bounds static X-source '/PRESETn' (244)
// MUX gate at /dut/\clint.clint /rtlc_896/B(25146)
//      Driven by existing flop at '/dut/\clint.clint /rtlcreg_MTIMECMP_15/Q' (4530)
//      Bounds static X-source '/PRESETn' (244)
// MUX gate at /dut/\clint.clint /rtlc_871/A(18327)
//      Driven by existing flop at '/dut/\clint.clint /rtlcreg_MTIMECMP_14/Q' (4531)
//      Bounds static X-source '/PRESETn' (244)
// MUX gate at /dut/\clint.clint /rtlc_852/B(18328)
//      Driven by existing flop at '/dut/\clint.clint /rtlcreg_MTIMECMP_13/Q' (4532)
//      Bounds static X-source '/PRESETn' (244)
// MUX gate at /dut/\plic.plic /rtlc_2499/B(18296)
//      Driven by existing flop at '/dut/\plic.plic /rtlcreg_Dout_8/Q' (4640)
//      Bounds static X-source '/PRESETn' (244)
// MUX gate at /dut/\plic.plic /rtlc_2496/B(18297)
//      Driven by existing flop at '/dut/\plic.plic /rtlcreg_Dout_7/Q' (4641)
//      Bounds static X-source '/PRESETn' (244)
// MUX gate at /dut/\plic.plic /rtlc_2493/B(18298)
//      Driven by existing flop at '/dut/\plic.plic /rtlcreg_Dout_6/Q' (4642)
//      Bounds static X-source '/PRESETn' (244)
// MUX gate at /dut/\plic.plic /rtlc_2490/B(18299)
//      Driven by existing flop at '/dut/\plic.plic /rtlcreg_Dout_5/Q' (4643)
//      Bounds static X-source '/PRESETn' (244)
// MUX gate at /dut/\plic.plic /rtlc_2473/B(18303)
//      Driven by existing flop at '/dut/\plic.plic /rtlcreg_Dout_4/Q' (4644)
//      Bounds static X-source '/PRESETn' (244)
// MUX gate at /dut/\plic.plic /rtlc_2487/B(18300)
//      Driven by existing flop at '/dut/\plic.plic /rtlcreg_Dout_3/Q' (4645)
//      Bounds static X-source '/PRESETn' (244)
// MUX gate at /dut/\plic.plic /rtlc_2484/B(18301)
//      Driven by existing flop at '/dut/\plic.plic /rtlcreg_Dout_2/Q' (4646)
//      Bounds static X-source '/PRESETn' (244)
// MUX gate at /dut/\plic.plic /rtlc_2481/B(18302)
//      Driven by existing flop at '/dut/\plic.plic /rtlcreg_Dout_1/Q' (4647)
//      Bounds static X-source '/PRESETn' (244)
// MUX gate at /dut/\plic.plic /rtlc_2441/B(18304)
//      Driven by existing flop at '/dut/\plic.plic /rtlcreg_Dout_0/Q' (4648)
//      Bounds static X-source '/PRESETn' (244)
// MUX gate at /dut/\plic.plic /rtlc_2440/B(18305)
//      Driven by existing flop at '/dut/\plic.plic /rtlcreg_intInProgress_10/Q' (4649)
//      Bounds static X-source '/PRESETn' (244)
// MUX gate at /dut/\plic.plic /rtlc_2411/B(18306)
//      Driven by existing flop at '/dut/\plic.plic /rtlcreg_intInProgress_9/Q' (4650)
//      Bounds static X-source '/PRESETn' (244)
// MUX gate at /dut/\plic.plic /rtlc_1833/B(18308)
//      Driven by existing flop at '/dut/\plic.plic /rtlcreg_intInProgress_8/Q' (4651)
//      Bounds static X-source '/PRESETn' (244)
// MUX gate at /dut/\plic.plic /rtlc_1815/B(18309)
//      Driven by existing flop at '/dut/\plic.plic /rtlcreg_intInProgress_7/Q' (4652)
//      Bounds static X-source '/PRESETn' (244)
// MUX gate at /dut/\plic.plic /rtlc_1797/B(18310)
//      Driven by existing flop at '/dut/\plic.plic /rtlcreg_intInProgress_6/Q' (4653)
//      Bounds static X-source '/PRESETn' (244)
// MUX gate at /dut/\plic.plic /rtlc_3005/B(24385)
//      Driven by existing flop at '/dut/\plic.plic /rtlcreg_intInProgress_5/Q' (4654)
//      Bounds static X-source '/PRESETn' (244)
// MUX gate at /dut/\plic.plic /rtlc_2127/A(18307)
//      Driven by existing flop at '/dut/\clint.clint /rtlcreg_MTIMECMP_12/Q' (4533)
//      Bounds static X-source '/PRESETn' (244)
// MUX gate at /dut/\spi.spi /rtlcreg_Dout_8/CE(18694)
//      Driven by existing flop at '/dut/\spi.spi /rtlcreg_Dout_31/Q' (5709)
//      Bounds static X-source '/PRESETn' (244)
// MUX gate at /dut/\spi.spi /rtlcreg_Dout_9/CE(18695)
//      Driven by existing flop at '/dut/\spi.spi /rtlcreg_Dout_30/Q' (5710)
//      Bounds static X-source '/PRESETn' (244)
// MUX gate at /dut/\spi.spi /rtlcreg_Dout_10/CE(18696)
//      Driven by existing flop at '/dut/\spi.spi /rtlcreg_Dout_29/Q' (5711)
//      Bounds static X-source '/PRESETn' (244)
// MUX gate at /dut/\spi.spi /rtlcreg_Dout_11/CE(18697)
//      Driven by existing flop at '/dut/\spi.spi /rtlcreg_Dout_28/Q' (5712)
//      Bounds static X-source '/PRESETn' (244)
// MUX gate at /dut/\spi.spi /rtlcreg_Dout_12/CE(18698)
//      Driven by existing flop at '/dut/\spi.spi /rtlcreg_Dout_27/Q' (5713)
//      Bounds static X-source '/PRESETn' (244)
// MUX gate at /dut/\spi.spi /rtlcreg_Dout_13/CE(18699)
//      Driven by existing flop at '/dut/\spi.spi /rtlcreg_Dout_26/Q' (5714)
//      Bounds static X-source '/PRESETn' (244)
// MUX gate at /dut/\spi.spi /rtlcreg_Dout_14/CE(18700)
//      Driven by existing flop at '/dut/\spi.spi /rtlcreg_Dout_25/Q' (5715)
//      Bounds static X-source '/PRESETn' (244)
// MUX gate at /dut/\spi.spi /rtlcreg_Dout_15/CE(18701)
//      Driven by existing flop at '/dut/\spi.spi /rtlcreg_Dout_24/Q' (5716)
//      Bounds static X-source '/PRESETn' (244)
// MUX gate at /dut/\spi.spi /rtlcreg_Dout_0/CE(18686)
//      Driven by existing flop at '/dut/\spi.spi /rtlcreg_Dout_23/Q' (5717)
//      Bounds static X-source '/PRESETn' (244)
// MUX gate at /dut/\spi.spi /rtlcreg_Dout_1/CE(18687)
//      Driven by existing flop at '/dut/\spi.spi /rtlcreg_Dout_22/Q' (5718)
//      Bounds static X-source '/PRESETn' (244)
// MUX gate at /dut/\spi.spi /rtlcreg_Dout_4/CE(18690)
//      Driven by existing flop at '/dut/\spi.spi /rtlcreg_Dout_21/Q' (5719)
//      Bounds static X-source '/PRESETn' (244)
// MUX gate at /dut/\spi.spi /rtlcreg_Dout_5/CE(18691)
//      Driven by existing flop at '/dut/\spi.spi /rtlcreg_Dout_20/Q' (5720)
//      Bounds static X-source '/PRESETn' (244)
// MUX gate at /dut/\spi.spi /rtlcreg_Dout_6/CE(18692)
//      Driven by existing flop at '/dut/\spi.spi /rtlcreg_Dout_19/Q' (5721)
//      Bounds static X-source '/PRESETn' (244)
// MUX gate at /dut/\spi.spi /rtlcreg_Dout_7/CE(18693)
//      Driven by existing flop at '/dut/\spi.spi /rtlcreg_Dout_18/Q' (5722)
//      Bounds static X-source '/PRESETn' (244)
// MUX gate at /dut/\spi.spi /rtlcreg_Dout_2/CE(18688)
//      Driven by existing flop at '/dut/\spi.spi /rtlcreg_Dout_17/Q' (5723)
//      Bounds static X-source '/PRESETn' (244)
// MUX gate at /dut/\spi.spi /rtlcreg_Dout_3/CE(18689)
//      Driven by existing flop at '/dut/\spi.spi /rtlcreg_Dout_16/Q' (5724)
//      Bounds static X-source '/PRESETn' (244)
// MUX gate at /dut/\spi.spi /rtlcreg_Dout_16/CE(18702)
//      Driven by existing flop at '/dut/\spi.spi /rtlcreg_Dout_15/Q' (5725)
//      Bounds static X-source '/PRESETn' (244)
// MUX gate at /dut/\spi.spi /rtlcreg_Dout_17/CE(18703)
//      Driven by existing flop at '/dut/\spi.spi /rtlcreg_Dout_14/Q' (5726)
//      Bounds static X-source '/PRESETn' (244)
// MUX gate at /dut/\spi.spi /rtlcreg_Dout_18/CE(18704)
//      Driven by existing flop at '/dut/\spi.spi /rtlcreg_Dout_13/Q' (5727)
//      Bounds static X-source '/PRESETn' (244)
// MUX gate at /dut/\spi.spi /rtlcreg_Dout_19/CE(18705)
//      Driven by existing flop at '/dut/\spi.spi /rtlcreg_Dout_12/Q' (5729)
//      Bounds static X-source '/PRESETn' (244)
// MUX gate at /dut/\spi.spi /rtlcreg_Dout_20/CE(18706)
//      Driven by existing flop at '/dut/\spi.spi /rtlcreg_Dout_11/Q' (5730)
//      Bounds static X-source '/PRESETn' (244)
// MUX gate at /dut/\spi.spi /rtlcreg_Dout_21/CE(18707)
//      Driven by existing flop at '/dut/\spi.spi /rtlcreg_Dout_10/Q' (5731)
//      Bounds static X-source '/PRESETn' (244)
// MUX gate at /dut/\spi.spi /rtlcreg_Dout_22/CE(18708)
//      Driven by existing flop at '/dut/\spi.spi /rtlcreg_Dout_9/Q' (5732)
//      Bounds static X-source '/PRESETn' (244)
// MUX gate at /dut/\spi.spi /rtlcreg_Dout_23/CE(18709)
//      Driven by existing flop at '/dut/\spi.spi /rtlcreg_Dout_8/Q' (5733)
//      Bounds static X-source '/PRESETn' (244)
// MUX gate at /dut/\spi.spi /rtlcreg_Dout_24/CE(18710)
//      Driven by existing flop at '/dut/\spi.spi /rtlcreg_Dout_7/Q' (5734)
//      Bounds static X-source '/PRESETn' (244)
// MUX gate at /dut/\spi.spi /rtlcreg_Dout_25/CE(18711)
//      Driven by existing flop at '/dut/\spi.spi /rtlcreg_Dout_6/Q' (5735)
//      Bounds static X-source '/PRESETn' (244)
// MUX gate at /dut/\spi.spi /rtlcreg_Dout_26/CE(18712)
//      Driven by existing flop at '/dut/\spi.spi /rtlcreg_Dout_5/Q' (5736)
//      Bounds static X-source '/PRESETn' (244)
// MUX gate at /dut/\spi.spi /rtlcreg_Dout_27/CE(18713)
//      Driven by existing flop at '/dut/\spi.spi /rtlcreg_Dout_4/Q' (5737)
//      Bounds static X-source '/PRESETn' (244)
// MUX gate at /dut/\spi.spi /rtlcreg_Dout_28/CE(18714)
//      Driven by existing flop at '/dut/\spi.spi /rtlcreg_Dout_3/Q' (5738)
//      Bounds static X-source '/PRESETn' (244)
// MUX gate at /dut/\spi.spi /rtlcreg_Dout_29/CE(18715)
//      Driven by existing flop at '/dut/\spi.spi /rtlcreg_Dout_2/Q' (5739)
//      Bounds static X-source '/PRESETn' (244)
// MUX gate at /dut/\spi.spi /rtlcreg_Dout_30/CE(18716)
//      Driven by existing flop at '/dut/\spi.spi /rtlcreg_Dout_1/Q' (5740)
//      Bounds static X-source '/PRESETn' (244)
// MUX gate at /dut/\spi.spi /rtlcreg_Dout_31/CE(18717)
//      Driven by existing flop at '/dut/\spi.spi /rtlcreg_Dout_0/Q' (5741)
//      Bounds static X-source '/PRESETn' (244)
// MUX gate at /dut/\spi.spi /rtlc_1187/B(21273)
//      Driven by existing flop at '/dut/\spi.spi /rtlcreg_InterruptPending_1/Q' (26785)
//      Bounds static X-source '/PRESETn' (244)
// MUX gate at /dut/\spi.spi /rtlc_1159/B(18718)
//      Driven by existing flop at '/dut/\spi.spi /rtlcreg_InterruptPending_0/Q' (26786)
//      Bounds static X-source '/PRESETn' (244)
// MUX gate at /dut/\spi.spi /rtlc_1158/B(18719)
//      Driven by existing flop at '/dut/\spi.spi /rtlcreg_InterruptEnable_1/Q' (5742)
//      Bounds static X-source '/PRESETn' (244)
// MUX gate at /dut/\spi.spi /rtlc_1157/B(18720)
//      Driven by existing flop at '/dut/\spi.spi /rtlcreg_InterruptEnable_0/Q' (5743)
//      Bounds static X-source '/PRESETn' (244)
// MUX gate at /dut/\spi.spi /rtlc_1152/B(18725)
//      Driven by existing flop at '/dut/\spi.spi /rtlcreg_ReceiveWatermark_2/Q' (5744)
//      Bounds static X-source '/PRESETn' (244)
// MUX gate at /dut/\spi.spi /rtlc_1156/B(18721)
//      Driven by existing flop at '/dut/\spi.spi /rtlcreg_ReceiveWatermark_1/Q' (5745)
//      Bounds static X-source '/PRESETn' (244)
// MUX gate at /dut/\spi.spi /rtlc_1155/B(18722)
//      Driven by existing flop at '/dut/\spi.spi /rtlcreg_ReceiveWatermark_0/Q' (5746)
//      Bounds static X-source '/PRESETn' (244)
// MUX gate at /dut/\spi.spi /rtlc_1154/B(18723)
//      Driven by existing flop at '/dut/\spi.spi /rtlcreg_TransmitWatermark_2/Q' (5747)
//      Bounds static X-source '/PRESETn' (244)
// MUX gate at /dut/\spi.spi /rtlc_1153/B(18724)
//      Driven by existing flop at '/dut/\spi.spi /rtlcreg_TransmitWatermark_1/Q' (5748)
//      Bounds static X-source '/PRESETn' (244)
// MUX gate at /dut/\spi.spi /rtlc_1151/B(18726)
//      Driven by existing flop at '/dut/\spi.spi /rtlcreg_TransmitWatermark_0/Q' (5749)
//      Bounds static X-source '/PRESETn' (244)
// MUX gate at /dut/\spi.spi /rtlc_1150/B(18727)
//      Driven by existing flop at '/dut/\spi.spi /rtlcreg_TransmitData_8/Q' (5750)
//      Bounds static X-source '/PRESETn' (244)
// MUX gate at /dut/\spi.spi /rtlc_1149/B(18728)
//      Driven by existing flop at '/dut/\spi.spi /rtlcreg_TransmitData_7/Q' (5751)
//      Bounds static X-source '/PRESETn' (244)
// MUX gate at /dut/\spi.spi /rtlc_1148/B(18729)
//      Driven by existing flop at '/dut/\spi.spi /rtlcreg_TransmitData_6/Q' (5752)
//      Bounds static X-source '/PRESETn' (244)
// MUX gate at /dut/\spi.spi /rtlc_1147/B(18730)
//      Driven by existing flop at '/dut/\spi.spi /rtlcreg_TransmitData_5/Q' (5753)
//      Bounds static X-source '/PRESETn' (244)
// MUX gate at /dut/\spi.spi /rtlc_1146/B(18731)
//      Driven by existing flop at '/dut/\spi.spi /rtlcreg_TransmitData_4/Q' (5754)
//      Bounds static X-source '/PRESETn' (244)
// MUX gate at /dut/\spi.spi /rtlc_1144/B(18732)
//      Driven by existing flop at '/dut/\spi.spi /rtlcreg_TransmitData_3/Q' (5755)
//      Bounds static X-source '/PRESETn' (244)
// MUX gate at /dut/\spi.spi /rtlc6_17/B(18758)
//      Driven by existing flop at '/dut/\spi.spi /rtlcreg_TransmitData_2/Q' (5756)
//      Bounds static X-source '/PRESETn' (244)
// MUX gate at /dut/\spi.spi /rtlc_1019/B(18755)
//      Driven by existing flop at '/dut/\spi.spi /rtlcreg_TransmitData_1/Q' (5757)
//      Bounds static X-source '/PRESETn' (244)
// MUX gate at /dut/\spi.spi /rtlc_1018/B(18756)
//      Driven by existing flop at '/dut/\spi.spi /rtlcreg_TransmitData_0/Q' (5758)
//      Bounds static X-source '/PRESETn' (244)
// MUX gate at /dut/\spi.spi /rtlc_1007/B(18757)
//      Driven by existing flop at '/dut/\spi.spi /rtlcreg_Format_4/Q' (5759)
//      Bounds static X-source '/PRESETn' (244)
// MUX gate at /dut/\spi.spi /rtlc0_287/B(18763)
//      Driven by existing flop at '/dut/\spi.spi /rtlcreg_Format_3/Q' (5760)
//      Bounds static X-source '/PRESETn' (244)
// MUX gate at /dut/\spi.spi /rtlc4_4/B(18761)
//      Driven by existing flop at '/dut/\spi.spi /rtlcreg_Format_2/Q' (5761)
//      Bounds static X-source '/PRESETn' (244)
// MUX gate at /dut/\spi.spi /rtlc5_27/B(18759)
//      Driven by existing flop at '/dut/\spi.spi /rtlcreg_Format_1/Q' (5762)
//      Bounds static X-source '/PRESETn' (244)
// MUX gate at /dut/\spi.spi /rtlc1_4/B(18762)
//      Driven by existing flop at '/dut/\spi.spi /rtlcreg_Format_0/Q' (5763)
//      Bounds static X-source '/PRESETn' (244)
// MUX gate at /dut/\spi.spi /rtlc5_24/B(18760)
//      Driven by existing flop at '/dut/\spi.spi /rtlcreg_Delay1_15/Q' (5764)
//      Bounds static X-source '/PRESETn' (244)
// MUX gate at /dut/\spi.spi /rtlc_1042/B(18748)
//      Driven by existing flop at '/dut/\spi.spi /rtlcreg_Delay1_14/Q' (5765)
//      Bounds static X-source '/PRESETn' (244)
// MUX gate at /dut/\spi.spi /rtlc_1041/B(18749)
//      Driven by existing flop at '/dut/\spi.spi /rtlcreg_Delay1_13/Q' (5766)
//      Bounds static X-source '/PRESETn' (244)
// MUX gate at /dut/\spi.spi /rtlc_1040/B(18750)
//      Driven by existing flop at '/dut/\spi.spi /rtlcreg_Delay1_12/Q' (5767)
//      Bounds static X-source '/PRESETn' (244)
// MUX gate at /dut/\spi.spi /rtlc_1039/B(18751)
//      Driven by existing flop at '/dut/\spi.spi /rtlcreg_Delay1_11/Q' (5768)
//      Bounds static X-source '/PRESETn' (244)
// MUX gate at /dut/\spi.spi /rtlc_1038/B(18752)
//      Driven by existing flop at '/dut/\spi.spi /rtlcreg_Delay1_10/Q' (5769)
//      Bounds static X-source '/PRESETn' (244)
// MUX gate at /dut/\spi.spi /rtlc_1037/B(18753)
//      Driven by existing flop at '/dut/\spi.spi /rtlcreg_Delay1_9/Q' (5770)
//      Bounds static X-source '/PRESETn' (244)
// MUX gate at /dut/\spi.spi /rtlc_1036/B(18754)
//      Driven by existing flop at '/dut/\spi.spi /rtlcreg_Delay1_8/Q' (5771)
//      Bounds static X-source '/PRESETn' (244)
// MUX gate at /dut/\spi.spi /rtlc0_276/B(18766)
//      Driven by existing flop at '/dut/\spi.spi /rtlcreg_Delay1_7/Q' (5772)
//      Bounds static X-source '/PRESETn' (244)
// MUX gate at /dut/\spi.spi /rtlc0_159/A(18775)
//      Driven by existing flop at '/dut/\spi.spi /rtlcreg_Delay1_6/Q' (5773)
//      Bounds static X-source '/PRESETn' (244)
// MUX gate at /dut/\spi.spi /rtlc0_283/B(18764)
//      Driven by existing flop at '/dut/\spi.spi /rtlcreg_Delay1_5/Q' (5774)
//      Bounds static X-source '/PRESETn' (244)
// MUX gate at /dut/\spi.spi /rtlc0_279/B(18765)
//      Driven by existing flop at '/dut/\spi.spi /rtlcreg_Delay1_4/Q' (5775)
//      Bounds static X-source '/PRESETn' (244)
// MUX gate at /dut/\spi.spi /rtlc0_272/B(18767)
//      Driven by existing flop at '/dut/\spi.spi /rtlcreg_Delay1_3/Q' (5776)
//      Bounds static X-source '/PRESETn' (244)
// MUX gate at /dut/\spi.spi /rtlc0_268/B(18768)
//      Driven by existing flop at '/dut/\spi.spi /rtlcreg_Delay1_2/Q' (5777)
//      Bounds static X-source '/PRESETn' (244)
// MUX gate at /dut/\spi.spi /rtlc0_264/B(18769)
//      Driven by existing flop at '/dut/\spi.spi /rtlcreg_Delay1_1/Q' (5778)
//      Bounds static X-source '/PRESETn' (244)
// MUX gate at /dut/\spi.spi /rtlc0_260/B(18770)
//      Driven by existing flop at '/dut/\spi.spi /rtlcreg_Delay1_0/Q' (5779)
//      Bounds static X-source '/PRESETn' (244)
// MUX gate at /dut/\spi.spi /rtlc0_252/B(18772)
//      Driven by existing flop at '/dut/\spi.spi /rtlcreg_Delay0_15/Q' (5780)
//      Bounds static X-source '/PRESETn' (244)
// MUX gate at /dut/\spi.spi /rtlc0_248/B(18773)
//      Driven by existing flop at '/dut/\spi.spi /rtlcreg_Delay0_14/Q' (5781)
//      Bounds static X-source '/PRESETn' (244)
// MUX gate at /dut/\spi.spi /rtlc0_244/B(18774)
//      Driven by existing flop at '/dut/\spi.spi /rtlcreg_Delay0_13/Q' (5782)
//      Bounds static X-source '/PRESETn' (244)
// MUX gate at /dut/\spi.spi /rtlc0_256/B(18771)
//      Driven by existing flop at '/dut/\spi.spi /rtlcreg_Delay0_12/Q' (5783)
//      Bounds static X-source '/PRESETn' (244)
// MUX gate at /dut/\spi.spi /rxFIFO/rtlc_842/B(18777)
//      Driven by existing flop at '/dut/\spi.spi /rxFIFO/rtlcreg_wfull/Q' (5635)
//      Bounds static X-source '/PRESETn' (244)
// MUX gate at /dut/\spi.spi /rxFIFO/rtlc_840/A(18778)
//      Driven by existing flop at '/dut/\spi.spi /rxFIFO/rtlcreg_mem_63/Q' (5644)
//      Bounds static X-source '/PRESETn' (244)
// MUX gate at /dut/\spi.spi /rxFIFO/rtlc_844/B(18776)
//      Driven by existing flop at '/dut/\spi.spi /rxFIFO/rtlcreg_rempty/Q' (5634)
//      Bounds static X-source '/PRESETn' (244)
// MUX gate at /dut/\spi.spi /rxFIFO/rtlc_843/B(21527)
//      Driven by existing flop at '/dut/\spi.spi /rxFIFO/rtlcreg_mem_62/Q' (5645)
//      Bounds static X-source '/PRESETn' (244)
// MUX gate at /dut/\uartgen.uart /uartPC/rtlc_4283/B(18851)
//      Driven by existing flop at '/dut/\uartgen.uart /uartPC/rtlcreg_DLL_2/Q' (5028)
//      Bounds static X-source '/PRESETn' (244)
// MUX gate at /dut/\uartgen.uart /uartPC/rtlc_4293/B(18843)
//      Driven by existing flop at '/dut/\uartgen.uart /uartPC/rtlcreg_DLL_1/Q' (5029)
//      Bounds static X-source '/PRESETn' (244)
// MUX gate at /dut/\uartgen.uart /uartPC/rtlc_4292/B(18844)
//      Driven by existing flop at '/dut/\uartgen.uart /uartPC/rtlcreg_DLL_0/Q' (5030)
//      Bounds static X-source '/PRESETn' (244)
// MUX gate at /dut/\uartgen.uart /uartPC/rtlc_4291/B(18845)
//      Driven by existing flop at '/dut/\uartgen.uart /uartPC/rtlcreg_MSR_3/Q' (26116)
//      Bounds static X-source '/PRESETn' (244)
// MUX gate at /dut/\uartgen.uart /uartPC/rtlc_4290/B(18846)
//      Driven by existing flop at '/dut/\uartgen.uart /uartPC/rtlcreg_MSR_2/Q' (26117)
//      Bounds static X-source '/PRESETn' (244)
// MUX gate at /dut/\uartgen.uart /uartPC/rtlc_4289/B(18847)
//      Driven by existing flop at '/dut/\uartgen.uart /uartPC/rtlcreg_MSR_1/Q' (26118)
//      Bounds static X-source '/PRESETn' (244)
// MUX gate at /dut/\uartgen.uart /uartPC/rtlc_4288/B(18848)
//      Driven by existing flop at '/dut/\uartgen.uart /uartPC/rtlcreg_MSR_0/Q' (26119)
//      Bounds static X-source '/PRESETn' (244)
// MUX gate at /dut/\uartgen.uart /uartPC/rtlc_4287/B(18849)
//      Driven by existing flop at '/dut/\uartgen.uart /uartPC/rtlcreg_LSR_7/Q' (5033)
//      Bounds static X-source '/PRESETn' (244)
// MUX gate at /dut/\uartgen.uart /uartPC/rtlc_4286/B(18850)
//      Driven by existing flop at '/dut/\uartgen.uart /uartPC/rtlcreg_LSR_6/Q' (26121)
//      Bounds static X-source '/PRESETn' (244)
// MUX gate at /dut/\uartgen.uart /uartPC/rtlc_4278/B(18852)
//      Driven by existing flop at '/dut/\uartgen.uart /uartPC/rtlcreg_LSR_5/Q' (26122)
//      Bounds static X-source '/PRESETn' (244)
// MUX gate at /dut/\uartgen.uart /uartPC/rtlc_4275/B(18853)
//      Driven by existing flop at '/dut/\uartgen.uart /uartPC/rtlcreg_LSR_4/Q' (26123)
//      Bounds static X-source '/PRESETn' (244)
// MUX gate at /dut/\uartgen.uart /uartPC/rtlc_4272/B(18854)
//      Driven by existing flop at '/dut/\uartgen.uart /uartPC/rtlcreg_LSR_3/Q' (26124)
//      Bounds static X-source '/PRESETn' (244)
// MUX gate at /dut/\uartgen.uart /uartPC/rtlc_4269/B(18855)
//      Driven by existing flop at '/dut/\uartgen.uart /uartPC/rtlcreg_LSR_2/Q' (26125)
//      Bounds static X-source '/PRESETn' (244)
// MUX gate at /dut/\uartgen.uart /uartPC/rtlc_4261/B(18856)
//      Driven by existing flop at '/dut/\uartgen.uart /uartPC/rtlcreg_LSR_1/Q' (26126)
//      Bounds static X-source '/PRESETn' (244)
// MUX gate at /dut/\uartgen.uart /uartPC/rtlc_4258/B(18857)
//      Driven by existing flop at '/dut/\uartgen.uart /uartPC/rtlcreg_LSR_0/Q' (5036)
//      Bounds static X-source '/PRESETn' (244)
// MUX gate at /dut/\uartgen.uart /uartPC/rtlc_4308/B(18842)
//      Driven by existing flop at '/dut/\uartgen.uart /uartPC/rtlcreg_MCR_4/Q' (5037)
//      Bounds static X-source '/PRESETn' (244)
// MUX gate at /dut/\spi.spi /rtlc_1109/B(18734)
//      Driven by existing flop at '/dut/\spi.spi /rtlcreg_Delay0_11/Q' (5784)
//      Bounds static X-source '/PRESETn' (244)
// MUX gate at /dut/\spi.spi /rtlc_1143/B(18733)
//      Driven by existing flop at '/dut/\spi.spi /rtlcreg_Delay0_10/Q' (5785)
//      Bounds static X-source '/PRESETn' (244)
// MUX gate at /dut/\spi.spi /rtlc_1081/B(18736)
//      Driven by existing flop at '/dut/\spi.spi /rtlcreg_Delay0_9/Q' (5786)
//      Bounds static X-source '/PRESETn' (244)
// MUX gate at /dut/\spi.spi /rtlc_1080/B(18737)
//      Driven by existing flop at '/dut/\spi.spi /rtlcreg_Delay0_8/Q' (5787)
//      Bounds static X-source '/PRESETn' (244)
// MUX gate at /dut/\spi.spi /rtlc_1079/B(18738)
//      Driven by existing flop at '/dut/\spi.spi /rtlcreg_Delay0_7/Q' (5788)
//      Bounds static X-source '/PRESETn' (244)
// MUX gate at /dut/\spi.spi /rtlc_1078/B(18739)
//      Driven by existing flop at '/dut/\spi.spi /rtlcreg_Delay0_6/Q' (5789)
//      Bounds static X-source '/PRESETn' (244)
// MUX gate at /dut/\spi.spi /rtlc_1077/B(18740)
//      Driven by existing flop at '/dut/\spi.spi /rtlcreg_Delay0_5/Q' (5790)
//      Bounds static X-source '/PRESETn' (244)
// MUX gate at /dut/\spi.spi /rtlc_1076/B(18741)
//      Driven by existing flop at '/dut/\spi.spi /rtlcreg_Delay0_4/Q' (5791)
//      Bounds static X-source '/PRESETn' (244)
// MUX gate at /dut/\spi.spi /rtlc_1089/B(18735)
//      Driven by existing flop at '/dut/\spi.spi /rtlcreg_Delay0_3/Q' (5792)
//      Bounds static X-source '/PRESETn' (244)
// MUX gate at /dut/\spi.spi /rtlc_1075/B(18742)
//      Driven by existing flop at '/dut/\spi.spi /rtlcreg_Delay0_2/Q' (5793)
//      Bounds static X-source '/PRESETn' (244)
// MUX gate at /dut/\spi.spi /rtlc_1056/B(18743)
//      Driven by existing flop at '/dut/\spi.spi /rtlcreg_Delay0_1/Q' (5794)
//      Bounds static X-source '/PRESETn' (244)
// MUX gate at /dut/\spi.spi /rtlc_1046/B(18744)
//      Driven by existing flop at '/dut/\spi.spi /rtlcreg_Delay0_0/Q' (5795)
//      Bounds static X-source '/PRESETn' (244)
// MUX gate at /dut/\spi.spi /rtlc_1045/B(18745)
//      Driven by existing flop at '/dut/\spi.spi /rtlcreg_ChipSelectMode_1/Q' (5796)
//      Bounds static X-source '/PRESETn' (244)
// MUX gate at /dut/\spi.spi /rtlc_1044/B(18746)
//      Driven by existing flop at '/dut/\spi.spi /rtlcreg_ChipSelectMode_0/Q' (5797)
//      Bounds static X-source '/PRESETn' (244)
// MUX gate at /dut/\spi.spi /rtlc_1043/B(18747)
//      Driven by existing flop at '/dut/\spi.spi /rtlcreg_ChipSelectDef_3/Q' (5798)
//      Bounds static X-source '/PRESETn' (244)
// MUX gate at /dut/\spi.spi /rtlc_1122/B(20500)
//      Driven by existing flop at '/dut/\spi.spi /rtlcreg_ChipSelectDef_2/Q' (5799)
//      Bounds static X-source '/PRESETn' (244)
// MUX gate at /dut/\spi.spi /txFIFO/rtlc_834/B(18795)
//      Driven by existing flop at '/dut/\spi.spi /txFIFO/rtlcreg_rempty/Q' (5556)
//      Bounds static X-source '/PRESETn' (244)
// MUX gate at /dut/\spi.spi /txFIFO/rtlc_835/B(18794)
//      Driven by existing flop at '/dut/\spi.spi /txFIFO/rtlcreg_wptr_3/Q' (5558)
//      Bounds static X-source '/PRESETn' (244)
// MUX gate at /dut/\spi.spi /txFIFO/rtlc1_24/B(18797)
//      Driven by existing flop at '/dut/\spi.spi /txFIFO/rtlcreg_wfull/Q' (5557)
//      Bounds static X-source '/PRESETn' (244)
// MUX gate at /dut/\spi.spi /controller/rtlc_624/B(24288)
//      Driven by existing flop at '/dut/\spi.spi /controller/rtlcreg_DelayCounter_7/Q' (5516)
//      Bounds static X-source '/PRESETn' (244)
// MUX gate at /dut/\spi.spi /controller/rtlc_621/B(18798)
//      Driven by existing flop at '/dut/\spi.spi /controller/rtlcreg_DelayCounter_6/Q' (5517)
//      Bounds static X-source '/PRESETn' (244)
// MUX gate at /dut/\spi.spi /controller/rtlc_618/B(18799)
//      Driven by existing flop at '/dut/\spi.spi /controller/rtlcreg_DelayCounter_5/Q' (5518)
//      Bounds static X-source '/PRESETn' (244)
// MUX gate at /dut/\spi.spi /controller/rtlc_615/B(18800)
//      Driven by existing flop at '/dut/\spi.spi /controller/rtlcreg_DelayCounter_4/Q' (5519)
//      Bounds static X-source '/PRESETn' (244)
// MUX gate at /dut/\spi.spi /controller/rtlc_612/B(18801)
//      Driven by existing flop at '/dut/\spi.spi /controller/rtlcreg_DelayCounter_3/Q' (5520)
//      Bounds static X-source '/PRESETn' (244)
// MUX gate at /dut/\spi.spi /controller/rtlc_609/B(20493)
//      Driven by existing flop at '/dut/\spi.spi /controller/rtlcreg_DelayCounter_2/Q' (5521)
//      Bounds static X-source '/PRESETn' (244)
// MUX gate at /dut/\spi.spi /controller/rtlc_606/B(21977)
//      Driven by existing flop at '/dut/\spi.spi /controller/rtlcreg_DelayCounter_1/Q' (5522)
//      Bounds static X-source '/PRESETn' (244)
// MUX gate at /dut/\spi.spi /controller/rtlc_603/B(22502)
//      Driven by existing flop at '/dut/\spi.spi /controller/rtlcreg_DelayCounter_0/Q' (5523)
//      Bounds static X-source '/PRESETn' (244)
// MUX gate at /dut/\spi.spi /controller/rtlc_600/B(22655)
//      Driven by existing flop at '/dut/\spi.spi /controller/rtlcreg_BitNum_3/Q' (5524)
//      Bounds static X-source '/PRESETn' (244)
// MUX gate at /dut/\spi.spi /controller/rtlc_597/B(22808)
//      Driven by existing flop at '/dut/\spi.spi /controller/rtlcreg_BitNum_2/Q' (5525)
//      Bounds static X-source '/PRESETn' (244)
// MUX gate at /dut/\spi.spi /controller/rtlc_594/B(23018)
//      Driven by existing flop at '/dut/\spi.spi /controller/rtlcreg_BitNum_1/Q' (5528)
//      Bounds static X-source '/PRESETn' (244)
// MUX gate at /dut/\spi.spi /controller/rtlc_591/B(23214)
//      Driven by existing flop at '/dut/\spi.spi /controller/rtlcreg_BitNum_0/Q' (5529)
//      Bounds static X-source '/PRESETn' (244)
// MUX gate at /dut/\uartgen.uart /uartPC/rtlc_4363/B(18834)
//      Driven by existing flop at '/dut/\uartgen.uart /uartPC/rtlcreg_MCR_3/Q' (5038)
//      Bounds static X-source '/PRESETn' (244)
// MUX gate at /dut/\uartgen.uart /uartPC/rtlc_4377/B(18831)
//      Driven by existing flop at '/dut/\uartgen.uart /uartPC/rtlcreg_MCR_2/Q' (5039)
//      Bounds static X-source '/PRESETn' (244)
// MUX gate at /dut/\uartgen.uart /uartPC/rtlc_4373/B(18832)
//      Driven by existing flop at '/dut/\uartgen.uart /uartPC/rtlcreg_MCR_1/Q' (5040)
//      Bounds static X-source '/PRESETn' (244)
// MUX gate at /dut/\uartgen.uart /uartPC/rtlc_4369/B(18833)
//      Driven by existing flop at '/dut/\uartgen.uart /uartPC/rtlcreg_MCR_0/Q' (5041)
//      Bounds static X-source '/PRESETn' (244)
// MUX gate at /dut/\uartgen.uart /uartPC/rtlc_4314/B(18841)
//      Driven by existing flop at '/dut/\uartgen.uart /uartPC/rtlcreg_LCR_6/Q' (5043)
//      Bounds static X-source '/PRESETn' (244)
// MUX gate at /dut/\uartgen.uart /uartPC/rtlc_4329/B(18838)
//      Driven by existing flop at '/dut/\uartgen.uart /uartPC/rtlcreg_LCR_5/Q' (5044)
//      Bounds static X-source '/PRESETn' (244)
// MUX gate at /dut/\uartgen.uart /uartPC/rtlc_4333/B(18611)
//      Driven by existing flop at '/dut/\uartgen.uart /uartPC/rtlcreg_LCR_4/Q' (5045)
//      Bounds static X-source '/PRESETn' (244)
// MUX gate at /dut/\uartgen.uart /uartPC/rtlc_4325/B(18839)
//      Driven by existing flop at '/dut/\uartgen.uart /uartPC/rtlcreg_LCR_3/Q' (5046)
//      Bounds static X-source '/PRESETn' (244)
// MUX gate at /dut/\uartgen.uart /uartPC/rtlc_4318/B(18840)
//      Driven by existing flop at '/dut/\uartgen.uart /uartPC/rtlcreg_LCR_2/Q' (5047)
//      Bounds static X-source '/PRESETn' (244)
// MUX gate at /dut/\uartgen.uart /uartPC/rtlc_4397/B(22695)
//      Driven by existing flop at '/dut/\uartgen.uart /uartPC/rtlcreg_FCR_7/Q' (5050)
//      Bounds static X-source '/PRESETn' (244)
// MUX gate at /dut/\uartgen.uart /uartPC/rtlc_4393/B(22680)
//      Driven by existing flop at '/dut/\uartgen.uart /uartPC/rtlcreg_FCR_6/Q' (5051)
//      Bounds static X-source '/PRESETn' (244)
// MUX gate at /dut/\uartgen.uart /uartPC/rtlc_4388/B(22853)
//      Driven by existing flop at '/dut/\uartgen.uart /uartPC/rtlcreg_FCR_5/Q' (5052)
//      Bounds static X-source '/PRESETn' (244)
// MUX gate at /dut/\uartgen.uart /uartPC/rtlc_4345/B(18835)
//      Driven by existing flop at '/dut/\uartgen.uart /uartPC/rtlcreg_LCR_1/Q' (5048)
//      Bounds static X-source '/PRESETn' (244)
// MUX gate at /dut/\uartgen.uart /uartPC/rtlc_4352/B(20460)
//      Driven by existing flop at '/dut/\uartgen.uart /uartPC/rtlcreg_LCR_0/Q' (5049)
//      Bounds static X-source '/PRESETn' (244)
// MUX gate at /dut/\uartgen.uart /uartPC/rtlc_4341/B(18836)
//      Driven by existing flop at '/dut/\uartgen.uart /uartPC/rtlcreg_FCR_4/Q' (5053)
//      Bounds static X-source '/PRESETn' (244)
// MUX gate at /dut/\uartgen.uart /uartPC/rtlc_4337/B(18837)
//      Driven by existing flop at '/dut/\uartgen.uart /uartPC/rtlcreg_FCR_3/Q' (5056)
//      Bounds static X-source '/PRESETn' (244)
// MUX gate at /dut/\uartgen.uart /uartPC/rtlc_4128/B(18872)
//      Driven by existing flop at '/dut/\uartgen.uart /uartPC/rtlcreg_FCR_2/Q' (5057)
//      Bounds static X-source '/PRESETn' (244)
// MUX gate at /dut/\uartgen.uart /uartPC/rtlc_4183/B(18861)
//      Driven by existing flop at '/dut/\uartgen.uart /uartPC/rtlcreg_FCR_1/Q' (5058)
//      Bounds static X-source '/PRESETn' (244)
// MUX gate at /dut/\uartgen.uart /uartPC/rtlc_4136/B(18869)
//      Driven by existing flop at '/dut/\uartgen.uart /uartPC/rtlcreg_LCR_7/Q' (5042)
//      Bounds static X-source '/PRESETn' (244)
// MUX gate at /dut/\uartgen.uart /uartPC/rtlc_4255/B(18858)
//      Driven by existing flop at '/dut/\uartgen.uart /uartPC/rtlcreg_FCR_0/Q' (5059)
//      Bounds static X-source '/PRESETn' (244)
// MUX gate at /dut/\uartgen.uart /uartPC/rtlc_4251/B(18859)
//      Driven by existing flop at '/dut/\uartgen.uart /uartPC/rtlcreg_IER_3/Q' (5060)
//      Bounds static X-source '/PRESETn' (244)
// MUX gate at /dut/\uartgen.uart /uartPC/rtlc_4248/B(18860)
//      Driven by existing flop at '/dut/\uartgen.uart /uartPC/rtlcreg_IER_2/Q' (5061)
//      Bounds static X-source '/PRESETn' (244)
// MUX gate at /dut/\uartgen.uart /uartPC/rtlc_4168/B(18863)
//      Driven by existing flop at '/dut/\uartgen.uart /uartPC/rtlcreg_IER_1/Q' (5062)
//      Bounds static X-source '/PRESETn' (244)
// MUX gate at /dut/\uartgen.uart /uartPC/rtlc_4173/B(18862)
//      Driven by existing flop at '/dut/\uartgen.uart /uartPC/rtlcreg_IER_0/Q' (5063)
//      Bounds static X-source '/PRESETn' (244)
// MUX gate at /dut/\uartgen.uart /uartPC/rtlc_4156/B(18864)
//      Driven by existing flop at '/dut/\uartgen.uart /uartPC/rtlcreg_baudcount_16/Q' (26154)
//      Bounds static X-source '/PRESETn' (244)
// MUX gate at /dut/\uartgen.uart /uartPC/rtlc_4154/B(18865)
//      Driven by existing flop at '/dut/\uartgen.uart /uartPC/rtlcreg_baudcount_15/Q' (26155)
//      Bounds static X-source '/PRESETn' (244)
// MUX gate at /dut/\uartgen.uart /uartPC/rtlc_4152/B(18866)
//      Driven by existing flop at '/dut/\uartgen.uart /uartPC/rtlcreg_baudcount_14/Q' (26156)
//      Bounds static X-source '/PRESETn' (244)
// MUX gate at /dut/\uartgen.uart /uartPC/rtlc_4145/B(18867)
//      Driven by existing flop at '/dut/\uartgen.uart /uartPC/rtlcreg_baudcount_13/Q' (26157)
//      Bounds static X-source '/PRESETn' (244)
// MUX gate at /dut/\uartgen.uart /uartPC/rtlc_4138/B(18868)
//      Driven by existing flop at '/dut/\uartgen.uart /uartPC/rtlcreg_baudcount_12/Q' (26158)
//      Bounds static X-source '/PRESETn' (244)
// MUX gate at /dut/\uartgen.uart /uartPC/rtlc_4133/B(18870)
//      Driven by existing flop at '/dut/\uartgen.uart /uartPC/rtlcreg_baudcount_11/Q' (26159)
//      Bounds static X-source '/PRESETn' (244)
// MUX gate at /dut/\uartgen.uart /uartPC/rtlc_4130/B(18871)
//      Driven by existing flop at '/dut/\uartgen.uart /uartPC/rtlcreg_baudcount_10/Q' (26160)
//      Bounds static X-source '/PRESETn' (244)
// MUX gate at /dut/\uartgen.uart /uartPC/rtlc_4198/B(20483)
//      Driven by existing flop at '/dut/\uartgen.uart /uartPC/rtlcreg_baudpulse/Q' (5064)
//      Bounds static X-source '/PRESETn' (244)
// MUX gate at /dut/\spi.spi /rxFIFO/rtlc_839/B(18779)
//      Driven by existing flop at '/dut/\spi.spi /rxFIFO/rtlcreg_wptr_3/Q' (5636)
//      Bounds static X-source '/PRESETn' (244)
// MUX gate at /dut/\spi.spi /rxFIFO/rtlc_838/B(18780)
//      Driven by existing flop at '/dut/\spi.spi /rxFIFO/rtlcreg_wptr_2/Q' (5637)
//      Bounds static X-source '/PRESETn' (244)
// MUX gate at /dut/\spi.spi /rxFIFO/rtlc_837/B(18781)
//      Driven by existing flop at '/dut/\spi.spi /rxFIFO/rtlcreg_wptr_1/Q' (5638)
//      Bounds static X-source '/PRESETn' (244)
// MUX gate at /dut/\spi.spi /rxFIFO/rtlc_834/B(18784)
//      Driven by existing flop at '/dut/\spi.spi /rxFIFO/rtlcreg_rptr_3/Q' (5640)
//      Bounds static X-source '/PRESETn' (244)
// MUX gate at /dut/\spi.spi /txFIFO/rtlc_844/B(18787)
//      Driven by existing flop at '/dut/\spi.spi /txFIFO/rtlcreg_rptr_3/Q' (5562)
//      Bounds static X-source '/PRESETn' (244)
// MUX gate at /dut/\spi.spi /txFIFO/rtlc_842/B(18788)
//      Driven by existing flop at '/dut/\spi.spi /txFIFO/rtlcreg_wptr_2/Q' (5559)
//      Bounds static X-source '/PRESETn' (244)
// MUX gate at /dut/\spi.spi /txFIFO/rtlc_840/A(18789)
//      Driven by existing flop at '/dut/\spi.spi /txFIFO/rtlcreg_mem_63/Q' (5566)
//      Bounds static X-source '/PRESETn' (244)
// MUX gate at /dut/\spi.spi /txFIFO/rtlc_836/B(18793)
//      Driven by existing flop at '/dut/\spi.spi /txFIFO/rtlcreg_wptr_1/Q' (5560)
//      Bounds static X-source '/PRESETn' (244)
// MUX gate at /dut/\spi.spi /rxFIFO/rtlc_836/B(18782)
//      Driven by existing flop at '/dut/\spi.spi /rxFIFO/rtlcreg_rptr_2/Q' (5641)
//      Bounds static X-source '/PRESETn' (244)
// MUX gate at /dut/\spi.spi /rxFIFO/rtlc_835/B(18783)
//      Driven by existing flop at '/dut/\spi.spi /rxFIFO/rtlcreg_rptr_1/Q' (5642)
//      Bounds static X-source '/PRESETn' (244)
// MUX gate at /dut/\spi.spi /rxFIFO/rtlc1_26/B(18785)
//      Driven by existing flop at '/dut/\spi.spi /rxFIFO/rtlcreg_mem_61/Q' (5646)
//      Bounds static X-source '/PRESETn' (244)
// MUX gate at /dut/\spi.spi /txFIFO/rtlc_839/B(18790)
//      Driven by existing flop at '/dut/\spi.spi /txFIFO/rtlcreg_wptr_0/Q' (5561)
//      Bounds static X-source '/PRESETn' (244)
// MUX gate at /dut/\spi.spi /txFIFO/rtlc_838/B(18791)
//      Driven by existing flop at '/dut/\spi.spi /txFIFO/rtlcreg_rptr_2/Q' (5563)
//      Bounds static X-source '/PRESETn' (244)
// MUX gate at /dut/\spi.spi /txFIFO/rtlc_837/B(18792)
//      Driven by existing flop at '/dut/\spi.spi /txFIFO/rtlcreg_mem_62/Q' (5567)
//      Bounds static X-source '/PRESETn' (244)
// MUX gate at /dut/\spi.spi /txFIFO/rtlc_843/B(21525)
//      Driven by existing flop at '/dut/\spi.spi /txFIFO/rtlcreg_mem_61/Q' (5568)
//      Bounds static X-source '/PRESETn' (244)
// MUX gate at /dut/\spi.spi /controller/rtlc_384/B(18810)
//      Driven by existing flop at '/dut/\spi.spi /controller/rtlcreg_SPICLK/Q' (5531)
//      Bounds static X-source '/PRESETn' (244)
// MUX gate at /dut/\spi.spi /controller/rtlc_511/B(20506)
//      Driven by existing flop at '/dut/\spi.spi /controller/rtlcreg_SCK/Q' (5530)
//      Bounds static X-source '/PRESETn' (244)
// MUX gate at /dut/\spi.spi /controller/rtlc_555/B(21533)
//      Driven by existing flop at '/dut/\spi.spi /rtlcreg_ChipSelectDef_1/Q' (5800)
//      Bounds static X-source '/PRESETn' (244)
// MUX gate at /dut/\spi.spi /controller/rtlc_580/B(21274)
//      Driven by existing flop at '/dut/\spi.spi /rtlcreg_ChipSelectDef_0/Q' (5801)
//      Bounds static X-source '/PRESETn' (244)
// MUX gate at /dut/\spi.spi /controller/rtlc_470/B(18802)
//      Driven by existing flop at '/dut/\spi.spi /controller/rtlcreg_DivCounter_11/Q' (26583)
//      Bounds static X-source '/PRESETn' (244)
// MUX gate at /dut/\spi.spi /controller/rtlc_468/B(18803)
//      Driven by existing flop at '/dut/\spi.spi /controller/rtlcreg_DivCounter_10/Q' (26584)
//      Bounds static X-source '/PRESETn' (244)
// MUX gate at /dut/\spi.spi /controller/rtlc_466/B(18804)
//      Driven by existing flop at '/dut/\spi.spi /controller/rtlcreg_DivCounter_9/Q' (26585)
//      Bounds static X-source '/PRESETn' (244)
// MUX gate at /dut/\spi.spi /controller/rtlc_463/B(18805)
//      Driven by existing flop at '/dut/\spi.spi /controller/rtlcreg_DivCounter_8/Q' (26586)
//      Bounds static X-source '/PRESETn' (244)
// MUX gate at /dut/\spi.spi /controller/rtlc_398/B(18806)
//      Driven by existing flop at '/dut/\spi.spi /rtlcreg_ChipSelectID_1/Q' (5802)
//      Bounds static X-source '/PRESETn' (244)
// MUX gate at /dut/\spi.spi /controller/rtlc_564/B(22656)
//      Driven by existing flop at '/dut/\spi.spi /rtlcreg_ChipSelectID_0/Q' (5803)
//      Bounds static X-source '/PRESETn' (244)
// MUX gate at /dut/\spi.spi /controller/rtlc_396/B(18807)
//      Driven by existing flop at '/dut/\spi.spi /rtlcreg_SckMode_1/Q' (5804)
//      Bounds static X-source '/PRESETn' (244)
// MUX gate at /dut/\spi.spi /controller/rtlc_394/B(18808)
//      Driven by existing flop at '/dut/\spi.spi /rtlcreg_SckMode_0/Q' (5805)
//      Bounds static X-source '/PRESETn' (244)
// MUX gate at /dut/\spi.spi /controller/rtlc_392/B(18809)
//      Driven by existing flop at '/dut/\spi.spi /rtlcreg_TransmitRegLoaded/Q' (5819)
//      Bounds static X-source '/PRESETn' (244)
// MUX gate at /dut/\spi.spi /controller/rtlc_390/B(20496)
//      Driven by existing flop at '/dut/\spi.spi /rtlcreg_CurrState_1/Q' (26864)
//      Bounds static X-source '/PRESETn' (244)
// MUX gate at /dut/\spi.spi /controller/rtlc_388/B(21980)
//      Driven by existing flop at '/dut/\spi.spi /rtlcreg_CurrState_0/Q' (26865)
//      Bounds static X-source '/PRESETn' (244)
// MUX gate at /dut/\spi.spi /controller/rtlc_386/B(22505)
//      Driven by existing flop at '/dut/\spi.spi /rtlcreg_TransmitStartD/Q' (5824)
//      Bounds static X-source '/PRESETn' (244)
// MUX gate at /dut/\spi.spi /controller/rtlc0_101/B(18814)
//      Driven by existing flop at '/dut/\spi.spi /controller/rtlcreg_DivCounter_7/Q' (26587)
//      Bounds static X-source '/PRESETn' (244)
// MUX gate at /dut/\spi.spi /controller/rtlc0_98/B(18815)
//      Driven by existing flop at '/dut/\spi.spi /rtlcreg_TransmitReg_7/Q' (5825)
//      Bounds static X-source '/PRESETn' (244)
// MUX gate at /dut/\spi.spi /controller/rtlc0_104/B(18813)
//      Driven by existing flop at '/dut/\spi.spi /rtlcreg_TransmitReg_6/Q' (5826)
//      Bounds static X-source '/PRESETn' (244)
// MUX gate at /dut/\uartgen.uart /uartPC/rtlcreg_LSR_7/D(24627)
//      Driven by existing flop at '/dut/\uartgen.uart /uartPC/rtlcreg_baudcount_9/Q' (26161)
//      Bounds static X-source '/PRESETn' (244)
// MUX gate at /dut/\spi.spi /controller/rtlc2_7/B(18811)
//      Driven by existing flop at '/dut/\spi.spi /rtlcreg_TransmitReg_5/Q' (5827)
//      Bounds static X-source '/PRESETn' (244)
// MUX gate at /dut/\uartgen.uart /uartPC/rtlc_4775/B(18817)
//      Driven by existing flop at '/dut/\uartgen.uart /uartPC/rtlcreg_baudcount_8/Q' (26162)
//      Bounds static X-source '/PRESETn' (244)
// MUX gate at /dut/\uartgen.uart /uartPC/rtlc_4779/B(18816)
//      Driven by existing flop at '/dut/\uartgen.uart /uartPC/rtlcreg_baudcount_7/Q' (26163)
//      Bounds static X-source '/PRESETn' (244)
// MUX gate at /dut/\spi.spi /controller/rtlc0_226/A(18812)
//      Driven by existing flop at '/dut/\spi.spi /controller/rtlcreg_SampleEdge/Q' (5546)
//      Bounds static X-source '/PRESETn' (244)
// MUX gate at /dut/\uartgen.uart /uartPC/rtlc_4529/B(18818)
//      Driven by existing flop at '/dut/\uartgen.uart /uartPC/rtlcreg_baudcount_6/Q' (26164)
//      Bounds static X-source '/PRESETn' (244)
// MUX gate at /dut/\uartgen.uart /uartPC/rtlc_4521/B(18819)
//      Driven by existing flop at '/dut/\uartgen.uart /uartPC/rtlcreg_baudcount_5/Q' (26165)
//      Bounds static X-source '/PRESETn' (244)
// MUX gate at /dut/\uartgen.uart /uartPC/rtlc_4513/B(18820)
//      Driven by existing flop at '/dut/\uartgen.uart /uartPC/rtlcreg_baudcount_4/Q' (26166)
//      Bounds static X-source '/PRESETn' (244)
// MUX gate at /dut/\uartgen.uart /uartPC/rtlc_4507/B(18821)
//      Driven by existing flop at '/dut/\uartgen.uart /uartPC/rtlcreg_baudcount_3/Q' (26167)
//      Bounds static X-source '/PRESETn' (244)
// MUX gate at /dut/\uartgen.uart /uartPC/rtlc_4502/B(18822)
//      Driven by existing flop at '/dut/\uartgen.uart /uartPC/rtlcreg_baudcount_2/Q' (26168)
//      Bounds static X-source '/PRESETn' (244)
// MUX gate at /dut/\spi.spi /controller/rtlc0_94/B(22657)
//      Driven by existing flop at '/dut/\spi.spi /rtlcreg_TransmitReg_4/Q' (5828)
//      Bounds static X-source '/PRESETn' (244)
// MUX gate at /dut/\uartgen.uart /uartPC/rtlc_4782/B(22566)
//      Driven by existing flop at '/dut/\uartgen.uart /uartPC/rtlcreg_baudcount_1/Q' (26169)
//      Bounds static X-source '/PRESETn' (244)
// MUX gate at /dut/\spi.spi /controller/rtlc_319/muxinst/S(22702)
//      Driven by existing flop at '/dut/\spi.spi /rtlcreg_TransmitReg_3/Q' (5829)
//      Bounds static X-source '/PRESETn' (244)
// MUX gate at /dut/\uartgen.uart /uartPC/rtlc_4465/B(18825)
//      Driven by existing flop at '/dut/\uartgen.uart /uartPC/rtlcreg_baudcount_0/Q' (26170)
//      Bounds static X-source '/PRESETn' (244)
// MUX gate at /dut/\uartgen.uart /uartPC/rtlc_4463/B(18826)
//      Driven by existing flop at '/dut/\uartgen.uart /uartPC/rtlcreg_rxtimeoutcnt_9/Q' (5099)
//      Bounds static X-source '/PRESETn' (244)
// MUX gate at /dut/\uartgen.uart /uartPC/rtlc_4460/B(18828)
//      Driven by existing flop at '/dut/\uartgen.uart /uartPC/rtlcreg_rxtimeoutcnt_8/Q' (5100)
//      Bounds static X-source '/PRESETn' (244)
// MUX gate at /dut/\uartgen.uart /uartPC/rtlc_4456/B(18830)
//      Driven by existing flop at '/dut/\uartgen.uart /uartPC/rtlcreg_rxtimeoutcnt_7/Q' (5101)
//      Bounds static X-source '/PRESETn' (244)
// MUX gate at /dut/\uartgen.uart /uartPC/rtlc_4461/B(18827)
//      Driven by existing flop at '/dut/\uartgen.uart /uartPC/rtlcreg_rxtimeoutcnt_6/Q' (5102)
//      Bounds static X-source '/PRESETn' (244)
// MUX gate at /dut/\uartgen.uart /uartPC/rtlc_4492/B(18824)
//      Driven by existing flop at '/dut/\uartgen.uart /uartPC/rtlcreg_rxtimeoutcnt_5/Q' (5103)
//      Bounds static X-source '/PRESETn' (244)
// MUX gate at /dut/\uartgen.uart /uartPC/rtlc_4449/B(21507)
//      Driven by existing flop at '/dut/\uartgen.uart /uartPC/rtlcreg_rxtimeoutcnt_4/Q' (5104)
//      Bounds static X-source '/PRESETn' (244)
// MUX gate at /dut/\uartgen.uart /uartPC/rtlc_4497/B(18823)
//      Driven by existing flop at '/dut/\uartgen.uart /uartPC/rtlcreg_rxtimeoutcnt_3/Q' (5105)
//      Bounds static X-source '/PRESETn' (244)
// MUX gate at /dut/\uartgen.uart /uartPC/rtlc_4421/B(22689)
//      Driven by existing flop at '/dut/\uartgen.uart /uartPC/rtlcreg_rxbitsreceived_3/Q' (5109)
//      Bounds static X-source '/PRESETn' (244)
// MUX gate at /dut/\uartgen.uart /uartPC/rtlc_4425/B(23071)
//      Driven by existing flop at '/dut/\uartgen.uart /uartPC/rtlcreg_rxbitsreceived_2/Q' (5110)
//      Bounds static X-source '/PRESETn' (244)
// MUX gate at /dut/\uartgen.uart /uartPC/rtlc_4417/B(22690)
//      Driven by existing flop at '/dut/\uartgen.uart /uartPC/rtlcreg_rxbitsreceived_1/Q' (5111)
//      Bounds static X-source '/PRESETn' (244)
// MUX gate at /dut/\uartgen.uart /uartPC/rtlc_4413/B(22691)
//      Driven by existing flop at '/dut/\uartgen.uart /uartPC/rtlcreg_rxbitsreceived_0/Q' (5112)
//      Bounds static X-source '/PRESETn' (244)
// MUX gate at /dut/\uartgen.uart /uartPC/rtlc_4409/B(22692)
//      Driven by existing flop at '/dut/\uartgen.uart /uartPC/rtlcreg_rxoversampledcnt_3/Q' (5115)
//      Bounds static X-source '/PRESETn' (244)
// MUX gate at /dut/\uartgen.uart /uartPC/rtlc_4405/B(22693)
//      Driven by existing flop at '/dut/\uartgen.uart /uartPC/rtlcreg_rxoversampledcnt_2/Q' (5116)
//      Bounds static X-source '/PRESETn' (244)
// MUX gate at /dut/\uartgen.uart /uartPC/rtlc_4401/B(22694)
//      Driven by existing flop at '/dut/\uartgen.uart /uartPC/rtlcreg_rxoversampledcnt_1/Q' (5117)
//      Bounds static X-source '/PRESETn' (244)
// MUX gate at /dut/\uartgen.uart /uartPC/rtlc_4457/B(18829)
//      Driven by existing flop at '/dut/\uartgen.uart /uartPC/rtlcreg_rxtimeoutcnt_2/Q' (5106)
//      Bounds static X-source '/PRESETn' (244)
// MUX gate at /dut/\uartgen.uart /uartPC/rtlc_4112/B(24497)
//      Driven by existing flop at '/dut/\uartgen.uart /uartPC/rtlcreg_rxtimeoutcnt_1/Q' (5107)
//      Bounds static X-source '/PRESETn' (244)
// MUX gate at /dut/\uartgen.uart /uartPC/rtlc_4103/B(18877)
//      Driven by existing flop at '/dut/\uartgen.uart /uartPC/rtlcreg_rxtimeoutcnt_0/Q' (5108)
//      Bounds static X-source '/PRESETn' (244)
// MUX gate at /dut/\uartgen.uart /uartPC/rtlc_4098/B(18878)
//      Driven by existing flop at '/dut/\uartgen.uart /uartPC/rtlcreg_rxstate_1/Q' (5113)
//      Bounds static X-source '/PRESETn' (244)
// MUX gate at /dut/\uartgen.uart /uartPC/rtlc_4093/B(18535)
//      Driven by existing flop at '/dut/\uartgen.uart /uartPC/rtlcreg_rxstate_0/Q' (5114)
//      Bounds static X-source '/PRESETn' (244)
// MUX gate at /dut/\uartgen.uart /uartPC/rtlc_4088/B(21243)
//      Driven by existing flop at '/dut/\uartgen.uart /uartPC/rtlcreg_rxoversampledcnt_0/Q' (5118)
//      Bounds static X-source '/PRESETn' (244)
// MUX gate at /dut/\uartgen.uart /uartPC/rtlc_4083/B(22290)
//      Driven by existing flop at '/dut/\uartgen.uart /uartPC/rtlcreg_rxshiftreg_9/Q' (5119)
//      Bounds static X-source '/PRESETn' (244)
// MUX gate at /dut/\uartgen.uart /uartPC/rtlc_4078/B(22558)
//      Driven by existing flop at '/dut/\uartgen.uart /uartPC/rtlcreg_rxshiftreg_8/Q' (5120)
//      Bounds static X-source '/PRESETn' (244)
// MUX gate at /dut/\uartgen.uart /uartPC/rtlc_4073/B(22675)
//      Driven by existing flop at '/dut/\uartgen.uart /uartPC/rtlcreg_rxshiftreg_7/Q' (5121)
//      Bounds static X-source '/PRESETn' (244)
// MUX gate at /dut/\uartgen.uart /uartPC/rtlc_4068/B(22848)
//      Driven by existing flop at '/dut/\uartgen.uart /uartPC/rtlcreg_rxshiftreg_6/Q' (5122)
//      Bounds static X-source '/PRESETn' (244)
// MUX gate at /dut/\uartgen.uart /uartPC/rtlc_4063/B(23069)
//      Driven by existing flop at '/dut/\uartgen.uart /uartPC/rtlcreg_rxshiftreg_5/Q' (5123)
//      Bounds static X-source '/PRESETn' (244)
// MUX gate at /dut/\uartgen.uart /uartPC/rtlc_4058/B(23735)
//      Driven by existing flop at '/dut/\uartgen.uart /uartPC/rtlcreg_rxshiftreg_4/Q' (5124)
//      Bounds static X-source '/PRESETn' (244)
// MUX gate at /dut/\uartgen.uart /uartPC/rtlc_4053/B(24317)
//      Driven by existing flop at '/dut/\uartgen.uart /uartPC/rtlcreg_rxshiftreg_3/Q' (5125)
//      Bounds static X-source '/PRESETn' (244)
// MUX gate at /dut/\uartgen.uart /uartPC/rtlc_4118/B(18874)
//      Driven by existing flop at '/dut/\uartgen.uart /uartPC/rtlcreg_rxshiftreg_2/Q' (5126)
//      Bounds static X-source '/PRESETn' (244)
// MUX gate at /dut/\uartgen.uart /uartPC/rtlc_4117/B(18875)
//      Driven by existing flop at '/dut/\uartgen.uart /uartPC/rtlcreg_rxshiftreg_1/Q' (5127)
//      Bounds static X-source '/PRESETn' (244)
// MUX gate at /dut/\uartgen.uart /uartPC/rtlc_4116/B(18876)
//      Driven by existing flop at '/dut/\uartgen.uart /uartPC/rtlcreg_rxshiftreg_0/Q' (5128)
//      Bounds static X-source '/PRESETn' (244)
// MUX gate at /dut/\uartgen.uart /uartPC/rtlc_4119/B(18873)
//      Driven by existing flop at '/dut/\uartgen.uart /uartPC/rtlcreg_RXBR_10/Q' (5129)
//      Bounds static X-source '/PRESETn' (244)
// MUX gate at /dut/\uartgen.uart /uartPC/rtlc_4048/B(24376)
//      Driven by existing flop at '/dut/\uartgen.uart /uartPC/rtlcreg_RXBR_9/Q' (5130)
//      Bounds static X-source '/PRESETn' (244)
// MUX gate at /dut/\uartgen.uart /uartPC/rtlc_4043/B(24415)
//      Driven by existing flop at '/dut/\uartgen.uart /uartPC/rtlcreg_RXBR_8/Q' (5131)
//      Bounds static X-source '/PRESETn' (244)
// MUX gate at /dut/\uartgen.uart /uartPC/rtlc_4038/B(24440)
//      Driven by existing flop at '/dut/\uartgen.uart /uartPC/rtlcreg_RXBR_7/Q' (5132)
//      Bounds static X-source '/PRESETn' (244)
// MUX gate at /dut/\uartgen.uart /uartPC/rtlc_4033/B(24470)
//      Driven by existing flop at '/dut/\uartgen.uart /uartPC/rtlcreg_RXBR_6/Q' (5133)
//      Bounds static X-source '/PRESETn' (244)
// MUX gate at /dut/\uartgen.uart /uartPC/rtlc_3962/B(18888)
//      Driven by existing flop at '/dut/\uartgen.uart /uartPC/rtlcreg_RXBR_5/Q' (5134)
//      Bounds static X-source '/PRESETn' (244)
// MUX gate at /dut/\uartgen.uart /uartPC/rtlc_3976/B(18886)
//      Driven by existing flop at '/dut/\uartgen.uart /uartPC/rtlcreg_RXBR_4/Q' (5135)
//      Bounds static X-source '/PRESETn' (244)
// MUX gate at /dut/\uartgen.uart /uartPC/rtlc_3956/B(18889)
//      Driven by existing flop at '/dut/\uartgen.uart /uartPC/rtlcreg_RXBR_3/Q' (5136)
//      Bounds static X-source '/PRESETn' (244)
// MUX gate at /dut/\uartgen.uart /uartPC/rtlc_4020/B(18879)
//      Driven by existing flop at '/dut/\uartgen.uart /uartPC/rtlcreg_RXBR_2/Q' (5137)
//      Bounds static X-source '/PRESETn' (244)
// MUX gate at /dut/\uartgen.uart /uartPC/rtlc_3996/B(18612)
//      Driven by existing flop at '/dut/\uartgen.uart /uartPC/rtlcreg_RXBR_1/Q' (5138)
//      Bounds static X-source '/PRESETn' (244)
// MUX gate at /dut/\uartgen.uart /uartPC/rtlc_3991/B(18884)
//      Driven by existing flop at '/dut/\uartgen.uart /uartPC/rtlcreg_RXBR_0/Q' (5139)
//      Bounds static X-source '/PRESETn' (244)
// MUX gate at /dut/\uartgen.uart /uartPC/rtlc_3986/B(18885)
//      Driven by existing flop at '/dut/\uartgen.uart /uartPC/rtlcreg_rxdataready/Q' (5140)
//      Bounds static X-source '/PRESETn' (244)
// MUX gate at /dut/\uartgen.uart /uartPC/rtlc_3971/B(18887)
//      Driven by existing flop at '/dut/\uartgen.uart /uartPC/rtlcreg_rxfifotail_3/Q' (5141)
//      Bounds static X-source '/PRESETn' (244)
// MUX gate at /dut/\uartgen.uart /uartPC/rtlc_4014/B(18881)
//      Driven by existing flop at '/dut/\uartgen.uart /uartPC/rtlcreg_rxfifotail_2/Q' (5142)
//      Bounds static X-source '/PRESETn' (244)
// MUX gate at /dut/\uartgen.uart /uartPC/rtlc_4004/B(18883)
//      Driven by existing flop at '/dut/\uartgen.uart /uartPC/rtlcreg_rxfifotail_1/Q' (5143)
//      Bounds static X-source '/PRESETn' (244)
// MUX gate at /dut/\uartgen.uart /uartPC/rtlc_4009/B(18882)
//      Driven by existing flop at '/dut/\uartgen.uart /uartPC/rtlcreg_rxfifotail_0/Q' (5144)
//      Bounds static X-source '/PRESETn' (244)
// MUX gate at /dut/\uartgen.uart /uartPC/rtlc_4016/B(18880)
//      Driven by existing flop at '/dut/\uartgen.uart /uartPC/rtlcreg_rxfifohead_3/Q' (5145)
//      Bounds static X-source '/PRESETn' (244)
// MUX gate at /dut/\spi.spi /controller/rtlc4_78/A(5544)
//      Driven by existing flop at '/dut/\spi.spi /rtlcreg_TransmitReg_2/Q' (5830)
//      Bounds static X-source '/dut/\spi.spi /TrasmitFIFOEmpty' (2326) (TIEX gate)
// MUX gate at /dut/\gpio.gpio /AUX_INTERFACE/rtlc_52/A(19760)
//      Driven by existing flop at '/dut/\gpio.gpio /AUX_INTERFACE/rtlcreg_aux_i_5/Q' (4781)
//      Bounds static X-source '/dut/aux_in[8]' (2452) (TIEX gate)
// MUX gate at /dut/\gpio.gpio /AUX_INTERFACE/rtlc_50/A(19762)
//      Driven by existing flop at '/dut/\gpio.gpio /AUX_INTERFACE/rtlcreg_aux_i_4/Q' (4782)
//      Bounds static X-source '/dut/aux_in[6]' (2453) (TIEX gate)
// MUX gate at /dut/ahbapbbridge/AHB_SLAVE/rtlcreg_s_trans_valid/CE(19169)
//      Driven by existing flop at '/dut/ahbapbbridge/AHB_SLAVE/rtlcreg_s_wdata_15/Q' (4219)
//      Bounds static X-source '/dut/HREADYRam' (2455) (TIEX gate)
// MUX gate at /dut/\bootrom.bootrom /memwritereg/rtlc_24/A(18377)
//      Driven by existing flop at '/dut/\bootrom.bootrom /memwritereg/rtlcreg_q_0/Q' (4411)
//      Bounds static X-source '/dut/HREADYRam' (2455) (TIEX gate)
// MUX gate at /dut/\bootrom.bootrom /haddrreg/rtlc_519/A(18375)
//      Driven by existing flop at '/dut/\bootrom.bootrom /haddrreg/rtlcreg_q_55/Q' (4412)
//      Bounds static X-source '/dut/HREADYRam' (2455) (TIEX gate)
// MUX gate at /dut/hseldelayreg/rtlc_95/A(18360)
//      Driven by existing flop at '/dut/ahbapbbridge/AHB_SLAVE/rtlcreg_s_wdata_14/Q' (4220)
//      Bounds static X-source '/dut/HREADYRam' (2455) (TIEX gate)
// MUX gate at /dut/hselbridgedelayreg/rtlc_24/A(18358)
//      Driven by existing flop at '/dut/ahbapbbridge/AHB_SLAVE/rtlcreg_s_wdata_13/Q' (4221)
//      Bounds static X-source '/dut/HREADYRam' (2455) (TIEX gate)
// MUX gate at /dut/ahbapbbridge/AHB_SLAVE/rtlc25_24/B(19170)
//      Driven by existing flop at '/dut/ahbapbbridge/AHB_SLAVE/rtlcreg_s_wdata_12/Q' (4222)
//      Bounds static X-source '/dut/HREADYRam' (2455) (TIEX gate)
// MUX gate at /dut/\bootrom.bootrom /rtlc0_16/A(16744)
//      Driven by existing flop at '/dut/\bootrom.bootrom /haddrreg/rtlcreg_q_54/Q' (4413)
//      Bounds static X-source '/dut/HREADYRam' (2455) (TIEX gate)
// MUX gate at /dut/ahbapbbridge/APB_MASTER/rtlcreg_pready/Q(25354)
//      Driven by existing flop at '/dut/ahbapbbridge/APB_MASTER/rtlcreg_s_rdata_63/Q' (4327)
//      Bounds static X-source '/dut/ahbapbbridge/APB_MASTER/rtlcreg_pready/Q' (25354)
// MUX gate at /dut/ahbapbbridge/APB_MASTER/rtlcreg_rdata_63/Q(25355)
//      Driven by existing flop at '/dut/ahbapbbridge/APB_MASTER/rtlcreg_last_s_req_p/Q' (25419)
//      Bounds static X-source '/dut/ahbapbbridge/APB_MASTER/rtlcreg_rdata_63/Q' (25355)
// MUX gate at /dut/ahbapbbridge/APB_MASTER/rtlcreg_rdata_62/Q(25356)
//      Driven by existing flop at '/dut/ahbapbbridge/APB_MASTER/rtlcreg_s_trans_valid_reg/Q' (4310)
//      Bounds static X-source '/dut/ahbapbbridge/APB_MASTER/rtlcreg_rdata_62/Q' (25356)
// MUX gate at /dut/ahbapbbridge/APB_MASTER/rtlcreg_rdata_61/Q(25357)
//      Driven by existing flop at '/dut/ahbapbbridge/APB_MASTER/rtlcreg_s_rdata_62/Q' (4328)
//      Bounds static X-source '/dut/ahbapbbridge/APB_MASTER/rtlcreg_rdata_61/Q' (25357)
// MUX gate at /dut/ahbapbbridge/APB_MASTER/rtlcreg_rdata_60/Q(25358)
//      Driven by existing flop at '/dut/ahbapbbridge/APB_MASTER/rtlcreg_s_rdata_61/Q' (4329)
//      Bounds static X-source '/dut/ahbapbbridge/APB_MASTER/rtlcreg_rdata_60/Q' (25358)
// MUX gate at /dut/ahbapbbridge/APB_MASTER/rtlcreg_rdata_59/Q(25359)
//      Driven by existing flop at '/dut/ahbapbbridge/APB_MASTER/rtlcreg_s_rdata_60/Q' (4330)
//      Bounds static X-source '/dut/ahbapbbridge/APB_MASTER/rtlcreg_rdata_59/Q' (25359)
// MUX gate at /dut/ahbapbbridge/APB_MASTER/rtlcreg_rdata_58/Q(25360)
//      Driven by existing flop at '/dut/ahbapbbridge/APB_MASTER/rtlcreg_s_rdata_59/Q' (4331)
//      Bounds static X-source '/dut/ahbapbbridge/APB_MASTER/rtlcreg_rdata_58/Q' (25360)
// MUX gate at /dut/ahbapbbridge/APB_MASTER/rtlcreg_rdata_57/Q(25361)
//      Driven by existing flop at '/dut/ahbapbbridge/APB_MASTER/rtlcreg_s_rdata_58/Q' (4332)
//      Bounds static X-source '/dut/ahbapbbridge/APB_MASTER/rtlcreg_rdata_57/Q' (25361)
// MUX gate at /dut/ahbapbbridge/APB_MASTER/rtlcreg_rdata_56/Q(25362)
//      Driven by existing flop at '/dut/ahbapbbridge/APB_MASTER/rtlcreg_s_rdata_57/Q' (4333)
//      Bounds static X-source '/dut/ahbapbbridge/APB_MASTER/rtlcreg_rdata_56/Q' (25362)
// MUX gate at /dut/ahbapbbridge/APB_MASTER/rtlcreg_rdata_55/Q(25363)
//      Driven by existing flop at '/dut/ahbapbbridge/APB_MASTER/rtlcreg_s_rdata_56/Q' (4334)
//      Bounds static X-source '/dut/ahbapbbridge/APB_MASTER/rtlcreg_rdata_55/Q' (25363)
// MUX gate at /dut/ahbapbbridge/APB_MASTER/rtlcreg_rdata_54/Q(25364)
//      Driven by existing flop at '/dut/ahbapbbridge/APB_MASTER/rtlcreg_s_rdata_55/Q' (4335)
//      Bounds static X-source '/dut/ahbapbbridge/APB_MASTER/rtlcreg_rdata_54/Q' (25364)
// MUX gate at /dut/ahbapbbridge/APB_MASTER/rtlcreg_rdata_53/Q(25365)
//      Driven by existing flop at '/dut/ahbapbbridge/APB_MASTER/rtlcreg_s_rdata_54/Q' (4336)
//      Bounds static X-source '/dut/ahbapbbridge/APB_MASTER/rtlcreg_rdata_53/Q' (25365)
// MUX gate at /dut/ahbapbbridge/APB_MASTER/rtlcreg_rdata_52/Q(25366)
//      Driven by existing flop at '/dut/ahbapbbridge/APB_MASTER/rtlcreg_s_rdata_53/Q' (4337)
//      Bounds static X-source '/dut/ahbapbbridge/APB_MASTER/rtlcreg_rdata_52/Q' (25366)
// MUX gate at /dut/ahbapbbridge/APB_MASTER/rtlcreg_rdata_51/Q(25367)
//      Driven by existing flop at '/dut/ahbapbbridge/APB_MASTER/rtlcreg_s_rdata_52/Q' (4338)
//      Bounds static X-source '/dut/ahbapbbridge/APB_MASTER/rtlcreg_rdata_51/Q' (25367)
// MUX gate at /dut/ahbapbbridge/APB_MASTER/rtlcreg_rdata_50/Q(25368)
//      Driven by existing flop at '/dut/ahbapbbridge/APB_MASTER/rtlcreg_s_rdata_51/Q' (4339)
//      Bounds static X-source '/dut/ahbapbbridge/APB_MASTER/rtlcreg_rdata_50/Q' (25368)
// MUX gate at /dut/ahbapbbridge/APB_MASTER/rtlcreg_rdata_49/Q(25369)
//      Driven by existing flop at '/dut/ahbapbbridge/APB_MASTER/rtlcreg_s_rdata_50/Q' (4340)
//      Bounds static X-source '/dut/ahbapbbridge/APB_MASTER/rtlcreg_rdata_49/Q' (25369)
// MUX gate at /dut/ahbapbbridge/APB_MASTER/rtlcreg_rdata_48/Q(25370)
//      Driven by existing flop at '/dut/ahbapbbridge/APB_MASTER/rtlcreg_s_rdata_49/Q' (4341)
//      Bounds static X-source '/dut/ahbapbbridge/APB_MASTER/rtlcreg_rdata_48/Q' (25370)
// MUX gate at /dut/ahbapbbridge/APB_MASTER/rtlcreg_rdata_47/Q(25371)
//      Driven by existing flop at '/dut/ahbapbbridge/APB_MASTER/rtlcreg_s_rdata_48/Q' (4342)
//      Bounds static X-source '/dut/ahbapbbridge/APB_MASTER/rtlcreg_rdata_47/Q' (25371)
// MUX gate at /dut/ahbapbbridge/APB_MASTER/rtlcreg_rdata_46/Q(25372)
//      Driven by existing flop at '/dut/ahbapbbridge/APB_MASTER/rtlcreg_s_rdata_47/Q' (4343)
//      Bounds static X-source '/dut/ahbapbbridge/APB_MASTER/rtlcreg_rdata_46/Q' (25372)
// MUX gate at /dut/ahbapbbridge/APB_MASTER/rtlcreg_rdata_45/Q(25373)
//      Driven by existing flop at '/dut/ahbapbbridge/APB_MASTER/rtlcreg_s_rdata_46/Q' (4344)
//      Bounds static X-source '/dut/ahbapbbridge/APB_MASTER/rtlcreg_rdata_45/Q' (25373)
// MUX gate at /dut/ahbapbbridge/APB_MASTER/rtlcreg_rdata_44/Q(25374)
//      Driven by existing flop at '/dut/ahbapbbridge/APB_MASTER/rtlcreg_s_rdata_45/Q' (4345)
//      Bounds static X-source '/dut/ahbapbbridge/APB_MASTER/rtlcreg_rdata_44/Q' (25374)
// MUX gate at /dut/ahbapbbridge/APB_MASTER/rtlcreg_rdata_43/Q(25375)
//      Driven by existing flop at '/dut/ahbapbbridge/APB_MASTER/rtlcreg_s_rdata_44/Q' (4346)
//      Bounds static X-source '/dut/ahbapbbridge/APB_MASTER/rtlcreg_rdata_43/Q' (25375)
// MUX gate at /dut/ahbapbbridge/APB_MASTER/rtlcreg_rdata_42/Q(25376)
//      Driven by existing flop at '/dut/ahbapbbridge/APB_MASTER/rtlcreg_s_rdata_43/Q' (4347)
//      Bounds static X-source '/dut/ahbapbbridge/APB_MASTER/rtlcreg_rdata_42/Q' (25376)
// MUX gate at /dut/ahbapbbridge/APB_MASTER/rtlcreg_rdata_41/Q(25377)
//      Driven by existing flop at '/dut/ahbapbbridge/APB_MASTER/rtlcreg_s_rdata_42/Q' (4348)
//      Bounds static X-source '/dut/ahbapbbridge/APB_MASTER/rtlcreg_rdata_41/Q' (25377)
// MUX gate at /dut/ahbapbbridge/APB_MASTER/rtlcreg_rdata_40/Q(25378)
//      Driven by existing flop at '/dut/ahbapbbridge/APB_MASTER/rtlcreg_s_rdata_41/Q' (4349)
//      Bounds static X-source '/dut/ahbapbbridge/APB_MASTER/rtlcreg_rdata_40/Q' (25378)
// MUX gate at /dut/ahbapbbridge/APB_MASTER/rtlcreg_rdata_39/Q(25379)
//      Driven by existing flop at '/dut/ahbapbbridge/APB_MASTER/rtlcreg_s_rdata_40/Q' (4350)
//      Bounds static X-source '/dut/ahbapbbridge/APB_MASTER/rtlcreg_rdata_39/Q' (25379)
// MUX gate at /dut/ahbapbbridge/APB_MASTER/rtlcreg_rdata_38/Q(25380)
//      Driven by existing flop at '/dut/ahbapbbridge/APB_MASTER/rtlcreg_s_rdata_39/Q' (4351)
//      Bounds static X-source '/dut/ahbapbbridge/APB_MASTER/rtlcreg_rdata_38/Q' (25380)
// MUX gate at /dut/ahbapbbridge/APB_MASTER/rtlcreg_rdata_37/Q(25381)
//      Driven by existing flop at '/dut/ahbapbbridge/APB_MASTER/rtlcreg_s_rdata_38/Q' (4352)
//      Bounds static X-source '/dut/ahbapbbridge/APB_MASTER/rtlcreg_rdata_37/Q' (25381)
// MUX gate at /dut/ahbapbbridge/APB_MASTER/rtlcreg_rdata_36/Q(25382)
//      Driven by existing flop at '/dut/ahbapbbridge/APB_MASTER/rtlcreg_s_rdata_37/Q' (4353)
//      Bounds static X-source '/dut/ahbapbbridge/APB_MASTER/rtlcreg_rdata_36/Q' (25382)
// MUX gate at /dut/ahbapbbridge/APB_MASTER/rtlcreg_rdata_35/Q(25383)
//      Driven by existing flop at '/dut/ahbapbbridge/APB_MASTER/rtlcreg_s_rdata_36/Q' (4354)
//      Bounds static X-source '/dut/ahbapbbridge/APB_MASTER/rtlcreg_rdata_35/Q' (25383)
// MUX gate at /dut/ahbapbbridge/APB_MASTER/rtlcreg_rdata_34/Q(25384)
//      Driven by existing flop at '/dut/ahbapbbridge/APB_MASTER/rtlcreg_s_rdata_35/Q' (4355)
//      Bounds static X-source '/dut/ahbapbbridge/APB_MASTER/rtlcreg_rdata_34/Q' (25384)
// MUX gate at /dut/ahbapbbridge/APB_MASTER/rtlcreg_rdata_33/Q(25385)
//      Driven by existing flop at '/dut/ahbapbbridge/APB_MASTER/rtlcreg_s_rdata_34/Q' (4356)
//      Bounds static X-source '/dut/ahbapbbridge/APB_MASTER/rtlcreg_rdata_33/Q' (25385)
// MUX gate at /dut/ahbapbbridge/APB_MASTER/rtlcreg_rdata_32/Q(25386)
//      Driven by existing flop at '/dut/ahbapbbridge/APB_MASTER/rtlcreg_s_rdata_33/Q' (4357)
//      Bounds static X-source '/dut/ahbapbbridge/APB_MASTER/rtlcreg_rdata_32/Q' (25386)
// MUX gate at /dut/ahbapbbridge/APB_MASTER/rtlcreg_rdata_31/Q(25387)
//      Driven by existing flop at '/dut/ahbapbbridge/APB_MASTER/rtlcreg_s_rdata_32/Q' (4358)
//      Bounds static X-source '/dut/ahbapbbridge/APB_MASTER/rtlcreg_rdata_31/Q' (25387)
// MUX gate at /dut/ahbapbbridge/APB_MASTER/rtlcreg_rdata_30/Q(25388)
//      Driven by existing flop at '/dut/ahbapbbridge/APB_MASTER/rtlcreg_s_rdata_31/Q' (4359)
//      Bounds static X-source '/dut/ahbapbbridge/APB_MASTER/rtlcreg_rdata_30/Q' (25388)
// MUX gate at /dut/ahbapbbridge/APB_MASTER/rtlcreg_rdata_29/Q(25389)
//      Driven by existing flop at '/dut/ahbapbbridge/APB_MASTER/rtlcreg_s_rdata_30/Q' (4360)
//      Bounds static X-source '/dut/ahbapbbridge/APB_MASTER/rtlcreg_rdata_29/Q' (25389)
// MUX gate at /dut/ahbapbbridge/APB_MASTER/rtlcreg_rdata_28/Q(25390)
//      Driven by existing flop at '/dut/ahbapbbridge/APB_MASTER/rtlcreg_s_rdata_29/Q' (4361)
//      Bounds static X-source '/dut/ahbapbbridge/APB_MASTER/rtlcreg_rdata_28/Q' (25390)
// MUX gate at /dut/ahbapbbridge/APB_MASTER/rtlcreg_rdata_27/Q(25391)
//      Driven by existing flop at '/dut/ahbapbbridge/APB_MASTER/rtlcreg_s_rdata_28/Q' (4362)
//      Bounds static X-source '/dut/ahbapbbridge/APB_MASTER/rtlcreg_rdata_27/Q' (25391)
// MUX gate at /dut/ahbapbbridge/APB_MASTER/rtlcreg_rdata_26/Q(25392)
//      Driven by existing flop at '/dut/ahbapbbridge/APB_MASTER/rtlcreg_s_rdata_27/Q' (4363)
//      Bounds static X-source '/dut/ahbapbbridge/APB_MASTER/rtlcreg_rdata_26/Q' (25392)
// MUX gate at /dut/ahbapbbridge/APB_MASTER/rtlcreg_rdata_25/Q(25393)
//      Driven by existing flop at '/dut/ahbapbbridge/APB_MASTER/rtlcreg_s_rdata_26/Q' (4364)
//      Bounds static X-source '/dut/ahbapbbridge/APB_MASTER/rtlcreg_rdata_25/Q' (25393)
// MUX gate at /dut/ahbapbbridge/APB_MASTER/rtlcreg_rdata_24/Q(25394)
//      Driven by existing flop at '/dut/ahbapbbridge/APB_MASTER/rtlcreg_s_rdata_25/Q' (4365)
//      Bounds static X-source '/dut/ahbapbbridge/APB_MASTER/rtlcreg_rdata_24/Q' (25394)
// MUX gate at /dut/ahbapbbridge/APB_MASTER/rtlcreg_rdata_23/Q(25395)
//      Driven by existing flop at '/dut/ahbapbbridge/APB_MASTER/rtlcreg_s_rdata_24/Q' (4366)
//      Bounds static X-source '/dut/ahbapbbridge/APB_MASTER/rtlcreg_rdata_23/Q' (25395)
// MUX gate at /dut/ahbapbbridge/APB_MASTER/rtlcreg_rdata_22/Q(25396)
//      Driven by existing flop at '/dut/ahbapbbridge/APB_MASTER/rtlcreg_s_rdata_23/Q' (4367)
//      Bounds static X-source '/dut/ahbapbbridge/APB_MASTER/rtlcreg_rdata_22/Q' (25396)
// MUX gate at /dut/ahbapbbridge/APB_MASTER/rtlcreg_rdata_21/Q(25397)
//      Driven by existing flop at '/dut/ahbapbbridge/APB_MASTER/rtlcreg_s_rdata_22/Q' (4368)
//      Bounds static X-source '/dut/ahbapbbridge/APB_MASTER/rtlcreg_rdata_21/Q' (25397)
// MUX gate at /dut/ahbapbbridge/APB_MASTER/rtlcreg_rdata_20/Q(25398)
//      Driven by existing flop at '/dut/ahbapbbridge/APB_MASTER/rtlcreg_s_rdata_21/Q' (4369)
//      Bounds static X-source '/dut/ahbapbbridge/APB_MASTER/rtlcreg_rdata_20/Q' (25398)
// MUX gate at /dut/ahbapbbridge/APB_MASTER/rtlcreg_rdata_19/Q(25399)
//      Driven by existing flop at '/dut/ahbapbbridge/APB_MASTER/rtlcreg_s_rdata_20/Q' (4370)
//      Bounds static X-source '/dut/ahbapbbridge/APB_MASTER/rtlcreg_rdata_19/Q' (25399)
// MUX gate at /dut/ahbapbbridge/APB_MASTER/rtlcreg_rdata_18/Q(25400)
//      Driven by existing flop at '/dut/ahbapbbridge/APB_MASTER/rtlcreg_s_rdata_19/Q' (4371)
//      Bounds static X-source '/dut/ahbapbbridge/APB_MASTER/rtlcreg_rdata_18/Q' (25400)
// MUX gate at /dut/ahbapbbridge/APB_MASTER/rtlcreg_rdata_17/Q(25401)
//      Driven by existing flop at '/dut/ahbapbbridge/APB_MASTER/rtlcreg_s_rdata_18/Q' (4372)
//      Bounds static X-source '/dut/ahbapbbridge/APB_MASTER/rtlcreg_rdata_17/Q' (25401)
// MUX gate at /dut/ahbapbbridge/APB_MASTER/rtlcreg_rdata_16/Q(25402)
//      Driven by existing flop at '/dut/ahbapbbridge/APB_MASTER/rtlcreg_s_rdata_17/Q' (4373)
//      Bounds static X-source '/dut/ahbapbbridge/APB_MASTER/rtlcreg_rdata_16/Q' (25402)
// MUX gate at /dut/ahbapbbridge/APB_MASTER/rtlcreg_rdata_15/Q(25403)
//      Driven by existing flop at '/dut/ahbapbbridge/APB_MASTER/rtlcreg_s_rdata_16/Q' (4374)
//      Bounds static X-source '/dut/ahbapbbridge/APB_MASTER/rtlcreg_rdata_15/Q' (25403)
// MUX gate at /dut/ahbapbbridge/APB_MASTER/rtlcreg_rdata_14/Q(25404)
//      Driven by existing flop at '/dut/ahbapbbridge/APB_MASTER/rtlcreg_s_rdata_15/Q' (4375)
//      Bounds static X-source '/dut/ahbapbbridge/APB_MASTER/rtlcreg_rdata_14/Q' (25404)
// MUX gate at /dut/ahbapbbridge/APB_MASTER/rtlcreg_rdata_13/Q(25405)
//      Driven by existing flop at '/dut/ahbapbbridge/APB_MASTER/rtlcreg_s_rdata_14/Q' (4376)
//      Bounds static X-source '/dut/ahbapbbridge/APB_MASTER/rtlcreg_rdata_13/Q' (25405)
// MUX gate at /dut/ahbapbbridge/APB_MASTER/rtlcreg_rdata_12/Q(25406)
//      Driven by existing flop at '/dut/ahbapbbridge/APB_MASTER/rtlcreg_s_rdata_13/Q' (4377)
//      Bounds static X-source '/dut/ahbapbbridge/APB_MASTER/rtlcreg_rdata_12/Q' (25406)
// MUX gate at /dut/ahbapbbridge/APB_MASTER/rtlcreg_rdata_11/Q(25407)
//      Driven by existing flop at '/dut/ahbapbbridge/APB_MASTER/rtlcreg_s_rdata_12/Q' (4378)
//      Bounds static X-source '/dut/ahbapbbridge/APB_MASTER/rtlcreg_rdata_11/Q' (25407)
// MUX gate at /dut/ahbapbbridge/APB_MASTER/rtlcreg_rdata_10/Q(25408)
//      Driven by existing flop at '/dut/ahbapbbridge/APB_MASTER/rtlcreg_s_rdata_11/Q' (4379)
//      Bounds static X-source '/dut/ahbapbbridge/APB_MASTER/rtlcreg_rdata_10/Q' (25408)
// MUX gate at /dut/ahbapbbridge/APB_MASTER/rtlcreg_rdata_9/Q(25409)
//      Driven by existing flop at '/dut/ahbapbbridge/APB_MASTER/rtlcreg_s_rdata_10/Q' (4380)
//      Bounds static X-source '/dut/ahbapbbridge/APB_MASTER/rtlcreg_rdata_9/Q' (25409)
// MUX gate at /dut/ahbapbbridge/APB_MASTER/rtlcreg_rdata_8/Q(25410)
//      Driven by existing flop at '/dut/ahbapbbridge/APB_MASTER/rtlcreg_s_rdata_9/Q' (4381)
//      Bounds static X-source '/dut/ahbapbbridge/APB_MASTER/rtlcreg_rdata_8/Q' (25410)
// MUX gate at /dut/ahbapbbridge/APB_MASTER/rtlcreg_rdata_7/Q(25411)
//      Driven by existing flop at '/dut/ahbapbbridge/APB_MASTER/rtlcreg_s_rdata_8/Q' (4382)
//      Bounds static X-source '/dut/ahbapbbridge/APB_MASTER/rtlcreg_rdata_7/Q' (25411)
// MUX gate at /dut/ahbapbbridge/APB_MASTER/rtlcreg_rdata_6/Q(25412)
//      Driven by existing flop at '/dut/ahbapbbridge/APB_MASTER/rtlcreg_s_rdata_7/Q' (4383)
//      Bounds static X-source '/dut/ahbapbbridge/APB_MASTER/rtlcreg_rdata_6/Q' (25412)
// MUX gate at /dut/ahbapbbridge/APB_MASTER/rtlcreg_rdata_5/Q(25413)
//      Driven by existing flop at '/dut/ahbapbbridge/APB_MASTER/rtlcreg_s_rdata_6/Q' (4384)
//      Bounds static X-source '/dut/ahbapbbridge/APB_MASTER/rtlcreg_rdata_5/Q' (25413)
// MUX gate at /dut/ahbapbbridge/APB_MASTER/rtlcreg_rdata_4/Q(25414)
//      Driven by existing flop at '/dut/ahbapbbridge/APB_MASTER/rtlcreg_s_rdata_5/Q' (4385)
//      Bounds static X-source '/dut/ahbapbbridge/APB_MASTER/rtlcreg_rdata_4/Q' (25414)
// MUX gate at /dut/ahbapbbridge/APB_MASTER/rtlcreg_rdata_3/Q(25415)
//      Driven by existing flop at '/dut/ahbapbbridge/APB_MASTER/rtlcreg_s_rdata_4/Q' (4386)
//      Bounds static X-source '/dut/ahbapbbridge/APB_MASTER/rtlcreg_rdata_3/Q' (25415)
// MUX gate at /dut/ahbapbbridge/APB_MASTER/rtlcreg_rdata_2/Q(25416)
//      Driven by existing flop at '/dut/ahbapbbridge/APB_MASTER/rtlcreg_s_rdata_3/Q' (4387)
//      Bounds static X-source '/dut/ahbapbbridge/APB_MASTER/rtlcreg_rdata_2/Q' (25416)
// MUX gate at /dut/ahbapbbridge/APB_MASTER/rtlcreg_rdata_1/Q(25417)
//      Driven by existing flop at '/dut/ahbapbbridge/APB_MASTER/rtlcreg_s_rdata_2/Q' (4388)
//      Bounds static X-source '/dut/ahbapbbridge/APB_MASTER/rtlcreg_rdata_1/Q' (25417)
// MUX gate at /dut/ahbapbbridge/APB_MASTER/rtlcreg_rdata_0/Q(25418)
//      Driven by existing flop at '/dut/ahbapbbridge/APB_MASTER/rtlcreg_s_rdata_1/Q' (4389)
//      Bounds static X-source '/dut/ahbapbbridge/APB_MASTER/rtlcreg_rdata_0/Q' (25418)
// The following X-sources will not be bounded and affected library cells will be marked with no_control_point and no_observe_point attributes.
// X-source '/HCLK' (1) is a clock input.
// X-source '/PCLK' (243) is a clock input.
// X-source '/ijtag_tck' (245) is a clock input.
// X-source '/shift_capture_clock' (253) is a clock input.
// X-source '/inferred_occ_clock0' (259) is a clock input.
// X-source '/HRDATAEXT[63]' (145) reaches a primary output through 3 library cells or less and does not reach a scan cell:
//          /HRDATA[63] (27426)
// X-source '/HRDATAEXT[62]' (146) reaches a primary output through 3 library cells or less and does not reach a scan cell:
//          /HRDATA[62] (27427)
// X-source '/HRDATAEXT[61]' (147) reaches a primary output through 3 library cells or less and does not reach a scan cell:
//          /HRDATA[61] (27428)
// X-source '/HRDATAEXT[60]' (148) reaches a primary output through 3 library cells or less and does not reach a scan cell:
//          /HRDATA[60] (27429)
// X-source '/HRDATAEXT[59]' (149) reaches a primary output through 3 library cells or less and does not reach a scan cell:
//          /HRDATA[59] (27430)
// X-source '/HRDATAEXT[58]' (150) reaches a primary output through 3 library cells or less and does not reach a scan cell:
//          /HRDATA[58] (27431)
// X-source '/HRDATAEXT[57]' (151) reaches a primary output through 3 library cells or less and does not reach a scan cell:
//          /HRDATA[57] (27432)
// X-source '/HRDATAEXT[56]' (152) reaches a primary output through 3 library cells or less and does not reach a scan cell:
//          /HRDATA[56] (27433)
// X-source '/HRDATAEXT[55]' (153) reaches a primary output through 3 library cells or less and does not reach a scan cell:
//          /HRDATA[55] (27434)
// X-source '/HRDATAEXT[54]' (154) reaches a primary output through 3 library cells or less and does not reach a scan cell:
//          /HRDATA[54] (27435)
// X-source '/HRDATAEXT[53]' (155) reaches a primary output through 3 library cells or less and does not reach a scan cell:
//          /HRDATA[53] (27436)
// X-source '/HRDATAEXT[52]' (156) reaches a primary output through 3 library cells or less and does not reach a scan cell:
//          /HRDATA[52] (27437)
// X-source '/HRDATAEXT[51]' (157) reaches a primary output through 3 library cells or less and does not reach a scan cell:
//          /HRDATA[51] (27438)
// X-source '/HRDATAEXT[50]' (158) reaches a primary output through 3 library cells or less and does not reach a scan cell:
//          /HRDATA[50] (27439)
// X-source '/HRDATAEXT[49]' (159) reaches a primary output through 3 library cells or less and does not reach a scan cell:
//          /HRDATA[49] (27440)
// X-source '/HRDATAEXT[48]' (160) reaches a primary output through 3 library cells or less and does not reach a scan cell:
//          /HRDATA[48] (27441)
// X-source '/HRDATAEXT[47]' (161) reaches a primary output through 3 library cells or less and does not reach a scan cell:
//          /HRDATA[47] (27442)
// X-source '/HRDATAEXT[46]' (162) reaches a primary output through 3 library cells or less and does not reach a scan cell:
//          /HRDATA[46] (27443)
// X-source '/HRDATAEXT[45]' (163) reaches a primary output through 3 library cells or less and does not reach a scan cell:
//          /HRDATA[45] (27444)
// X-source '/HRDATAEXT[44]' (164) reaches a primary output through 3 library cells or less and does not reach a scan cell:
//          /HRDATA[44] (27445)
// X-source '/HRDATAEXT[43]' (165) reaches a primary output through 3 library cells or less and does not reach a scan cell:
//          /HRDATA[43] (27446)
// X-source '/HRDATAEXT[42]' (166) reaches a primary output through 3 library cells or less and does not reach a scan cell:
//          /HRDATA[42] (27447)
// X-source '/HRDATAEXT[41]' (167) reaches a primary output through 3 library cells or less and does not reach a scan cell:
//          /HRDATA[41] (27448)
// X-source '/HRDATAEXT[40]' (168) reaches a primary output through 3 library cells or less and does not reach a scan cell:
//          /HRDATA[40] (27449)
// X-source '/HRDATAEXT[39]' (169) reaches a primary output through 3 library cells or less and does not reach a scan cell:
//          /HRDATA[39] (27450)
// X-source '/HRDATAEXT[38]' (170) reaches a primary output through 3 library cells or less and does not reach a scan cell:
//          /HRDATA[38] (27451)
// X-source '/HRDATAEXT[37]' (171) reaches a primary output through 3 library cells or less and does not reach a scan cell:
//          /HRDATA[37] (27452)
// X-source '/HRDATAEXT[36]' (172) reaches a primary output through 3 library cells or less and does not reach a scan cell:
//          /HRDATA[36] (27453)
// X-source '/HRDATAEXT[35]' (173) reaches a primary output through 3 library cells or less and does not reach a scan cell:
//          /HRDATA[35] (27454)
// X-source '/HRDATAEXT[34]' (174) reaches a primary output through 3 library cells or less and does not reach a scan cell:
//          /HRDATA[34] (27455)
// X-source '/HRDATAEXT[33]' (175) reaches a primary output through 3 library cells or less and does not reach a scan cell:
//          /HRDATA[33] (27456)
// X-source '/HRDATAEXT[32]' (176) reaches a primary output through 3 library cells or less and does not reach a scan cell:
//          /HRDATA[32] (27457)
// X-source '/HRDATAEXT[31]' (177) reaches a primary output through 3 library cells or less and does not reach a scan cell:
//          /HRDATA[31] (27458)
// X-source '/HRDATAEXT[30]' (178) reaches a primary output through 3 library cells or less and does not reach a scan cell:
//          /HRDATA[30] (27459)
// X-source '/HRDATAEXT[29]' (179) reaches a primary output through 3 library cells or less and does not reach a scan cell:
//          /HRDATA[29] (27460)
// X-source '/HRDATAEXT[28]' (180) reaches a primary output through 3 library cells or less and does not reach a scan cell:
//          /HRDATA[28] (27461)
// X-source '/HRDATAEXT[27]' (181) reaches a primary output through 3 library cells or less and does not reach a scan cell:
//          /HRDATA[27] (27462)
// X-source '/HRDATAEXT[26]' (182) reaches a primary output through 3 library cells or less and does not reach a scan cell:
//          /HRDATA[26] (27463)
// X-source '/HRDATAEXT[25]' (183) reaches a primary output through 3 library cells or less and does not reach a scan cell:
//          /HRDATA[25] (27464)
// X-source '/HRDATAEXT[24]' (184) reaches a primary output through 3 library cells or less and does not reach a scan cell:
//          /HRDATA[24] (27465)
// X-source '/HRDATAEXT[23]' (185) reaches a primary output through 3 library cells or less and does not reach a scan cell:
//          /HRDATA[23] (27466)
// X-source '/HRDATAEXT[22]' (186) reaches a primary output through 3 library cells or less and does not reach a scan cell:
//          /HRDATA[22] (27467)
// X-source '/HRDATAEXT[21]' (187) reaches a primary output through 3 library cells or less and does not reach a scan cell:
//          /HRDATA[21] (27468)
// X-source '/HRDATAEXT[20]' (188) reaches a primary output through 3 library cells or less and does not reach a scan cell:
//          /HRDATA[20] (27469)
// X-source '/HRDATAEXT[19]' (189) reaches a primary output through 3 library cells or less and does not reach a scan cell:
//          /HRDATA[19] (27470)
// X-source '/HRDATAEXT[18]' (190) reaches a primary output through 3 library cells or less and does not reach a scan cell:
//          /HRDATA[18] (27471)
// X-source '/HRDATAEXT[17]' (191) reaches a primary output through 3 library cells or less and does not reach a scan cell:
//          /HRDATA[17] (27472)
// X-source '/HRDATAEXT[16]' (192) reaches a primary output through 3 library cells or less and does not reach a scan cell:
//          /HRDATA[16] (27473)
// X-source '/HRDATAEXT[15]' (193) reaches a primary output through 3 library cells or less and does not reach a scan cell:
//          /HRDATA[15] (27474)
// X-source '/HRDATAEXT[14]' (194) reaches a primary output through 3 library cells or less and does not reach a scan cell:
//          /HRDATA[14] (27475)
// X-source '/HRDATAEXT[13]' (195) reaches a primary output through 3 library cells or less and does not reach a scan cell:
//          /HRDATA[13] (27476)
// X-source '/HRDATAEXT[12]' (196) reaches a primary output through 3 library cells or less and does not reach a scan cell:
//          /HRDATA[12] (27477)
// X-source '/HRDATAEXT[11]' (197) reaches a primary output through 3 library cells or less and does not reach a scan cell:
//          /HRDATA[11] (27478)
// X-source '/HRDATAEXT[10]' (198) reaches a primary output through 3 library cells or less and does not reach a scan cell:
//          /HRDATA[10] (27479)
// X-source '/HRDATAEXT[9]' (199) reaches a primary output through 3 library cells or less and does not reach a scan cell:
//          /HRDATA[9] (27480)
// X-source '/HRDATAEXT[8]' (200) reaches a primary output through 3 library cells or less and does not reach a scan cell:
//          /HRDATA[8] (27481)
// X-source '/HRDATAEXT[7]' (201) reaches a primary output through 3 library cells or less and does not reach a scan cell:
//          /HRDATA[7] (27482)
// X-source '/HRDATAEXT[6]' (202) reaches a primary output through 3 library cells or less and does not reach a scan cell:
//          /HRDATA[6] (27483)
// X-source '/HRDATAEXT[5]' (203) reaches a primary output through 3 library cells or less and does not reach a scan cell:
//          /HRDATA[5] (27484)
// X-source '/HRDATAEXT[4]' (204) reaches a primary output through 3 library cells or less and does not reach a scan cell:
//          /HRDATA[4] (27485)
// X-source '/HRDATAEXT[3]' (205) reaches a primary output through 3 library cells or less and does not reach a scan cell:
//          /HRDATA[3] (27486)
// X-source '/HRDATAEXT[2]' (206) reaches a primary output through 3 library cells or less and does not reach a scan cell:
//          /HRDATA[2] (27487)
// X-source '/HRDATAEXT[1]' (207) reaches a primary output through 3 library cells or less and does not reach a scan cell:
//          /HRDATA[1] (27488)
// X-source '/HRDATAEXT[0]' (208) reaches a primary output through 3 library cells or less and does not reach a scan cell:
//          /HRDATA[0] (27489)
// X-source '/HRESPEXT' (210) reaches a primary output through 3 library cells or less and does not reach a scan cell:
//          /HRESP (27491)
// X-source '/dut/\bootrom.bootrom /memory/read_data[63]' (1966) reaches a primary output through 3 library cells or less and does not reach a scan cell:
//          /HRDATA[63] (27426)
// X-source '/dut/\bootrom.bootrom /memory/read_data[62]' (1967) reaches a primary output through 3 library cells or less and does not reach a scan cell:
//          /HRDATA[62] (27427)
// X-source '/dut/\bootrom.bootrom /memory/read_data[61]' (1968) reaches a primary output through 3 library cells or less and does not reach a scan cell:
//          /HRDATA[61] (27428)
// X-source '/dut/\bootrom.bootrom /memory/read_data[60]' (1969) reaches a primary output through 3 library cells or less and does not reach a scan cell:
//          /HRDATA[60] (27429)
// X-source '/dut/\bootrom.bootrom /memory/read_data[59]' (1970) reaches a primary output through 3 library cells or less and does not reach a scan cell:
//          /HRDATA[59] (27430)
// X-source '/dut/\bootrom.bootrom /memory/read_data[58]' (1971) reaches a primary output through 3 library cells or less and does not reach a scan cell:
//          /HRDATA[58] (27431)
// X-source '/dut/\bootrom.bootrom /memory/read_data[57]' (1972) reaches a primary output through 3 library cells or less and does not reach a scan cell:
//          /HRDATA[57] (27432)
// X-source '/dut/\bootrom.bootrom /memory/read_data[56]' (1973) reaches a primary output through 3 library cells or less and does not reach a scan cell:
//          /HRDATA[56] (27433)
// X-source '/dut/\bootrom.bootrom /memory/read_data[55]' (1974) reaches a primary output through 3 library cells or less and does not reach a scan cell:
//          /HRDATA[55] (27434)
// X-source '/dut/\bootrom.bootrom /memory/read_data[54]' (1975) reaches a primary output through 3 library cells or less and does not reach a scan cell:
//          /HRDATA[54] (27435)
// X-source '/dut/\bootrom.bootrom /memory/read_data[53]' (1976) reaches a primary output through 3 library cells or less and does not reach a scan cell:
//          /HRDATA[53] (27436)
// X-source '/dut/\bootrom.bootrom /memory/read_data[52]' (1977) reaches a primary output through 3 library cells or less and does not reach a scan cell:
//          /HRDATA[52] (27437)
// X-source '/dut/\bootrom.bootrom /memory/read_data[51]' (1978) reaches a primary output through 3 library cells or less and does not reach a scan cell:
//          /HRDATA[51] (27438)
// X-source '/dut/\bootrom.bootrom /memory/read_data[50]' (1979) reaches a primary output through 3 library cells or less and does not reach a scan cell:
//          /HRDATA[50] (27439)
// X-source '/dut/\bootrom.bootrom /memory/read_data[49]' (1980) reaches a primary output through 3 library cells or less and does not reach a scan cell:
//          /HRDATA[49] (27440)
// X-source '/dut/\bootrom.bootrom /memory/read_data[48]' (1981) reaches a primary output through 3 library cells or less and does not reach a scan cell:
//          /HRDATA[48] (27441)
// X-source '/dut/\bootrom.bootrom /memory/read_data[47]' (1982) reaches a primary output through 3 library cells or less and does not reach a scan cell:
//          /HRDATA[47] (27442)
// X-source '/dut/\bootrom.bootrom /memory/read_data[46]' (1983) reaches a primary output through 3 library cells or less and does not reach a scan cell:
//          /HRDATA[46] (27443)
// X-source '/dut/\bootrom.bootrom /memory/read_data[45]' (1984) reaches a primary output through 3 library cells or less and does not reach a scan cell:
//          /HRDATA[45] (27444)
// X-source '/dut/\bootrom.bootrom /memory/read_data[44]' (1985) reaches a primary output through 3 library cells or less and does not reach a scan cell:
//          /HRDATA[44] (27445)
// X-source '/dut/\bootrom.bootrom /memory/read_data[43]' (1986) reaches a primary output through 3 library cells or less and does not reach a scan cell:
//          /HRDATA[43] (27446)
// X-source '/dut/\bootrom.bootrom /memory/read_data[42]' (1987) reaches a primary output through 3 library cells or less and does not reach a scan cell:
//          /HRDATA[42] (27447)
// X-source '/dut/\bootrom.bootrom /memory/read_data[41]' (1988) reaches a primary output through 3 library cells or less and does not reach a scan cell:
//          /HRDATA[41] (27448)
// X-source '/dut/\bootrom.bootrom /memory/read_data[40]' (1989) reaches a primary output through 3 library cells or less and does not reach a scan cell:
//          /HRDATA[40] (27449)
// X-source '/dut/\bootrom.bootrom /memory/read_data[39]' (1990) reaches a primary output through 3 library cells or less and does not reach a scan cell:
//          /HRDATA[39] (27450)
// X-source '/dut/\bootrom.bootrom /memory/read_data[38]' (1991) reaches a primary output through 3 library cells or less and does not reach a scan cell:
//          /HRDATA[38] (27451)
// X-source '/dut/\bootrom.bootrom /memory/read_data[37]' (1992) reaches a primary output through 3 library cells or less and does not reach a scan cell:
//          /HRDATA[37] (27452)
// X-source '/dut/\bootrom.bootrom /memory/read_data[36]' (1993) reaches a primary output through 3 library cells or less and does not reach a scan cell:
//          /HRDATA[36] (27453)
// X-source '/dut/\bootrom.bootrom /memory/read_data[35]' (1994) reaches a primary output through 3 library cells or less and does not reach a scan cell:
//          /HRDATA[35] (27454)
// X-source '/dut/\bootrom.bootrom /memory/read_data[34]' (1995) reaches a primary output through 3 library cells or less and does not reach a scan cell:
//          /HRDATA[34] (27455)
// X-source '/dut/\bootrom.bootrom /memory/read_data[33]' (1996) reaches a primary output through 3 library cells or less and does not reach a scan cell:
//          /HRDATA[33] (27456)
// X-source '/dut/\bootrom.bootrom /memory/read_data[32]' (1997) reaches a primary output through 3 library cells or less and does not reach a scan cell:
//          /HRDATA[32] (27457)
// X-source '/dut/\bootrom.bootrom /memory/read_data[31]' (1998) reaches a primary output through 3 library cells or less and does not reach a scan cell:
//          /HRDATA[31] (27458)
// X-source '/dut/\bootrom.bootrom /memory/read_data[30]' (1999) reaches a primary output through 3 library cells or less and does not reach a scan cell:
//          /HRDATA[30] (27459)
// X-source '/dut/\bootrom.bootrom /memory/read_data[29]' (2000) reaches a primary output through 3 library cells or less and does not reach a scan cell:
//          /HRDATA[29] (27460)
// X-source '/dut/\bootrom.bootrom /memory/read_data[28]' (2001) reaches a primary output through 3 library cells or less and does not reach a scan cell:
//          /HRDATA[28] (27461)
// X-source '/dut/\bootrom.bootrom /memory/read_data[27]' (2002) reaches a primary output through 3 library cells or less and does not reach a scan cell:
//          /HRDATA[27] (27462)
// X-source '/dut/\bootrom.bootrom /memory/read_data[26]' (2003) reaches a primary output through 3 library cells or less and does not reach a scan cell:
//          /HRDATA[26] (27463)
// X-source '/dut/\bootrom.bootrom /memory/read_data[25]' (2004) reaches a primary output through 3 library cells or less and does not reach a scan cell:
//          /HRDATA[25] (27464)
// X-source '/dut/\bootrom.bootrom /memory/read_data[24]' (2005) reaches a primary output through 3 library cells or less and does not reach a scan cell:
//          /HRDATA[24] (27465)
// X-source '/dut/\bootrom.bootrom /memory/read_data[23]' (2006) reaches a primary output through 3 library cells or less and does not reach a scan cell:
//          /HRDATA[23] (27466)
// X-source '/dut/\bootrom.bootrom /memory/read_data[22]' (2007) reaches a primary output through 3 library cells or less and does not reach a scan cell:
//          /HRDATA[22] (27467)
// X-source '/dut/\bootrom.bootrom /memory/read_data[21]' (2008) reaches a primary output through 3 library cells or less and does not reach a scan cell:
//          /HRDATA[21] (27468)
// X-source '/dut/\bootrom.bootrom /memory/read_data[20]' (2009) reaches a primary output through 3 library cells or less and does not reach a scan cell:
//          /HRDATA[20] (27469)
// X-source '/dut/\bootrom.bootrom /memory/read_data[19]' (2010) reaches a primary output through 3 library cells or less and does not reach a scan cell:
//          /HRDATA[19] (27470)
// X-source '/dut/\bootrom.bootrom /memory/read_data[18]' (2011) reaches a primary output through 3 library cells or less and does not reach a scan cell:
//          /HRDATA[18] (27471)
// X-source '/dut/\bootrom.bootrom /memory/read_data[17]' (2012) reaches a primary output through 3 library cells or less and does not reach a scan cell:
//          /HRDATA[17] (27472)
// X-source '/dut/\bootrom.bootrom /memory/read_data[16]' (2013) reaches a primary output through 3 library cells or less and does not reach a scan cell:
//          /HRDATA[16] (27473)
// X-source '/dut/\bootrom.bootrom /memory/read_data[15]' (2014) reaches a primary output through 3 library cells or less and does not reach a scan cell:
//          /HRDATA[15] (27474)
// X-source '/dut/\bootrom.bootrom /memory/read_data[14]' (2015) reaches a primary output through 3 library cells or less and does not reach a scan cell:
//          /HRDATA[14] (27475)
// X-source '/dut/\bootrom.bootrom /memory/read_data[13]' (2016) reaches a primary output through 3 library cells or less and does not reach a scan cell:
//          /HRDATA[13] (27476)
// X-source '/dut/\bootrom.bootrom /memory/read_data[12]' (2017) reaches a primary output through 3 library cells or less and does not reach a scan cell:
//          /HRDATA[12] (27477)
// X-source '/dut/\bootrom.bootrom /memory/read_data[11]' (2018) reaches a primary output through 3 library cells or less and does not reach a scan cell:
//          /HRDATA[11] (27478)
// X-source '/dut/\bootrom.bootrom /memory/read_data[10]' (2019) reaches a primary output through 3 library cells or less and does not reach a scan cell:
//          /HRDATA[10] (27479)
// X-source '/dut/\bootrom.bootrom /memory/read_data[9]' (2020) reaches a primary output through 3 library cells or less and does not reach a scan cell:
//          /HRDATA[9] (27480)
// X-source '/dut/\bootrom.bootrom /memory/read_data[8]' (2021) reaches a primary output through 3 library cells or less and does not reach a scan cell:
//          /HRDATA[8] (27481)
// X-source '/dut/\bootrom.bootrom /memory/read_data[7]' (2022) reaches a primary output through 3 library cells or less and does not reach a scan cell:
//          /HRDATA[7] (27482)
// X-source '/dut/\bootrom.bootrom /memory/read_data[6]' (2023) reaches a primary output through 3 library cells or less and does not reach a scan cell:
//          /HRDATA[6] (27483)
// X-source '/dut/\bootrom.bootrom /memory/read_data[5]' (2024) reaches a primary output through 3 library cells or less and does not reach a scan cell:
//          /HRDATA[5] (27484)
// X-source '/dut/\bootrom.bootrom /memory/read_data[4]' (2025) reaches a primary output through 3 library cells or less and does not reach a scan cell:
//          /HRDATA[4] (27485)
// X-source '/dut/\bootrom.bootrom /memory/read_data[3]' (2026) reaches a primary output through 3 library cells or less and does not reach a scan cell:
//          /HRDATA[3] (27486)
// X-source '/dut/\bootrom.bootrom /memory/read_data[2]' (2027) reaches a primary output through 3 library cells or less and does not reach a scan cell:
//          /HRDATA[2] (27487)
// X-source '/dut/\bootrom.bootrom /memory/read_data[1]' (2028) reaches a primary output through 3 library cells or less and does not reach a scan cell:
//          /HRDATA[1] (27488)
// X-source '/dut/\bootrom.bootrom /memory/read_data[0]' (2029) reaches a primary output through 3 library cells or less and does not reach a scan cell:
//          /HRDATA[0] (27489)
// X-source '/dut/HREADRam[63]' (2388) reaches a primary output through 3 library cells or less and does not reach a scan cell:
//          /HRDATA[63] (27426)
// X-source '/dut/HREADRam[62]' (2389) reaches a primary output through 3 library cells or less and does not reach a scan cell:
//          /HRDATA[62] (27427)
// X-source '/dut/HREADRam[61]' (2390) reaches a primary output through 3 library cells or less and does not reach a scan cell:
//          /HRDATA[61] (27428)
// X-source '/dut/HREADRam[60]' (2391) reaches a primary output through 3 library cells or less and does not reach a scan cell:
//          /HRDATA[60] (27429)
// X-source '/dut/HREADRam[59]' (2392) reaches a primary output through 3 library cells or less and does not reach a scan cell:
//          /HRDATA[59] (27430)
// X-source '/dut/HREADRam[58]' (2393) reaches a primary output through 3 library cells or less and does not reach a scan cell:
//          /HRDATA[58] (27431)
// X-source '/dut/HREADRam[57]' (2394) reaches a primary output through 3 library cells or less and does not reach a scan cell:
//          /HRDATA[57] (27432)
// X-source '/dut/HREADRam[56]' (2395) reaches a primary output through 3 library cells or less and does not reach a scan cell:
//          /HRDATA[56] (27433)
// X-source '/dut/HREADRam[55]' (2396) reaches a primary output through 3 library cells or less and does not reach a scan cell:
//          /HRDATA[55] (27434)
// X-source '/dut/HREADRam[54]' (2397) reaches a primary output through 3 library cells or less and does not reach a scan cell:
//          /HRDATA[54] (27435)
// X-source '/dut/HREADRam[53]' (2398) reaches a primary output through 3 library cells or less and does not reach a scan cell:
//          /HRDATA[53] (27436)
// X-source '/dut/HREADRam[52]' (2399) reaches a primary output through 3 library cells or less and does not reach a scan cell:
//          /HRDATA[52] (27437)
// X-source '/dut/HREADRam[51]' (2400) reaches a primary output through 3 library cells or less and does not reach a scan cell:
//          /HRDATA[51] (27438)
// X-source '/dut/HREADRam[50]' (2401) reaches a primary output through 3 library cells or less and does not reach a scan cell:
//          /HRDATA[50] (27439)
// X-source '/dut/HREADRam[49]' (2402) reaches a primary output through 3 library cells or less and does not reach a scan cell:
//          /HRDATA[49] (27440)
// X-source '/dut/HREADRam[48]' (2403) reaches a primary output through 3 library cells or less and does not reach a scan cell:
//          /HRDATA[48] (27441)
// X-source '/dut/HREADRam[47]' (2404) reaches a primary output through 3 library cells or less and does not reach a scan cell:
//          /HRDATA[47] (27442)
// X-source '/dut/HREADRam[46]' (2405) reaches a primary output through 3 library cells or less and does not reach a scan cell:
//          /HRDATA[46] (27443)
// X-source '/dut/HREADRam[45]' (2406) reaches a primary output through 3 library cells or less and does not reach a scan cell:
//          /HRDATA[45] (27444)
// X-source '/dut/HREADRam[44]' (2407) reaches a primary output through 3 library cells or less and does not reach a scan cell:
//          /HRDATA[44] (27445)
// X-source '/dut/HREADRam[43]' (2408) reaches a primary output through 3 library cells or less and does not reach a scan cell:
//          /HRDATA[43] (27446)
// X-source '/dut/HREADRam[42]' (2409) reaches a primary output through 3 library cells or less and does not reach a scan cell:
//          /HRDATA[42] (27447)
// X-source '/dut/HREADRam[41]' (2410) reaches a primary output through 3 library cells or less and does not reach a scan cell:
//          /HRDATA[41] (27448)
// X-source '/dut/HREADRam[40]' (2411) reaches a primary output through 3 library cells or less and does not reach a scan cell:
//          /HRDATA[40] (27449)
// X-source '/dut/HREADRam[39]' (2412) reaches a primary output through 3 library cells or less and does not reach a scan cell:
//          /HRDATA[39] (27450)
// X-source '/dut/HREADRam[38]' (2413) reaches a primary output through 3 library cells or less and does not reach a scan cell:
//          /HRDATA[38] (27451)
// X-source '/dut/HREADRam[37]' (2414) reaches a primary output through 3 library cells or less and does not reach a scan cell:
//          /HRDATA[37] (27452)
// X-source '/dut/HREADRam[36]' (2415) reaches a primary output through 3 library cells or less and does not reach a scan cell:
//          /HRDATA[36] (27453)
// X-source '/dut/HREADRam[35]' (2416) reaches a primary output through 3 library cells or less and does not reach a scan cell:
//          /HRDATA[35] (27454)
// X-source '/dut/HREADRam[34]' (2417) reaches a primary output through 3 library cells or less and does not reach a scan cell:
//          /HRDATA[34] (27455)
// X-source '/dut/HREADRam[33]' (2418) reaches a primary output through 3 library cells or less and does not reach a scan cell:
//          /HRDATA[33] (27456)
// X-source '/dut/HREADRam[32]' (2419) reaches a primary output through 3 library cells or less and does not reach a scan cell:
//          /HRDATA[32] (27457)
// X-source '/dut/HREADRam[31]' (2420) reaches a primary output through 3 library cells or less and does not reach a scan cell:
//          /HRDATA[31] (27458)
// X-source '/dut/HREADRam[30]' (2421) reaches a primary output through 3 library cells or less and does not reach a scan cell:
//          /HRDATA[30] (27459)
// X-source '/dut/HREADRam[29]' (2422) reaches a primary output through 3 library cells or less and does not reach a scan cell:
//          /HRDATA[29] (27460)
// X-source '/dut/HREADRam[28]' (2423) reaches a primary output through 3 library cells or less and does not reach a scan cell:
//          /HRDATA[28] (27461)
// X-source '/dut/HREADRam[27]' (2424) reaches a primary output through 3 library cells or less and does not reach a scan cell:
//          /HRDATA[27] (27462)
// X-source '/dut/HREADRam[26]' (2425) reaches a primary output through 3 library cells or less and does not reach a scan cell:
//          /HRDATA[26] (27463)
// X-source '/dut/HREADRam[25]' (2426) reaches a primary output through 3 library cells or less and does not reach a scan cell:
//          /HRDATA[25] (27464)
// X-source '/dut/HREADRam[24]' (2427) reaches a primary output through 3 library cells or less and does not reach a scan cell:
//          /HRDATA[24] (27465)
// X-source '/dut/HREADRam[23]' (2428) reaches a primary output through 3 library cells or less and does not reach a scan cell:
//          /HRDATA[23] (27466)
// X-source '/dut/HREADRam[22]' (2429) reaches a primary output through 3 library cells or less and does not reach a scan cell:
//          /HRDATA[22] (27467)
// X-source '/dut/HREADRam[21]' (2430) reaches a primary output through 3 library cells or less and does not reach a scan cell:
//          /HRDATA[21] (27468)
// X-source '/dut/HREADRam[20]' (2431) reaches a primary output through 3 library cells or less and does not reach a scan cell:
//          /HRDATA[20] (27469)
// X-source '/dut/HREADRam[19]' (2432) reaches a primary output through 3 library cells or less and does not reach a scan cell:
//          /HRDATA[19] (27470)
// X-source '/dut/HREADRam[18]' (2433) reaches a primary output through 3 library cells or less and does not reach a scan cell:
//          /HRDATA[18] (27471)
// X-source '/dut/HREADRam[17]' (2434) reaches a primary output through 3 library cells or less and does not reach a scan cell:
//          /HRDATA[17] (27472)
// X-source '/dut/HREADRam[16]' (2435) reaches a primary output through 3 library cells or less and does not reach a scan cell:
//          /HRDATA[16] (27473)
// X-source '/dut/HREADRam[15]' (2436) reaches a primary output through 3 library cells or less and does not reach a scan cell:
//          /HRDATA[15] (27474)
// X-source '/dut/HREADRam[14]' (2437) reaches a primary output through 3 library cells or less and does not reach a scan cell:
//          /HRDATA[14] (27475)
// X-source '/dut/HREADRam[13]' (2438) reaches a primary output through 3 library cells or less and does not reach a scan cell:
//          /HRDATA[13] (27476)
// X-source '/dut/HREADRam[12]' (2439) reaches a primary output through 3 library cells or less and does not reach a scan cell:
//          /HRDATA[12] (27477)
// X-source '/dut/HREADRam[11]' (2440) reaches a primary output through 3 library cells or less and does not reach a scan cell:
//          /HRDATA[11] (27478)
// X-source '/dut/HREADRam[10]' (2441) reaches a primary output through 3 library cells or less and does not reach a scan cell:
//          /HRDATA[10] (27479)
// X-source '/dut/HREADRam[9]' (2442) reaches a primary output through 3 library cells or less and does not reach a scan cell:
//          /HRDATA[9] (27480)
// X-source '/dut/HREADRam[8]' (2443) reaches a primary output through 3 library cells or less and does not reach a scan cell:
//          /HRDATA[8] (27481)
// X-source '/dut/HREADRam[7]' (2444) reaches a primary output through 3 library cells or less and does not reach a scan cell:
//          /HRDATA[7] (27482)
// X-source '/dut/HREADRam[6]' (2445) reaches a primary output through 3 library cells or less and does not reach a scan cell:
//          /HRDATA[6] (27483)
// X-source '/dut/HREADRam[5]' (2446) reaches a primary output through 3 library cells or less and does not reach a scan cell:
//          /HRDATA[5] (27484)
// X-source '/dut/HREADRam[4]' (2447) reaches a primary output through 3 library cells or less and does not reach a scan cell:
//          /HRDATA[4] (27485)
// X-source '/dut/HREADRam[3]' (2448) reaches a primary output through 3 library cells or less and does not reach a scan cell:
//          /HRDATA[3] (27486)
// X-source '/dut/HREADRam[2]' (2449) reaches a primary output through 3 library cells or less and does not reach a scan cell:
//          /HRDATA[2] (27487)
// X-source '/dut/HREADRam[1]' (2450) reaches a primary output through 3 library cells or less and does not reach a scan cell:
//          /HRDATA[1] (27488)
// X-source '/dut/HREADRam[0]' (2451) reaches a primary output through 3 library cells or less and does not reach a scan cell:
//          /HRDATA[0] (27489)
// X-source '/dut/HRESPRam' (2454) reaches a primary output through 3 library cells or less and does not reach a scan cell:
//          /HRESP (27491)
//  command: set_wrapper_analysis_options -exclude_ports [get_ports {*_edt_channel_*}]
//  Error: No result.
//  command: analyze_wrapper_cells 
//  Note: Removed 579 previously identified x-bounding muxes that were inserted
//        to bound static X-sources from primary input pins. Bounding of primary
//        inputs will be handled by wrapper cells.
//  
//     Port information and user constraints:
//     --------------------------------------
//         Input ports:   258 total,    13 ignored,     0 excluded,     0 off,     0 on,   245 auto
//        Output ports:   202 total,     1 ignored,     0 excluded,     0 off,     0 on,   201 auto
//  
//  
//     Wrapper analysis summary:
//     -------------------------
//        3 output ports required a dedicated wrapper cell.
//        58 input ports required a dedicated wrapper cell.
//        264 flip-flops were converted into output shared wrapper cells.
//        148 flip-flops were converted into input shared wrapper cells.
//        Use report_wrapper_cells for more details.
//  
//  command: report_wrapper_cells 
-------------------------------------------------------------------------------------
Primary I/O            # Shared Wrapper Cells      Shared/       Reason              
Port                   (Direct/Internal-Feedback)  Dedicated                         
                       Identified [32/32]          Wrapper Cell                      
-------------------------------------------------------------------------------------
'HRDATA[0]' (O)        6                           shared        --                  
'HRDATA[1]' (O)        6                           shared        --                  
'HRDATA[2]' (O)        6                           shared        --                  
'HRDATA[3]' (O)        6                           shared        --                  
'HRDATA[4]' (O)        6                           shared        --                  
'HRDATA[5]' (O)        6                           shared        --                  
'HRDATA[6]' (O)        6                           shared        --                  
'HRDATA[7]' (O)        6                           shared        --                  
'HRDATA[8]' (O)        6                           shared        --                  
'HRDATA[9]' (O)        6                           shared        --                  
'HRDATA[10]' (O)       6                           shared        --                  
'HRDATA[11]' (O)       6                           shared        --                  
'HRDATA[12]' (O)       6                           shared        --                  
'HRDATA[13]' (O)       6                           shared        --                  
'HRDATA[14]' (O)       6                           shared        --                  
'HRDATA[15]' (O)       6                           shared        --                  
'HRDATA[16]' (O)       6                           shared        --                  
'HRDATA[17]' (O)       6                           shared        --                  
'HRDATA[18]' (O)       6                           shared        --                  
'HRDATA[19]' (O)       6                           shared        --                  
'HRDATA[20]' (O)       6                           shared        --                  
'HRDATA[21]' (O)       6                           shared        --                  
'HRDATA[22]' (O)       6                           shared        --                  
'HRDATA[23]' (O)       6                           shared        --                  
'HRDATA[24]' (O)       6                           shared        --                  
'HRDATA[25]' (O)       6                           shared        --                  
'HRDATA[26]' (O)       6                           shared        --                  
'HRDATA[27]' (O)       6                           shared        --                  
'HRDATA[28]' (O)       6                           shared        --                  
'HRDATA[29]' (O)       6                           shared        --                  
'HRDATA[30]' (O)       6                           shared        --                  
'HRDATA[31]' (O)       6                           shared        --                  
'HRDATA[32]' (O)       6                           shared        --                  
'HRDATA[33]' (O)       6                           shared        --                  
'HRDATA[34]' (O)       6                           shared        --                  
'HRDATA[35]' (O)       6                           shared        --                  
'HRDATA[36]' (O)       6                           shared        --                  
'HRDATA[37]' (O)       6                           shared        --                  
'HRDATA[38]' (O)       6                           shared        --                  
'HRDATA[39]' (O)       6                           shared        --                  
'HRDATA[40]' (O)       6                           shared        --                  
'HRDATA[41]' (O)       6                           shared        --                  
'HRDATA[42]' (O)       6                           shared        --                  
'HRDATA[43]' (O)       6                           shared        --                  
'HRDATA[44]' (O)       6                           shared        --                  
'HRDATA[45]' (O)       6                           shared        --                  
'HRDATA[46]' (O)       6                           shared        --                  
'HRDATA[47]' (O)       6                           shared        --                  
'HRDATA[48]' (O)       6                           shared        --                  
'HRDATA[49]' (O)       6                           shared        --                  
'HRDATA[50]' (O)       6                           shared        --                  
'HRDATA[51]' (O)       6                           shared        --                  
'HRDATA[52]' (O)       6                           shared        --                  
'HRDATA[53]' (O)       6                           shared        --                  
'HRDATA[54]' (O)       6                           shared        --                  
'HRDATA[55]' (O)       6                           shared        --                  
'HRDATA[56]' (O)       6                           shared        --                  
'HRDATA[57]' (O)       6                           shared        --                  
'HRDATA[58]' (O)       6                           shared        --                  
'HRDATA[59]' (O)       6                           shared        --                  
'HRDATA[60]' (O)       6                           shared        --                  
'HRDATA[61]' (O)       6                           shared        --                  
'HRDATA[62]' (O)       6                           shared        --                  
'HRDATA[63]' (O)       6                           shared        --                  
'HREADY' (O)           10                          shared        --                  
'HRESP' (O)            3                           shared        --                  
'MExtInt' (O)          0                           dedicated     Max Identified Cells
'MSwInt' (O)           1                           shared        --                  
'MTIME_CLINT[0]' (O)   1                           shared        --                  
'MTIME_CLINT[1]' (O)   1                           shared        --                  
'MTIME_CLINT[2]' (O)   1                           shared        --                  
'MTIME_CLINT[3]' (O)   1                           shared        --                  
'MTIME_CLINT[4]' (O)   1                           shared        --                  
'MTIME_CLINT[5]' (O)   1                           shared        --                  
'MTIME_CLINT[6]' (O)   1                           shared        --                  
'MTIME_CLINT[7]' (O)   1                           shared        --                  
'MTIME_CLINT[8]' (O)   1                           shared        --                  
'MTIME_CLINT[9]' (O)   1                           shared        --                  
'MTIME_CLINT[10]' (O)  1                           shared        --                  
'MTIME_CLINT[11]' (O)  1                           shared        --                  
'MTIME_CLINT[12]' (O)  1                           shared        --                  
'MTIME_CLINT[13]' (O)  1                           shared        --                  
'MTIME_CLINT[14]' (O)  1                           shared        --                  
'MTIME_CLINT[15]' (O)  1                           shared        --                  
'MTIME_CLINT[16]' (O)  1                           shared        --                  
'MTIME_CLINT[17]' (O)  1                           shared        --                  
'MTIME_CLINT[18]' (O)  1                           shared        --                  
'MTIME_CLINT[19]' (O)  1                           shared        --                  
'MTIME_CLINT[20]' (O)  1                           shared        --                  
'MTIME_CLINT[21]' (O)  1                           shared        --                  
'MTIME_CLINT[22]' (O)  1                           shared        --                  
'MTIME_CLINT[23]' (O)  1                           shared        --                  
'MTIME_CLINT[24]' (O)  1                           shared        --                  
'MTIME_CLINT[25]' (O)  1                           shared        --                  
'MTIME_CLINT[26]' (O)  1                           shared        --                  
'MTIME_CLINT[27]' (O)  1                           shared        --                  
'MTIME_CLINT[28]' (O)  1                           shared        --                  
'MTIME_CLINT[29]' (O)  1                           shared        --                  
'MTIME_CLINT[30]' (O)  1                           shared        --                  
'MTIME_CLINT[31]' (O)  1                           shared        --                  
'MTIME_CLINT[32]' (O)  1                           shared        --                  
'MTIME_CLINT[33]' (O)  1                           shared        --                  
'MTIME_CLINT[34]' (O)  1                           shared        --                  
'MTIME_CLINT[35]' (O)  1                           shared        --                  
'MTIME_CLINT[36]' (O)  1                           shared        --                  
'MTIME_CLINT[37]' (O)  1                           shared        --                  
'MTIME_CLINT[38]' (O)  1                           shared        --                  
'MTIME_CLINT[39]' (O)  1                           shared        --                  
'MTIME_CLINT[40]' (O)  1                           shared        --                  
'MTIME_CLINT[41]' (O)  1                           shared        --                  
'MTIME_CLINT[42]' (O)  1                           shared        --                  
'MTIME_CLINT[43]' (O)  1                           shared        --                  
'MTIME_CLINT[44]' (O)  1                           shared        --                  
'MTIME_CLINT[45]' (O)  1                           shared        --                  
'MTIME_CLINT[46]' (O)  1                           shared        --                  
'MTIME_CLINT[47]' (O)  1                           shared        --                  
'MTIME_CLINT[48]' (O)  1                           shared        --                  
'MTIME_CLINT[49]' (O)  1                           shared        --                  
'MTIME_CLINT[50]' (O)  1                           shared        --                  
'MTIME_CLINT[51]' (O)  1                           shared        --                  
'MTIME_CLINT[52]' (O)  1                           shared        --                  
'MTIME_CLINT[53]' (O)  1                           shared        --                  
'MTIME_CLINT[54]' (O)  1                           shared        --                  
'MTIME_CLINT[55]' (O)  1                           shared        --                  
'MTIME_CLINT[56]' (O)  1                           shared        --                  
'MTIME_CLINT[57]' (O)  1                           shared        --                  
'MTIME_CLINT[58]' (O)  1                           shared        --                  
'MTIME_CLINT[59]' (O)  1                           shared        --                  
'MTIME_CLINT[60]' (O)  1                           shared        --                  
'MTIME_CLINT[61]' (O)  1                           shared        --                  
'MTIME_CLINT[62]' (O)  1                           shared        --                  
'MTIME_CLINT[63]' (O)  1                           shared        --                  
'MTimerInt' (O)        0                           dedicated     Max Identified Cells
'SExtInt' (O)          0                           dedicated     Max Identified Cells
'out_pad_o[0]' (O)     1                           shared        --                  
'out_pad_o[1]' (O)     1                           shared        --                  
'out_pad_o[2]' (O)     1                           shared        --                  
'out_pad_o[3]' (O)     1                           shared        --                  
'out_pad_o[4]' (O)     1                           shared        --                  
'out_pad_o[5]' (O)     1                           shared        --                  
'out_pad_o[6]' (O)     1                           shared        --                  
'out_pad_o[7]' (O)     1                           shared        --                  
'out_pad_o[8]' (O)     1                           shared        --                  
'out_pad_o[9]' (O)     1                           shared        --                  
'out_pad_o[10]' (O)    1                           shared        --                  
'out_pad_o[11]' (O)    1                           shared        --                  
'out_pad_o[12]' (O)    1                           shared        --                  
'out_pad_o[13]' (O)    1                           shared        --                  
'out_pad_o[14]' (O)    1                           shared        --                  
'out_pad_o[15]' (O)    1                           shared        --                  
'out_pad_o[16]' (O)    1                           shared        --                  
'out_pad_o[17]' (O)    1                           shared        --                  
'out_pad_o[18]' (O)    1                           shared        --                  
'out_pad_o[19]' (O)    1                           shared        --                  
'out_pad_o[20]' (O)    1                           shared        --                  
'out_pad_o[21]' (O)    1                           shared        --                  
'out_pad_o[22]' (O)    1                           shared        --                  
'out_pad_o[23]' (O)    3                           shared        --                  
'out_pad_o[24]' (O)    3                           shared        --                  
'out_pad_o[25]' (O)    3                           shared        --                  
'out_pad_o[26]' (O)    3                           shared        --                  
'out_pad_o[27]' (O)    3                           shared        --                  
'out_pad_o[28]' (O)    3                           shared        --                  
'out_pad_o[29]' (O)    3                           shared        --                  
'out_pad_o[30]' (O)    3                           shared        --                  
'out_pad_o[31]' (O)    3                           shared        --                  
'out_pad_oen[0]' (O)   1                           shared        --                  
'out_pad_oen[1]' (O)   1                           shared        --                  
'out_pad_oen[2]' (O)   1                           shared        --                  
'out_pad_oen[3]' (O)   1                           shared        --                  
'out_pad_oen[4]' (O)   1                           shared        --                  
'out_pad_oen[5]' (O)   1                           shared        --                  
'out_pad_oen[6]' (O)   1                           shared        --                  
'out_pad_oen[7]' (O)   1                           shared        --                  
'out_pad_oen[8]' (O)   1                           shared        --                  
'out_pad_oen[9]' (O)   1                           shared        --                  
'out_pad_oen[10]' (O)  1                           shared        --                  
'out_pad_oen[11]' (O)  1                           shared        --                  
'out_pad_oen[12]' (O)  1                           shared        --                  
'out_pad_oen[13]' (O)  1                           shared        --                  
'out_pad_oen[14]' (O)  1                           shared        --                  
'out_pad_oen[15]' (O)  1                           shared        --                  
'out_pad_oen[16]' (O)  1                           shared        --                  
'out_pad_oen[17]' (O)  1                           shared        --                  
'out_pad_oen[18]' (O)  1                           shared        --                  
'out_pad_oen[19]' (O)  1                           shared        --                  
'out_pad_oen[20]' (O)  1                           shared        --                  
'out_pad_oen[21]' (O)  1                           shared        --                  
'out_pad_oen[22]' (O)  1                           shared        --                  
'out_pad_oen[23]' (O)  1                           shared        --                  
'out_pad_oen[24]' (O)  1                           shared        --                  
'out_pad_oen[25]' (O)  1                           shared        --                  
'out_pad_oen[26]' (O)  1                           shared        --                  
'out_pad_oen[27]' (O)  1                           shared        --                  
'out_pad_oen[28]' (O)  1                           shared        --                  
'out_pad_oen[29]' (O)  1                           shared        --                  
'out_pad_oen[30]' (O)  1                           shared        --                  
'out_pad_oen[31]' (O)  1                           shared        --                  
'HADDR[0]' (I)         2/1                         shared        --                  
'HADDR[1]' (I)         2/1                         shared        --                  
'HADDR[2]' (I)         2/1                         shared        --                  
'HADDR[3]' (I)         0                           dedicated     Max Identified Cells
'HADDR[4]' (I)         0                           dedicated     Max Identified Cells
'HADDR[5]' (I)         0                           dedicated     Max Identified Cells
'HADDR[6]' (I)         0                           dedicated     Max Identified Cells
'HADDR[7]' (I)         0                           dedicated     Max Identified Cells
'HADDR[8]' (I)         0                           dedicated     Max Identified Cells
'HADDR[9]' (I)         0                           dedicated     Max Identified Cells
'HADDR[10]' (I)        0                           dedicated     Max Identified Cells
'HADDR[11]' (I)        0                           dedicated     Max Identified Cells
'HADDR[12]' (I)        0                           dedicated     Max Identified Cells
'HADDR[13]' (I)        0                           dedicated     Max Identified Cells
'HADDR[14]' (I)        0                           dedicated     Max Identified Cells
'HADDR[15]' (I)        0                           dedicated     Max Identified Cells
'HADDR[16]' (I)        0                           dedicated     Max Identified Cells
'HADDR[17]' (I)        0                           dedicated     Max Identified Cells
'HADDR[18]' (I)        0                           dedicated     Max Identified Cells
'HADDR[19]' (I)        0                           dedicated     Max Identified Cells
'HADDR[20]' (I)        0                           dedicated     Max Identified Cells
'HADDR[21]' (I)        0                           dedicated     Max Identified Cells
'HADDR[22]' (I)        0                           dedicated     Max Identified Cells
'HADDR[23]' (I)        0                           dedicated     Max Identified Cells
'HADDR[24]' (I)        0                           dedicated     Max Identified Cells
'HADDR[25]' (I)        0                           dedicated     Max Identified Cells
'HADDR[26]' (I)        0                           dedicated     Max Identified Cells
'HADDR[27]' (I)        0                           dedicated     Max Identified Cells
'HADDR[28]' (I)        0                           dedicated     Max Identified Cells
'HADDR[29]' (I)        0                           dedicated     Max Identified Cells
'HADDR[30]' (I)        0                           dedicated     Max Identified Cells
'HADDR[31]' (I)        0                           dedicated     Max Identified Cells
'HADDR[32]' (I)        0                           dedicated     Max Identified Cells
'HADDR[33]' (I)        0                           dedicated     Max Identified Cells
'HADDR[34]' (I)        0                           dedicated     Max Identified Cells
'HADDR[35]' (I)        0                           dedicated     Max Identified Cells
'HADDR[36]' (I)        0                           dedicated     Max Identified Cells
'HADDR[37]' (I)        0                           dedicated     Max Identified Cells
'HADDR[38]' (I)        0                           dedicated     Max Identified Cells
'HADDR[39]' (I)        0                           dedicated     Max Identified Cells
'HADDR[40]' (I)        0                           dedicated     Max Identified Cells
'HADDR[41]' (I)        0                           dedicated     Max Identified Cells
'HADDR[42]' (I)        0                           dedicated     Max Identified Cells
'HADDR[43]' (I)        0                           dedicated     Max Identified Cells
'HADDR[44]' (I)        0                           dedicated     Max Identified Cells
'HADDR[45]' (I)        0                           dedicated     Max Identified Cells
'HADDR[46]' (I)        0                           dedicated     Max Identified Cells
'HADDR[47]' (I)        0                           dedicated     Max Identified Cells
'HADDR[48]' (I)        0                           dedicated     Max Identified Cells
'HADDR[49]' (I)        0                           dedicated     Max Identified Cells
'HADDR[50]' (I)        0                           dedicated     Max Identified Cells
'HADDR[51]' (I)        0                           dedicated     Max Identified Cells
'HADDR[52]' (I)        0                           dedicated     Max Identified Cells
'HADDR[53]' (I)        0                           dedicated     Max Identified Cells
'HADDR[54]' (I)        0                           dedicated     Max Identified Cells
'HADDR[55]' (I)        0                           dedicated     Max Identified Cells
'HRESETn' (I)          0                           dedicated     Asynch Set/Reset    
'HSIZE[0]' (I)         0                           dedicated     Max Identified Cells
'HSIZE[1]' (I)         0                           dedicated     Max Identified Cells
'HTRANS[1]' (I)        0                           dedicated     Max Identified Cells
'HWDATA[0]' (I)        1/1                         shared        --                  
'HWDATA[1]' (I)        1/1                         shared        --                  
'HWDATA[2]' (I)        1/1                         shared        --                  
'HWDATA[3]' (I)        1/1                         shared        --                  
'HWDATA[4]' (I)        1/1                         shared        --                  
'HWDATA[5]' (I)        1/1                         shared        --                  
'HWDATA[6]' (I)        1/1                         shared        --                  
'HWDATA[7]' (I)        1/1                         shared        --                  
'HWDATA[8]' (I)        1/1                         shared        --                  
'HWDATA[9]' (I)        1/1                         shared        --                  
'HWDATA[10]' (I)       1/1                         shared        --                  
'HWDATA[11]' (I)       1/1                         shared        --                  
'HWDATA[12]' (I)       1/1                         shared        --                  
'HWDATA[13]' (I)       1/1                         shared        --                  
'HWDATA[14]' (I)       1/1                         shared        --                  
'HWDATA[15]' (I)       1/1                         shared        --                  
'HWDATA[16]' (I)       1/1                         shared        --                  
'HWDATA[17]' (I)       1/1                         shared        --                  
'HWDATA[18]' (I)       1/1                         shared        --                  
'HWDATA[19]' (I)       1/1                         shared        --                  
'HWDATA[20]' (I)       1/1                         shared        --                  
'HWDATA[21]' (I)       1/1                         shared        --                  
'HWDATA[22]' (I)       1/1                         shared        --                  
'HWDATA[23]' (I)       1/1                         shared        --                  
'HWDATA[24]' (I)       1/1                         shared        --                  
'HWDATA[25]' (I)       1/1                         shared        --                  
'HWDATA[26]' (I)       1/1                         shared        --                  
'HWDATA[27]' (I)       1/1                         shared        --                  
'HWDATA[28]' (I)       1/1                         shared        --                  
'HWDATA[29]' (I)       1/1                         shared        --                  
'HWDATA[30]' (I)       1/1                         shared        --                  
'HWDATA[31]' (I)       1/1                         shared        --                  
'HWDATA[32]' (I)       1/1                         shared        --                  
'HWDATA[33]' (I)       1/1                         shared        --                  
'HWDATA[34]' (I)       1/1                         shared        --                  
'HWDATA[35]' (I)       1/1                         shared        --                  
'HWDATA[36]' (I)       1/1                         shared        --                  
'HWDATA[37]' (I)       1/1                         shared        --                  
'HWDATA[38]' (I)       1/1                         shared        --                  
'HWDATA[39]' (I)       1/1                         shared        --                  
'HWDATA[40]' (I)       1/1                         shared        --                  
'HWDATA[41]' (I)       1/1                         shared        --                  
'HWDATA[42]' (I)       1/1                         shared        --                  
'HWDATA[43]' (I)       1/1                         shared        --                  
'HWDATA[44]' (I)       1/1                         shared        --                  
'HWDATA[45]' (I)       1/1                         shared        --                  
'HWDATA[46]' (I)       1/1                         shared        --                  
'HWDATA[47]' (I)       1/1                         shared        --                  
'HWDATA[48]' (I)       1/1                         shared        --                  
'HWDATA[49]' (I)       1/1                         shared        --                  
'HWDATA[50]' (I)       1/1                         shared        --                  
'HWDATA[51]' (I)       1/1                         shared        --                  
'HWDATA[52]' (I)       1/1                         shared        --                  
'HWDATA[53]' (I)       1/1                         shared        --                  
'HWDATA[54]' (I)       1/1                         shared        --                  
'HWDATA[55]' (I)       1/1                         shared        --                  
'HWDATA[56]' (I)       1/1                         shared        --                  
'HWDATA[57]' (I)       1/1                         shared        --                  
'HWDATA[58]' (I)       1/1                         shared        --                  
'HWDATA[59]' (I)       1/1                         shared        --                  
'HWDATA[60]' (I)       1/1                         shared        --                  
'HWDATA[61]' (I)       1/1                         shared        --                  
'HWDATA[62]' (I)       1/1                         shared        --                  
'HWDATA[63]' (I)       1/1                         shared        --                  
'HWRITE' (I)           5/3                         shared        --                  
'HWSTRB[0]' (I)        1/1                         shared        --                  
'HWSTRB[1]' (I)        1/1                         shared        --                  
'HWSTRB[2]' (I)        1/1                         shared        --                  
'HWSTRB[3]' (I)        1/1                         shared        --                  
'HWSTRB[4]' (I)        1/1                         shared        --                  
'HWSTRB[5]' (I)        1/1                         shared        --                  
'HWSTRB[6]' (I)        1/1                         shared        --                  
'HWSTRB[7]' (I)        1/1                         shared        --                  
'PRESETn' (I)          0                           dedicated     Asynch Set/Reset    
'in_pad_i[0]' (I)      2/11                        shared        --                  
'in_pad_i[1]' (I)      2/11                        shared        --                  
'in_pad_i[2]' (I)      2/11                        shared        --                  
'in_pad_i[3]' (I)      2/11                        shared        --                  
'in_pad_i[4]' (I)      2/11                        shared        --                  
'in_pad_i[5]' (I)      2/11                        shared        --                  
'in_pad_i[6]' (I)      2/11                        shared        --                  
'in_pad_i[7]' (I)      2/11                        shared        --                  
'in_pad_i[8]' (I)      2/11                        shared        --                  
'in_pad_i[9]' (I)      2/11                        shared        --                  
'in_pad_i[10]' (I)     2/11                        shared        --                  
'in_pad_i[11]' (I)     2/11                        shared        --                  
'in_pad_i[12]' (I)     2/11                        shared        --                  
'in_pad_i[13]' (I)     2/11                        shared        --                  
'in_pad_i[14]' (I)     2/11                        shared        --                  
'in_pad_i[15]' (I)     2/11                        shared        --                  
'in_pad_i[16]' (I)     2/11                        shared        --                  
'in_pad_i[17]' (I)     2/11                        shared        --                  
'in_pad_i[18]' (I)     2/11                        shared        --                  
'in_pad_i[19]' (I)     2/11                        shared        --                  
'in_pad_i[20]' (I)     2/11                        shared        --                  
'in_pad_i[21]' (I)     2/11                        shared        --                  
'in_pad_i[22]' (I)     2/11                        shared        --                  
'in_pad_i[23]' (I)     2/11                        shared        --                  
'in_pad_i[24]' (I)     2/11                        shared        --                  
'in_pad_i[25]' (I)     2/11                        shared        --                  
'in_pad_i[26]' (I)     2/11                        shared        --                  
'in_pad_i[27]' (I)     2/11                        shared        --                  
'in_pad_i[28]' (I)     2/11                        shared        --                  
'in_pad_i[29]' (I)     2/11                        shared        --                  
'in_pad_i[30]' (I)     2/11                        shared        --                  
'in_pad_i[31]' (I)     3/11                        shared        --                  
-------------------------------------------------------------------------------------
//  command: set_attribute_value [get_instances *tessent_lbist_inst] -name active_child_scan_mode -value controller_chain_mode
{msrv_soc_uncorewrapper_pass2_rtl_tessent_lbist_inst}
//  command: set_attribute_value [get_instances *tessent_single_chain_mode_logic_*] -name active_child_scan_mode -value controller_chain_mode
{msrv_soc_uncorewrapper_pass2_rtl_tessent_single_chain_mode_logic_inst}
//  command: set_attribute_value [get_instances -of_modules *_edt_lbist_c1] -name active_child_scan_mode -value controller_chain_mode
{msrv_soc_uncorewrapper_pass2_rtl_tessent_edt_lbist_c1_inst}
//  command: set ccm [get_scan_elements -of_child_scan_modes controller_chain_mode]
{controller_chain_mode/msrv_soc_uncorewrapper_pass2_rtl_tessent_edt_lbist_c1_inst/ccm_scan_out controller_chain_mode/msrv_soc_uncorewrapper_pass2_rtl_tessent_lbist_inst/ccm_scan_out controller_chain_mode/msrv_soc_uncorewrapper_pass2_rtl_tessent_single_chain_mode_logic_inst/ccm_scan_out}
//  command: puts $ccm
@12825
//  command: puts ccm
ccm
//  command: set core [remove_from_collection [get_scan_elements] $ccm]
{/msrv_soc_uncorewrapper_pass2_rtl_tessent_occ_PCLK_inst/scan_out /dut/ahbapbbridge/AHB_SLAVE/rtlcreg_s_addr_55 /dut/ahbapbbridge/AHB_SLAVE/rtlcreg_s_addr_54 /dut/ahbapbbridge/AHB_SLAVE/rtlcreg_s_addr_53 /dut/ahbapbbridge/AHB_SLAVE/rtlcreg_s_addr_52 /dut/ahbapbbridge/AHB_SLAVE/rtlcreg_s_addr_51 /dut/ahbapbbridge/AHB_SLAVE/rtlcreg_s_addr_50 /dut/ahbapbbridge/AHB_SLAVE/rtlcreg_s_addr_49 /dut/ahbapbbridge/AHB_SLAVE/rtlcreg_s_addr_48 /dut/ahbapbbridge/AHB_SLAVE/rtlcreg_s_addr_47 /dut/ahbapbbridge/AHB_SLAVE/rtlcreg_s_addr_46 /dut/ahbapbbridge/AHB_SLAVE/rtlcreg_s_addr_45 /dut/ahbapbbridge/AHB_SLAVE/rtlcreg_s_addr_44 /dut/ahbapbbridge/AHB_SLAVE/rtlcreg_s_addr_43 /dut/ahbapbbridge/AHB_SLAVE/rtlcreg_s_addr_42 /dut/ahbapbbridge/AHB_SLAVE/rtlcreg_s_addr_41 /dut/ahbapbbridge/AHB_SLAVE/rtlcreg_s_addr_40 /dut/ahbapbbridge/AHB_SLAVE/rtlcreg_s_addr_39 /dut/ahbapbbridge/AHB_SLAVE/rtlcreg_s_addr_38 /dut/ahbapbbridge/AHB_SLAVE/rtlcreg_s_addr_37 /dut/ahbapbbridge/AHB_SLAVE/rtlcreg_s_addr_36 /dut/ahbapbbridge/AHB_SLAVE/rtlcreg_s_addr_35 /dut/ahbapbbridge/AHB_SLAVE/rtlcreg_s_addr_34 /dut/ahbapbbridge/AHB_SLAVE/rtlcreg_s_addr_33 /dut/ahbapbbridge/AHB_SLAVE/rtlcreg_s_addr_32 /dut/ahbapbbridge/AHB_SLAVE/rtlcreg_s_addr_31 /dut/ahbapbbridge/AHB_SLAVE/rtlcreg_s_addr_30 /dut/ahbapbbridge/AHB_SLAVE/rtlcreg_s_addr_29 /dut/ahbapbbridge/AHB_SLAVE/rtlcreg_s_addr_28 /dut/ahbapbbridge/AHB_SLAVE/rtlcreg_s_addr_27 /dut/ahbapbbridge/AHB_SLAVE/rtlcreg_s_addr_26 /dut/ahbapbbridge/AHB_SLAVE/rtlcreg_s_addr_25 /dut/ahbapbbridge/AHB_SLAVE/rtlcreg_s_addr_24 /dut/ahbapbbridge/AHB_SLAVE/rtlcreg_s_addr_23 /dut/ahbapbbridge/AHB_SLAVE/rtlcreg_s_addr_22 /dut/ahbapbbridge/AHB_SLAVE/rtlcreg_s_addr_21 /dut/ahbapbbridge/AHB_SLAVE/rtlcreg_s_addr_20 /dut/ahbapbbridge/AHB_SLAVE/rtlcreg_s_addr_19 /dut/ahbapbbridge/AHB_SLAVE/rtlcreg_s_addr_18 /dut/ahbapbbridge/AHB_SLAVE/rtlcreg_s_addr_17 /dut/ahbapbbridge/AHB_SLAVE/rtlcreg_s_addr_16 /dut/ahbapbbridge/AHB_SLAVE/rtlcreg_s_addr_15 /dut/ahbapbbridge/AHB_SLAVE/rtlcreg_s_addr_14 /dut/ahbapbbridge/AHB_SLAVE/rtlcreg_s_addr_13 /dut/ahbapbbridge/AHB_SLAVE/rtlcreg_s_addr_12 /dut/ahbapbbridge/AHB_SLAVE/rtlcreg_s_addr_11 /dut/ahbapbbridge/AHB_SLAVE/rtlcreg_s_addr_10 /dut/ahbapbbridge/AHB_SLAVE/rtlcreg_s_addr_9 /dut/ahbapbbridge/AHB_SLAVE/rtlcreg_s_addr_8 /dut/ahbapbbridge/AHB_SLAVE/rtlcreg_s_addr_7 ...}
//  command: set edt_instance [get_instances -of_icl_instances [get_icl_instances -filter tessent_instrument_type==mentor::edt]]
{msrv_soc_uncorewrapper_pass2_rtl_tessent_edt_lbist_c1_inst}
//  command: add_scan_mode int_mode -edt $edt_instances -include_elements $core -enable_dft_signal int_mode
//  Error: can't read "edt_instances": no such variable
//  command: add_scan_mode int_mode -edt $edt_instance -include_elements $core -enable_dft_signal int_mode
//  Reading core description file ./TSDB/instruments/msrv_soc_uncorewrapper_pass2_rtl_edt_lbist.instrument/msrv_soc_uncorewrapper_pass2_rtl_tessent_edt_lbist_c1.tcd
//  Setting the chain count to the number of specified scan connections (60).
//  Automatically inferring '-type internal' from the scan mode type (internal) associated with the enable DFT signal 'int_mode'.
{int_mode}
//  command: add_scan_mode controller_chain_mode -include_elements $ccm -chain_count 1 -enable_dft_signal controller_chain_mode -si_port_format ccm_scan_in%d -so_port_format ccm_scan_out%d
//  Error: The DFT signal named 'controller_chain_mode' does not exist. Run the 'report_dft_signals' command for more information. 
//  command: add_dft_signals controller_chain_mode
//  Error: Command 'add_dft_signals' is not available in the current context.
//         It is available in the following contexts: dft (no sub-context).
//  command: history 
    1	set_context dft -scan -design_identifier gate2 -no_rtl -test_point 
    2	set_tsdb_output_directory ./TSDB
    3	read_cell_library ../../../libs/NangateOpenCellLibrary.tcelllib ../../../libs/dft_sim.tcelllib
    4	read_verilog ./synthesis_uncore.vg
    5	read_design msrv_soc_uncorewrapper -design_identifier pass2_rtl -no_hdl 
    6	set_current_design msrv_soc_uncorewrapper
    7	set_design_level physical_block
    8	report_clocks 
    9	report_static_dft_signal_settings 
   10	add_black_boxes -auto
   11	check_design_rules 
   12	report_dft_signals
   13	report_input_constraints 
   14	analyze_xbounding 
   15	set_xbounding_options -exclude {HRESETn}
   16	analyze_xbounding
   17	report_xbounding 
   18	report_xbounding -verbose 
   19	report_xbounding -verbose -ignored_x_sources 
   20	report_xbounding -verbose -ignored_x_sources on
   21	set_wrapper_analysis_options -exclude_ports [get_ports {*_edt_channel_*}]
   22	analyze_wrapper_cells 
   23	report_wrapper_cells 
   24	set_attribute_value [get_instances *tessent_lbist_inst] -name active_child_scan_mode -value controller_chain_mode
   25	set_attribute_value [get_instances *tessent_single_chain_mode_logic_*] -name active_child_scan_mode -value controller_chain_mode
   26	set_attribute_value [get_instances -of_modules *_edt_lbist_c1] -name active_child_scan_mode -value controller_chain_mode
   27	set ccm [get_scan_elements -of_child_scan_modes controller_chain_mode]
   28	puts $ccm
   29	puts ccm
   30	set core [remove_from_collection [get_scan_elements] $ccm]
   31	set edt_instance [get_instances -of_icl_instances [get_icl_instances -filter tessent_instrument_type==mentor::edt]]
   32	add_scan_mode int_mode -edt $edt_instances -include_elements $core -enable_dft_signal int_mode
   33	add_scan_mode int_mode -edt $edt_instance -include_elements $core -enable_dft_signal int_mode
   34	add_scan_mode controller_chain_mode -include_elements $ccm -chain_count 1 -enable_dft_signal controller_chain_mode -si_port_format ccm_scan_in%d -so_port_format ccm_scan_out%d
   35	add_dft_signals controller_chain_mode
   36	history 
//  command: set_system_mode setup
//  command: add_dft_signals controller_chain_mode
//  Error: Command 'add_dft_signals' is not available in the current context.
//         It is available in the following contexts: dft (no sub-context).
//  command: exit 
