/home/cad/eda/Mentor_Graphics/tessent_2022.2/bin/tessent -shell -logfile ./logs/edt_lbist_05072026_modifyone.log -replace
//  Tessent Shell  2022.2    Fri May 27 22:24:01 GMT 2022
//                Unpublished work. Copyright 2022 Siemens
//
//      This material contains trade secrets or otherwise confidential 
//  information owned by Siemens Industry Software Inc. or its affiliates 
//   (collectively, "SISW"), or its licensors. Access to and use of this 
//     information is strictly limited as set forth in the Customer's 
//                   applicable agreements with SISW. 
//
//  Siemens software executing under x86-64 Linux on Wed Aug 05 18:46:50 IST 2026.
//  64 bit version
//  Host: mavenserver-RH3 (255072 MB RAM, 122071 MB Swap)
//
//  command: dofile dofile/lbist_occ_edt.do 
//  command: ################################
//  command: #uncore 
//  command: #LBIST EDT OCC
//  command: ################################
//  command: #set_context dft -help
//  command: set_context dft -rtl -design_identifier pass2_rtl 
//  command: set_tsdb_output_directory TSDB
//  command: read_cell_library ../../../libs/NangateOpenCellLibrary.tcelllib 
//  Reading DFT Library file ../../../libs/NangateOpenCellLibrary.tcelllib
//  Finished reading file ../../../libs/NangateOpenCellLibrary.tcelllib
//  command: set msrv_soc "/home1/PD07/AMuthuKKumar/DFT_SOC_PROJECT/rtl/"
//  command: set_design_sources -Y $msrv_soc/ -extension vh
//  command: #packages
//  command: read_verilog $msrv_soc/cvw.sv -format sv2012 -vcs_compatibility
//  command: read_verilog $msrv_soc/msrv_soc_uncore/*.sv -format sv2012 -vcs_compatibility
//  command: #Wrappers no need to read.
//  command: #read_verilog $msrv_soc/wrapper/msrv_soc_adrdecswrapper.sv -format sv2012 -vcs_compatibility 
//  command: #read_verilog $msrv_soc/wrapper/msrv_soc_ahbapbbridgewrapper.sv -format sv2012 -vcs_compatibility
//  command: #read_verilog $msrv_soc/wrapper/msrv_soc_clint_apbwrapper.sv -format sv2012 -vcs_compatibility
//  command: #read_verilog $msrv_soc/wrapper/msrv_soc_gpio_apbwrapper.sv -format sv2012 -vcs_compatibility
//  command: #read_verilog $msrv_soc/wrapper/msrv_soc_plic_apbwrapper.sv -format sv2012 -vcs_compatibility
//  command: #read_verilog $msrv_soc/wrapper/msrv_soc_spi_apbwrapper.sv -format sv2012 -vcs_compatibility
//  command: #read_verilog $msrv_soc/wrapper/msrv_soc_uart_apbwrapper.sv -format sv2012 -vcs_compatibility
//  command: #read_verilog $msrv_soc/wrapper/msrv_soc_flopenlwrapper.sv -format sv2012 -vcs_compatibility
//  command: #read_verilog $msrv_soc/wrapper/msrv_soc_flopenrwrapper.sv -format sv2012 -vcs_compatibility
//  command: read_verilog $msrv_soc/msrv_soc_mmu/msrv_soc_adrdec.sv -format sv2012 -vcs_compatibility
//  command: read_verilog $msrv_soc/msrv_soc_mmu/msrv_soc_adrdecs.sv -format sv2012 -vcs_compatibility
//  command: #read_verilog $msrv_soc/msrv_soc_mmu/*.sv -format sv2012 -vcs_compatibility
//  command: read_verilog $msrv_soc/msrv_soc_generic/*.sv -format sv2012 -vcs_compatibility
//  command: read_verilog $msrv_soc/msrv_soc_generic/msrv_soc_flop/*.sv -format sv2012 -vcs_compatibility
//  command: read_verilog $msrv_soc/wrapper/msrv_soc_uncorewrapper.sv -format sv2012 -vcs_compatibility
//  command: set_current_design msrv_soc_uncorewrapper -show_elaboration_warnings
//  Warning: Pin 'clk' of module 'msrv_soc_eeprom' is undefined, direction assumed to be input
//  Warning: Pin 'rst_n' of module 'msrv_soc_eeprom' is undefined, direction assumed to be input
//  Warning: Pin 'write_enable' of module 'msrv_soc_eeprom' is undefined, direction assumed to be input
//  Note: Changing pin 'CK' function from 'active_low_clock' to 'clock_in'
//        Model 'CLKGATE_X1' line 1266 file '../../../libs/NangateOpenCellLibrary.tcelllib'
//  Note: Changing pin 'CK' function from 'active_low_clock' to 'clock_in'
//        Model 'CLKGATE_X2' line 1282 file '../../../libs/NangateOpenCellLibrary.tcelllib'
//  Note: Changing pin 'CK' function from 'active_low_clock' to 'clock_in'
//        Model 'CLKGATE_X4' line 1298 file '../../../libs/NangateOpenCellLibrary.tcelllib'
//  Note: Changing pin 'CK' function from 'active_low_clock' to 'clock_in'
//        Model 'CLKGATE_X8' line 1314 file '../../../libs/NangateOpenCellLibrary.tcelllib'
//  Warning: Undefined modules were found.
//           Before using "set_system_mode" or "create_flat_model", you must either define
//           the missing modules using "read_verilog" and/or "read_cell_library", or use the
//           following command to treat them as black boxes:
             add_black_boxes -modules { \
                    msrv_soc_eeprom \
             }
//           You can also use "add_black_boxes -auto" to black box all undefined modules but
//           it is recommended that you do not add this command to your dofile. Doing so may
//           unintentionally black-box new undefined modules in future runs.
//  Warning: Floating input 'load' at instance 'hseldelayreg' in module 'msrv_soc_uncore@PV1'
//  Warning: Floating input 'reset' at instance 'hselbridgedelayreg' in module 'msrv_soc_uncore@PV1'
//  Warning: Net 'HRDATA[63]' in module 'msrv_soc_uncore@PV1' is not driven
//  Warning: Net 'HRDATA[62]' in module 'msrv_soc_uncore@PV1' is not driven
//  Warning: Net 'HRDATA[61]' in module 'msrv_soc_uncore@PV1' is not driven
//  Warning: Net 'HRDATA[60]' in module 'msrv_soc_uncore@PV1' is not driven
//  Warning: Net 'HRDATA[59]' in module 'msrv_soc_uncore@PV1' is not driven
//  Warning: Net 'HRDATA[58]' in module 'msrv_soc_uncore@PV1' is not driven
//  Warning: Net 'HRDATA[57]' in module 'msrv_soc_uncore@PV1' is not driven
//  Warning: Net 'HRDATA[56]' in module 'msrv_soc_uncore@PV1' is not driven
//  Warning: Net 'HRDATA[55]' in module 'msrv_soc_uncore@PV1' is not driven
//  Warning: Net 'HRDATA[54]' in module 'msrv_soc_uncore@PV1' is not driven
//  Warning: Net 'HRDATA[53]' in module 'msrv_soc_uncore@PV1' is not driven
//  Warning: Net 'HRDATA[52]' in module 'msrv_soc_uncore@PV1' is not driven
//  Warning: Net 'HRDATA[51]' in module 'msrv_soc_uncore@PV1' is not driven
//  Warning: Net 'HRDATA[50]' in module 'msrv_soc_uncore@PV1' is not driven
//  Warning: Net 'HRDATA[49]' in module 'msrv_soc_uncore@PV1' is not driven
//  Warning: Net 'HRDATA[48]' in module 'msrv_soc_uncore@PV1' is not driven
//  Warning: Net 'HRDATA[47]' in module 'msrv_soc_uncore@PV1' is not driven
//  Warning: Net 'HRDATA[46]' in module 'msrv_soc_uncore@PV1' is not driven
//  Warning: Net 'HRDATA[45]' in module 'msrv_soc_uncore@PV1' is not driven
//  Warning: Net 'HRDATA[44]' in module 'msrv_soc_uncore@PV1' is not driven
//  Warning: Net 'HRDATA[43]' in module 'msrv_soc_uncore@PV1' is not driven
//  Warning: Net 'HRDATA[42]' in module 'msrv_soc_uncore@PV1' is not driven
//  Warning: Net 'HRDATA[41]' in module 'msrv_soc_uncore@PV1' is not driven
//  Warning: Net 'HRDATA[40]' in module 'msrv_soc_uncore@PV1' is not driven
//  Warning: Net 'HRDATA[39]' in module 'msrv_soc_uncore@PV1' is not driven
//  Warning: Net 'HRDATA[38]' in module 'msrv_soc_uncore@PV1' is not driven
//  Warning: Net 'HRDATA[37]' in module 'msrv_soc_uncore@PV1' is not driven
//  Warning: Net 'HRDATA[36]' in module 'msrv_soc_uncore@PV1' is not driven
//  Warning: Net 'HRDATA[35]' in module 'msrv_soc_uncore@PV1' is not driven
//  Warning: Net 'HRDATA[34]' in module 'msrv_soc_uncore@PV1' is not driven
//  Warning: Net 'HRDATA[33]' in module 'msrv_soc_uncore@PV1' is not driven
//  Warning: Net 'HRDATA[32]' in module 'msrv_soc_uncore@PV1' is not driven
//  Warning: Net 'HRDATA[31]' in module 'msrv_soc_uncore@PV1' is not driven
//  Warning: Net 'HRDATA[30]' in module 'msrv_soc_uncore@PV1' is not driven
//  Warning: Net 'HRDATA[29]' in module 'msrv_soc_uncore@PV1' is not driven
//  Warning: Net 'HRDATA[28]' in module 'msrv_soc_uncore@PV1' is not driven
//  Warning: Net 'HRDATA[27]' in module 'msrv_soc_uncore@PV1' is not driven
//  Warning: Net 'HRDATA[26]' in module 'msrv_soc_uncore@PV1' is not driven
//  Warning: Net 'HRDATA[25]' in module 'msrv_soc_uncore@PV1' is not driven
//  Warning: Net 'HRDATA[24]' in module 'msrv_soc_uncore@PV1' is not driven
//  Warning: Net 'HRDATA[23]' in module 'msrv_soc_uncore@PV1' is not driven
//  Warning: Net 'HRDATA[22]' in module 'msrv_soc_uncore@PV1' is not driven
//  Warning: Net 'HRDATA[21]' in module 'msrv_soc_uncore@PV1' is not driven
//  Warning: Net 'HRDATA[20]' in module 'msrv_soc_uncore@PV1' is not driven
//  Warning: Net 'HRDATA[19]' in module 'msrv_soc_uncore@PV1' is not driven
//  Warning: Net 'HRDATA[18]' in module 'msrv_soc_uncore@PV1' is not driven
//  Warning: Net 'HRDATA[17]' in module 'msrv_soc_uncore@PV1' is not driven
//  Warning: Net 'HRDATA[16]' in module 'msrv_soc_uncore@PV1' is not driven
//  Warning: Net 'HRDATA[15]' in module 'msrv_soc_uncore@PV1' is not driven
//  Warning: Net 'HRDATA[14]' in module 'msrv_soc_uncore@PV1' is not driven
//  Warning: Net 'HRDATA[13]' in module 'msrv_soc_uncore@PV1' is not driven
//  Warning: Net 'HRDATA[12]' in module 'msrv_soc_uncore@PV1' is not driven
//  Warning: Net 'HRDATA[11]' in module 'msrv_soc_uncore@PV1' is not driven
//  Warning: Net 'HRDATA[10]' in module 'msrv_soc_uncore@PV1' is not driven
//  Warning: Net 'HRDATA[9]' in module 'msrv_soc_uncore@PV1' is not driven
//  Warning: Net 'HRDATA[8]' in module 'msrv_soc_uncore@PV1' is not driven
//  Warning: Net 'HRDATA[7]' in module 'msrv_soc_uncore@PV1' is not driven
//  Warning: Net 'HRDATA[6]' in module 'msrv_soc_uncore@PV1' is not driven
//  Warning: Net 'HRDATA[5]' in module 'msrv_soc_uncore@PV1' is not driven
//  Warning: Net 'HRDATA[4]' in module 'msrv_soc_uncore@PV1' is not driven
//  Warning: Net 'HRDATA[3]' in module 'msrv_soc_uncore@PV1' is not driven
//  Warning: Net 'HRDATA[2]' in module 'msrv_soc_uncore@PV1' is not driven
//  Warning: Net 'HRDATA[1]' in module 'msrv_soc_uncore@PV1' is not driven
//  Warning: Net 'HRDATA[0]' in module 'msrv_soc_uncore@PV1' is not driven
//  Warning: Net 'HREADY' in module 'msrv_soc_uncore@PV1' is not driven
//  Warning: Net 'HRESP' in module 'msrv_soc_uncore@PV1' is not driven
//  Warning: Net 'HREADRam[63]' in module 'msrv_soc_uncore@PV1' has no pins
//  Warning: Net 'HREADRam[62]' in module 'msrv_soc_uncore@PV1' has no pins
//  Warning: Net 'HREADRam[61]' in module 'msrv_soc_uncore@PV1' has no pins
//  Warning: Net 'HREADRam[60]' in module 'msrv_soc_uncore@PV1' has no pins
//  Warning: Net 'HREADRam[59]' in module 'msrv_soc_uncore@PV1' has no pins
//  Warning: Net 'HREADRam[58]' in module 'msrv_soc_uncore@PV1' has no pins
//  Warning: Net 'HREADRam[57]' in module 'msrv_soc_uncore@PV1' has no pins
//  Warning: Net 'HREADRam[56]' in module 'msrv_soc_uncore@PV1' has no pins
//  Warning: Net 'HREADRam[55]' in module 'msrv_soc_uncore@PV1' has no pins
//  Warning: Net 'HREADRam[54]' in module 'msrv_soc_uncore@PV1' has no pins
//  Warning: Net 'HREADRam[53]' in module 'msrv_soc_uncore@PV1' has no pins
//  Warning: Net 'HREADRam[52]' in module 'msrv_soc_uncore@PV1' has no pins
//  Warning: Net 'HREADRam[51]' in module 'msrv_soc_uncore@PV1' has no pins
//  Warning: Net 'HREADRam[50]' in module 'msrv_soc_uncore@PV1' has no pins
//  Warning: Net 'HREADRam[49]' in module 'msrv_soc_uncore@PV1' has no pins
//  Warning: Net 'HREADRam[48]' in module 'msrv_soc_uncore@PV1' has no pins
//  Warning: Net 'HREADRam[47]' in module 'msrv_soc_uncore@PV1' has no pins
//  Warning: Net 'HREADRam[46]' in module 'msrv_soc_uncore@PV1' has no pins
//  Warning: Net 'HREADRam[45]' in module 'msrv_soc_uncore@PV1' has no pins
//  Warning: Net 'HREADRam[44]' in module 'msrv_soc_uncore@PV1' has no pins
//  Warning: Net 'HREADRam[43]' in module 'msrv_soc_uncore@PV1' has no pins
//  Warning: Net 'HREADRam[42]' in module 'msrv_soc_uncore@PV1' has no pins
//  Warning: Net 'HREADRam[41]' in module 'msrv_soc_uncore@PV1' has no pins
//  Warning: Net 'HREADRam[40]' in module 'msrv_soc_uncore@PV1' has no pins
//  Warning: Net 'HREADRam[39]' in module 'msrv_soc_uncore@PV1' has no pins
//  Warning: Net 'HREADRam[38]' in module 'msrv_soc_uncore@PV1' has no pins
//  Warning: Net 'HREADRam[37]' in module 'msrv_soc_uncore@PV1' has no pins
//  Warning: Net 'HREADRam[36]' in module 'msrv_soc_uncore@PV1' has no pins
//  Warning: Net 'HREADRam[35]' in module 'msrv_soc_uncore@PV1' has no pins
//  Warning: Net 'HREADRam[34]' in module 'msrv_soc_uncore@PV1' has no pins
//  Warning: Net 'HREADRam[33]' in module 'msrv_soc_uncore@PV1' has no pins
//  Warning: Net 'HREADRam[32]' in module 'msrv_soc_uncore@PV1' has no pins
//  Warning: Net 'HREADRam[31]' in module 'msrv_soc_uncore@PV1' has no pins
//  Warning: Net 'HREADRam[30]' in module 'msrv_soc_uncore@PV1' has no pins
//  Warning: Net 'HREADRam[29]' in module 'msrv_soc_uncore@PV1' has no pins
//  Warning: Net 'HREADRam[28]' in module 'msrv_soc_uncore@PV1' has no pins
//  Warning: Net 'HREADRam[27]' in module 'msrv_soc_uncore@PV1' has no pins
//  Warning: Net 'HREADRam[26]' in module 'msrv_soc_uncore@PV1' has no pins
//  Warning: Net 'HREADRam[25]' in module 'msrv_soc_uncore@PV1' has no pins
//  Warning: Net 'HREADRam[24]' in module 'msrv_soc_uncore@PV1' has no pins
//  Warning: Net 'HREADRam[23]' in module 'msrv_soc_uncore@PV1' has no pins
//  Warning: Net 'HREADRam[22]' in module 'msrv_soc_uncore@PV1' has no pins
//  Warning: Net 'HREADRam[21]' in module 'msrv_soc_uncore@PV1' has no pins
//  Warning: Net 'HREADRam[20]' in module 'msrv_soc_uncore@PV1' has no pins
//  Warning: Net 'HREADRam[19]' in module 'msrv_soc_uncore@PV1' has no pins
//  Warning: Net 'HREADRam[18]' in module 'msrv_soc_uncore@PV1' has no pins
//  Warning: Net 'HREADRam[17]' in module 'msrv_soc_uncore@PV1' has no pins
//  Warning: Net 'HREADRam[16]' in module 'msrv_soc_uncore@PV1' has no pins
//  Warning: Net 'HREADRam[15]' in module 'msrv_soc_uncore@PV1' has no pins
//  Warning: Net 'HREADRam[14]' in module 'msrv_soc_uncore@PV1' has no pins
//  Warning: Net 'HREADRam[13]' in module 'msrv_soc_uncore@PV1' has no pins
//  Warning: Net 'HREADRam[12]' in module 'msrv_soc_uncore@PV1' has no pins
//  Warning: Net 'HREADRam[11]' in module 'msrv_soc_uncore@PV1' has no pins
//  Warning: Net 'HREADRam[10]' in module 'msrv_soc_uncore@PV1' has no pins
//  Warning: Net 'HREADRam[9]' in module 'msrv_soc_uncore@PV1' has no pins
//  Warning: Net 'HREADRam[8]' in module 'msrv_soc_uncore@PV1' has no pins
//  Warning: Net 'HREADRam[7]' in module 'msrv_soc_uncore@PV1' has no pins
//  Warning: Net 'HREADRam[6]' in module 'msrv_soc_uncore@PV1' has no pins
//  Warning: Net 'HREADRam[5]' in module 'msrv_soc_uncore@PV1' has no pins
//  Warning: Net 'HREADRam[4]' in module 'msrv_soc_uncore@PV1' has no pins
//  Warning: Net 'HREADRam[3]' in module 'msrv_soc_uncore@PV1' has no pins
//  Warning: Net 'HREADRam[2]' in module 'msrv_soc_uncore@PV1' has no pins
//  Warning: Net 'HREADRam[1]' in module 'msrv_soc_uncore@PV1' has no pins
//  Warning: Net 'HREADRam[0]' in module 'msrv_soc_uncore@PV1' has no pins
//  Warning: Net 'HREADSDC[63]' in module 'msrv_soc_uncore@PV1' has no pins
//  Warning: Net 'HREADSDC[62]' in module 'msrv_soc_uncore@PV1' has no pins
//  Warning: Net 'HREADSDC[61]' in module 'msrv_soc_uncore@PV1' has no pins
//  Warning: Net 'HREADSDC[60]' in module 'msrv_soc_uncore@PV1' has no pins
//  Warning: Net 'HREADSDC[59]' in module 'msrv_soc_uncore@PV1' has no pins
//  Warning: Net 'HREADSDC[58]' in module 'msrv_soc_uncore@PV1' has no pins
//  Warning: Net 'HREADSDC[57]' in module 'msrv_soc_uncore@PV1' has no pins
//  Warning: Net 'HREADSDC[56]' in module 'msrv_soc_uncore@PV1' has no pins
//  Warning: Net 'HREADSDC[55]' in module 'msrv_soc_uncore@PV1' has no pins
//  Warning: Net 'HREADSDC[54]' in module 'msrv_soc_uncore@PV1' has no pins
//  Warning: Net 'HREADSDC[53]' in module 'msrv_soc_uncore@PV1' has no pins
//  Warning: Net 'HREADSDC[52]' in module 'msrv_soc_uncore@PV1' has no pins
//  Warning: Net 'HREADSDC[51]' in module 'msrv_soc_uncore@PV1' has no pins
//  Warning: Net 'HREADSDC[50]' in module 'msrv_soc_uncore@PV1' has no pins
//  Warning: Net 'HREADSDC[49]' in module 'msrv_soc_uncore@PV1' has no pins
//  Warning: Net 'HREADSDC[48]' in module 'msrv_soc_uncore@PV1' has no pins
//  Warning: Net 'HREADSDC[47]' in module 'msrv_soc_uncore@PV1' has no pins
//  Warning: Net 'HREADSDC[46]' in module 'msrv_soc_uncore@PV1' has no pins
//  Warning: Net 'HREADSDC[45]' in module 'msrv_soc_uncore@PV1' has no pins
//  Warning: Net 'HREADSDC[44]' in module 'msrv_soc_uncore@PV1' has no pins
//  Warning: Net 'HREADSDC[43]' in module 'msrv_soc_uncore@PV1' has no pins
//  Warning: Net 'HREADSDC[42]' in module 'msrv_soc_uncore@PV1' has no pins
//  Warning: Net 'HREADSDC[41]' in module 'msrv_soc_uncore@PV1' has no pins
//  Warning: Net 'HREADSDC[40]' in module 'msrv_soc_uncore@PV1' has no pins
//  Warning: Net 'HREADSDC[39]' in module 'msrv_soc_uncore@PV1' has no pins
//  Warning: Net 'HREADSDC[38]' in module 'msrv_soc_uncore@PV1' has no pins
//  Warning: Net 'HREADSDC[37]' in module 'msrv_soc_uncore@PV1' has no pins
//  Warning: Net 'HREADSDC[36]' in module 'msrv_soc_uncore@PV1' has no pins
//  Warning: Net 'HREADSDC[35]' in module 'msrv_soc_uncore@PV1' has no pins
//  Warning: Net 'HREADSDC[34]' in module 'msrv_soc_uncore@PV1' has no pins
//  Warning: Net 'HREADSDC[33]' in module 'msrv_soc_uncore@PV1' has no pins
//  Warning: Net 'HREADSDC[32]' in module 'msrv_soc_uncore@PV1' has no pins
//  Warning: Net 'HREADSDC[31]' in module 'msrv_soc_uncore@PV1' has no pins
//  Warning: Net 'HREADSDC[30]' in module 'msrv_soc_uncore@PV1' has no pins
//  Warning: Net 'HREADSDC[29]' in module 'msrv_soc_uncore@PV1' has no pins
//  Warning: Net 'HREADSDC[28]' in module 'msrv_soc_uncore@PV1' has no pins
//  Warning: Net 'HREADSDC[27]' in module 'msrv_soc_uncore@PV1' has no pins
//  Warning: Net 'HREADSDC[26]' in module 'msrv_soc_uncore@PV1' has no pins
//  Warning: Net 'HREADSDC[25]' in module 'msrv_soc_uncore@PV1' has no pins
//  Warning: Net 'HREADSDC[24]' in module 'msrv_soc_uncore@PV1' has no pins
//  Warning: Net 'HREADSDC[23]' in module 'msrv_soc_uncore@PV1' has no pins
//  Warning: Net 'HREADSDC[22]' in module 'msrv_soc_uncore@PV1' has no pins
//  Warning: Net 'HREADSDC[21]' in module 'msrv_soc_uncore@PV1' has no pins
//  Warning: Net 'HREADSDC[20]' in module 'msrv_soc_uncore@PV1' has no pins
//  Warning: Net 'HREADSDC[19]' in module 'msrv_soc_uncore@PV1' has no pins
//  Warning: Net 'HREADSDC[18]' in module 'msrv_soc_uncore@PV1' has no pins
//  Warning: Net 'HREADSDC[17]' in module 'msrv_soc_uncore@PV1' has no pins
//  Warning: Net 'HREADSDC[16]' in module 'msrv_soc_uncore@PV1' has no pins
//  Warning: Net 'HREADSDC[15]' in module 'msrv_soc_uncore@PV1' has no pins
//  Warning: Net 'HREADSDC[14]' in module 'msrv_soc_uncore@PV1' has no pins
//  Warning: Net 'HREADSDC[13]' in module 'msrv_soc_uncore@PV1' has no pins
//  Warning: Net 'HREADSDC[12]' in module 'msrv_soc_uncore@PV1' has no pins
//  Warning: Net 'HREADSDC[11]' in module 'msrv_soc_uncore@PV1' has no pins
//  Warning: Net 'HREADSDC[10]' in module 'msrv_soc_uncore@PV1' has no pins
//  Warning: Net 'HREADSDC[9]' in module 'msrv_soc_uncore@PV1' has no pins
//  Warning: Net 'HREADSDC[8]' in module 'msrv_soc_uncore@PV1' has no pins
//  Warning: Net 'HREADSDC[7]' in module 'msrv_soc_uncore@PV1' has no pins
//  Warning: Net 'HREADSDC[6]' in module 'msrv_soc_uncore@PV1' has no pins
//  Warning: Net 'HREADSDC[5]' in module 'msrv_soc_uncore@PV1' has no pins
//  Warning: Net 'HREADSDC[4]' in module 'msrv_soc_uncore@PV1' has no pins
//  Warning: Net 'HREADSDC[3]' in module 'msrv_soc_uncore@PV1' has no pins
//  Warning: Net 'HREADSDC[2]' in module 'msrv_soc_uncore@PV1' has no pins
//  Warning: Net 'HREADSDC[1]' in module 'msrv_soc_uncore@PV1' has no pins
//  Warning: Net 'HREADSDC[0]' in module 'msrv_soc_uncore@PV1' has no pins
//  Warning: Net 'HSELSDCD' in module 'msrv_soc_uncore@PV1' has no pins
//  Warning: Net 'HRESPRam' in module 'msrv_soc_uncore@PV1' has no pins
//  Warning: Net 'HRESPSDC' in module 'msrv_soc_uncore@PV1' has no pins
//  Warning: Net 'HREADYRam' in module 'msrv_soc_uncore@PV1' has no pins
//  Warning: Net 'HRESPSDCD' in module 'msrv_soc_uncore@PV1' has no pins
//  Warning: Net 'HREADYSDC' in module 'msrv_soc_uncore@PV1' has no pins
//  Warning: Net 'SDCIntM' in module 'msrv_soc_uncore@PV1' has no pins
//  Warning: Net 'HSELBRIDGE' in module 'msrv_soc_uncore@PV1' is not driven
//  Warning: Net 'aux_in[8]' in module 'msrv_soc_uncore@PV1' is not driven
//  Warning: Net 'aux_in[6]' in module 'msrv_soc_uncore@PV1' is not driven
//  Warning: Floating input 'Base[55]' at instance 'dtimdec' in module 'msrv_soc_adrdecs@PV1'
//  Warning: Floating input 'Base[54]' at instance 'dtimdec' in module 'msrv_soc_adrdecs@PV1'
//  Warning: Floating input 'Base[53]' at instance 'dtimdec' in module 'msrv_soc_adrdecs@PV1'
//  Warning: Floating input 'Base[52]' at instance 'dtimdec' in module 'msrv_soc_adrdecs@PV1'
//  Warning: Floating input 'Base[51]' at instance 'dtimdec' in module 'msrv_soc_adrdecs@PV1'
//  Warning: Floating input 'Base[50]' at instance 'dtimdec' in module 'msrv_soc_adrdecs@PV1'
//  Warning: Floating input 'Base[49]' at instance 'dtimdec' in module 'msrv_soc_adrdecs@PV1'
//  Warning: Floating input 'Base[48]' at instance 'dtimdec' in module 'msrv_soc_adrdecs@PV1'
//  Warning: Floating input 'Base[47]' at instance 'dtimdec' in module 'msrv_soc_adrdecs@PV1'
//  Warning: Floating input 'Base[46]' at instance 'dtimdec' in module 'msrv_soc_adrdecs@PV1'
//  Warning: Floating input 'Base[45]' at instance 'dtimdec' in module 'msrv_soc_adrdecs@PV1'
//  Warning: Floating input 'Base[44]' at instance 'dtimdec' in module 'msrv_soc_adrdecs@PV1'
//  Warning: Floating input 'Base[43]' at instance 'dtimdec' in module 'msrv_soc_adrdecs@PV1'
//  Warning: Floating input 'Base[42]' at instance 'dtimdec' in module 'msrv_soc_adrdecs@PV1'
//  Warning: Floating input 'Base[41]' at instance 'dtimdec' in module 'msrv_soc_adrdecs@PV1'
//  Warning: Floating input 'Base[40]' at instance 'dtimdec' in module 'msrv_soc_adrdecs@PV1'
//  Warning: Floating input 'Base[39]' at instance 'dtimdec' in module 'msrv_soc_adrdecs@PV1'
//  Warning: Floating input 'Base[38]' at instance 'dtimdec' in module 'msrv_soc_adrdecs@PV1'
//  Warning: Floating input 'Base[37]' at instance 'dtimdec' in module 'msrv_soc_adrdecs@PV1'
//  Warning: Floating input 'Base[36]' at instance 'dtimdec' in module 'msrv_soc_adrdecs@PV1'
//  Warning: Floating input 'Base[35]' at instance 'dtimdec' in module 'msrv_soc_adrdecs@PV1'
//  Warning: Floating input 'Base[34]' at instance 'dtimdec' in module 'msrv_soc_adrdecs@PV1'
//  Warning: Floating input 'Base[33]' at instance 'dtimdec' in module 'msrv_soc_adrdecs@PV1'
//  Warning: Floating input 'Base[32]' at instance 'dtimdec' in module 'msrv_soc_adrdecs@PV1'
//  Warning: Floating input 'Base[31]' at instance 'dtimdec' in module 'msrv_soc_adrdecs@PV1'
//  Warning: Floating input 'Base[30]' at instance 'dtimdec' in module 'msrv_soc_adrdecs@PV1'
//  Warning: Floating input 'Base[29]' at instance 'dtimdec' in module 'msrv_soc_adrdecs@PV1'
//  Warning: Floating input 'Base[28]' at instance 'dtimdec' in module 'msrv_soc_adrdecs@PV1'
//  Warning: Floating input 'Base[27]' at instance 'dtimdec' in module 'msrv_soc_adrdecs@PV1'
//  Warning: Floating input 'Base[26]' at instance 'dtimdec' in module 'msrv_soc_adrdecs@PV1'
//  Warning: Floating input 'Base[25]' at instance 'dtimdec' in module 'msrv_soc_adrdecs@PV1'
//  Warning: Floating input 'Base[24]' at instance 'dtimdec' in module 'msrv_soc_adrdecs@PV1'
//  Warning: Floating input 'Base[23]' at instance 'dtimdec' in module 'msrv_soc_adrdecs@PV1'
//  Warning: Floating input 'Base[22]' at instance 'dtimdec' in module 'msrv_soc_adrdecs@PV1'
//  Warning: Floating input 'Base[21]' at instance 'dtimdec' in module 'msrv_soc_adrdecs@PV1'
//  Warning: Floating input 'Base[20]' at instance 'dtimdec' in module 'msrv_soc_adrdecs@PV1'
//  Warning: Floating input 'Base[19]' at instance 'dtimdec' in module 'msrv_soc_adrdecs@PV1'
//  Warning: Floating input 'Base[18]' at instance 'dtimdec' in module 'msrv_soc_adrdecs@PV1'
//  Warning: Floating input 'Base[17]' at instance 'dtimdec' in module 'msrv_soc_adrdecs@PV1'
//  Warning: Floating input 'Base[16]' at instance 'dtimdec' in module 'msrv_soc_adrdecs@PV1'
//  Warning: Floating input 'Base[15]' at instance 'dtimdec' in module 'msrv_soc_adrdecs@PV1'
//  Warning: Floating input 'Base[14]' at instance 'dtimdec' in module 'msrv_soc_adrdecs@PV1'
//  Warning: Floating input 'Base[13]' at instance 'dtimdec' in module 'msrv_soc_adrdecs@PV1'
//  Warning: Floating input 'Base[12]' at instance 'dtimdec' in module 'msrv_soc_adrdecs@PV1'
//  Warning: Floating input 'Base[11]' at instance 'dtimdec' in module 'msrv_soc_adrdecs@PV1'
//  Warning: Floating input 'Base[10]' at instance 'dtimdec' in module 'msrv_soc_adrdecs@PV1'
//  Warning: Floating input 'Base[9]' at instance 'dtimdec' in module 'msrv_soc_adrdecs@PV1'
//  Warning: Floating input 'Base[8]' at instance 'dtimdec' in module 'msrv_soc_adrdecs@PV1'
//  Warning: Floating input 'Base[7]' at instance 'dtimdec' in module 'msrv_soc_adrdecs@PV1'
//  Warning: Floating input 'Base[6]' at instance 'dtimdec' in module 'msrv_soc_adrdecs@PV1'
//  Warning: Floating input 'Base[5]' at instance 'dtimdec' in module 'msrv_soc_adrdecs@PV1'
//  Warning: Floating input 'Base[4]' at instance 'dtimdec' in module 'msrv_soc_adrdecs@PV1'
//  Warning: Floating input 'Base[3]' at instance 'dtimdec' in module 'msrv_soc_adrdecs@PV1'
//  Warning: Floating input 'Base[2]' at instance 'dtimdec' in module 'msrv_soc_adrdecs@PV1'
//  Warning: Floating input 'Base[1]' at instance 'dtimdec' in module 'msrv_soc_adrdecs@PV1'
//  Warning: Floating input 'Base[0]' at instance 'dtimdec' in module 'msrv_soc_adrdecs@PV1'
//  Warning: Floating input 'Range[55]' at instance 'dtimdec' in module 'msrv_soc_adrdecs@PV1'
//  Warning: Floating input 'Range[54]' at instance 'dtimdec' in module 'msrv_soc_adrdecs@PV1'
//  Warning: Floating input 'Range[53]' at instance 'dtimdec' in module 'msrv_soc_adrdecs@PV1'
//  Warning: Floating input 'Range[52]' at instance 'dtimdec' in module 'msrv_soc_adrdecs@PV1'
//  Warning: Floating input 'Range[51]' at instance 'dtimdec' in module 'msrv_soc_adrdecs@PV1'
//  Warning: Floating input 'Range[50]' at instance 'dtimdec' in module 'msrv_soc_adrdecs@PV1'
//  Warning: Floating input 'Range[49]' at instance 'dtimdec' in module 'msrv_soc_adrdecs@PV1'
//  Warning: Floating input 'Range[48]' at instance 'dtimdec' in module 'msrv_soc_adrdecs@PV1'
//  Warning: Floating input 'Range[47]' at instance 'dtimdec' in module 'msrv_soc_adrdecs@PV1'
//  Warning: Floating input 'Range[46]' at instance 'dtimdec' in module 'msrv_soc_adrdecs@PV1'
//  Warning: Floating input 'Range[45]' at instance 'dtimdec' in module 'msrv_soc_adrdecs@PV1'
//  Warning: Floating input 'Range[44]' at instance 'dtimdec' in module 'msrv_soc_adrdecs@PV1'
//  Warning: Floating input 'Range[43]' at instance 'dtimdec' in module 'msrv_soc_adrdecs@PV1'
//  Warning: Floating input 'Range[42]' at instance 'dtimdec' in module 'msrv_soc_adrdecs@PV1'
//  Warning: Floating input 'Range[41]' at instance 'dtimdec' in module 'msrv_soc_adrdecs@PV1'
//  Warning: Floating input 'Range[40]' at instance 'dtimdec' in module 'msrv_soc_adrdecs@PV1'
//  Warning: Floating input 'Range[39]' at instance 'dtimdec' in module 'msrv_soc_adrdecs@PV1'
//  Warning: Floating input 'Range[38]' at instance 'dtimdec' in module 'msrv_soc_adrdecs@PV1'
//  Warning: Floating input 'Range[37]' at instance 'dtimdec' in module 'msrv_soc_adrdecs@PV1'
//  Warning: Floating input 'Range[36]' at instance 'dtimdec' in module 'msrv_soc_adrdecs@PV1'
//  Warning: Floating input 'Range[35]' at instance 'dtimdec' in module 'msrv_soc_adrdecs@PV1'
//  Warning: Floating input 'Range[34]' at instance 'dtimdec' in module 'msrv_soc_adrdecs@PV1'
//  Warning: Floating input 'Range[33]' at instance 'dtimdec' in module 'msrv_soc_adrdecs@PV1'
//  Warning: Floating input 'Range[32]' at instance 'dtimdec' in module 'msrv_soc_adrdecs@PV1'
//  Warning: Floating input 'Range[31]' at instance 'dtimdec' in module 'msrv_soc_adrdecs@PV1'
//  Warning: Floating input 'Range[30]' at instance 'dtimdec' in module 'msrv_soc_adrdecs@PV1'
//  Warning: Floating input 'Range[29]' at instance 'dtimdec' in module 'msrv_soc_adrdecs@PV1'
//  Warning: Floating input 'Range[28]' at instance 'dtimdec' in module 'msrv_soc_adrdecs@PV1'
//  Warning: Floating input 'Range[27]' at instance 'dtimdec' in module 'msrv_soc_adrdecs@PV1'
//  Warning: Floating input 'Range[26]' at instance 'dtimdec' in module 'msrv_soc_adrdecs@PV1'
//  Warning: Floating input 'Range[25]' at instance 'dtimdec' in module 'msrv_soc_adrdecs@PV1'
//  Warning: Floating input 'Range[24]' at instance 'dtimdec' in module 'msrv_soc_adrdecs@PV1'
//  Warning: Floating input 'Range[23]' at instance 'dtimdec' in module 'msrv_soc_adrdecs@PV1'
//  Warning: Floating input 'Range[22]' at instance 'dtimdec' in module 'msrv_soc_adrdecs@PV1'
//  Warning: Floating input 'Range[21]' at instance 'dtimdec' in module 'msrv_soc_adrdecs@PV1'
//  Warning: Floating input 'Range[20]' at instance 'dtimdec' in module 'msrv_soc_adrdecs@PV1'
//  Warning: Floating input 'Range[19]' at instance 'dtimdec' in module 'msrv_soc_adrdecs@PV1'
//  Warning: Floating input 'Range[18]' at instance 'dtimdec' in module 'msrv_soc_adrdecs@PV1'
//  Warning: Floating input 'Range[17]' at instance 'dtimdec' in module 'msrv_soc_adrdecs@PV1'
//  Warning: Floating input 'Range[16]' at instance 'dtimdec' in module 'msrv_soc_adrdecs@PV1'
//  Warning: Floating input 'Range[15]' at instance 'dtimdec' in module 'msrv_soc_adrdecs@PV1'
//  Warning: Floating input 'Range[14]' at instance 'dtimdec' in module 'msrv_soc_adrdecs@PV1'
//  Warning: Floating input 'Range[13]' at instance 'dtimdec' in module 'msrv_soc_adrdecs@PV1'
//  Warning: Floating input 'Range[12]' at instance 'dtimdec' in module 'msrv_soc_adrdecs@PV1'
//  Warning: Floating input 'Range[11]' at instance 'dtimdec' in module 'msrv_soc_adrdecs@PV1'
//  Warning: Floating input 'Range[10]' at instance 'dtimdec' in module 'msrv_soc_adrdecs@PV1'
//  Warning: Floating input 'Range[9]' at instance 'dtimdec' in module 'msrv_soc_adrdecs@PV1'
//  Warning: Floating input 'Range[8]' at instance 'dtimdec' in module 'msrv_soc_adrdecs@PV1'
//  Warning: Floating input 'Range[7]' at instance 'dtimdec' in module 'msrv_soc_adrdecs@PV1'
//  Warning: Floating input 'Range[6]' at instance 'dtimdec' in module 'msrv_soc_adrdecs@PV1'
//  Warning: Floating input 'Range[5]' at instance 'dtimdec' in module 'msrv_soc_adrdecs@PV1'
//  Warning: Floating input 'Range[4]' at instance 'dtimdec' in module 'msrv_soc_adrdecs@PV1'
//  Warning: Floating input 'Range[3]' at instance 'dtimdec' in module 'msrv_soc_adrdecs@PV1'
//  Warning: Floating input 'Range[2]' at instance 'dtimdec' in module 'msrv_soc_adrdecs@PV1'
//  Warning: Floating input 'Range[1]' at instance 'dtimdec' in module 'msrv_soc_adrdecs@PV1'
//  Warning: Floating input 'Range[0]' at instance 'dtimdec' in module 'msrv_soc_adrdecs@PV1'
//  Warning: Floating input 'Supported' at instance 'dtimdec' in module 'msrv_soc_adrdecs@PV1'
//  Warning: Floating input 'Base[55]' at instance 'iromdec' in module 'msrv_soc_adrdecs@PV1'
//  Warning: Floating input 'Base[54]' at instance 'iromdec' in module 'msrv_soc_adrdecs@PV1'
//  Warning: Floating input 'Base[53]' at instance 'iromdec' in module 'msrv_soc_adrdecs@PV1'
//  Warning: Floating input 'Base[52]' at instance 'iromdec' in module 'msrv_soc_adrdecs@PV1'
//  Warning: Floating input 'Base[51]' at instance 'iromdec' in module 'msrv_soc_adrdecs@PV1'
//  Warning: Floating input 'Base[50]' at instance 'iromdec' in module 'msrv_soc_adrdecs@PV1'
//  Warning: Floating input 'Base[49]' at instance 'iromdec' in module 'msrv_soc_adrdecs@PV1'
//  Warning: Floating input 'Base[48]' at instance 'iromdec' in module 'msrv_soc_adrdecs@PV1'
//  Warning: Floating input 'Base[47]' at instance 'iromdec' in module 'msrv_soc_adrdecs@PV1'
//  Warning: Floating input 'Base[46]' at instance 'iromdec' in module 'msrv_soc_adrdecs@PV1'
//  Warning: Floating input 'Base[45]' at instance 'iromdec' in module 'msrv_soc_adrdecs@PV1'
//  Warning: Floating input 'Base[44]' at instance 'iromdec' in module 'msrv_soc_adrdecs@PV1'
//  Warning: Floating input 'Base[43]' at instance 'iromdec' in module 'msrv_soc_adrdecs@PV1'
//  Warning: Floating input 'Base[42]' at instance 'iromdec' in module 'msrv_soc_adrdecs@PV1'
//  Warning: Floating input 'Base[41]' at instance 'iromdec' in module 'msrv_soc_adrdecs@PV1'
//  Warning: Floating input 'Base[40]' at instance 'iromdec' in module 'msrv_soc_adrdecs@PV1'
//  Warning: Floating input 'Base[39]' at instance 'iromdec' in module 'msrv_soc_adrdecs@PV1'
//  Warning: Floating input 'Base[38]' at instance 'iromdec' in module 'msrv_soc_adrdecs@PV1'
//  Warning: Floating input 'Base[37]' at instance 'iromdec' in module 'msrv_soc_adrdecs@PV1'
//  Warning: Floating input 'Base[36]' at instance 'iromdec' in module 'msrv_soc_adrdecs@PV1'
//  Warning: Floating input 'Base[35]' at instance 'iromdec' in module 'msrv_soc_adrdecs@PV1'
//  Warning: Floating input 'Base[34]' at instance 'iromdec' in module 'msrv_soc_adrdecs@PV1'
//  Warning: Floating input 'Base[33]' at instance 'iromdec' in module 'msrv_soc_adrdecs@PV1'
//  Warning: Floating input 'Base[32]' at instance 'iromdec' in module 'msrv_soc_adrdecs@PV1'
//  Warning: Floating input 'Base[31]' at instance 'iromdec' in module 'msrv_soc_adrdecs@PV1'
//  Warning: Floating input 'Base[30]' at instance 'iromdec' in module 'msrv_soc_adrdecs@PV1'
//  Warning: Floating input 'Base[29]' at instance 'iromdec' in module 'msrv_soc_adrdecs@PV1'
//  Warning: Floating input 'Base[28]' at instance 'iromdec' in module 'msrv_soc_adrdecs@PV1'
//  Warning: Floating input 'Base[27]' at instance 'iromdec' in module 'msrv_soc_adrdecs@PV1'
//  Warning: Floating input 'Base[26]' at instance 'iromdec' in module 'msrv_soc_adrdecs@PV1'
//  Warning: Floating input 'Base[25]' at instance 'iromdec' in module 'msrv_soc_adrdecs@PV1'
//  Warning: Floating input 'Base[24]' at instance 'iromdec' in module 'msrv_soc_adrdecs@PV1'
//  Warning: Floating input 'Base[23]' at instance 'iromdec' in module 'msrv_soc_adrdecs@PV1'
//  Warning: Floating input 'Base[22]' at instance 'iromdec' in module 'msrv_soc_adrdecs@PV1'
//  Warning: Floating input 'Base[21]' at instance 'iromdec' in module 'msrv_soc_adrdecs@PV1'
//  Warning: Floating input 'Base[20]' at instance 'iromdec' in module 'msrv_soc_adrdecs@PV1'
//  Warning: Floating input 'Base[19]' at instance 'iromdec' in module 'msrv_soc_adrdecs@PV1'
//  Warning: Floating input 'Base[18]' at instance 'iromdec' in module 'msrv_soc_adrdecs@PV1'
//  Warning: Floating input 'Base[17]' at instance 'iromdec' in module 'msrv_soc_adrdecs@PV1'
//  Warning: Floating input 'Base[16]' at instance 'iromdec' in module 'msrv_soc_adrdecs@PV1'
//  Warning: Floating input 'Base[15]' at instance 'iromdec' in module 'msrv_soc_adrdecs@PV1'
//  Warning: Floating input 'Base[14]' at instance 'iromdec' in module 'msrv_soc_adrdecs@PV1'
//  Warning: Floating input 'Base[13]' at instance 'iromdec' in module 'msrv_soc_adrdecs@PV1'
//  Warning: Floating input 'Base[12]' at instance 'iromdec' in module 'msrv_soc_adrdecs@PV1'
//  Warning: Floating input 'Base[11]' at instance 'iromdec' in module 'msrv_soc_adrdecs@PV1'
//  Warning: Floating input 'Base[10]' at instance 'iromdec' in module 'msrv_soc_adrdecs@PV1'
//  Warning: Floating input 'Base[9]' at instance 'iromdec' in module 'msrv_soc_adrdecs@PV1'
//  Warning: Floating input 'Base[8]' at instance 'iromdec' in module 'msrv_soc_adrdecs@PV1'
//  Warning: Floating input 'Base[7]' at instance 'iromdec' in module 'msrv_soc_adrdecs@PV1'
//  Warning: Floating input 'Base[6]' at instance 'iromdec' in module 'msrv_soc_adrdecs@PV1'
//  Warning: Floating input 'Base[5]' at instance 'iromdec' in module 'msrv_soc_adrdecs@PV1'
//  Warning: Floating input 'Base[4]' at instance 'iromdec' in module 'msrv_soc_adrdecs@PV1'
//  Warning: Floating input 'Base[3]' at instance 'iromdec' in module 'msrv_soc_adrdecs@PV1'
//  Warning: Floating input 'Base[2]' at instance 'iromdec' in module 'msrv_soc_adrdecs@PV1'
//  Warning: Floating input 'Base[1]' at instance 'iromdec' in module 'msrv_soc_adrdecs@PV1'
//  Warning: Floating input 'Base[0]' at instance 'iromdec' in module 'msrv_soc_adrdecs@PV1'
//  Warning: Floating input 'Range[55]' at instance 'iromdec' in module 'msrv_soc_adrdecs@PV1'
//  Warning: Floating input 'Range[54]' at instance 'iromdec' in module 'msrv_soc_adrdecs@PV1'
//  Warning: Floating input 'Range[53]' at instance 'iromdec' in module 'msrv_soc_adrdecs@PV1'
//  Warning: Floating input 'Range[52]' at instance 'iromdec' in module 'msrv_soc_adrdecs@PV1'
//  Warning: Floating input 'Range[51]' at instance 'iromdec' in module 'msrv_soc_adrdecs@PV1'
//  Warning: Floating input 'Range[50]' at instance 'iromdec' in module 'msrv_soc_adrdecs@PV1'
//  Warning: Floating input 'Range[49]' at instance 'iromdec' in module 'msrv_soc_adrdecs@PV1'
//  Warning: Floating input 'Range[48]' at instance 'iromdec' in module 'msrv_soc_adrdecs@PV1'
//  Warning: Floating input 'Range[47]' at instance 'iromdec' in module 'msrv_soc_adrdecs@PV1'
//  Warning: Floating input 'Range[46]' at instance 'iromdec' in module 'msrv_soc_adrdecs@PV1'
//  Warning: Floating input 'Range[45]' at instance 'iromdec' in module 'msrv_soc_adrdecs@PV1'
//  Warning: Floating input 'Range[44]' at instance 'iromdec' in module 'msrv_soc_adrdecs@PV1'
//  Warning: Floating input 'Range[43]' at instance 'iromdec' in module 'msrv_soc_adrdecs@PV1'
//  Warning: Floating input 'Range[42]' at instance 'iromdec' in module 'msrv_soc_adrdecs@PV1'
//  Warning: Floating input 'Range[41]' at instance 'iromdec' in module 'msrv_soc_adrdecs@PV1'
//  Warning: Floating input 'Range[40]' at instance 'iromdec' in module 'msrv_soc_adrdecs@PV1'
//  Warning: Floating input 'Range[39]' at instance 'iromdec' in module 'msrv_soc_adrdecs@PV1'
//  Warning: Floating input 'Range[38]' at instance 'iromdec' in module 'msrv_soc_adrdecs@PV1'
//  Warning: Floating input 'Range[37]' at instance 'iromdec' in module 'msrv_soc_adrdecs@PV1'
//  Warning: Floating input 'Range[36]' at instance 'iromdec' in module 'msrv_soc_adrdecs@PV1'
//  Warning: Floating input 'Range[35]' at instance 'iromdec' in module 'msrv_soc_adrdecs@PV1'
//  Warning: Floating input 'Range[34]' at instance 'iromdec' in module 'msrv_soc_adrdecs@PV1'
//  Warning: Floating input 'Range[33]' at instance 'iromdec' in module 'msrv_soc_adrdecs@PV1'
//  Warning: Floating input 'Range[32]' at instance 'iromdec' in module 'msrv_soc_adrdecs@PV1'
//  Warning: Floating input 'Range[31]' at instance 'iromdec' in module 'msrv_soc_adrdecs@PV1'
//  Warning: Floating input 'Range[30]' at instance 'iromdec' in module 'msrv_soc_adrdecs@PV1'
//  Warning: Floating input 'Range[29]' at instance 'iromdec' in module 'msrv_soc_adrdecs@PV1'
//  Warning: Floating input 'Range[28]' at instance 'iromdec' in module 'msrv_soc_adrdecs@PV1'
//  Warning: Floating input 'Range[27]' at instance 'iromdec' in module 'msrv_soc_adrdecs@PV1'
//  Warning: Floating input 'Range[26]' at instance 'iromdec' in module 'msrv_soc_adrdecs@PV1'
//  Warning: Floating input 'Range[25]' at instance 'iromdec' in module 'msrv_soc_adrdecs@PV1'
//  Warning: Floating input 'Range[24]' at instance 'iromdec' in module 'msrv_soc_adrdecs@PV1'
//  Warning: Floating input 'Range[23]' at instance 'iromdec' in module 'msrv_soc_adrdecs@PV1'
//  Warning: Floating input 'Range[22]' at instance 'iromdec' in module 'msrv_soc_adrdecs@PV1'
//  Warning: Floating input 'Range[21]' at instance 'iromdec' in module 'msrv_soc_adrdecs@PV1'
//  Warning: Floating input 'Range[20]' at instance 'iromdec' in module 'msrv_soc_adrdecs@PV1'
//  Warning: Floating input 'Range[19]' at instance 'iromdec' in module 'msrv_soc_adrdecs@PV1'
//  Warning: Floating input 'Range[18]' at instance 'iromdec' in module 'msrv_soc_adrdecs@PV1'
//  Warning: Floating input 'Range[17]' at instance 'iromdec' in module 'msrv_soc_adrdecs@PV1'
//  Warning: Floating input 'Range[16]' at instance 'iromdec' in module 'msrv_soc_adrdecs@PV1'
//  Warning: Floating input 'Range[15]' at instance 'iromdec' in module 'msrv_soc_adrdecs@PV1'
//  Warning: Floating input 'Range[14]' at instance 'iromdec' in module 'msrv_soc_adrdecs@PV1'
//  Warning: Floating input 'Range[13]' at instance 'iromdec' in module 'msrv_soc_adrdecs@PV1'
//  Warning: Floating input 'Range[12]' at instance 'iromdec' in module 'msrv_soc_adrdecs@PV1'
//  Warning: Floating input 'Range[11]' at instance 'iromdec' in module 'msrv_soc_adrdecs@PV1'
//  Warning: Floating input 'Range[10]' at instance 'iromdec' in module 'msrv_soc_adrdecs@PV1'
//  Warning: Floating input 'Range[9]' at instance 'iromdec' in module 'msrv_soc_adrdecs@PV1'
//  Warning: Floating input 'Range[8]' at instance 'iromdec' in module 'msrv_soc_adrdecs@PV1'
//  Warning: Floating input 'Range[7]' at instance 'iromdec' in module 'msrv_soc_adrdecs@PV1'
//  Warning: Floating input 'Range[6]' at instance 'iromdec' in module 'msrv_soc_adrdecs@PV1'
//  Warning: Floating input 'Range[5]' at instance 'iromdec' in module 'msrv_soc_adrdecs@PV1'
//  Warning: Floating input 'Range[4]' at instance 'iromdec' in module 'msrv_soc_adrdecs@PV1'
//  Warning: Floating input 'Range[3]' at instance 'iromdec' in module 'msrv_soc_adrdecs@PV1'
//  Warning: Floating input 'Range[2]' at instance 'iromdec' in module 'msrv_soc_adrdecs@PV1'
//  Warning: Floating input 'Range[1]' at instance 'iromdec' in module 'msrv_soc_adrdecs@PV1'
//  Warning: Floating input 'Range[0]' at instance 'iromdec' in module 'msrv_soc_adrdecs@PV1'
//  Warning: Floating input 'Supported' at instance 'iromdec' in module 'msrv_soc_adrdecs@PV1'
//  Warning: Floating input 'Base[55]' at instance 'ddr4dec' in module 'msrv_soc_adrdecs@PV1'
//  Warning: Floating input 'Base[54]' at instance 'ddr4dec' in module 'msrv_soc_adrdecs@PV1'
//  Warning: Floating input 'Base[53]' at instance 'ddr4dec' in module 'msrv_soc_adrdecs@PV1'
//  Warning: Floating input 'Base[52]' at instance 'ddr4dec' in module 'msrv_soc_adrdecs@PV1'
//  Warning: Floating input 'Base[51]' at instance 'ddr4dec' in module 'msrv_soc_adrdecs@PV1'
//  Warning: Floating input 'Base[50]' at instance 'ddr4dec' in module 'msrv_soc_adrdecs@PV1'
//  Warning: Floating input 'Base[49]' at instance 'ddr4dec' in module 'msrv_soc_adrdecs@PV1'
//  Warning: Floating input 'Base[48]' at instance 'ddr4dec' in module 'msrv_soc_adrdecs@PV1'
//  Warning: Floating input 'Base[47]' at instance 'ddr4dec' in module 'msrv_soc_adrdecs@PV1'
//  Warning: Floating input 'Base[46]' at instance 'ddr4dec' in module 'msrv_soc_adrdecs@PV1'
//  Warning: Floating input 'Base[45]' at instance 'ddr4dec' in module 'msrv_soc_adrdecs@PV1'
//  Warning: Floating input 'Base[44]' at instance 'ddr4dec' in module 'msrv_soc_adrdecs@PV1'
//  Warning: Floating input 'Base[43]' at instance 'ddr4dec' in module 'msrv_soc_adrdecs@PV1'
//  Warning: Floating input 'Base[42]' at instance 'ddr4dec' in module 'msrv_soc_adrdecs@PV1'
//  Warning: Floating input 'Base[41]' at instance 'ddr4dec' in module 'msrv_soc_adrdecs@PV1'
//  Warning: Floating input 'Base[40]' at instance 'ddr4dec' in module 'msrv_soc_adrdecs@PV1'
//  Warning: Floating input 'Base[39]' at instance 'ddr4dec' in module 'msrv_soc_adrdecs@PV1'
//  Warning: Floating input 'Base[38]' at instance 'ddr4dec' in module 'msrv_soc_adrdecs@PV1'
//  Warning: Floating input 'Base[37]' at instance 'ddr4dec' in module 'msrv_soc_adrdecs@PV1'
//  Warning: Floating input 'Base[36]' at instance 'ddr4dec' in module 'msrv_soc_adrdecs@PV1'
//  Warning: Floating input 'Base[35]' at instance 'ddr4dec' in module 'msrv_soc_adrdecs@PV1'
//  Warning: Floating input 'Base[34]' at instance 'ddr4dec' in module 'msrv_soc_adrdecs@PV1'
//  Warning: Floating input 'Base[33]' at instance 'ddr4dec' in module 'msrv_soc_adrdecs@PV1'
//  Warning: Floating input 'Base[32]' at instance 'ddr4dec' in module 'msrv_soc_adrdecs@PV1'
//  Warning: Floating input 'Base[31]' at instance 'ddr4dec' in module 'msrv_soc_adrdecs@PV1'
//  Warning: Floating input 'Base[30]' at instance 'ddr4dec' in module 'msrv_soc_adrdecs@PV1'
//  Warning: Floating input 'Base[29]' at instance 'ddr4dec' in module 'msrv_soc_adrdecs@PV1'
//  Warning: Floating input 'Base[28]' at instance 'ddr4dec' in module 'msrv_soc_adrdecs@PV1'
//  Warning: Floating input 'Base[27]' at instance 'ddr4dec' in module 'msrv_soc_adrdecs@PV1'
//  Warning: Floating input 'Base[26]' at instance 'ddr4dec' in module 'msrv_soc_adrdecs@PV1'
//  Warning: Floating input 'Base[25]' at instance 'ddr4dec' in module 'msrv_soc_adrdecs@PV1'
//  Warning: Floating input 'Base[24]' at instance 'ddr4dec' in module 'msrv_soc_adrdecs@PV1'
//  Warning: Floating input 'Base[23]' at instance 'ddr4dec' in module 'msrv_soc_adrdecs@PV1'
//  Warning: Floating input 'Base[22]' at instance 'ddr4dec' in module 'msrv_soc_adrdecs@PV1'
//  Warning: Floating input 'Base[21]' at instance 'ddr4dec' in module 'msrv_soc_adrdecs@PV1'
//  Warning: Floating input 'Base[20]' at instance 'ddr4dec' in module 'msrv_soc_adrdecs@PV1'
//  Warning: Floating input 'Base[19]' at instance 'ddr4dec' in module 'msrv_soc_adrdecs@PV1'
//  Warning: Floating input 'Base[18]' at instance 'ddr4dec' in module 'msrv_soc_adrdecs@PV1'
//  Warning: Floating input 'Base[17]' at instance 'ddr4dec' in module 'msrv_soc_adrdecs@PV1'
//  Warning: Floating input 'Base[16]' at instance 'ddr4dec' in module 'msrv_soc_adrdecs@PV1'
//  Warning: Floating input 'Base[15]' at instance 'ddr4dec' in module 'msrv_soc_adrdecs@PV1'
//  Warning: Floating input 'Base[14]' at instance 'ddr4dec' in module 'msrv_soc_adrdecs@PV1'
//  Warning: Floating input 'Base[13]' at instance 'ddr4dec' in module 'msrv_soc_adrdecs@PV1'
//  Warning: Floating input 'Base[12]' at instance 'ddr4dec' in module 'msrv_soc_adrdecs@PV1'
//  Warning: Floating input 'Base[11]' at instance 'ddr4dec' in module 'msrv_soc_adrdecs@PV1'
//  Warning: Floating input 'Base[10]' at instance 'ddr4dec' in module 'msrv_soc_adrdecs@PV1'
//  Warning: Floating input 'Base[9]' at instance 'ddr4dec' in module 'msrv_soc_adrdecs@PV1'
//  Warning: Floating input 'Base[8]' at instance 'ddr4dec' in module 'msrv_soc_adrdecs@PV1'
//  Warning: Floating input 'Base[7]' at instance 'ddr4dec' in module 'msrv_soc_adrdecs@PV1'
//  Warning: Floating input 'Base[6]' at instance 'ddr4dec' in module 'msrv_soc_adrdecs@PV1'
//  Warning: Floating input 'Base[5]' at instance 'ddr4dec' in module 'msrv_soc_adrdecs@PV1'
//  Warning: Floating input 'Base[4]' at instance 'ddr4dec' in module 'msrv_soc_adrdecs@PV1'
//  Warning: Floating input 'Base[3]' at instance 'ddr4dec' in module 'msrv_soc_adrdecs@PV1'
//  Warning: Floating input 'Base[2]' at instance 'ddr4dec' in module 'msrv_soc_adrdecs@PV1'
//  Warning: Floating input 'Base[1]' at instance 'ddr4dec' in module 'msrv_soc_adrdecs@PV1'
//  Warning: Floating input 'Base[0]' at instance 'ddr4dec' in module 'msrv_soc_adrdecs@PV1'
//  Warning: Floating input 'Range[55]' at instance 'ddr4dec' in module 'msrv_soc_adrdecs@PV1'
//  Warning: Floating input 'Range[54]' at instance 'ddr4dec' in module 'msrv_soc_adrdecs@PV1'
//  Warning: Floating input 'Range[53]' at instance 'ddr4dec' in module 'msrv_soc_adrdecs@PV1'
//  Warning: Floating input 'Range[52]' at instance 'ddr4dec' in module 'msrv_soc_adrdecs@PV1'
//  Warning: Floating input 'Range[51]' at instance 'ddr4dec' in module 'msrv_soc_adrdecs@PV1'
//  Warning: Floating input 'Range[50]' at instance 'ddr4dec' in module 'msrv_soc_adrdecs@PV1'
//  Warning: Floating input 'Range[49]' at instance 'ddr4dec' in module 'msrv_soc_adrdecs@PV1'
//  Warning: Floating input 'Range[48]' at instance 'ddr4dec' in module 'msrv_soc_adrdecs@PV1'
//  Warning: Floating input 'Range[47]' at instance 'ddr4dec' in module 'msrv_soc_adrdecs@PV1'
//  Warning: Floating input 'Range[46]' at instance 'ddr4dec' in module 'msrv_soc_adrdecs@PV1'
//  Warning: Floating input 'Range[45]' at instance 'ddr4dec' in module 'msrv_soc_adrdecs@PV1'
//  Warning: Floating input 'Range[44]' at instance 'ddr4dec' in module 'msrv_soc_adrdecs@PV1'
//  Warning: Floating input 'Range[43]' at instance 'ddr4dec' in module 'msrv_soc_adrdecs@PV1'
//  Warning: Floating input 'Range[42]' at instance 'ddr4dec' in module 'msrv_soc_adrdecs@PV1'
//  Warning: Floating input 'Range[41]' at instance 'ddr4dec' in module 'msrv_soc_adrdecs@PV1'
//  Warning: Floating input 'Range[40]' at instance 'ddr4dec' in module 'msrv_soc_adrdecs@PV1'
//  Warning: Floating input 'Range[39]' at instance 'ddr4dec' in module 'msrv_soc_adrdecs@PV1'
//  Warning: Floating input 'Range[38]' at instance 'ddr4dec' in module 'msrv_soc_adrdecs@PV1'
//  Warning: Floating input 'Range[37]' at instance 'ddr4dec' in module 'msrv_soc_adrdecs@PV1'
//  Warning: Floating input 'Range[36]' at instance 'ddr4dec' in module 'msrv_soc_adrdecs@PV1'
//  Warning: Floating input 'Range[35]' at instance 'ddr4dec' in module 'msrv_soc_adrdecs@PV1'
//  Warning: Floating input 'Range[34]' at instance 'ddr4dec' in module 'msrv_soc_adrdecs@PV1'
//  Warning: Floating input 'Range[33]' at instance 'ddr4dec' in module 'msrv_soc_adrdecs@PV1'
//  Warning: Floating input 'Range[32]' at instance 'ddr4dec' in module 'msrv_soc_adrdecs@PV1'
//  Warning: Floating input 'Range[31]' at instance 'ddr4dec' in module 'msrv_soc_adrdecs@PV1'
//  Warning: Floating input 'Range[30]' at instance 'ddr4dec' in module 'msrv_soc_adrdecs@PV1'
//  Warning: Floating input 'Range[29]' at instance 'ddr4dec' in module 'msrv_soc_adrdecs@PV1'
//  Warning: Floating input 'Range[28]' at instance 'ddr4dec' in module 'msrv_soc_adrdecs@PV1'
//  Warning: Floating input 'Range[27]' at instance 'ddr4dec' in module 'msrv_soc_adrdecs@PV1'
//  Warning: Floating input 'Range[26]' at instance 'ddr4dec' in module 'msrv_soc_adrdecs@PV1'
//  Warning: Floating input 'Range[25]' at instance 'ddr4dec' in module 'msrv_soc_adrdecs@PV1'
//  Warning: Floating input 'Range[24]' at instance 'ddr4dec' in module 'msrv_soc_adrdecs@PV1'
//  Warning: Floating input 'Range[23]' at instance 'ddr4dec' in module 'msrv_soc_adrdecs@PV1'
//  Warning: Floating input 'Range[22]' at instance 'ddr4dec' in module 'msrv_soc_adrdecs@PV1'
//  Warning: Floating input 'Range[21]' at instance 'ddr4dec' in module 'msrv_soc_adrdecs@PV1'
//  Warning: Floating input 'Range[20]' at instance 'ddr4dec' in module 'msrv_soc_adrdecs@PV1'
//  Warning: Floating input 'Range[19]' at instance 'ddr4dec' in module 'msrv_soc_adrdecs@PV1'
//  Warning: Floating input 'Range[18]' at instance 'ddr4dec' in module 'msrv_soc_adrdecs@PV1'
//  Warning: Floating input 'Range[17]' at instance 'ddr4dec' in module 'msrv_soc_adrdecs@PV1'
//  Warning: Floating input 'Range[16]' at instance 'ddr4dec' in module 'msrv_soc_adrdecs@PV1'
//  Warning: Floating input 'Range[15]' at instance 'ddr4dec' in module 'msrv_soc_adrdecs@PV1'
//  Warning: Floating input 'Range[14]' at instance 'ddr4dec' in module 'msrv_soc_adrdecs@PV1'
//  Warning: Floating input 'Range[13]' at instance 'ddr4dec' in module 'msrv_soc_adrdecs@PV1'
//  Warning: Floating input 'Range[12]' at instance 'ddr4dec' in module 'msrv_soc_adrdecs@PV1'
//  Warning: Floating input 'Range[11]' at instance 'ddr4dec' in module 'msrv_soc_adrdecs@PV1'
//  Warning: Floating input 'Range[10]' at instance 'ddr4dec' in module 'msrv_soc_adrdecs@PV1'
//  Warning: Floating input 'Range[9]' at instance 'ddr4dec' in module 'msrv_soc_adrdecs@PV1'
//  Warning: Floating input 'Range[8]' at instance 'ddr4dec' in module 'msrv_soc_adrdecs@PV1'
//  Warning: Floating input 'Range[7]' at instance 'ddr4dec' in module 'msrv_soc_adrdecs@PV1'
//  Warning: Floating input 'Range[6]' at instance 'ddr4dec' in module 'msrv_soc_adrdecs@PV1'
//  Warning: Floating input 'Range[5]' at instance 'ddr4dec' in module 'msrv_soc_adrdecs@PV1'
//  Warning: Floating input 'Range[4]' at instance 'ddr4dec' in module 'msrv_soc_adrdecs@PV1'
//  Warning: Floating input 'Range[3]' at instance 'ddr4dec' in module 'msrv_soc_adrdecs@PV1'
//  Warning: Floating input 'Range[2]' at instance 'ddr4dec' in module 'msrv_soc_adrdecs@PV1'
//  Warning: Floating input 'Range[1]' at instance 'ddr4dec' in module 'msrv_soc_adrdecs@PV1'
//  Warning: Floating input 'Range[0]' at instance 'ddr4dec' in module 'msrv_soc_adrdecs@PV1'
//  Warning: Floating input 'Supported' at instance 'ddr4dec' in module 'msrv_soc_adrdecs@PV1'
//  Warning: Floating input 'Base[55]' at instance 'bootromdec' in module 'msrv_soc_adrdecs@PV1'
//  Warning: Floating input 'Base[54]' at instance 'bootromdec' in module 'msrv_soc_adrdecs@PV1'
//  Warning: Floating input 'Base[53]' at instance 'bootromdec' in module 'msrv_soc_adrdecs@PV1'
//  Warning: Floating input 'Base[52]' at instance 'bootromdec' in module 'msrv_soc_adrdecs@PV1'
//  Warning: Floating input 'Base[51]' at instance 'bootromdec' in module 'msrv_soc_adrdecs@PV1'
//  Warning: Floating input 'Base[50]' at instance 'bootromdec' in module 'msrv_soc_adrdecs@PV1'
//  Warning: Floating input 'Base[49]' at instance 'bootromdec' in module 'msrv_soc_adrdecs@PV1'
//  Warning: Floating input 'Base[48]' at instance 'bootromdec' in module 'msrv_soc_adrdecs@PV1'
//  Warning: Floating input 'Base[47]' at instance 'bootromdec' in module 'msrv_soc_adrdecs@PV1'
//  Warning: Floating input 'Base[46]' at instance 'bootromdec' in module 'msrv_soc_adrdecs@PV1'
//  Warning: Floating input 'Base[45]' at instance 'bootromdec' in module 'msrv_soc_adrdecs@PV1'
//  Warning: Floating input 'Base[44]' at instance 'bootromdec' in module 'msrv_soc_adrdecs@PV1'
//  Warning: Floating input 'Base[43]' at instance 'bootromdec' in module 'msrv_soc_adrdecs@PV1'
//  Warning: Floating input 'Base[42]' at instance 'bootromdec' in module 'msrv_soc_adrdecs@PV1'
//  Warning: Floating input 'Base[41]' at instance 'bootromdec' in module 'msrv_soc_adrdecs@PV1'
//  Warning: Floating input 'Base[40]' at instance 'bootromdec' in module 'msrv_soc_adrdecs@PV1'
//  Warning: Floating input 'Base[39]' at instance 'bootromdec' in module 'msrv_soc_adrdecs@PV1'
//  Warning: Floating input 'Base[38]' at instance 'bootromdec' in module 'msrv_soc_adrdecs@PV1'
//  Warning: Floating input 'Base[37]' at instance 'bootromdec' in module 'msrv_soc_adrdecs@PV1'
//  Warning: Floating input 'Base[36]' at instance 'bootromdec' in module 'msrv_soc_adrdecs@PV1'
//  Warning: Floating input 'Base[35]' at instance 'bootromdec' in module 'msrv_soc_adrdecs@PV1'
//  Warning: Floating input 'Base[34]' at instance 'bootromdec' in module 'msrv_soc_adrdecs@PV1'
//  Warning: Floating input 'Base[33]' at instance 'bootromdec' in module 'msrv_soc_adrdecs@PV1'
//  Warning: Floating input 'Base[32]' at instance 'bootromdec' in module 'msrv_soc_adrdecs@PV1'
//  Warning: Floating input 'Base[31]' at instance 'bootromdec' in module 'msrv_soc_adrdecs@PV1'
//  Warning: Floating input 'Base[30]' at instance 'bootromdec' in module 'msrv_soc_adrdecs@PV1'
//  Warning: Floating input 'Base[29]' at instance 'bootromdec' in module 'msrv_soc_adrdecs@PV1'
//  Warning: Floating input 'Base[28]' at instance 'bootromdec' in module 'msrv_soc_adrdecs@PV1'
//  Warning: Floating input 'Base[27]' at instance 'bootromdec' in module 'msrv_soc_adrdecs@PV1'
//  Warning: Floating input 'Base[26]' at instance 'bootromdec' in module 'msrv_soc_adrdecs@PV1'
//  Warning: Floating input 'Base[25]' at instance 'bootromdec' in module 'msrv_soc_adrdecs@PV1'
//  Warning: Floating input 'Base[24]' at instance 'bootromdec' in module 'msrv_soc_adrdecs@PV1'
//  Warning: Floating input 'Base[23]' at instance 'bootromdec' in module 'msrv_soc_adrdecs@PV1'
//  Warning: Floating input 'Base[22]' at instance 'bootromdec' in module 'msrv_soc_adrdecs@PV1'
//  Warning: Floating input 'Base[21]' at instance 'bootromdec' in module 'msrv_soc_adrdecs@PV1'
//  Warning: Floating input 'Base[20]' at instance 'bootromdec' in module 'msrv_soc_adrdecs@PV1'
//  Warning: Floating input 'Base[19]' at instance 'bootromdec' in module 'msrv_soc_adrdecs@PV1'
//  Warning: Floating input 'Base[18]' at instance 'bootromdec' in module 'msrv_soc_adrdecs@PV1'
//  Warning: Floating input 'Base[17]' at instance 'bootromdec' in module 'msrv_soc_adrdecs@PV1'
//  Warning: Floating input 'Base[16]' at instance 'bootromdec' in module 'msrv_soc_adrdecs@PV1'
//  Warning: Floating input 'Base[15]' at instance 'bootromdec' in module 'msrv_soc_adrdecs@PV1'
//  Warning: Floating input 'Base[14]' at instance 'bootromdec' in module 'msrv_soc_adrdecs@PV1'
//  Warning: Floating input 'Base[13]' at instance 'bootromdec' in module 'msrv_soc_adrdecs@PV1'
//  Warning: Floating input 'Base[12]' at instance 'bootromdec' in module 'msrv_soc_adrdecs@PV1'
//  Warning: Floating input 'Base[11]' at instance 'bootromdec' in module 'msrv_soc_adrdecs@PV1'
//  Warning: Floating input 'Base[10]' at instance 'bootromdec' in module 'msrv_soc_adrdecs@PV1'
//  Warning: Floating input 'Base[9]' at instance 'bootromdec' in module 'msrv_soc_adrdecs@PV1'
//  Warning: Floating input 'Base[8]' at instance 'bootromdec' in module 'msrv_soc_adrdecs@PV1'
//  Warning: Floating input 'Base[7]' at instance 'bootromdec' in module 'msrv_soc_adrdecs@PV1'
//  Warning: Floating input 'Base[6]' at instance 'bootromdec' in module 'msrv_soc_adrdecs@PV1'
//  Warning: Floating input 'Base[5]' at instance 'bootromdec' in module 'msrv_soc_adrdecs@PV1'
//  Warning: Floating input 'Base[4]' at instance 'bootromdec' in module 'msrv_soc_adrdecs@PV1'
//  Warning: Floating input 'Base[3]' at instance 'bootromdec' in module 'msrv_soc_adrdecs@PV1'
//  Warning: Floating input 'Base[2]' at instance 'bootromdec' in module 'msrv_soc_adrdecs@PV1'
//  Warning: Floating input 'Base[1]' at instance 'bootromdec' in module 'msrv_soc_adrdecs@PV1'
//  Warning: Floating input 'Base[0]' at instance 'bootromdec' in module 'msrv_soc_adrdecs@PV1'
//  Warning: Floating input 'Range[55]' at instance 'bootromdec' in module 'msrv_soc_adrdecs@PV1'
//  Warning: Floating input 'Range[54]' at instance 'bootromdec' in module 'msrv_soc_adrdecs@PV1'
//  Warning: Floating input 'Range[53]' at instance 'bootromdec' in module 'msrv_soc_adrdecs@PV1'
//  Warning: Floating input 'Range[52]' at instance 'bootromdec' in module 'msrv_soc_adrdecs@PV1'
//  Warning: Floating input 'Range[51]' at instance 'bootromdec' in module 'msrv_soc_adrdecs@PV1'
//  Warning: Floating input 'Range[50]' at instance 'bootromdec' in module 'msrv_soc_adrdecs@PV1'
//  Warning: Floating input 'Range[49]' at instance 'bootromdec' in module 'msrv_soc_adrdecs@PV1'
//  Warning: Floating input 'Range[48]' at instance 'bootromdec' in module 'msrv_soc_adrdecs@PV1'
//  Warning: Floating input 'Range[47]' at instance 'bootromdec' in module 'msrv_soc_adrdecs@PV1'
//  Warning: Floating input 'Range[46]' at instance 'bootromdec' in module 'msrv_soc_adrdecs@PV1'
//  Warning: Floating input 'Range[45]' at instance 'bootromdec' in module 'msrv_soc_adrdecs@PV1'
//  Warning: Floating input 'Range[44]' at instance 'bootromdec' in module 'msrv_soc_adrdecs@PV1'
//  Warning: Floating input 'Range[43]' at instance 'bootromdec' in module 'msrv_soc_adrdecs@PV1'
//  Warning: Floating input 'Range[42]' at instance 'bootromdec' in module 'msrv_soc_adrdecs@PV1'
//  Warning: Floating input 'Range[41]' at instance 'bootromdec' in module 'msrv_soc_adrdecs@PV1'
//  Warning: Floating input 'Range[40]' at instance 'bootromdec' in module 'msrv_soc_adrdecs@PV1'
//  Warning: Floating input 'Range[39]' at instance 'bootromdec' in module 'msrv_soc_adrdecs@PV1'
//  Warning: Floating input 'Range[38]' at instance 'bootromdec' in module 'msrv_soc_adrdecs@PV1'
//  Warning: Floating input 'Range[37]' at instance 'bootromdec' in module 'msrv_soc_adrdecs@PV1'
//  Warning: Floating input 'Range[36]' at instance 'bootromdec' in module 'msrv_soc_adrdecs@PV1'
//  Warning: Floating input 'Range[35]' at instance 'bootromdec' in module 'msrv_soc_adrdecs@PV1'
//  Warning: Floating input 'Range[34]' at instance 'bootromdec' in module 'msrv_soc_adrdecs@PV1'
//  Warning: Floating input 'Range[33]' at instance 'bootromdec' in module 'msrv_soc_adrdecs@PV1'
//  Warning: Floating input 'Range[32]' at instance 'bootromdec' in module 'msrv_soc_adrdecs@PV1'
//  Warning: Floating input 'Range[31]' at instance 'bootromdec' in module 'msrv_soc_adrdecs@PV1'
//  Warning: Floating input 'Range[30]' at instance 'bootromdec' in module 'msrv_soc_adrdecs@PV1'
//  Warning: Floating input 'Range[29]' at instance 'bootromdec' in module 'msrv_soc_adrdecs@PV1'
//  Warning: Floating input 'Range[28]' at instance 'bootromdec' in module 'msrv_soc_adrdecs@PV1'
//  Warning: Floating input 'Range[27]' at instance 'bootromdec' in module 'msrv_soc_adrdecs@PV1'
//  Warning: Floating input 'Range[26]' at instance 'bootromdec' in module 'msrv_soc_adrdecs@PV1'
//  Warning: Floating input 'Range[25]' at instance 'bootromdec' in module 'msrv_soc_adrdecs@PV1'
//  Warning: Floating input 'Range[24]' at instance 'bootromdec' in module 'msrv_soc_adrdecs@PV1'
//  Warning: Floating input 'Range[23]' at instance 'bootromdec' in module 'msrv_soc_adrdecs@PV1'
//  Warning: Floating input 'Range[22]' at instance 'bootromdec' in module 'msrv_soc_adrdecs@PV1'
//  Warning: Floating input 'Range[21]' at instance 'bootromdec' in module 'msrv_soc_adrdecs@PV1'
//  Warning: Floating input 'Range[20]' at instance 'bootromdec' in module 'msrv_soc_adrdecs@PV1'
//  Warning: Floating input 'Range[19]' at instance 'bootromdec' in module 'msrv_soc_adrdecs@PV1'
//  Warning: Floating input 'Range[18]' at instance 'bootromdec' in module 'msrv_soc_adrdecs@PV1'
//  Warning: Floating input 'Range[17]' at instance 'bootromdec' in module 'msrv_soc_adrdecs@PV1'
//  Warning: Floating input 'Range[16]' at instance 'bootromdec' in module 'msrv_soc_adrdecs@PV1'
//  Warning: Floating input 'Range[15]' at instance 'bootromdec' in module 'msrv_soc_adrdecs@PV1'
//  Warning: Floating input 'Range[14]' at instance 'bootromdec' in module 'msrv_soc_adrdecs@PV1'
//  Warning: Floating input 'Range[13]' at instance 'bootromdec' in module 'msrv_soc_adrdecs@PV1'
//  Warning: Floating input 'Range[12]' at instance 'bootromdec' in module 'msrv_soc_adrdecs@PV1'
//  Warning: Floating input 'Range[11]' at instance 'bootromdec' in module 'msrv_soc_adrdecs@PV1'
//  Warning: Floating input 'Range[10]' at instance 'bootromdec' in module 'msrv_soc_adrdecs@PV1'
//  Warning: Floating input 'Range[9]' at instance 'bootromdec' in module 'msrv_soc_adrdecs@PV1'
//  Warning: Floating input 'Range[8]' at instance 'bootromdec' in module 'msrv_soc_adrdecs@PV1'
//  Warning: Floating input 'Range[7]' at instance 'bootromdec' in module 'msrv_soc_adrdecs@PV1'
//  Warning: Floating input 'Range[6]' at instance 'bootromdec' in module 'msrv_soc_adrdecs@PV1'
//  Warning: Floating input 'Range[5]' at instance 'bootromdec' in module 'msrv_soc_adrdecs@PV1'
//  Warning: Floating input 'Range[4]' at instance 'bootromdec' in module 'msrv_soc_adrdecs@PV1'
//  Warning: Floating input 'Range[3]' at instance 'bootromdec' in module 'msrv_soc_adrdecs@PV1'
//  Warning: Floating input 'Range[2]' at instance 'bootromdec' in module 'msrv_soc_adrdecs@PV1'
//  Warning: Floating input 'Range[1]' at instance 'bootromdec' in module 'msrv_soc_adrdecs@PV1'
//  Warning: Floating input 'Range[0]' at instance 'bootromdec' in module 'msrv_soc_adrdecs@PV1'
//  Warning: Floating input 'Supported' at instance 'bootromdec' in module 'msrv_soc_adrdecs@PV1'
//  Warning: Floating input 'Base[55]' at instance 'uncoreramdec' in module 'msrv_soc_adrdecs@PV1'
//  Warning: Floating input 'Base[54]' at instance 'uncoreramdec' in module 'msrv_soc_adrdecs@PV1'
//  Warning: Floating input 'Base[53]' at instance 'uncoreramdec' in module 'msrv_soc_adrdecs@PV1'
//  Warning: Floating input 'Base[52]' at instance 'uncoreramdec' in module 'msrv_soc_adrdecs@PV1'
//  Warning: Floating input 'Base[51]' at instance 'uncoreramdec' in module 'msrv_soc_adrdecs@PV1'
//  Warning: Floating input 'Base[50]' at instance 'uncoreramdec' in module 'msrv_soc_adrdecs@PV1'
//  Warning: Floating input 'Base[49]' at instance 'uncoreramdec' in module 'msrv_soc_adrdecs@PV1'
//  Warning: Floating input 'Base[48]' at instance 'uncoreramdec' in module 'msrv_soc_adrdecs@PV1'
//  Warning: Floating input 'Base[47]' at instance 'uncoreramdec' in module 'msrv_soc_adrdecs@PV1'
//  Warning: Floating input 'Base[46]' at instance 'uncoreramdec' in module 'msrv_soc_adrdecs@PV1'
//  Warning: Floating input 'Base[45]' at instance 'uncoreramdec' in module 'msrv_soc_adrdecs@PV1'
//  Warning: Floating input 'Base[44]' at instance 'uncoreramdec' in module 'msrv_soc_adrdecs@PV1'
//  Warning: Floating input 'Base[43]' at instance 'uncoreramdec' in module 'msrv_soc_adrdecs@PV1'
//  Warning: Floating input 'Base[42]' at instance 'uncoreramdec' in module 'msrv_soc_adrdecs@PV1'
//  Warning: Floating input 'Base[41]' at instance 'uncoreramdec' in module 'msrv_soc_adrdecs@PV1'
//  Warning: Floating input 'Base[40]' at instance 'uncoreramdec' in module 'msrv_soc_adrdecs@PV1'
//  Warning: Floating input 'Base[39]' at instance 'uncoreramdec' in module 'msrv_soc_adrdecs@PV1'
//  Warning: Floating input 'Base[38]' at instance 'uncoreramdec' in module 'msrv_soc_adrdecs@PV1'
//  Warning: Floating input 'Base[37]' at instance 'uncoreramdec' in module 'msrv_soc_adrdecs@PV1'
//  Warning: Floating input 'Base[36]' at instance 'uncoreramdec' in module 'msrv_soc_adrdecs@PV1'
//  Warning: Floating input 'Base[35]' at instance 'uncoreramdec' in module 'msrv_soc_adrdecs@PV1'
//  Warning: Floating input 'Base[34]' at instance 'uncoreramdec' in module 'msrv_soc_adrdecs@PV1'
//  Warning: Floating input 'Base[33]' at instance 'uncoreramdec' in module 'msrv_soc_adrdecs@PV1'
//  Warning: Floating input 'Base[32]' at instance 'uncoreramdec' in module 'msrv_soc_adrdecs@PV1'
//  Warning: Floating input 'Base[31]' at instance 'uncoreramdec' in module 'msrv_soc_adrdecs@PV1'
//  Warning: Floating input 'Base[30]' at instance 'uncoreramdec' in module 'msrv_soc_adrdecs@PV1'
//  Warning: Floating input 'Base[29]' at instance 'uncoreramdec' in module 'msrv_soc_adrdecs@PV1'
//  Warning: Floating input 'Base[28]' at instance 'uncoreramdec' in module 'msrv_soc_adrdecs@PV1'
//  Warning: Floating input 'Base[27]' at instance 'uncoreramdec' in module 'msrv_soc_adrdecs@PV1'
//  Warning: Floating input 'Base[26]' at instance 'uncoreramdec' in module 'msrv_soc_adrdecs@PV1'
//  Warning: Floating input 'Base[25]' at instance 'uncoreramdec' in module 'msrv_soc_adrdecs@PV1'
//  Warning: Floating input 'Base[24]' at instance 'uncoreramdec' in module 'msrv_soc_adrdecs@PV1'
//  Warning: Floating input 'Base[23]' at instance 'uncoreramdec' in module 'msrv_soc_adrdecs@PV1'
//  Warning: Floating input 'Base[22]' at instance 'uncoreramdec' in module 'msrv_soc_adrdecs@PV1'
//  Warning: Floating input 'Base[21]' at instance 'uncoreramdec' in module 'msrv_soc_adrdecs@PV1'
//  Warning: Floating input 'Base[20]' at instance 'uncoreramdec' in module 'msrv_soc_adrdecs@PV1'
//  Warning: Floating input 'Base[19]' at instance 'uncoreramdec' in module 'msrv_soc_adrdecs@PV1'
//  Warning: Floating input 'Base[18]' at instance 'uncoreramdec' in module 'msrv_soc_adrdecs@PV1'
//  Warning: Floating input 'Base[17]' at instance 'uncoreramdec' in module 'msrv_soc_adrdecs@PV1'
//  Warning: Floating input 'Base[16]' at instance 'uncoreramdec' in module 'msrv_soc_adrdecs@PV1'
//  Warning: Floating input 'Base[15]' at instance 'uncoreramdec' in module 'msrv_soc_adrdecs@PV1'
//  Warning: Floating input 'Base[14]' at instance 'uncoreramdec' in module 'msrv_soc_adrdecs@PV1'
//  Warning: Floating input 'Base[13]' at instance 'uncoreramdec' in module 'msrv_soc_adrdecs@PV1'
//  Warning: Floating input 'Base[12]' at instance 'uncoreramdec' in module 'msrv_soc_adrdecs@PV1'
//  Warning: Floating input 'Base[11]' at instance 'uncoreramdec' in module 'msrv_soc_adrdecs@PV1'
//  Warning: Floating input 'Base[10]' at instance 'uncoreramdec' in module 'msrv_soc_adrdecs@PV1'
//  Warning: Floating input 'Base[9]' at instance 'uncoreramdec' in module 'msrv_soc_adrdecs@PV1'
//  Warning: Floating input 'Base[8]' at instance 'uncoreramdec' in module 'msrv_soc_adrdecs@PV1'
//  Warning: Floating input 'Base[7]' at instance 'uncoreramdec' in module 'msrv_soc_adrdecs@PV1'
//  Warning: Floating input 'Base[6]' at instance 'uncoreramdec' in module 'msrv_soc_adrdecs@PV1'
//  Warning: Floating input 'Base[5]' at instance 'uncoreramdec' in module 'msrv_soc_adrdecs@PV1'
//  Warning: Floating input 'Base[4]' at instance 'uncoreramdec' in module 'msrv_soc_adrdecs@PV1'
//  Warning: Floating input 'Base[3]' at instance 'uncoreramdec' in module 'msrv_soc_adrdecs@PV1'
//  Warning: Floating input 'Base[2]' at instance 'uncoreramdec' in module 'msrv_soc_adrdecs@PV1'
//  Warning: Floating input 'Base[1]' at instance 'uncoreramdec' in module 'msrv_soc_adrdecs@PV1'
//  Warning: Floating input 'Base[0]' at instance 'uncoreramdec' in module 'msrv_soc_adrdecs@PV1'
//  Warning: Floating input 'Range[55]' at instance 'uncoreramdec' in module 'msrv_soc_adrdecs@PV1'
//  Warning: Floating input 'Range[54]' at instance 'uncoreramdec' in module 'msrv_soc_adrdecs@PV1'
//  Warning: Floating input 'Range[53]' at instance 'uncoreramdec' in module 'msrv_soc_adrdecs@PV1'
//  Warning: Floating input 'Range[52]' at instance 'uncoreramdec' in module 'msrv_soc_adrdecs@PV1'
//  Warning: Floating input 'Range[51]' at instance 'uncoreramdec' in module 'msrv_soc_adrdecs@PV1'
//  Warning: Floating input 'Range[50]' at instance 'uncoreramdec' in module 'msrv_soc_adrdecs@PV1'
//  Warning: Floating input 'Range[49]' at instance 'uncoreramdec' in module 'msrv_soc_adrdecs@PV1'
//  Warning: Floating input 'Range[48]' at instance 'uncoreramdec' in module 'msrv_soc_adrdecs@PV1'
//  Warning: Floating input 'Range[47]' at instance 'uncoreramdec' in module 'msrv_soc_adrdecs@PV1'
//  Warning: Floating input 'Range[46]' at instance 'uncoreramdec' in module 'msrv_soc_adrdecs@PV1'
//  Warning: Floating input 'Range[45]' at instance 'uncoreramdec' in module 'msrv_soc_adrdecs@PV1'
//  Warning: Floating input 'Range[44]' at instance 'uncoreramdec' in module 'msrv_soc_adrdecs@PV1'
//  Warning: Floating input 'Range[43]' at instance 'uncoreramdec' in module 'msrv_soc_adrdecs@PV1'
//  Warning: Floating input 'Range[42]' at instance 'uncoreramdec' in module 'msrv_soc_adrdecs@PV1'
//  Warning: Floating input 'Range[41]' at instance 'uncoreramdec' in module 'msrv_soc_adrdecs@PV1'
//  Warning: Floating input 'Range[40]' at instance 'uncoreramdec' in module 'msrv_soc_adrdecs@PV1'
//  Warning: Floating input 'Range[39]' at instance 'uncoreramdec' in module 'msrv_soc_adrdecs@PV1'
//  Warning: Floating input 'Range[38]' at instance 'uncoreramdec' in module 'msrv_soc_adrdecs@PV1'
//  Warning: Floating input 'Range[37]' at instance 'uncoreramdec' in module 'msrv_soc_adrdecs@PV1'
//  Warning: Floating input 'Range[36]' at instance 'uncoreramdec' in module 'msrv_soc_adrdecs@PV1'
//  Warning: Floating input 'Range[35]' at instance 'uncoreramdec' in module 'msrv_soc_adrdecs@PV1'
//  Warning: Floating input 'Range[34]' at instance 'uncoreramdec' in module 'msrv_soc_adrdecs@PV1'
//  Warning: Floating input 'Range[33]' at instance 'uncoreramdec' in module 'msrv_soc_adrdecs@PV1'
//  Warning: Floating input 'Range[32]' at instance 'uncoreramdec' in module 'msrv_soc_adrdecs@PV1'
//  Warning: Floating input 'Range[31]' at instance 'uncoreramdec' in module 'msrv_soc_adrdecs@PV1'
//  Warning: Floating input 'Range[30]' at instance 'uncoreramdec' in module 'msrv_soc_adrdecs@PV1'
//  Warning: Floating input 'Range[29]' at instance 'uncoreramdec' in module 'msrv_soc_adrdecs@PV1'
//  Warning: Floating input 'Range[28]' at instance 'uncoreramdec' in module 'msrv_soc_adrdecs@PV1'
//  Warning: Floating input 'Range[27]' at instance 'uncoreramdec' in module 'msrv_soc_adrdecs@PV1'
//  Warning: Floating input 'Range[26]' at instance 'uncoreramdec' in module 'msrv_soc_adrdecs@PV1'
//  Warning: Floating input 'Range[25]' at instance 'uncoreramdec' in module 'msrv_soc_adrdecs@PV1'
//  Warning: Floating input 'Range[24]' at instance 'uncoreramdec' in module 'msrv_soc_adrdecs@PV1'
//  Warning: Floating input 'Range[23]' at instance 'uncoreramdec' in module 'msrv_soc_adrdecs@PV1'
//  Warning: Floating input 'Range[22]' at instance 'uncoreramdec' in module 'msrv_soc_adrdecs@PV1'
//  Warning: Floating input 'Range[21]' at instance 'uncoreramdec' in module 'msrv_soc_adrdecs@PV1'
//  Warning: Floating input 'Range[20]' at instance 'uncoreramdec' in module 'msrv_soc_adrdecs@PV1'
//  Warning: Floating input 'Range[19]' at instance 'uncoreramdec' in module 'msrv_soc_adrdecs@PV1'
//  Warning: Floating input 'Range[18]' at instance 'uncoreramdec' in module 'msrv_soc_adrdecs@PV1'
//  Warning: Floating input 'Range[17]' at instance 'uncoreramdec' in module 'msrv_soc_adrdecs@PV1'
//  Warning: Floating input 'Range[16]' at instance 'uncoreramdec' in module 'msrv_soc_adrdecs@PV1'
//  Warning: Floating input 'Range[15]' at instance 'uncoreramdec' in module 'msrv_soc_adrdecs@PV1'
//  Warning: Floating input 'Range[14]' at instance 'uncoreramdec' in module 'msrv_soc_adrdecs@PV1'
//  Warning: Floating input 'Range[13]' at instance 'uncoreramdec' in module 'msrv_soc_adrdecs@PV1'
//  Warning: Floating input 'Range[12]' at instance 'uncoreramdec' in module 'msrv_soc_adrdecs@PV1'
//  Warning: Floating input 'Range[11]' at instance 'uncoreramdec' in module 'msrv_soc_adrdecs@PV1'
//  Warning: Floating input 'Range[10]' at instance 'uncoreramdec' in module 'msrv_soc_adrdecs@PV1'
//  Warning: Floating input 'Range[9]' at instance 'uncoreramdec' in module 'msrv_soc_adrdecs@PV1'
//  Warning: Floating input 'Range[8]' at instance 'uncoreramdec' in module 'msrv_soc_adrdecs@PV1'
//  Warning: Floating input 'Range[7]' at instance 'uncoreramdec' in module 'msrv_soc_adrdecs@PV1'
//  Warning: Floating input 'Range[6]' at instance 'uncoreramdec' in module 'msrv_soc_adrdecs@PV1'
//  Warning: Floating input 'Range[5]' at instance 'uncoreramdec' in module 'msrv_soc_adrdecs@PV1'
//  Warning: Floating input 'Range[4]' at instance 'uncoreramdec' in module 'msrv_soc_adrdecs@PV1'
//  Warning: Floating input 'Range[3]' at instance 'uncoreramdec' in module 'msrv_soc_adrdecs@PV1'
//  Warning: Floating input 'Range[2]' at instance 'uncoreramdec' in module 'msrv_soc_adrdecs@PV1'
//  Warning: Floating input 'Range[1]' at instance 'uncoreramdec' in module 'msrv_soc_adrdecs@PV1'
//  Warning: Floating input 'Range[0]' at instance 'uncoreramdec' in module 'msrv_soc_adrdecs@PV1'
//  Warning: Floating input 'Supported' at instance 'uncoreramdec' in module 'msrv_soc_adrdecs@PV1'
//  Warning: Floating input 'Base[55]' at instance 'clintdec' in module 'msrv_soc_adrdecs@PV1'
//  Warning: Floating input 'Base[54]' at instance 'clintdec' in module 'msrv_soc_adrdecs@PV1'
//  Warning: Floating input 'Base[53]' at instance 'clintdec' in module 'msrv_soc_adrdecs@PV1'
//  Warning: Floating input 'Base[52]' at instance 'clintdec' in module 'msrv_soc_adrdecs@PV1'
//  Warning: Floating input 'Base[51]' at instance 'clintdec' in module 'msrv_soc_adrdecs@PV1'
//  Warning: Floating input 'Base[50]' at instance 'clintdec' in module 'msrv_soc_adrdecs@PV1'
//  Warning: Floating input 'Base[49]' at instance 'clintdec' in module 'msrv_soc_adrdecs@PV1'
//  Warning: Floating input 'Base[48]' at instance 'clintdec' in module 'msrv_soc_adrdecs@PV1'
//  Warning: Floating input 'Base[47]' at instance 'clintdec' in module 'msrv_soc_adrdecs@PV1'
//  Warning: Floating input 'Base[46]' at instance 'clintdec' in module 'msrv_soc_adrdecs@PV1'
//  Warning: Floating input 'Base[45]' at instance 'clintdec' in module 'msrv_soc_adrdecs@PV1'
//  Warning: Floating input 'Base[44]' at instance 'clintdec' in module 'msrv_soc_adrdecs@PV1'
//  Warning: Floating input 'Base[43]' at instance 'clintdec' in module 'msrv_soc_adrdecs@PV1'
//  Warning: Floating input 'Base[42]' at instance 'clintdec' in module 'msrv_soc_adrdecs@PV1'
//  Warning: Floating input 'Base[41]' at instance 'clintdec' in module 'msrv_soc_adrdecs@PV1'
//  Warning: Floating input 'Base[40]' at instance 'clintdec' in module 'msrv_soc_adrdecs@PV1'
//  Warning: Floating input 'Base[39]' at instance 'clintdec' in module 'msrv_soc_adrdecs@PV1'
//  Warning: Floating input 'Base[38]' at instance 'clintdec' in module 'msrv_soc_adrdecs@PV1'
//  Warning: Floating input 'Base[37]' at instance 'clintdec' in module 'msrv_soc_adrdecs@PV1'
//  Warning: Floating input 'Base[36]' at instance 'clintdec' in module 'msrv_soc_adrdecs@PV1'
//  Warning: Floating input 'Base[35]' at instance 'clintdec' in module 'msrv_soc_adrdecs@PV1'
//  Warning: Floating input 'Base[34]' at instance 'clintdec' in module 'msrv_soc_adrdecs@PV1'
//  Warning: Floating input 'Base[33]' at instance 'clintdec' in module 'msrv_soc_adrdecs@PV1'
//  Warning: Floating input 'Base[32]' at instance 'clintdec' in module 'msrv_soc_adrdecs@PV1'
//  Warning: Floating input 'Base[31]' at instance 'clintdec' in module 'msrv_soc_adrdecs@PV1'
//  Warning: Floating input 'Base[30]' at instance 'clintdec' in module 'msrv_soc_adrdecs@PV1'
//  Warning: Floating input 'Base[29]' at instance 'clintdec' in module 'msrv_soc_adrdecs@PV1'
//  Warning: Floating input 'Base[28]' at instance 'clintdec' in module 'msrv_soc_adrdecs@PV1'
//  Warning: Floating input 'Base[27]' at instance 'clintdec' in module 'msrv_soc_adrdecs@PV1'
//  Warning: Floating input 'Base[26]' at instance 'clintdec' in module 'msrv_soc_adrdecs@PV1'
//  Warning: Floating input 'Base[25]' at instance 'clintdec' in module 'msrv_soc_adrdecs@PV1'
//  Warning: Floating input 'Base[24]' at instance 'clintdec' in module 'msrv_soc_adrdecs@PV1'
//  Warning: Floating input 'Base[23]' at instance 'clintdec' in module 'msrv_soc_adrdecs@PV1'
//  Warning: Floating input 'Base[22]' at instance 'clintdec' in module 'msrv_soc_adrdecs@PV1'
//  Warning: Floating input 'Base[21]' at instance 'clintdec' in module 'msrv_soc_adrdecs@PV1'
//  Warning: Floating input 'Base[20]' at instance 'clintdec' in module 'msrv_soc_adrdecs@PV1'
//  Warning: Floating input 'Base[19]' at instance 'clintdec' in module 'msrv_soc_adrdecs@PV1'
//  Warning: Floating input 'Base[18]' at instance 'clintdec' in module 'msrv_soc_adrdecs@PV1'
//  Warning: Floating input 'Base[17]' at instance 'clintdec' in module 'msrv_soc_adrdecs@PV1'
//  Warning: Floating input 'Base[16]' at instance 'clintdec' in module 'msrv_soc_adrdecs@PV1'
//  Warning: Floating input 'Base[15]' at instance 'clintdec' in module 'msrv_soc_adrdecs@PV1'
//  Warning: Floating input 'Base[14]' at instance 'clintdec' in module 'msrv_soc_adrdecs@PV1'
//  Warning: Floating input 'Base[13]' at instance 'clintdec' in module 'msrv_soc_adrdecs@PV1'
//  Warning: Floating input 'Base[12]' at instance 'clintdec' in module 'msrv_soc_adrdecs@PV1'
//  Warning: Floating input 'Base[11]' at instance 'clintdec' in module 'msrv_soc_adrdecs@PV1'
//  Warning: Floating input 'Base[10]' at instance 'clintdec' in module 'msrv_soc_adrdecs@PV1'
//  Warning: Floating input 'Base[9]' at instance 'clintdec' in module 'msrv_soc_adrdecs@PV1'
//  Warning: Floating input 'Base[8]' at instance 'clintdec' in module 'msrv_soc_adrdecs@PV1'
//  Warning: Floating input 'Base[7]' at instance 'clintdec' in module 'msrv_soc_adrdecs@PV1'
//  Warning: Floating input 'Base[6]' at instance 'clintdec' in module 'msrv_soc_adrdecs@PV1'
//  Warning: Floating input 'Base[5]' at instance 'clintdec' in module 'msrv_soc_adrdecs@PV1'
//  Warning: Floating input 'Base[4]' at instance 'clintdec' in module 'msrv_soc_adrdecs@PV1'
//  Warning: Floating input 'Base[3]' at instance 'clintdec' in module 'msrv_soc_adrdecs@PV1'
//  Warning: Floating input 'Base[2]' at instance 'clintdec' in module 'msrv_soc_adrdecs@PV1'
//  Warning: Floating input 'Base[1]' at instance 'clintdec' in module 'msrv_soc_adrdecs@PV1'
//  Warning: Floating input 'Base[0]' at instance 'clintdec' in module 'msrv_soc_adrdecs@PV1'
//  Warning: Floating input 'Range[55]' at instance 'clintdec' in module 'msrv_soc_adrdecs@PV1'
//  Warning: Floating input 'Range[54]' at instance 'clintdec' in module 'msrv_soc_adrdecs@PV1'
//  Warning: Floating input 'Range[53]' at instance 'clintdec' in module 'msrv_soc_adrdecs@PV1'
//  Warning: Floating input 'Range[52]' at instance 'clintdec' in module 'msrv_soc_adrdecs@PV1'
//  Warning: Floating input 'Range[51]' at instance 'clintdec' in module 'msrv_soc_adrdecs@PV1'
//  Warning: Floating input 'Range[50]' at instance 'clintdec' in module 'msrv_soc_adrdecs@PV1'
//  Warning: Floating input 'Range[49]' at instance 'clintdec' in module 'msrv_soc_adrdecs@PV1'
//  Warning: Floating input 'Range[48]' at instance 'clintdec' in module 'msrv_soc_adrdecs@PV1'
//  Warning: Floating input 'Range[47]' at instance 'clintdec' in module 'msrv_soc_adrdecs@PV1'
//  Warning: Floating input 'Range[46]' at instance 'clintdec' in module 'msrv_soc_adrdecs@PV1'
//  Warning: Floating input 'Range[45]' at instance 'clintdec' in module 'msrv_soc_adrdecs@PV1'
//  Warning: Floating input 'Range[44]' at instance 'clintdec' in module 'msrv_soc_adrdecs@PV1'
//  Warning: Floating input 'Range[43]' at instance 'clintdec' in module 'msrv_soc_adrdecs@PV1'
//  Warning: Floating input 'Range[42]' at instance 'clintdec' in module 'msrv_soc_adrdecs@PV1'
//  Warning: Floating input 'Range[41]' at instance 'clintdec' in module 'msrv_soc_adrdecs@PV1'
//  Warning: Floating input 'Range[40]' at instance 'clintdec' in module 'msrv_soc_adrdecs@PV1'
//  Warning: Floating input 'Range[39]' at instance 'clintdec' in module 'msrv_soc_adrdecs@PV1'
//  Warning: Floating input 'Range[38]' at instance 'clintdec' in module 'msrv_soc_adrdecs@PV1'
//  Warning: Floating input 'Range[37]' at instance 'clintdec' in module 'msrv_soc_adrdecs@PV1'
//  Warning: Floating input 'Range[36]' at instance 'clintdec' in module 'msrv_soc_adrdecs@PV1'
//  Warning: Floating input 'Range[35]' at instance 'clintdec' in module 'msrv_soc_adrdecs@PV1'
//  Warning: Floating input 'Range[34]' at instance 'clintdec' in module 'msrv_soc_adrdecs@PV1'
//  Warning: Floating input 'Range[33]' at instance 'clintdec' in module 'msrv_soc_adrdecs@PV1'
//  Warning: Floating input 'Range[32]' at instance 'clintdec' in module 'msrv_soc_adrdecs@PV1'
//  Warning: Floating input 'Range[31]' at instance 'clintdec' in module 'msrv_soc_adrdecs@PV1'
//  Warning: Floating input 'Range[30]' at instance 'clintdec' in module 'msrv_soc_adrdecs@PV1'
//  Warning: Floating input 'Range[29]' at instance 'clintdec' in module 'msrv_soc_adrdecs@PV1'
//  Warning: Floating input 'Range[28]' at instance 'clintdec' in module 'msrv_soc_adrdecs@PV1'
//  Warning: Floating input 'Range[27]' at instance 'clintdec' in module 'msrv_soc_adrdecs@PV1'
//  Warning: Floating input 'Range[26]' at instance 'clintdec' in module 'msrv_soc_adrdecs@PV1'
//  Warning: Floating input 'Range[25]' at instance 'clintdec' in module 'msrv_soc_adrdecs@PV1'
//  Warning: Floating input 'Range[24]' at instance 'clintdec' in module 'msrv_soc_adrdecs@PV1'
//  Warning: Floating input 'Range[23]' at instance 'clintdec' in module 'msrv_soc_adrdecs@PV1'
//  Warning: Floating input 'Range[22]' at instance 'clintdec' in module 'msrv_soc_adrdecs@PV1'
//  Warning: Floating input 'Range[21]' at instance 'clintdec' in module 'msrv_soc_adrdecs@PV1'
//  Warning: Floating input 'Range[20]' at instance 'clintdec' in module 'msrv_soc_adrdecs@PV1'
//  Warning: Floating input 'Range[19]' at instance 'clintdec' in module 'msrv_soc_adrdecs@PV1'
//  Warning: Floating input 'Range[18]' at instance 'clintdec' in module 'msrv_soc_adrdecs@PV1'
//  Warning: Floating input 'Range[17]' at instance 'clintdec' in module 'msrv_soc_adrdecs@PV1'
//  Warning: Floating input 'Range[16]' at instance 'clintdec' in module 'msrv_soc_adrdecs@PV1'
//  Warning: Floating input 'Range[15]' at instance 'clintdec' in module 'msrv_soc_adrdecs@PV1'
//  Warning: Floating input 'Range[14]' at instance 'clintdec' in module 'msrv_soc_adrdecs@PV1'
//  Warning: Floating input 'Range[13]' at instance 'clintdec' in module 'msrv_soc_adrdecs@PV1'
//  Warning: Floating input 'Range[12]' at instance 'clintdec' in module 'msrv_soc_adrdecs@PV1'
//  Warning: Floating input 'Range[11]' at instance 'clintdec' in module 'msrv_soc_adrdecs@PV1'
//  Warning: Floating input 'Range[10]' at instance 'clintdec' in module 'msrv_soc_adrdecs@PV1'
//  Warning: Floating input 'Range[9]' at instance 'clintdec' in module 'msrv_soc_adrdecs@PV1'
//  Warning: Floating input 'Range[8]' at instance 'clintdec' in module 'msrv_soc_adrdecs@PV1'
//  Warning: Floating input 'Range[7]' at instance 'clintdec' in module 'msrv_soc_adrdecs@PV1'
//  Warning: Floating input 'Range[6]' at instance 'clintdec' in module 'msrv_soc_adrdecs@PV1'
//  Warning: Floating input 'Range[5]' at instance 'clintdec' in module 'msrv_soc_adrdecs@PV1'
//  Warning: Floating input 'Range[4]' at instance 'clintdec' in module 'msrv_soc_adrdecs@PV1'
//  Warning: Floating input 'Range[3]' at instance 'clintdec' in module 'msrv_soc_adrdecs@PV1'
//  Warning: Floating input 'Range[2]' at instance 'clintdec' in module 'msrv_soc_adrdecs@PV1'
//  Warning: Floating input 'Range[1]' at instance 'clintdec' in module 'msrv_soc_adrdecs@PV1'
//  Warning: Floating input 'Range[0]' at instance 'clintdec' in module 'msrv_soc_adrdecs@PV1'
//  Warning: Floating input 'Supported' at instance 'clintdec' in module 'msrv_soc_adrdecs@PV1'
//  Warning: Floating input 'Base[55]' at instance 'gpiodec' in module 'msrv_soc_adrdecs@PV1'
//  Warning: Floating input 'Base[54]' at instance 'gpiodec' in module 'msrv_soc_adrdecs@PV1'
//  Warning: Floating input 'Base[53]' at instance 'gpiodec' in module 'msrv_soc_adrdecs@PV1'
//  Warning: Floating input 'Base[52]' at instance 'gpiodec' in module 'msrv_soc_adrdecs@PV1'
//  Warning: Floating input 'Base[51]' at instance 'gpiodec' in module 'msrv_soc_adrdecs@PV1'
//  Warning: Floating input 'Base[50]' at instance 'gpiodec' in module 'msrv_soc_adrdecs@PV1'
//  Warning: Floating input 'Base[49]' at instance 'gpiodec' in module 'msrv_soc_adrdecs@PV1'
//  Warning: Floating input 'Base[48]' at instance 'gpiodec' in module 'msrv_soc_adrdecs@PV1'
//  Warning: Floating input 'Base[47]' at instance 'gpiodec' in module 'msrv_soc_adrdecs@PV1'
//  Warning: Floating input 'Base[46]' at instance 'gpiodec' in module 'msrv_soc_adrdecs@PV1'
//  Warning: Floating input 'Base[45]' at instance 'gpiodec' in module 'msrv_soc_adrdecs@PV1'
//  Warning: Floating input 'Base[44]' at instance 'gpiodec' in module 'msrv_soc_adrdecs@PV1'
//  Warning: Floating input 'Base[43]' at instance 'gpiodec' in module 'msrv_soc_adrdecs@PV1'
//  Warning: Floating input 'Base[42]' at instance 'gpiodec' in module 'msrv_soc_adrdecs@PV1'
//  Warning: Floating input 'Base[41]' at instance 'gpiodec' in module 'msrv_soc_adrdecs@PV1'
//  Warning: Floating input 'Base[40]' at instance 'gpiodec' in module 'msrv_soc_adrdecs@PV1'
//  Warning: Floating input 'Base[39]' at instance 'gpiodec' in module 'msrv_soc_adrdecs@PV1'
//  Warning: Floating input 'Base[38]' at instance 'gpiodec' in module 'msrv_soc_adrdecs@PV1'
//  Warning: Floating input 'Base[37]' at instance 'gpiodec' in module 'msrv_soc_adrdecs@PV1'
//  Warning: Floating input 'Base[36]' at instance 'gpiodec' in module 'msrv_soc_adrdecs@PV1'
//  Warning: Floating input 'Base[35]' at instance 'gpiodec' in module 'msrv_soc_adrdecs@PV1'
//  Warning: Floating input 'Base[34]' at instance 'gpiodec' in module 'msrv_soc_adrdecs@PV1'
//  Warning: Floating input 'Base[33]' at instance 'gpiodec' in module 'msrv_soc_adrdecs@PV1'
//  Warning: Floating input 'Base[32]' at instance 'gpiodec' in module 'msrv_soc_adrdecs@PV1'
//  Warning: Floating input 'Base[31]' at instance 'gpiodec' in module 'msrv_soc_adrdecs@PV1'
//  Warning: Floating input 'Base[30]' at instance 'gpiodec' in module 'msrv_soc_adrdecs@PV1'
//  Warning: Floating input 'Base[29]' at instance 'gpiodec' in module 'msrv_soc_adrdecs@PV1'
//  Warning: Floating input 'Base[28]' at instance 'gpiodec' in module 'msrv_soc_adrdecs@PV1'
//  Warning: Floating input 'Base[27]' at instance 'gpiodec' in module 'msrv_soc_adrdecs@PV1'
//  Warning: Floating input 'Base[26]' at instance 'gpiodec' in module 'msrv_soc_adrdecs@PV1'
//  Warning: Floating input 'Base[25]' at instance 'gpiodec' in module 'msrv_soc_adrdecs@PV1'
//  Warning: Floating input 'Base[24]' at instance 'gpiodec' in module 'msrv_soc_adrdecs@PV1'
//  Warning: Floating input 'Base[23]' at instance 'gpiodec' in module 'msrv_soc_adrdecs@PV1'
//  Warning: Floating input 'Base[22]' at instance 'gpiodec' in module 'msrv_soc_adrdecs@PV1'
//  Warning: Floating input 'Base[21]' at instance 'gpiodec' in module 'msrv_soc_adrdecs@PV1'
//  Warning: Floating input 'Base[20]' at instance 'gpiodec' in module 'msrv_soc_adrdecs@PV1'
//  Warning: Floating input 'Base[19]' at instance 'gpiodec' in module 'msrv_soc_adrdecs@PV1'
//  Warning: Floating input 'Base[18]' at instance 'gpiodec' in module 'msrv_soc_adrdecs@PV1'
//  Warning: Floating input 'Base[17]' at instance 'gpiodec' in module 'msrv_soc_adrdecs@PV1'
//  Warning: Floating input 'Base[16]' at instance 'gpiodec' in module 'msrv_soc_adrdecs@PV1'
//  Warning: Floating input 'Base[15]' at instance 'gpiodec' in module 'msrv_soc_adrdecs@PV1'
//  Warning: Floating input 'Base[14]' at instance 'gpiodec' in module 'msrv_soc_adrdecs@PV1'
//  Warning: Floating input 'Base[13]' at instance 'gpiodec' in module 'msrv_soc_adrdecs@PV1'
//  Warning: Floating input 'Base[12]' at instance 'gpiodec' in module 'msrv_soc_adrdecs@PV1'
//  Warning: Floating input 'Base[11]' at instance 'gpiodec' in module 'msrv_soc_adrdecs@PV1'
//  Warning: Floating input 'Base[10]' at instance 'gpiodec' in module 'msrv_soc_adrdecs@PV1'
//  Warning: Floating input 'Base[9]' at instance 'gpiodec' in module 'msrv_soc_adrdecs@PV1'
//  Warning: Floating input 'Base[8]' at instance 'gpiodec' in module 'msrv_soc_adrdecs@PV1'
//  Warning: Floating input 'Base[7]' at instance 'gpiodec' in module 'msrv_soc_adrdecs@PV1'
//  Warning: Floating input 'Base[6]' at instance 'gpiodec' in module 'msrv_soc_adrdecs@PV1'
//  Warning: Floating input 'Base[5]' at instance 'gpiodec' in module 'msrv_soc_adrdecs@PV1'
//  Warning: Floating input 'Base[4]' at instance 'gpiodec' in module 'msrv_soc_adrdecs@PV1'
//  Warning: Floating input 'Base[3]' at instance 'gpiodec' in module 'msrv_soc_adrdecs@PV1'
//  Warning: Floating input 'Base[2]' at instance 'gpiodec' in module 'msrv_soc_adrdecs@PV1'
//  Warning: Floating input 'Base[1]' at instance 'gpiodec' in module 'msrv_soc_adrdecs@PV1'
//  Warning: Floating input 'Base[0]' at instance 'gpiodec' in module 'msrv_soc_adrdecs@PV1'
//  Warning: Floating input 'Range[55]' at instance 'gpiodec' in module 'msrv_soc_adrdecs@PV1'
//  Warning: Floating input 'Range[54]' at instance 'gpiodec' in module 'msrv_soc_adrdecs@PV1'
//  Warning: Floating input 'Range[53]' at instance 'gpiodec' in module 'msrv_soc_adrdecs@PV1'
//  Warning: Floating input 'Range[52]' at instance 'gpiodec' in module 'msrv_soc_adrdecs@PV1'
//  Warning: Floating input 'Range[51]' at instance 'gpiodec' in module 'msrv_soc_adrdecs@PV1'
//  Warning: Floating input 'Range[50]' at instance 'gpiodec' in module 'msrv_soc_adrdecs@PV1'
//  Warning: Floating input 'Range[49]' at instance 'gpiodec' in module 'msrv_soc_adrdecs@PV1'
//  Warning: Floating input 'Range[48]' at instance 'gpiodec' in module 'msrv_soc_adrdecs@PV1'
//  Warning: Floating input 'Range[47]' at instance 'gpiodec' in module 'msrv_soc_adrdecs@PV1'
//  Warning: Floating input 'Range[46]' at instance 'gpiodec' in module 'msrv_soc_adrdecs@PV1'
//  Warning: Floating input 'Range[45]' at instance 'gpiodec' in module 'msrv_soc_adrdecs@PV1'
//  Warning: Floating input 'Range[44]' at instance 'gpiodec' in module 'msrv_soc_adrdecs@PV1'
//  Warning: Floating input 'Range[43]' at instance 'gpiodec' in module 'msrv_soc_adrdecs@PV1'
//  Warning: Floating input 'Range[42]' at instance 'gpiodec' in module 'msrv_soc_adrdecs@PV1'
//  Warning: Floating input 'Range[41]' at instance 'gpiodec' in module 'msrv_soc_adrdecs@PV1'
//  Warning: Floating input 'Range[40]' at instance 'gpiodec' in module 'msrv_soc_adrdecs@PV1'
//  Warning: Floating input 'Range[39]' at instance 'gpiodec' in module 'msrv_soc_adrdecs@PV1'
//  Warning: Floating input 'Range[38]' at instance 'gpiodec' in module 'msrv_soc_adrdecs@PV1'
//  Warning: Floating input 'Range[37]' at instance 'gpiodec' in module 'msrv_soc_adrdecs@PV1'
//  Warning: Floating input 'Range[36]' at instance 'gpiodec' in module 'msrv_soc_adrdecs@PV1'
//  Warning: Floating input 'Range[35]' at instance 'gpiodec' in module 'msrv_soc_adrdecs@PV1'
//  Warning: Floating input 'Range[34]' at instance 'gpiodec' in module 'msrv_soc_adrdecs@PV1'
//  Warning: Floating input 'Range[33]' at instance 'gpiodec' in module 'msrv_soc_adrdecs@PV1'
//  Warning: Floating input 'Range[32]' at instance 'gpiodec' in module 'msrv_soc_adrdecs@PV1'
//  Warning: Floating input 'Range[31]' at instance 'gpiodec' in module 'msrv_soc_adrdecs@PV1'
//  Warning: Floating input 'Range[30]' at instance 'gpiodec' in module 'msrv_soc_adrdecs@PV1'
//  Warning: Floating input 'Range[29]' at instance 'gpiodec' in module 'msrv_soc_adrdecs@PV1'
//  Warning: Floating input 'Range[28]' at instance 'gpiodec' in module 'msrv_soc_adrdecs@PV1'
//  Warning: Floating input 'Range[27]' at instance 'gpiodec' in module 'msrv_soc_adrdecs@PV1'
//  Warning: Floating input 'Range[26]' at instance 'gpiodec' in module 'msrv_soc_adrdecs@PV1'
//  Warning: Floating input 'Range[25]' at instance 'gpiodec' in module 'msrv_soc_adrdecs@PV1'
//  Warning: Floating input 'Range[24]' at instance 'gpiodec' in module 'msrv_soc_adrdecs@PV1'
//  Warning: Floating input 'Range[23]' at instance 'gpiodec' in module 'msrv_soc_adrdecs@PV1'
//  Warning: Floating input 'Range[22]' at instance 'gpiodec' in module 'msrv_soc_adrdecs@PV1'
//  Warning: Floating input 'Range[21]' at instance 'gpiodec' in module 'msrv_soc_adrdecs@PV1'
//  Warning: Floating input 'Range[20]' at instance 'gpiodec' in module 'msrv_soc_adrdecs@PV1'
//  Warning: Floating input 'Range[19]' at instance 'gpiodec' in module 'msrv_soc_adrdecs@PV1'
//  Warning: Floating input 'Range[18]' at instance 'gpiodec' in module 'msrv_soc_adrdecs@PV1'
//  Warning: Floating input 'Range[17]' at instance 'gpiodec' in module 'msrv_soc_adrdecs@PV1'
//  Warning: Floating input 'Range[16]' at instance 'gpiodec' in module 'msrv_soc_adrdecs@PV1'
//  Warning: Floating input 'Range[15]' at instance 'gpiodec' in module 'msrv_soc_adrdecs@PV1'
//  Warning: Floating input 'Range[14]' at instance 'gpiodec' in module 'msrv_soc_adrdecs@PV1'
//  Warning: Floating input 'Range[13]' at instance 'gpiodec' in module 'msrv_soc_adrdecs@PV1'
//  Warning: Floating input 'Range[12]' at instance 'gpiodec' in module 'msrv_soc_adrdecs@PV1'
//  Warning: Floating input 'Range[11]' at instance 'gpiodec' in module 'msrv_soc_adrdecs@PV1'
//  Warning: Floating input 'Range[10]' at instance 'gpiodec' in module 'msrv_soc_adrdecs@PV1'
//  Warning: Floating input 'Range[9]' at instance 'gpiodec' in module 'msrv_soc_adrdecs@PV1'
//  Warning: Floating input 'Range[8]' at instance 'gpiodec' in module 'msrv_soc_adrdecs@PV1'
//  Warning: Floating input 'Range[7]' at instance 'gpiodec' in module 'msrv_soc_adrdecs@PV1'
//  Warning: Floating input 'Range[6]' at instance 'gpiodec' in module 'msrv_soc_adrdecs@PV1'
//  Warning: Floating input 'Range[5]' at instance 'gpiodec' in module 'msrv_soc_adrdecs@PV1'
//  Warning: Floating input 'Range[4]' at instance 'gpiodec' in module 'msrv_soc_adrdecs@PV1'
//  Warning: Floating input 'Range[3]' at instance 'gpiodec' in module 'msrv_soc_adrdecs@PV1'
//  Warning: Floating input 'Range[2]' at instance 'gpiodec' in module 'msrv_soc_adrdecs@PV1'
//  Warning: Floating input 'Range[1]' at instance 'gpiodec' in module 'msrv_soc_adrdecs@PV1'
//  Warning: Floating input 'Range[0]' at instance 'gpiodec' in module 'msrv_soc_adrdecs@PV1'
//  Warning: Floating input 'Supported' at instance 'gpiodec' in module 'msrv_soc_adrdecs@PV1'
//  Warning: Floating input 'Base[55]' at instance 'uartdec' in module 'msrv_soc_adrdecs@PV1'
//  Warning: Floating input 'Base[54]' at instance 'uartdec' in module 'msrv_soc_adrdecs@PV1'
//  Warning: Floating input 'Base[53]' at instance 'uartdec' in module 'msrv_soc_adrdecs@PV1'
//  Warning: Floating input 'Base[52]' at instance 'uartdec' in module 'msrv_soc_adrdecs@PV1'
//  Warning: Floating input 'Base[51]' at instance 'uartdec' in module 'msrv_soc_adrdecs@PV1'
//  Warning: Floating input 'Base[50]' at instance 'uartdec' in module 'msrv_soc_adrdecs@PV1'
//  Warning: Floating input 'Base[49]' at instance 'uartdec' in module 'msrv_soc_adrdecs@PV1'
//  Warning: Floating input 'Base[48]' at instance 'uartdec' in module 'msrv_soc_adrdecs@PV1'
//  Warning: Floating input 'Base[47]' at instance 'uartdec' in module 'msrv_soc_adrdecs@PV1'
//  Warning: Floating input 'Base[46]' at instance 'uartdec' in module 'msrv_soc_adrdecs@PV1'
//  Warning: Floating input 'Base[45]' at instance 'uartdec' in module 'msrv_soc_adrdecs@PV1'
//  Warning: Floating input 'Base[44]' at instance 'uartdec' in module 'msrv_soc_adrdecs@PV1'
//  Warning: Floating input 'Base[43]' at instance 'uartdec' in module 'msrv_soc_adrdecs@PV1'
//  Warning: Floating input 'Base[42]' at instance 'uartdec' in module 'msrv_soc_adrdecs@PV1'
//  Warning: Floating input 'Base[41]' at instance 'uartdec' in module 'msrv_soc_adrdecs@PV1'
//  Warning: Floating input 'Base[40]' at instance 'uartdec' in module 'msrv_soc_adrdecs@PV1'
//  Warning: Floating input 'Base[39]' at instance 'uartdec' in module 'msrv_soc_adrdecs@PV1'
//  Warning: Floating input 'Base[38]' at instance 'uartdec' in module 'msrv_soc_adrdecs@PV1'
//  Warning: Floating input 'Base[37]' at instance 'uartdec' in module 'msrv_soc_adrdecs@PV1'
//  Warning: Floating input 'Base[36]' at instance 'uartdec' in module 'msrv_soc_adrdecs@PV1'
//  Warning: Floating input 'Base[35]' at instance 'uartdec' in module 'msrv_soc_adrdecs@PV1'
//  Warning: Floating input 'Base[34]' at instance 'uartdec' in module 'msrv_soc_adrdecs@PV1'
//  Warning: Floating input 'Base[33]' at instance 'uartdec' in module 'msrv_soc_adrdecs@PV1'
//  Warning: Floating input 'Base[32]' at instance 'uartdec' in module 'msrv_soc_adrdecs@PV1'
//  Warning: Floating input 'Base[31]' at instance 'uartdec' in module 'msrv_soc_adrdecs@PV1'
//  Warning: Floating input 'Base[30]' at instance 'uartdec' in module 'msrv_soc_adrdecs@PV1'
//  Warning: Floating input 'Base[29]' at instance 'uartdec' in module 'msrv_soc_adrdecs@PV1'
//  Warning: Floating input 'Base[28]' at instance 'uartdec' in module 'msrv_soc_adrdecs@PV1'
//  Warning: Floating input 'Base[27]' at instance 'uartdec' in module 'msrv_soc_adrdecs@PV1'
//  Warning: Floating input 'Base[26]' at instance 'uartdec' in module 'msrv_soc_adrdecs@PV1'
//  Warning: Floating input 'Base[25]' at instance 'uartdec' in module 'msrv_soc_adrdecs@PV1'
//  Warning: Floating input 'Base[24]' at instance 'uartdec' in module 'msrv_soc_adrdecs@PV1'
//  Warning: Floating input 'Base[23]' at instance 'uartdec' in module 'msrv_soc_adrdecs@PV1'
//  Warning: Floating input 'Base[22]' at instance 'uartdec' in module 'msrv_soc_adrdecs@PV1'
//  Warning: Floating input 'Base[21]' at instance 'uartdec' in module 'msrv_soc_adrdecs@PV1'
//  Warning: Floating input 'Base[20]' at instance 'uartdec' in module 'msrv_soc_adrdecs@PV1'
//  Warning: Floating input 'Base[19]' at instance 'uartdec' in module 'msrv_soc_adrdecs@PV1'
//  Warning: Floating input 'Base[18]' at instance 'uartdec' in module 'msrv_soc_adrdecs@PV1'
//  Warning: Floating input 'Base[17]' at instance 'uartdec' in module 'msrv_soc_adrdecs@PV1'
//  Warning: Floating input 'Base[16]' at instance 'uartdec' in module 'msrv_soc_adrdecs@PV1'
//  Warning: Floating input 'Base[15]' at instance 'uartdec' in module 'msrv_soc_adrdecs@PV1'
//  Warning: Floating input 'Base[14]' at instance 'uartdec' in module 'msrv_soc_adrdecs@PV1'
//  Warning: Floating input 'Base[13]' at instance 'uartdec' in module 'msrv_soc_adrdecs@PV1'
//  Warning: Floating input 'Base[12]' at instance 'uartdec' in module 'msrv_soc_adrdecs@PV1'
//  Warning: Floating input 'Base[11]' at instance 'uartdec' in module 'msrv_soc_adrdecs@PV1'
//  Warning: Floating input 'Base[10]' at instance 'uartdec' in module 'msrv_soc_adrdecs@PV1'
//  Warning: Floating input 'Base[9]' at instance 'uartdec' in module 'msrv_soc_adrdecs@PV1'
//  Warning: Floating input 'Base[8]' at instance 'uartdec' in module 'msrv_soc_adrdecs@PV1'
//  Warning: Floating input 'Base[7]' at instance 'uartdec' in module 'msrv_soc_adrdecs@PV1'
//  Warning: Floating input 'Base[6]' at instance 'uartdec' in module 'msrv_soc_adrdecs@PV1'
//  Warning: Floating input 'Base[5]' at instance 'uartdec' in module 'msrv_soc_adrdecs@PV1'
//  Warning: Floating input 'Base[4]' at instance 'uartdec' in module 'msrv_soc_adrdecs@PV1'
//  Warning: Floating input 'Base[3]' at instance 'uartdec' in module 'msrv_soc_adrdecs@PV1'
//  Warning: Floating input 'Base[2]' at instance 'uartdec' in module 'msrv_soc_adrdecs@PV1'
//  Warning: Floating input 'Base[1]' at instance 'uartdec' in module 'msrv_soc_adrdecs@PV1'
//  Warning: Floating input 'Base[0]' at instance 'uartdec' in module 'msrv_soc_adrdecs@PV1'
//  Warning: Floating input 'Range[55]' at instance 'uartdec' in module 'msrv_soc_adrdecs@PV1'
//  Warning: Floating input 'Range[54]' at instance 'uartdec' in module 'msrv_soc_adrdecs@PV1'
//  Warning: Floating input 'Range[53]' at instance 'uartdec' in module 'msrv_soc_adrdecs@PV1'
//  Warning: Floating input 'Range[52]' at instance 'uartdec' in module 'msrv_soc_adrdecs@PV1'
//  Warning: Floating input 'Range[51]' at instance 'uartdec' in module 'msrv_soc_adrdecs@PV1'
//  Warning: Floating input 'Range[50]' at instance 'uartdec' in module 'msrv_soc_adrdecs@PV1'
//  Warning: Floating input 'Range[49]' at instance 'uartdec' in module 'msrv_soc_adrdecs@PV1'
//  Warning: Floating input 'Range[48]' at instance 'uartdec' in module 'msrv_soc_adrdecs@PV1'
//  Warning: Floating input 'Range[47]' at instance 'uartdec' in module 'msrv_soc_adrdecs@PV1'
//  Warning: Floating input 'Range[46]' at instance 'uartdec' in module 'msrv_soc_adrdecs@PV1'
//  Warning: Floating input 'Range[45]' at instance 'uartdec' in module 'msrv_soc_adrdecs@PV1'
//  Warning: Floating input 'Range[44]' at instance 'uartdec' in module 'msrv_soc_adrdecs@PV1'
//  Warning: Floating input 'Range[43]' at instance 'uartdec' in module 'msrv_soc_adrdecs@PV1'
//  Warning: Floating input 'Range[42]' at instance 'uartdec' in module 'msrv_soc_adrdecs@PV1'
//  Warning: Floating input 'Range[41]' at instance 'uartdec' in module 'msrv_soc_adrdecs@PV1'
//  Warning: Floating input 'Range[40]' at instance 'uartdec' in module 'msrv_soc_adrdecs@PV1'
//  Warning: Floating input 'Range[39]' at instance 'uartdec' in module 'msrv_soc_adrdecs@PV1'
//  Warning: Floating input 'Range[38]' at instance 'uartdec' in module 'msrv_soc_adrdecs@PV1'
//  Warning: Floating input 'Range[37]' at instance 'uartdec' in module 'msrv_soc_adrdecs@PV1'
//  Warning: Floating input 'Range[36]' at instance 'uartdec' in module 'msrv_soc_adrdecs@PV1'
//  Warning: Floating input 'Range[35]' at instance 'uartdec' in module 'msrv_soc_adrdecs@PV1'
//  Warning: Floating input 'Range[34]' at instance 'uartdec' in module 'msrv_soc_adrdecs@PV1'
//  Warning: Floating input 'Range[33]' at instance 'uartdec' in module 'msrv_soc_adrdecs@PV1'
//  Warning: Floating input 'Range[32]' at instance 'uartdec' in module 'msrv_soc_adrdecs@PV1'
//  Warning: Floating input 'Range[31]' at instance 'uartdec' in module 'msrv_soc_adrdecs@PV1'
//  Warning: Floating input 'Range[30]' at instance 'uartdec' in module 'msrv_soc_adrdecs@PV1'
//  Warning: Floating input 'Range[29]' at instance 'uartdec' in module 'msrv_soc_adrdecs@PV1'
//  Warning: Floating input 'Range[28]' at instance 'uartdec' in module 'msrv_soc_adrdecs@PV1'
//  Warning: Floating input 'Range[27]' at instance 'uartdec' in module 'msrv_soc_adrdecs@PV1'
//  Warning: Floating input 'Range[26]' at instance 'uartdec' in module 'msrv_soc_adrdecs@PV1'
//  Warning: Floating input 'Range[25]' at instance 'uartdec' in module 'msrv_soc_adrdecs@PV1'
//  Warning: Floating input 'Range[24]' at instance 'uartdec' in module 'msrv_soc_adrdecs@PV1'
//  Warning: Floating input 'Range[23]' at instance 'uartdec' in module 'msrv_soc_adrdecs@PV1'
//  Warning: Floating input 'Range[22]' at instance 'uartdec' in module 'msrv_soc_adrdecs@PV1'
//  Warning: Floating input 'Range[21]' at instance 'uartdec' in module 'msrv_soc_adrdecs@PV1'
//  Warning: Floating input 'Range[20]' at instance 'uartdec' in module 'msrv_soc_adrdecs@PV1'
//  Warning: Floating input 'Range[19]' at instance 'uartdec' in module 'msrv_soc_adrdecs@PV1'
//  Warning: Floating input 'Range[18]' at instance 'uartdec' in module 'msrv_soc_adrdecs@PV1'
//  Warning: Floating input 'Range[17]' at instance 'uartdec' in module 'msrv_soc_adrdecs@PV1'
//  Warning: Floating input 'Range[16]' at instance 'uartdec' in module 'msrv_soc_adrdecs@PV1'
//  Warning: Floating input 'Range[15]' at instance 'uartdec' in module 'msrv_soc_adrdecs@PV1'
//  Warning: Floating input 'Range[14]' at instance 'uartdec' in module 'msrv_soc_adrdecs@PV1'
//  Warning: Floating input 'Range[13]' at instance 'uartdec' in module 'msrv_soc_adrdecs@PV1'
//  Warning: Floating input 'Range[12]' at instance 'uartdec' in module 'msrv_soc_adrdecs@PV1'
//  Warning: Floating input 'Range[11]' at instance 'uartdec' in module 'msrv_soc_adrdecs@PV1'
//  Warning: Floating input 'Range[10]' at instance 'uartdec' in module 'msrv_soc_adrdecs@PV1'
//  Warning: Floating input 'Range[9]' at instance 'uartdec' in module 'msrv_soc_adrdecs@PV1'
//  Warning: Floating input 'Range[8]' at instance 'uartdec' in module 'msrv_soc_adrdecs@PV1'
//  Warning: Floating input 'Range[7]' at instance 'uartdec' in module 'msrv_soc_adrdecs@PV1'
//  Warning: Floating input 'Range[6]' at instance 'uartdec' in module 'msrv_soc_adrdecs@PV1'
//  Warning: Floating input 'Range[5]' at instance 'uartdec' in module 'msrv_soc_adrdecs@PV1'
//  Warning: Floating input 'Range[4]' at instance 'uartdec' in module 'msrv_soc_adrdecs@PV1'
//  Warning: Floating input 'Range[3]' at instance 'uartdec' in module 'msrv_soc_adrdecs@PV1'
//  Warning: Floating input 'Range[2]' at instance 'uartdec' in module 'msrv_soc_adrdecs@PV1'
//  Warning: Floating input 'Range[1]' at instance 'uartdec' in module 'msrv_soc_adrdecs@PV1'
//  Warning: Floating input 'Range[0]' at instance 'uartdec' in module 'msrv_soc_adrdecs@PV1'
//  Warning: Floating input 'Supported' at instance 'uartdec' in module 'msrv_soc_adrdecs@PV1'
//  Warning: Floating input 'Base[55]' at instance 'plicdec' in module 'msrv_soc_adrdecs@PV1'
//  Warning: Floating input 'Base[54]' at instance 'plicdec' in module 'msrv_soc_adrdecs@PV1'
//  Warning: Floating input 'Base[53]' at instance 'plicdec' in module 'msrv_soc_adrdecs@PV1'
//  Warning: Floating input 'Base[52]' at instance 'plicdec' in module 'msrv_soc_adrdecs@PV1'
//  Warning: Floating input 'Base[51]' at instance 'plicdec' in module 'msrv_soc_adrdecs@PV1'
//  Warning: Floating input 'Base[50]' at instance 'plicdec' in module 'msrv_soc_adrdecs@PV1'
//  Warning: Floating input 'Base[49]' at instance 'plicdec' in module 'msrv_soc_adrdecs@PV1'
//  Warning: Floating input 'Base[48]' at instance 'plicdec' in module 'msrv_soc_adrdecs@PV1'
//  Warning: Floating input 'Base[47]' at instance 'plicdec' in module 'msrv_soc_adrdecs@PV1'
//  Warning: Floating input 'Base[46]' at instance 'plicdec' in module 'msrv_soc_adrdecs@PV1'
//  Warning: Floating input 'Base[45]' at instance 'plicdec' in module 'msrv_soc_adrdecs@PV1'
//  Warning: Floating input 'Base[44]' at instance 'plicdec' in module 'msrv_soc_adrdecs@PV1'
//  Warning: Floating input 'Base[43]' at instance 'plicdec' in module 'msrv_soc_adrdecs@PV1'
//  Warning: Floating input 'Base[42]' at instance 'plicdec' in module 'msrv_soc_adrdecs@PV1'
//  Warning: Floating input 'Base[41]' at instance 'plicdec' in module 'msrv_soc_adrdecs@PV1'
//  Warning: Floating input 'Base[40]' at instance 'plicdec' in module 'msrv_soc_adrdecs@PV1'
//  Warning: Floating input 'Base[39]' at instance 'plicdec' in module 'msrv_soc_adrdecs@PV1'
//  Warning: Floating input 'Base[38]' at instance 'plicdec' in module 'msrv_soc_adrdecs@PV1'
//  Warning: Floating input 'Base[37]' at instance 'plicdec' in module 'msrv_soc_adrdecs@PV1'
//  Warning: Floating input 'Base[36]' at instance 'plicdec' in module 'msrv_soc_adrdecs@PV1'
//  Warning: Floating input 'Base[35]' at instance 'plicdec' in module 'msrv_soc_adrdecs@PV1'
//  Warning: Floating input 'Base[34]' at instance 'plicdec' in module 'msrv_soc_adrdecs@PV1'
//  Warning: Floating input 'Base[33]' at instance 'plicdec' in module 'msrv_soc_adrdecs@PV1'
//  Warning: Floating input 'Base[32]' at instance 'plicdec' in module 'msrv_soc_adrdecs@PV1'
//  Warning: Floating input 'Base[31]' at instance 'plicdec' in module 'msrv_soc_adrdecs@PV1'
//  Warning: Floating input 'Base[30]' at instance 'plicdec' in module 'msrv_soc_adrdecs@PV1'
//  Warning: Floating input 'Base[29]' at instance 'plicdec' in module 'msrv_soc_adrdecs@PV1'
//  Warning: Floating input 'Base[28]' at instance 'plicdec' in module 'msrv_soc_adrdecs@PV1'
//  Warning: Floating input 'Base[27]' at instance 'plicdec' in module 'msrv_soc_adrdecs@PV1'
//  Warning: Floating input 'Base[26]' at instance 'plicdec' in module 'msrv_soc_adrdecs@PV1'
//  Warning: Floating input 'Base[25]' at instance 'plicdec' in module 'msrv_soc_adrdecs@PV1'
//  Warning: Floating input 'Base[24]' at instance 'plicdec' in module 'msrv_soc_adrdecs@PV1'
//  Warning: Floating input 'Base[23]' at instance 'plicdec' in module 'msrv_soc_adrdecs@PV1'
//  Warning: Floating input 'Base[22]' at instance 'plicdec' in module 'msrv_soc_adrdecs@PV1'
//  Warning: Floating input 'Base[21]' at instance 'plicdec' in module 'msrv_soc_adrdecs@PV1'
//  Warning: Floating input 'Base[20]' at instance 'plicdec' in module 'msrv_soc_adrdecs@PV1'
//  Warning: Floating input 'Base[19]' at instance 'plicdec' in module 'msrv_soc_adrdecs@PV1'
//  Warning: Floating input 'Base[18]' at instance 'plicdec' in module 'msrv_soc_adrdecs@PV1'
//  Warning: Floating input 'Base[17]' at instance 'plicdec' in module 'msrv_soc_adrdecs@PV1'
//  Warning: Floating input 'Base[16]' at instance 'plicdec' in module 'msrv_soc_adrdecs@PV1'
//  Warning: Floating input 'Base[15]' at instance 'plicdec' in module 'msrv_soc_adrdecs@PV1'
//  Warning: Floating input 'Base[14]' at instance 'plicdec' in module 'msrv_soc_adrdecs@PV1'
//  Warning: Floating input 'Base[13]' at instance 'plicdec' in module 'msrv_soc_adrdecs@PV1'
//  Warning: Floating input 'Base[12]' at instance 'plicdec' in module 'msrv_soc_adrdecs@PV1'
//  Warning: Floating input 'Base[11]' at instance 'plicdec' in module 'msrv_soc_adrdecs@PV1'
//  Warning: Floating input 'Base[10]' at instance 'plicdec' in module 'msrv_soc_adrdecs@PV1'
//  Warning: Floating input 'Base[9]' at instance 'plicdec' in module 'msrv_soc_adrdecs@PV1'
//  Warning: Floating input 'Base[8]' at instance 'plicdec' in module 'msrv_soc_adrdecs@PV1'
//  Warning: Floating input 'Base[7]' at instance 'plicdec' in module 'msrv_soc_adrdecs@PV1'
//  Warning: Floating input 'Base[6]' at instance 'plicdec' in module 'msrv_soc_adrdecs@PV1'
//  Warning: Floating input 'Base[5]' at instance 'plicdec' in module 'msrv_soc_adrdecs@PV1'
//  Warning: Floating input 'Base[4]' at instance 'plicdec' in module 'msrv_soc_adrdecs@PV1'
//  Warning: Floating input 'Base[3]' at instance 'plicdec' in module 'msrv_soc_adrdecs@PV1'
//  Warning: Floating input 'Base[2]' at instance 'plicdec' in module 'msrv_soc_adrdecs@PV1'
//  Warning: Floating input 'Base[1]' at instance 'plicdec' in module 'msrv_soc_adrdecs@PV1'
//  Warning: Floating input 'Base[0]' at instance 'plicdec' in module 'msrv_soc_adrdecs@PV1'
//  Warning: Floating input 'Range[55]' at instance 'plicdec' in module 'msrv_soc_adrdecs@PV1'
//  Warning: Floating input 'Range[54]' at instance 'plicdec' in module 'msrv_soc_adrdecs@PV1'
//  Warning: Floating input 'Range[53]' at instance 'plicdec' in module 'msrv_soc_adrdecs@PV1'
//  Warning: Floating input 'Range[52]' at instance 'plicdec' in module 'msrv_soc_adrdecs@PV1'
//  Warning: Floating input 'Range[51]' at instance 'plicdec' in module 'msrv_soc_adrdecs@PV1'
//  Warning: Floating input 'Range[50]' at instance 'plicdec' in module 'msrv_soc_adrdecs@PV1'
//  Warning: Floating input 'Range[49]' at instance 'plicdec' in module 'msrv_soc_adrdecs@PV1'
//  Warning: Floating input 'Range[48]' at instance 'plicdec' in module 'msrv_soc_adrdecs@PV1'
//  Warning: Floating input 'Range[47]' at instance 'plicdec' in module 'msrv_soc_adrdecs@PV1'
//  Warning: Floating input 'Range[46]' at instance 'plicdec' in module 'msrv_soc_adrdecs@PV1'
//  Warning: Floating input 'Range[45]' at instance 'plicdec' in module 'msrv_soc_adrdecs@PV1'
//  Warning: Floating input 'Range[44]' at instance 'plicdec' in module 'msrv_soc_adrdecs@PV1'
//  Warning: Floating input 'Range[43]' at instance 'plicdec' in module 'msrv_soc_adrdecs@PV1'
//  Warning: Floating input 'Range[42]' at instance 'plicdec' in module 'msrv_soc_adrdecs@PV1'
//  Warning: Floating input 'Range[41]' at instance 'plicdec' in module 'msrv_soc_adrdecs@PV1'
//  Warning: Floating input 'Range[40]' at instance 'plicdec' in module 'msrv_soc_adrdecs@PV1'
//  Warning: Floating input 'Range[39]' at instance 'plicdec' in module 'msrv_soc_adrdecs@PV1'
//  Warning: Floating input 'Range[38]' at instance 'plicdec' in module 'msrv_soc_adrdecs@PV1'
//  Warning: Floating input 'Range[37]' at instance 'plicdec' in module 'msrv_soc_adrdecs@PV1'
//  Warning: Floating input 'Range[36]' at instance 'plicdec' in module 'msrv_soc_adrdecs@PV1'
//  Warning: Floating input 'Range[35]' at instance 'plicdec' in module 'msrv_soc_adrdecs@PV1'
//  Warning: Floating input 'Range[34]' at instance 'plicdec' in module 'msrv_soc_adrdecs@PV1'
//  Warning: Floating input 'Range[33]' at instance 'plicdec' in module 'msrv_soc_adrdecs@PV1'
//  Warning: Floating input 'Range[32]' at instance 'plicdec' in module 'msrv_soc_adrdecs@PV1'
//  Warning: Floating input 'Range[31]' at instance 'plicdec' in module 'msrv_soc_adrdecs@PV1'
//  Warning: Floating input 'Range[30]' at instance 'plicdec' in module 'msrv_soc_adrdecs@PV1'
//  Warning: Floating input 'Range[29]' at instance 'plicdec' in module 'msrv_soc_adrdecs@PV1'
//  Warning: Floating input 'Range[28]' at instance 'plicdec' in module 'msrv_soc_adrdecs@PV1'
//  Warning: Floating input 'Range[27]' at instance 'plicdec' in module 'msrv_soc_adrdecs@PV1'
//  Warning: Floating input 'Range[26]' at instance 'plicdec' in module 'msrv_soc_adrdecs@PV1'
//  Warning: Floating input 'Range[25]' at instance 'plicdec' in module 'msrv_soc_adrdecs@PV1'
//  Warning: Floating input 'Range[24]' at instance 'plicdec' in module 'msrv_soc_adrdecs@PV1'
//  Warning: Floating input 'Range[23]' at instance 'plicdec' in module 'msrv_soc_adrdecs@PV1'
//  Warning: Floating input 'Range[22]' at instance 'plicdec' in module 'msrv_soc_adrdecs@PV1'
//  Warning: Floating input 'Range[21]' at instance 'plicdec' in module 'msrv_soc_adrdecs@PV1'
//  Warning: Floating input 'Range[20]' at instance 'plicdec' in module 'msrv_soc_adrdecs@PV1'
//  Warning: Floating input 'Range[19]' at instance 'plicdec' in module 'msrv_soc_adrdecs@PV1'
//  Warning: Floating input 'Range[18]' at instance 'plicdec' in module 'msrv_soc_adrdecs@PV1'
//  Warning: Floating input 'Range[17]' at instance 'plicdec' in module 'msrv_soc_adrdecs@PV1'
//  Warning: Floating input 'Range[16]' at instance 'plicdec' in module 'msrv_soc_adrdecs@PV1'
//  Warning: Floating input 'Range[15]' at instance 'plicdec' in module 'msrv_soc_adrdecs@PV1'
//  Warning: Floating input 'Range[14]' at instance 'plicdec' in module 'msrv_soc_adrdecs@PV1'
//  Warning: Floating input 'Range[13]' at instance 'plicdec' in module 'msrv_soc_adrdecs@PV1'
//  Warning: Floating input 'Range[12]' at instance 'plicdec' in module 'msrv_soc_adrdecs@PV1'
//  Warning: Floating input 'Range[11]' at instance 'plicdec' in module 'msrv_soc_adrdecs@PV1'
//  Warning: Floating input 'Range[10]' at instance 'plicdec' in module 'msrv_soc_adrdecs@PV1'
//  Warning: Floating input 'Range[9]' at instance 'plicdec' in module 'msrv_soc_adrdecs@PV1'
//  Warning: Floating input 'Range[8]' at instance 'plicdec' in module 'msrv_soc_adrdecs@PV1'
//  Warning: Floating input 'Range[7]' at instance 'plicdec' in module 'msrv_soc_adrdecs@PV1'
//  Warning: Floating input 'Range[6]' at instance 'plicdec' in module 'msrv_soc_adrdecs@PV1'
//  Warning: Floating input 'Range[5]' at instance 'plicdec' in module 'msrv_soc_adrdecs@PV1'
//  Warning: Floating input 'Range[4]' at instance 'plicdec' in module 'msrv_soc_adrdecs@PV1'
//  Warning: Floating input 'Range[3]' at instance 'plicdec' in module 'msrv_soc_adrdecs@PV1'
//  Warning: Floating input 'Range[2]' at instance 'plicdec' in module 'msrv_soc_adrdecs@PV1'
//  Warning: Floating input 'Range[1]' at instance 'plicdec' in module 'msrv_soc_adrdecs@PV1'
//  Warning: Floating input 'Range[0]' at instance 'plicdec' in module 'msrv_soc_adrdecs@PV1'
//  Warning: Floating input 'Supported' at instance 'plicdec' in module 'msrv_soc_adrdecs@PV1'
//  Warning: Floating input 'Base[55]' at instance 'sdcdec' in module 'msrv_soc_adrdecs@PV1'
//  Warning: Floating input 'Base[54]' at instance 'sdcdec' in module 'msrv_soc_adrdecs@PV1'
//  Warning: Floating input 'Base[53]' at instance 'sdcdec' in module 'msrv_soc_adrdecs@PV1'
//  Warning: Floating input 'Base[52]' at instance 'sdcdec' in module 'msrv_soc_adrdecs@PV1'
//  Warning: Floating input 'Base[51]' at instance 'sdcdec' in module 'msrv_soc_adrdecs@PV1'
//  Warning: Floating input 'Base[50]' at instance 'sdcdec' in module 'msrv_soc_adrdecs@PV1'
//  Warning: Floating input 'Base[49]' at instance 'sdcdec' in module 'msrv_soc_adrdecs@PV1'
//  Warning: Floating input 'Base[48]' at instance 'sdcdec' in module 'msrv_soc_adrdecs@PV1'
//  Warning: Floating input 'Base[47]' at instance 'sdcdec' in module 'msrv_soc_adrdecs@PV1'
//  Warning: Floating input 'Base[46]' at instance 'sdcdec' in module 'msrv_soc_adrdecs@PV1'
//  Warning: Floating input 'Base[45]' at instance 'sdcdec' in module 'msrv_soc_adrdecs@PV1'
//  Warning: Floating input 'Base[44]' at instance 'sdcdec' in module 'msrv_soc_adrdecs@PV1'
//  Warning: Floating input 'Base[43]' at instance 'sdcdec' in module 'msrv_soc_adrdecs@PV1'
//  Warning: Floating input 'Base[42]' at instance 'sdcdec' in module 'msrv_soc_adrdecs@PV1'
//  Warning: Floating input 'Base[41]' at instance 'sdcdec' in module 'msrv_soc_adrdecs@PV1'
//  Warning: Floating input 'Base[40]' at instance 'sdcdec' in module 'msrv_soc_adrdecs@PV1'
//  Warning: Floating input 'Base[39]' at instance 'sdcdec' in module 'msrv_soc_adrdecs@PV1'
//  Warning: Floating input 'Base[38]' at instance 'sdcdec' in module 'msrv_soc_adrdecs@PV1'
//  Warning: Floating input 'Base[37]' at instance 'sdcdec' in module 'msrv_soc_adrdecs@PV1'
//  Warning: Floating input 'Base[36]' at instance 'sdcdec' in module 'msrv_soc_adrdecs@PV1'
//  Warning: Floating input 'Base[35]' at instance 'sdcdec' in module 'msrv_soc_adrdecs@PV1'
//  Warning: Floating input 'Base[34]' at instance 'sdcdec' in module 'msrv_soc_adrdecs@PV1'
//  Warning: Floating input 'Base[33]' at instance 'sdcdec' in module 'msrv_soc_adrdecs@PV1'
//  Warning: Floating input 'Base[32]' at instance 'sdcdec' in module 'msrv_soc_adrdecs@PV1'
//  Warning: Floating input 'Base[31]' at instance 'sdcdec' in module 'msrv_soc_adrdecs@PV1'
//  Warning: Floating input 'Base[30]' at instance 'sdcdec' in module 'msrv_soc_adrdecs@PV1'
//  Warning: Floating input 'Base[29]' at instance 'sdcdec' in module 'msrv_soc_adrdecs@PV1'
//  Warning: Floating input 'Base[28]' at instance 'sdcdec' in module 'msrv_soc_adrdecs@PV1'
//  Warning: Floating input 'Base[27]' at instance 'sdcdec' in module 'msrv_soc_adrdecs@PV1'
//  Warning: Floating input 'Base[26]' at instance 'sdcdec' in module 'msrv_soc_adrdecs@PV1'
//  Warning: Floating input 'Base[25]' at instance 'sdcdec' in module 'msrv_soc_adrdecs@PV1'
//  Warning: Floating input 'Base[24]' at instance 'sdcdec' in module 'msrv_soc_adrdecs@PV1'
//  Warning: Floating input 'Base[23]' at instance 'sdcdec' in module 'msrv_soc_adrdecs@PV1'
//  Warning: Floating input 'Base[22]' at instance 'sdcdec' in module 'msrv_soc_adrdecs@PV1'
//  Warning: Floating input 'Base[21]' at instance 'sdcdec' in module 'msrv_soc_adrdecs@PV1'
//  Warning: Floating input 'Base[20]' at instance 'sdcdec' in module 'msrv_soc_adrdecs@PV1'
//  Warning: Floating input 'Base[19]' at instance 'sdcdec' in module 'msrv_soc_adrdecs@PV1'
//  Warning: Floating input 'Base[18]' at instance 'sdcdec' in module 'msrv_soc_adrdecs@PV1'
//  Warning: Floating input 'Base[17]' at instance 'sdcdec' in module 'msrv_soc_adrdecs@PV1'
//  Warning: Floating input 'Base[16]' at instance 'sdcdec' in module 'msrv_soc_adrdecs@PV1'
//  Warning: Floating input 'Base[15]' at instance 'sdcdec' in module 'msrv_soc_adrdecs@PV1'
//  Warning: Floating input 'Base[14]' at instance 'sdcdec' in module 'msrv_soc_adrdecs@PV1'
//  Warning: Floating input 'Base[13]' at instance 'sdcdec' in module 'msrv_soc_adrdecs@PV1'
//  Warning: Floating input 'Base[12]' at instance 'sdcdec' in module 'msrv_soc_adrdecs@PV1'
//  Warning: Floating input 'Base[11]' at instance 'sdcdec' in module 'msrv_soc_adrdecs@PV1'
//  Warning: Floating input 'Base[10]' at instance 'sdcdec' in module 'msrv_soc_adrdecs@PV1'
//  Warning: Floating input 'Base[9]' at instance 'sdcdec' in module 'msrv_soc_adrdecs@PV1'
//  Warning: Floating input 'Base[8]' at instance 'sdcdec' in module 'msrv_soc_adrdecs@PV1'
//  Warning: Floating input 'Base[7]' at instance 'sdcdec' in module 'msrv_soc_adrdecs@PV1'
//  Warning: Floating input 'Base[6]' at instance 'sdcdec' in module 'msrv_soc_adrdecs@PV1'
//  Warning: Floating input 'Base[5]' at instance 'sdcdec' in module 'msrv_soc_adrdecs@PV1'
//  Warning: Floating input 'Base[4]' at instance 'sdcdec' in module 'msrv_soc_adrdecs@PV1'
//  Warning: Floating input 'Base[3]' at instance 'sdcdec' in module 'msrv_soc_adrdecs@PV1'
//  Warning: Floating input 'Base[2]' at instance 'sdcdec' in module 'msrv_soc_adrdecs@PV1'
//  Warning: Floating input 'Base[1]' at instance 'sdcdec' in module 'msrv_soc_adrdecs@PV1'
//  Warning: Floating input 'Base[0]' at instance 'sdcdec' in module 'msrv_soc_adrdecs@PV1'
//  Warning: Floating input 'Range[55]' at instance 'sdcdec' in module 'msrv_soc_adrdecs@PV1'
//  Warning: Floating input 'Range[54]' at instance 'sdcdec' in module 'msrv_soc_adrdecs@PV1'
//  Warning: Floating input 'Range[53]' at instance 'sdcdec' in module 'msrv_soc_adrdecs@PV1'
//  Warning: Floating input 'Range[52]' at instance 'sdcdec' in module 'msrv_soc_adrdecs@PV1'
//  Warning: Floating input 'Range[51]' at instance 'sdcdec' in module 'msrv_soc_adrdecs@PV1'
//  Warning: Floating input 'Range[50]' at instance 'sdcdec' in module 'msrv_soc_adrdecs@PV1'
//  Warning: Floating input 'Range[49]' at instance 'sdcdec' in module 'msrv_soc_adrdecs@PV1'
//  Warning: Floating input 'Range[48]' at instance 'sdcdec' in module 'msrv_soc_adrdecs@PV1'
//  Warning: Floating input 'Range[47]' at instance 'sdcdec' in module 'msrv_soc_adrdecs@PV1'
//  Warning: Floating input 'Range[46]' at instance 'sdcdec' in module 'msrv_soc_adrdecs@PV1'
//  Warning: Floating input 'Range[45]' at instance 'sdcdec' in module 'msrv_soc_adrdecs@PV1'
//  Warning: Floating input 'Range[44]' at instance 'sdcdec' in module 'msrv_soc_adrdecs@PV1'
//  Warning: Floating input 'Range[43]' at instance 'sdcdec' in module 'msrv_soc_adrdecs@PV1'
//  Warning: Floating input 'Range[42]' at instance 'sdcdec' in module 'msrv_soc_adrdecs@PV1'
//  Warning: Floating input 'Range[41]' at instance 'sdcdec' in module 'msrv_soc_adrdecs@PV1'
//  Warning: Floating input 'Range[40]' at instance 'sdcdec' in module 'msrv_soc_adrdecs@PV1'
//  Warning: Floating input 'Range[39]' at instance 'sdcdec' in module 'msrv_soc_adrdecs@PV1'
//  Warning: Floating input 'Range[38]' at instance 'sdcdec' in module 'msrv_soc_adrdecs@PV1'
//  Warning: Floating input 'Range[37]' at instance 'sdcdec' in module 'msrv_soc_adrdecs@PV1'
//  Warning: Floating input 'Range[36]' at instance 'sdcdec' in module 'msrv_soc_adrdecs@PV1'
//  Warning: Floating input 'Range[35]' at instance 'sdcdec' in module 'msrv_soc_adrdecs@PV1'
//  Warning: Floating input 'Range[34]' at instance 'sdcdec' in module 'msrv_soc_adrdecs@PV1'
//  Warning: Floating input 'Range[33]' at instance 'sdcdec' in module 'msrv_soc_adrdecs@PV1'
//  Warning: Floating input 'Range[32]' at instance 'sdcdec' in module 'msrv_soc_adrdecs@PV1'
//  Warning: Floating input 'Range[31]' at instance 'sdcdec' in module 'msrv_soc_adrdecs@PV1'
//  Warning: Floating input 'Range[30]' at instance 'sdcdec' in module 'msrv_soc_adrdecs@PV1'
//  Warning: Floating input 'Range[29]' at instance 'sdcdec' in module 'msrv_soc_adrdecs@PV1'
//  Warning: Floating input 'Range[28]' at instance 'sdcdec' in module 'msrv_soc_adrdecs@PV1'
//  Warning: Floating input 'Range[27]' at instance 'sdcdec' in module 'msrv_soc_adrdecs@PV1'
//  Warning: Floating input 'Range[26]' at instance 'sdcdec' in module 'msrv_soc_adrdecs@PV1'
//  Warning: Floating input 'Range[25]' at instance 'sdcdec' in module 'msrv_soc_adrdecs@PV1'
//  Warning: Floating input 'Range[24]' at instance 'sdcdec' in module 'msrv_soc_adrdecs@PV1'
//  Warning: Floating input 'Range[23]' at instance 'sdcdec' in module 'msrv_soc_adrdecs@PV1'
//  Warning: Floating input 'Range[22]' at instance 'sdcdec' in module 'msrv_soc_adrdecs@PV1'
//  Warning: Floating input 'Range[21]' at instance 'sdcdec' in module 'msrv_soc_adrdecs@PV1'
//  Warning: Floating input 'Range[20]' at instance 'sdcdec' in module 'msrv_soc_adrdecs@PV1'
//  Warning: Floating input 'Range[19]' at instance 'sdcdec' in module 'msrv_soc_adrdecs@PV1'
//  Warning: Floating input 'Range[18]' at instance 'sdcdec' in module 'msrv_soc_adrdecs@PV1'
//  Warning: Floating input 'Range[17]' at instance 'sdcdec' in module 'msrv_soc_adrdecs@PV1'
//  Warning: Floating input 'Range[16]' at instance 'sdcdec' in module 'msrv_soc_adrdecs@PV1'
//  Warning: Floating input 'Range[15]' at instance 'sdcdec' in module 'msrv_soc_adrdecs@PV1'
//  Warning: Floating input 'Range[14]' at instance 'sdcdec' in module 'msrv_soc_adrdecs@PV1'
//  Warning: Floating input 'Range[13]' at instance 'sdcdec' in module 'msrv_soc_adrdecs@PV1'
//  Warning: Floating input 'Range[12]' at instance 'sdcdec' in module 'msrv_soc_adrdecs@PV1'
//  Warning: Floating input 'Range[11]' at instance 'sdcdec' in module 'msrv_soc_adrdecs@PV1'
//  Warning: Floating input 'Range[10]' at instance 'sdcdec' in module 'msrv_soc_adrdecs@PV1'
//  Warning: Floating input 'Range[9]' at instance 'sdcdec' in module 'msrv_soc_adrdecs@PV1'
//  Warning: Floating input 'Range[8]' at instance 'sdcdec' in module 'msrv_soc_adrdecs@PV1'
//  Warning: Floating input 'Range[7]' at instance 'sdcdec' in module 'msrv_soc_adrdecs@PV1'
//  Warning: Floating input 'Range[6]' at instance 'sdcdec' in module 'msrv_soc_adrdecs@PV1'
//  Warning: Floating input 'Range[5]' at instance 'sdcdec' in module 'msrv_soc_adrdecs@PV1'
//  Warning: Floating input 'Range[4]' at instance 'sdcdec' in module 'msrv_soc_adrdecs@PV1'
//  Warning: Floating input 'Range[3]' at instance 'sdcdec' in module 'msrv_soc_adrdecs@PV1'
//  Warning: Floating input 'Range[2]' at instance 'sdcdec' in module 'msrv_soc_adrdecs@PV1'
//  Warning: Floating input 'Range[1]' at instance 'sdcdec' in module 'msrv_soc_adrdecs@PV1'
//  Warning: Floating input 'Range[0]' at instance 'sdcdec' in module 'msrv_soc_adrdecs@PV1'
//  Warning: Floating input 'Supported' at instance 'sdcdec' in module 'msrv_soc_adrdecs@PV1'
//  Warning: Floating input 'SizeMask[3]' at instance 'sdcdec' in module 'msrv_soc_adrdecs@PV1'
//  Warning: Floating input 'SizeMask[2]' at instance 'sdcdec' in module 'msrv_soc_adrdecs@PV1'
//  Warning: Floating input 'SizeMask[1]' at instance 'sdcdec' in module 'msrv_soc_adrdecs@PV1'
//  Warning: Floating input 'SizeMask[0]' at instance 'sdcdec' in module 'msrv_soc_adrdecs@PV1'
//  Warning: Floating input 'Base[55]' at instance 'spidec' in module 'msrv_soc_adrdecs@PV1'
//  Warning: Floating input 'Base[54]' at instance 'spidec' in module 'msrv_soc_adrdecs@PV1'
//  Warning: Floating input 'Base[53]' at instance 'spidec' in module 'msrv_soc_adrdecs@PV1'
//  Warning: Floating input 'Base[52]' at instance 'spidec' in module 'msrv_soc_adrdecs@PV1'
//  Warning: Floating input 'Base[51]' at instance 'spidec' in module 'msrv_soc_adrdecs@PV1'
//  Warning: Floating input 'Base[50]' at instance 'spidec' in module 'msrv_soc_adrdecs@PV1'
//  Warning: Floating input 'Base[49]' at instance 'spidec' in module 'msrv_soc_adrdecs@PV1'
//  Warning: Floating input 'Base[48]' at instance 'spidec' in module 'msrv_soc_adrdecs@PV1'
//  Warning: Floating input 'Base[47]' at instance 'spidec' in module 'msrv_soc_adrdecs@PV1'
//  Warning: Floating input 'Base[46]' at instance 'spidec' in module 'msrv_soc_adrdecs@PV1'
//  Warning: Floating input 'Base[45]' at instance 'spidec' in module 'msrv_soc_adrdecs@PV1'
//  Warning: Floating input 'Base[44]' at instance 'spidec' in module 'msrv_soc_adrdecs@PV1'
//  Warning: Floating input 'Base[43]' at instance 'spidec' in module 'msrv_soc_adrdecs@PV1'
//  Warning: Floating input 'Base[42]' at instance 'spidec' in module 'msrv_soc_adrdecs@PV1'
//  Warning: Floating input 'Base[41]' at instance 'spidec' in module 'msrv_soc_adrdecs@PV1'
//  Warning: Floating input 'Base[40]' at instance 'spidec' in module 'msrv_soc_adrdecs@PV1'
//  Warning: Floating input 'Base[39]' at instance 'spidec' in module 'msrv_soc_adrdecs@PV1'
//  Warning: Floating input 'Base[38]' at instance 'spidec' in module 'msrv_soc_adrdecs@PV1'
//  Warning: Floating input 'Base[37]' at instance 'spidec' in module 'msrv_soc_adrdecs@PV1'
//  Warning: Floating input 'Base[36]' at instance 'spidec' in module 'msrv_soc_adrdecs@PV1'
//  Warning: Floating input 'Base[35]' at instance 'spidec' in module 'msrv_soc_adrdecs@PV1'
//  Warning: Floating input 'Base[34]' at instance 'spidec' in module 'msrv_soc_adrdecs@PV1'
//  Warning: Floating input 'Base[33]' at instance 'spidec' in module 'msrv_soc_adrdecs@PV1'
//  Warning: Floating input 'Base[32]' at instance 'spidec' in module 'msrv_soc_adrdecs@PV1'
//  Warning: Floating input 'Base[31]' at instance 'spidec' in module 'msrv_soc_adrdecs@PV1'
//  Warning: Floating input 'Base[30]' at instance 'spidec' in module 'msrv_soc_adrdecs@PV1'
//  Warning: Floating input 'Base[29]' at instance 'spidec' in module 'msrv_soc_adrdecs@PV1'
//  Warning: Floating input 'Base[28]' at instance 'spidec' in module 'msrv_soc_adrdecs@PV1'
//  Warning: Floating input 'Base[27]' at instance 'spidec' in module 'msrv_soc_adrdecs@PV1'
//  Warning: Floating input 'Base[26]' at instance 'spidec' in module 'msrv_soc_adrdecs@PV1'
//  Warning: Floating input 'Base[25]' at instance 'spidec' in module 'msrv_soc_adrdecs@PV1'
//  Warning: Floating input 'Base[24]' at instance 'spidec' in module 'msrv_soc_adrdecs@PV1'
//  Warning: Floating input 'Base[23]' at instance 'spidec' in module 'msrv_soc_adrdecs@PV1'
//  Warning: Floating input 'Base[22]' at instance 'spidec' in module 'msrv_soc_adrdecs@PV1'
//  Warning: Floating input 'Base[21]' at instance 'spidec' in module 'msrv_soc_adrdecs@PV1'
//  Warning: Floating input 'Base[20]' at instance 'spidec' in module 'msrv_soc_adrdecs@PV1'
//  Warning: Floating input 'Base[19]' at instance 'spidec' in module 'msrv_soc_adrdecs@PV1'
//  Warning: Floating input 'Base[18]' at instance 'spidec' in module 'msrv_soc_adrdecs@PV1'
//  Warning: Floating input 'Base[17]' at instance 'spidec' in module 'msrv_soc_adrdecs@PV1'
//  Warning: Floating input 'Base[16]' at instance 'spidec' in module 'msrv_soc_adrdecs@PV1'
//  Warning: Floating input 'Base[15]' at instance 'spidec' in module 'msrv_soc_adrdecs@PV1'
//  Warning: Floating input 'Base[14]' at instance 'spidec' in module 'msrv_soc_adrdecs@PV1'
//  Warning: Floating input 'Base[13]' at instance 'spidec' in module 'msrv_soc_adrdecs@PV1'
//  Warning: Floating input 'Base[12]' at instance 'spidec' in module 'msrv_soc_adrdecs@PV1'
//  Warning: Floating input 'Base[11]' at instance 'spidec' in module 'msrv_soc_adrdecs@PV1'
//  Warning: Floating input 'Base[10]' at instance 'spidec' in module 'msrv_soc_adrdecs@PV1'
//  Warning: Floating input 'Base[9]' at instance 'spidec' in module 'msrv_soc_adrdecs@PV1'
//  Warning: Floating input 'Base[8]' at instance 'spidec' in module 'msrv_soc_adrdecs@PV1'
//  Warning: Floating input 'Base[7]' at instance 'spidec' in module 'msrv_soc_adrdecs@PV1'
//  Warning: Floating input 'Base[6]' at instance 'spidec' in module 'msrv_soc_adrdecs@PV1'
//  Warning: Floating input 'Base[5]' at instance 'spidec' in module 'msrv_soc_adrdecs@PV1'
//  Warning: Floating input 'Base[4]' at instance 'spidec' in module 'msrv_soc_adrdecs@PV1'
//  Warning: Floating input 'Base[3]' at instance 'spidec' in module 'msrv_soc_adrdecs@PV1'
//  Warning: Floating input 'Base[2]' at instance 'spidec' in module 'msrv_soc_adrdecs@PV1'
//  Warning: Floating input 'Base[1]' at instance 'spidec' in module 'msrv_soc_adrdecs@PV1'
//  Warning: Floating input 'Base[0]' at instance 'spidec' in module 'msrv_soc_adrdecs@PV1'
//  Warning: Floating input 'Range[55]' at instance 'spidec' in module 'msrv_soc_adrdecs@PV1'
//  Warning: Floating input 'Range[54]' at instance 'spidec' in module 'msrv_soc_adrdecs@PV1'
//  Warning: Floating input 'Range[53]' at instance 'spidec' in module 'msrv_soc_adrdecs@PV1'
//  Warning: Floating input 'Range[52]' at instance 'spidec' in module 'msrv_soc_adrdecs@PV1'
//  Warning: Floating input 'Range[51]' at instance 'spidec' in module 'msrv_soc_adrdecs@PV1'
//  Warning: Floating input 'Range[50]' at instance 'spidec' in module 'msrv_soc_adrdecs@PV1'
//  Warning: Floating input 'Range[49]' at instance 'spidec' in module 'msrv_soc_adrdecs@PV1'
//  Warning: Floating input 'Range[48]' at instance 'spidec' in module 'msrv_soc_adrdecs@PV1'
//  Warning: Floating input 'Range[47]' at instance 'spidec' in module 'msrv_soc_adrdecs@PV1'
//  Warning: Floating input 'Range[46]' at instance 'spidec' in module 'msrv_soc_adrdecs@PV1'
//  Warning: Floating input 'Range[45]' at instance 'spidec' in module 'msrv_soc_adrdecs@PV1'
//  Warning: Floating input 'Range[44]' at instance 'spidec' in module 'msrv_soc_adrdecs@PV1'
//  Warning: Floating input 'Range[43]' at instance 'spidec' in module 'msrv_soc_adrdecs@PV1'
//  Warning: Floating input 'Range[42]' at instance 'spidec' in module 'msrv_soc_adrdecs@PV1'
//  Warning: Floating input 'Range[41]' at instance 'spidec' in module 'msrv_soc_adrdecs@PV1'
//  Warning: Floating input 'Range[40]' at instance 'spidec' in module 'msrv_soc_adrdecs@PV1'
//  Warning: Floating input 'Range[39]' at instance 'spidec' in module 'msrv_soc_adrdecs@PV1'
//  Warning: Floating input 'Range[38]' at instance 'spidec' in module 'msrv_soc_adrdecs@PV1'
//  Warning: Floating input 'Range[37]' at instance 'spidec' in module 'msrv_soc_adrdecs@PV1'
//  Warning: Floating input 'Range[36]' at instance 'spidec' in module 'msrv_soc_adrdecs@PV1'
//  Warning: Floating input 'Range[35]' at instance 'spidec' in module 'msrv_soc_adrdecs@PV1'
//  Warning: Floating input 'Range[34]' at instance 'spidec' in module 'msrv_soc_adrdecs@PV1'
//  Warning: Floating input 'Range[33]' at instance 'spidec' in module 'msrv_soc_adrdecs@PV1'
//  Warning: Floating input 'Range[32]' at instance 'spidec' in module 'msrv_soc_adrdecs@PV1'
//  Warning: Floating input 'Range[31]' at instance 'spidec' in module 'msrv_soc_adrdecs@PV1'
//  Warning: Floating input 'Range[30]' at instance 'spidec' in module 'msrv_soc_adrdecs@PV1'
//  Warning: Floating input 'Range[29]' at instance 'spidec' in module 'msrv_soc_adrdecs@PV1'
//  Warning: Floating input 'Range[28]' at instance 'spidec' in module 'msrv_soc_adrdecs@PV1'
//  Warning: Floating input 'Range[27]' at instance 'spidec' in module 'msrv_soc_adrdecs@PV1'
//  Warning: Floating input 'Range[26]' at instance 'spidec' in module 'msrv_soc_adrdecs@PV1'
//  Warning: Floating input 'Range[25]' at instance 'spidec' in module 'msrv_soc_adrdecs@PV1'
//  Warning: Floating input 'Range[24]' at instance 'spidec' in module 'msrv_soc_adrdecs@PV1'
//  Warning: Floating input 'Range[23]' at instance 'spidec' in module 'msrv_soc_adrdecs@PV1'
//  Warning: Floating input 'Range[22]' at instance 'spidec' in module 'msrv_soc_adrdecs@PV1'
//  Warning: Floating input 'Range[21]' at instance 'spidec' in module 'msrv_soc_adrdecs@PV1'
//  Warning: Floating input 'Range[20]' at instance 'spidec' in module 'msrv_soc_adrdecs@PV1'
//  Warning: Floating input 'Range[19]' at instance 'spidec' in module 'msrv_soc_adrdecs@PV1'
//  Warning: Floating input 'Range[18]' at instance 'spidec' in module 'msrv_soc_adrdecs@PV1'
//  Warning: Floating input 'Range[17]' at instance 'spidec' in module 'msrv_soc_adrdecs@PV1'
//  Warning: Floating input 'Range[16]' at instance 'spidec' in module 'msrv_soc_adrdecs@PV1'
//  Warning: Floating input 'Range[15]' at instance 'spidec' in module 'msrv_soc_adrdecs@PV1'
//  Warning: Floating input 'Range[14]' at instance 'spidec' in module 'msrv_soc_adrdecs@PV1'
//  Warning: Floating input 'Range[13]' at instance 'spidec' in module 'msrv_soc_adrdecs@PV1'
//  Warning: Floating input 'Range[12]' at instance 'spidec' in module 'msrv_soc_adrdecs@PV1'
//  Warning: Floating input 'Range[11]' at instance 'spidec' in module 'msrv_soc_adrdecs@PV1'
//  Warning: Floating input 'Range[10]' at instance 'spidec' in module 'msrv_soc_adrdecs@PV1'
//  Warning: Floating input 'Range[9]' at instance 'spidec' in module 'msrv_soc_adrdecs@PV1'
//  Warning: Floating input 'Range[8]' at instance 'spidec' in module 'msrv_soc_adrdecs@PV1'
//  Warning: Floating input 'Range[7]' at instance 'spidec' in module 'msrv_soc_adrdecs@PV1'
//  Warning: Floating input 'Range[6]' at instance 'spidec' in module 'msrv_soc_adrdecs@PV1'
//  Warning: Floating input 'Range[5]' at instance 'spidec' in module 'msrv_soc_adrdecs@PV1'
//  Warning: Floating input 'Range[4]' at instance 'spidec' in module 'msrv_soc_adrdecs@PV1'
//  Warning: Floating input 'Range[3]' at instance 'spidec' in module 'msrv_soc_adrdecs@PV1'
//  Warning: Floating input 'Range[2]' at instance 'spidec' in module 'msrv_soc_adrdecs@PV1'
//  Warning: Floating input 'Range[1]' at instance 'spidec' in module 'msrv_soc_adrdecs@PV1'
//  Warning: Floating input 'Range[0]' at instance 'spidec' in module 'msrv_soc_adrdecs@PV1'
//  Warning: Floating input 'Supported' at instance 'spidec' in module 'msrv_soc_adrdecs@PV1'
//  Warning: Floating input 'Base[55]' at instance 'systemcontrollerdec' in module 'msrv_soc_adrdecs@PV1'
//  Warning: Floating input 'Base[54]' at instance 'systemcontrollerdec' in module 'msrv_soc_adrdecs@PV1'
//  Warning: Floating input 'Base[53]' at instance 'systemcontrollerdec' in module 'msrv_soc_adrdecs@PV1'
//  Warning: Floating input 'Base[52]' at instance 'systemcontrollerdec' in module 'msrv_soc_adrdecs@PV1'
//  Warning: Floating input 'Base[51]' at instance 'systemcontrollerdec' in module 'msrv_soc_adrdecs@PV1'
//  Warning: Floating input 'Base[50]' at instance 'systemcontrollerdec' in module 'msrv_soc_adrdecs@PV1'
//  Warning: Floating input 'Base[49]' at instance 'systemcontrollerdec' in module 'msrv_soc_adrdecs@PV1'
//  Warning: Floating input 'Base[48]' at instance 'systemcontrollerdec' in module 'msrv_soc_adrdecs@PV1'
//  Warning: Floating input 'Base[47]' at instance 'systemcontrollerdec' in module 'msrv_soc_adrdecs@PV1'
//  Warning: Floating input 'Base[46]' at instance 'systemcontrollerdec' in module 'msrv_soc_adrdecs@PV1'
//  Warning: Floating input 'Base[45]' at instance 'systemcontrollerdec' in module 'msrv_soc_adrdecs@PV1'
//  Warning: Floating input 'Base[44]' at instance 'systemcontrollerdec' in module 'msrv_soc_adrdecs@PV1'
//  Warning: Floating input 'Base[43]' at instance 'systemcontrollerdec' in module 'msrv_soc_adrdecs@PV1'
//  Warning: Floating input 'Base[42]' at instance 'systemcontrollerdec' in module 'msrv_soc_adrdecs@PV1'
//  Warning: Floating input 'Base[41]' at instance 'systemcontrollerdec' in module 'msrv_soc_adrdecs@PV1'
//  Warning: Floating input 'Base[40]' at instance 'systemcontrollerdec' in module 'msrv_soc_adrdecs@PV1'
//  Warning: Floating input 'Base[39]' at instance 'systemcontrollerdec' in module 'msrv_soc_adrdecs@PV1'
//  Warning: Floating input 'Base[38]' at instance 'systemcontrollerdec' in module 'msrv_soc_adrdecs@PV1'
//  Warning: Floating input 'Base[37]' at instance 'systemcontrollerdec' in module 'msrv_soc_adrdecs@PV1'
//  Warning: Floating input 'Base[36]' at instance 'systemcontrollerdec' in module 'msrv_soc_adrdecs@PV1'
//  Warning: Floating input 'Base[35]' at instance 'systemcontrollerdec' in module 'msrv_soc_adrdecs@PV1'
//  Warning: Floating input 'Base[34]' at instance 'systemcontrollerdec' in module 'msrv_soc_adrdecs@PV1'
//  Warning: Floating input 'Base[33]' at instance 'systemcontrollerdec' in module 'msrv_soc_adrdecs@PV1'
//  Warning: Floating input 'Base[32]' at instance 'systemcontrollerdec' in module 'msrv_soc_adrdecs@PV1'
//  Warning: Floating input 'Base[31]' at instance 'systemcontrollerdec' in module 'msrv_soc_adrdecs@PV1'
//  Warning: Floating input 'Base[30]' at instance 'systemcontrollerdec' in module 'msrv_soc_adrdecs@PV1'
//  Warning: Floating input 'Base[29]' at instance 'systemcontrollerdec' in module 'msrv_soc_adrdecs@PV1'
//  Warning: Floating input 'Base[28]' at instance 'systemcontrollerdec' in module 'msrv_soc_adrdecs@PV1'
//  Warning: Floating input 'Base[27]' at instance 'systemcontrollerdec' in module 'msrv_soc_adrdecs@PV1'
//  Warning: Floating input 'Base[26]' at instance 'systemcontrollerdec' in module 'msrv_soc_adrdecs@PV1'
//  Warning: Floating input 'Base[25]' at instance 'systemcontrollerdec' in module 'msrv_soc_adrdecs@PV1'
//  Warning: Floating input 'Base[24]' at instance 'systemcontrollerdec' in module 'msrv_soc_adrdecs@PV1'
//  Warning: Floating input 'Base[23]' at instance 'systemcontrollerdec' in module 'msrv_soc_adrdecs@PV1'
//  Warning: Floating input 'Base[22]' at instance 'systemcontrollerdec' in module 'msrv_soc_adrdecs@PV1'
//  Warning: Floating input 'Base[21]' at instance 'systemcontrollerdec' in module 'msrv_soc_adrdecs@PV1'
//  Warning: Floating input 'Base[20]' at instance 'systemcontrollerdec' in module 'msrv_soc_adrdecs@PV1'
//  Warning: Floating input 'Base[19]' at instance 'systemcontrollerdec' in module 'msrv_soc_adrdecs@PV1'
//  Warning: Floating input 'Base[18]' at instance 'systemcontrollerdec' in module 'msrv_soc_adrdecs@PV1'
//  Warning: Floating input 'Base[17]' at instance 'systemcontrollerdec' in module 'msrv_soc_adrdecs@PV1'
//  Warning: Floating input 'Base[16]' at instance 'systemcontrollerdec' in module 'msrv_soc_adrdecs@PV1'
//  Warning: Floating input 'Base[15]' at instance 'systemcontrollerdec' in module 'msrv_soc_adrdecs@PV1'
//  Warning: Floating input 'Base[14]' at instance 'systemcontrollerdec' in module 'msrv_soc_adrdecs@PV1'
//  Warning: Floating input 'Base[13]' at instance 'systemcontrollerdec' in module 'msrv_soc_adrdecs@PV1'
//  Warning: Floating input 'Base[12]' at instance 'systemcontrollerdec' in module 'msrv_soc_adrdecs@PV1'
//  Warning: Floating input 'Base[11]' at instance 'systemcontrollerdec' in module 'msrv_soc_adrdecs@PV1'
//  Warning: Floating input 'Base[10]' at instance 'systemcontrollerdec' in module 'msrv_soc_adrdecs@PV1'
//  Warning: Floating input 'Base[9]' at instance 'systemcontrollerdec' in module 'msrv_soc_adrdecs@PV1'
//  Warning: Floating input 'Base[8]' at instance 'systemcontrollerdec' in module 'msrv_soc_adrdecs@PV1'
//  Warning: Floating input 'Base[7]' at instance 'systemcontrollerdec' in module 'msrv_soc_adrdecs@PV1'
//  Warning: Floating input 'Base[6]' at instance 'systemcontrollerdec' in module 'msrv_soc_adrdecs@PV1'
//  Warning: Floating input 'Base[5]' at instance 'systemcontrollerdec' in module 'msrv_soc_adrdecs@PV1'
//  Warning: Floating input 'Base[4]' at instance 'systemcontrollerdec' in module 'msrv_soc_adrdecs@PV1'
//  Warning: Floating input 'Base[3]' at instance 'systemcontrollerdec' in module 'msrv_soc_adrdecs@PV1'
//  Warning: Floating input 'Base[2]' at instance 'systemcontrollerdec' in module 'msrv_soc_adrdecs@PV1'
//  Warning: Floating input 'Base[1]' at instance 'systemcontrollerdec' in module 'msrv_soc_adrdecs@PV1'
//  Warning: Floating input 'Base[0]' at instance 'systemcontrollerdec' in module 'msrv_soc_adrdecs@PV1'
//  Warning: Floating input 'Range[55]' at instance 'systemcontrollerdec' in module 'msrv_soc_adrdecs@PV1'
//  Warning: Floating input 'Range[54]' at instance 'systemcontrollerdec' in module 'msrv_soc_adrdecs@PV1'
//  Warning: Floating input 'Range[53]' at instance 'systemcontrollerdec' in module 'msrv_soc_adrdecs@PV1'
//  Warning: Floating input 'Range[52]' at instance 'systemcontrollerdec' in module 'msrv_soc_adrdecs@PV1'
//  Warning: Floating input 'Range[51]' at instance 'systemcontrollerdec' in module 'msrv_soc_adrdecs@PV1'
//  Warning: Floating input 'Range[50]' at instance 'systemcontrollerdec' in module 'msrv_soc_adrdecs@PV1'
//  Warning: Floating input 'Range[49]' at instance 'systemcontrollerdec' in module 'msrv_soc_adrdecs@PV1'
//  Warning: Floating input 'Range[48]' at instance 'systemcontrollerdec' in module 'msrv_soc_adrdecs@PV1'
//  Warning: Floating input 'Range[47]' at instance 'systemcontrollerdec' in module 'msrv_soc_adrdecs@PV1'
//  Warning: Floating input 'Range[46]' at instance 'systemcontrollerdec' in module 'msrv_soc_adrdecs@PV1'
//  Warning: Floating input 'Range[45]' at instance 'systemcontrollerdec' in module 'msrv_soc_adrdecs@PV1'
//  Warning: Floating input 'Range[44]' at instance 'systemcontrollerdec' in module 'msrv_soc_adrdecs@PV1'
//  Warning: Floating input 'Range[43]' at instance 'systemcontrollerdec' in module 'msrv_soc_adrdecs@PV1'
//  Warning: Floating input 'Range[42]' at instance 'systemcontrollerdec' in module 'msrv_soc_adrdecs@PV1'
//  Warning: Floating input 'Range[41]' at instance 'systemcontrollerdec' in module 'msrv_soc_adrdecs@PV1'
//  Warning: Floating input 'Range[40]' at instance 'systemcontrollerdec' in module 'msrv_soc_adrdecs@PV1'
//  Warning: Floating input 'Range[39]' at instance 'systemcontrollerdec' in module 'msrv_soc_adrdecs@PV1'
//  Warning: Floating input 'Range[38]' at instance 'systemcontrollerdec' in module 'msrv_soc_adrdecs@PV1'
//  Warning: Floating input 'Range[37]' at instance 'systemcontrollerdec' in module 'msrv_soc_adrdecs@PV1'
//  Warning: Floating input 'Range[36]' at instance 'systemcontrollerdec' in module 'msrv_soc_adrdecs@PV1'
//  Warning: Floating input 'Range[35]' at instance 'systemcontrollerdec' in module 'msrv_soc_adrdecs@PV1'
//  Warning: Floating input 'Range[34]' at instance 'systemcontrollerdec' in module 'msrv_soc_adrdecs@PV1'
//  Warning: Floating input 'Range[33]' at instance 'systemcontrollerdec' in module 'msrv_soc_adrdecs@PV1'
//  Warning: Floating input 'Range[32]' at instance 'systemcontrollerdec' in module 'msrv_soc_adrdecs@PV1'
//  Warning: Floating input 'Range[31]' at instance 'systemcontrollerdec' in module 'msrv_soc_adrdecs@PV1'
//  Warning: Floating input 'Range[30]' at instance 'systemcontrollerdec' in module 'msrv_soc_adrdecs@PV1'
//  Warning: Floating input 'Range[29]' at instance 'systemcontrollerdec' in module 'msrv_soc_adrdecs@PV1'
//  Warning: Floating input 'Range[28]' at instance 'systemcontrollerdec' in module 'msrv_soc_adrdecs@PV1'
//  Warning: Floating input 'Range[27]' at instance 'systemcontrollerdec' in module 'msrv_soc_adrdecs@PV1'
//  Warning: Floating input 'Range[26]' at instance 'systemcontrollerdec' in module 'msrv_soc_adrdecs@PV1'
//  Warning: Floating input 'Range[25]' at instance 'systemcontrollerdec' in module 'msrv_soc_adrdecs@PV1'
//  Warning: Floating input 'Range[24]' at instance 'systemcontrollerdec' in module 'msrv_soc_adrdecs@PV1'
//  Warning: Floating input 'Range[23]' at instance 'systemcontrollerdec' in module 'msrv_soc_adrdecs@PV1'
//  Warning: Floating input 'Range[22]' at instance 'systemcontrollerdec' in module 'msrv_soc_adrdecs@PV1'
//  Warning: Floating input 'Range[21]' at instance 'systemcontrollerdec' in module 'msrv_soc_adrdecs@PV1'
//  Warning: Floating input 'Range[20]' at instance 'systemcontrollerdec' in module 'msrv_soc_adrdecs@PV1'
//  Warning: Floating input 'Range[19]' at instance 'systemcontrollerdec' in module 'msrv_soc_adrdecs@PV1'
//  Warning: Floating input 'Range[18]' at instance 'systemcontrollerdec' in module 'msrv_soc_adrdecs@PV1'
//  Warning: Floating input 'Range[17]' at instance 'systemcontrollerdec' in module 'msrv_soc_adrdecs@PV1'
//  Warning: Floating input 'Range[16]' at instance 'systemcontrollerdec' in module 'msrv_soc_adrdecs@PV1'
//  Warning: Floating input 'Range[15]' at instance 'systemcontrollerdec' in module 'msrv_soc_adrdecs@PV1'
//  Warning: Floating input 'Range[14]' at instance 'systemcontrollerdec' in module 'msrv_soc_adrdecs@PV1'
//  Warning: Floating input 'Range[13]' at instance 'systemcontrollerdec' in module 'msrv_soc_adrdecs@PV1'
//  Warning: Floating input 'Range[12]' at instance 'systemcontrollerdec' in module 'msrv_soc_adrdecs@PV1'
//  Warning: Floating input 'Range[11]' at instance 'systemcontrollerdec' in module 'msrv_soc_adrdecs@PV1'
//  Warning: Floating input 'Range[10]' at instance 'systemcontrollerdec' in module 'msrv_soc_adrdecs@PV1'
//  Warning: Floating input 'Range[9]' at instance 'systemcontrollerdec' in module 'msrv_soc_adrdecs@PV1'
//  Warning: Floating input 'Range[8]' at instance 'systemcontrollerdec' in module 'msrv_soc_adrdecs@PV1'
//  Warning: Floating input 'Range[7]' at instance 'systemcontrollerdec' in module 'msrv_soc_adrdecs@PV1'
//  Warning: Floating input 'Range[6]' at instance 'systemcontrollerdec' in module 'msrv_soc_adrdecs@PV1'
//  Warning: Floating input 'Range[5]' at instance 'systemcontrollerdec' in module 'msrv_soc_adrdecs@PV1'
//  Warning: Floating input 'Range[4]' at instance 'systemcontrollerdec' in module 'msrv_soc_adrdecs@PV1'
//  Warning: Floating input 'Range[3]' at instance 'systemcontrollerdec' in module 'msrv_soc_adrdecs@PV1'
//  Warning: Floating input 'Range[2]' at instance 'systemcontrollerdec' in module 'msrv_soc_adrdecs@PV1'
//  Warning: Floating input 'Range[1]' at instance 'systemcontrollerdec' in module 'msrv_soc_adrdecs@PV1'
//  Warning: Floating input 'Range[0]' at instance 'systemcontrollerdec' in module 'msrv_soc_adrdecs@PV1'
//  Warning: Floating input 'Supported' at instance 'systemcontrollerdec' in module 'msrv_soc_adrdecs@PV1'
//  Warning: Net 'SelRegions[0]' in module 'msrv_soc_adrdecs@PV1' is not driven
//  Warning: Net 's_resp' in module 'msrv_soc_ahbapbbridge@PV1' has no pins
//  Warning: Net 'HREADYOUT' in module 'msrv_soc_ahb_slave@PV1' is not driven
//  Warning: Net 'HRDATA[63]' in module 'msrv_soc_ahb_slave@PV1' is not driven
//  Warning: Net 'HRDATA[62]' in module 'msrv_soc_ahb_slave@PV1' is not driven
//  Warning: Net 'HRDATA[61]' in module 'msrv_soc_ahb_slave@PV1' is not driven
//  Warning: Net 'HRDATA[60]' in module 'msrv_soc_ahb_slave@PV1' is not driven
//  Warning: Net 'HRDATA[59]' in module 'msrv_soc_ahb_slave@PV1' is not driven
//  Warning: Net 'HRDATA[58]' in module 'msrv_soc_ahb_slave@PV1' is not driven
//  Warning: Net 'HRDATA[57]' in module 'msrv_soc_ahb_slave@PV1' is not driven
//  Warning: Net 'HRDATA[56]' in module 'msrv_soc_ahb_slave@PV1' is not driven
//  Warning: Net 'HRDATA[55]' in module 'msrv_soc_ahb_slave@PV1' is not driven
//  Warning: Net 'HRDATA[54]' in module 'msrv_soc_ahb_slave@PV1' is not driven
//  Warning: Net 'HRDATA[53]' in module 'msrv_soc_ahb_slave@PV1' is not driven
//  Warning: Net 'HRDATA[52]' in module 'msrv_soc_ahb_slave@PV1' is not driven
//  Warning: Net 'HRDATA[51]' in module 'msrv_soc_ahb_slave@PV1' is not driven
//  Warning: Net 'HRDATA[50]' in module 'msrv_soc_ahb_slave@PV1' is not driven
//  Warning: Net 'HRDATA[49]' in module 'msrv_soc_ahb_slave@PV1' is not driven
//  Warning: Net 'HRDATA[48]' in module 'msrv_soc_ahb_slave@PV1' is not driven
//  Warning: Net 'HRDATA[47]' in module 'msrv_soc_ahb_slave@PV1' is not driven
//  Warning: Net 'HRDATA[46]' in module 'msrv_soc_ahb_slave@PV1' is not driven
//  Warning: Net 'HRDATA[45]' in module 'msrv_soc_ahb_slave@PV1' is not driven
//  Warning: Net 'HRDATA[44]' in module 'msrv_soc_ahb_slave@PV1' is not driven
//  Warning: Net 'HRDATA[43]' in module 'msrv_soc_ahb_slave@PV1' is not driven
//  Warning: Net 'HRDATA[42]' in module 'msrv_soc_ahb_slave@PV1' is not driven
//  Warning: Net 'HRDATA[41]' in module 'msrv_soc_ahb_slave@PV1' is not driven
//  Warning: Net 'HRDATA[40]' in module 'msrv_soc_ahb_slave@PV1' is not driven
//  Warning: Net 'HRDATA[39]' in module 'msrv_soc_ahb_slave@PV1' is not driven
//  Warning: Net 'HRDATA[38]' in module 'msrv_soc_ahb_slave@PV1' is not driven
//  Warning: Net 'HRDATA[37]' in module 'msrv_soc_ahb_slave@PV1' is not driven
//  Warning: Net 'HRDATA[36]' in module 'msrv_soc_ahb_slave@PV1' is not driven
//  Warning: Net 'HRDATA[35]' in module 'msrv_soc_ahb_slave@PV1' is not driven
//  Warning: Net 'HRDATA[34]' in module 'msrv_soc_ahb_slave@PV1' is not driven
//  Warning: Net 'HRDATA[33]' in module 'msrv_soc_ahb_slave@PV1' is not driven
//  Warning: Net 'HRDATA[32]' in module 'msrv_soc_ahb_slave@PV1' is not driven
//  Warning: Net 'HRDATA[31]' in module 'msrv_soc_ahb_slave@PV1' is not driven
//  Warning: Net 'HRDATA[30]' in module 'msrv_soc_ahb_slave@PV1' is not driven
//  Warning: Net 'HRDATA[29]' in module 'msrv_soc_ahb_slave@PV1' is not driven
//  Warning: Net 'HRDATA[28]' in module 'msrv_soc_ahb_slave@PV1' is not driven
//  Warning: Net 'HRDATA[27]' in module 'msrv_soc_ahb_slave@PV1' is not driven
//  Warning: Net 'HRDATA[26]' in module 'msrv_soc_ahb_slave@PV1' is not driven
//  Warning: Net 'HRDATA[25]' in module 'msrv_soc_ahb_slave@PV1' is not driven
//  Warning: Net 'HRDATA[24]' in module 'msrv_soc_ahb_slave@PV1' is not driven
//  Warning: Net 'HRDATA[23]' in module 'msrv_soc_ahb_slave@PV1' is not driven
//  Warning: Net 'HRDATA[22]' in module 'msrv_soc_ahb_slave@PV1' is not driven
//  Warning: Net 'HRDATA[21]' in module 'msrv_soc_ahb_slave@PV1' is not driven
//  Warning: Net 'HRDATA[20]' in module 'msrv_soc_ahb_slave@PV1' is not driven
//  Warning: Net 'HRDATA[19]' in module 'msrv_soc_ahb_slave@PV1' is not driven
//  Warning: Net 'HRDATA[18]' in module 'msrv_soc_ahb_slave@PV1' is not driven
//  Warning: Net 'HRDATA[17]' in module 'msrv_soc_ahb_slave@PV1' is not driven
//  Warning: Net 'HRDATA[16]' in module 'msrv_soc_ahb_slave@PV1' is not driven
//  Warning: Net 'HRDATA[15]' in module 'msrv_soc_ahb_slave@PV1' is not driven
//  Warning: Net 'HRDATA[14]' in module 'msrv_soc_ahb_slave@PV1' is not driven
//  Warning: Net 'HRDATA[13]' in module 'msrv_soc_ahb_slave@PV1' is not driven
//  Warning: Net 'HRDATA[12]' in module 'msrv_soc_ahb_slave@PV1' is not driven
//  Warning: Net 'HRDATA[11]' in module 'msrv_soc_ahb_slave@PV1' is not driven
//  Warning: Net 'HRDATA[10]' in module 'msrv_soc_ahb_slave@PV1' is not driven
//  Warning: Net 'HRDATA[9]' in module 'msrv_soc_ahb_slave@PV1' is not driven
//  Warning: Net 'HRDATA[8]' in module 'msrv_soc_ahb_slave@PV1' is not driven
//  Warning: Net 'HRDATA[7]' in module 'msrv_soc_ahb_slave@PV1' is not driven
//  Warning: Net 'HRDATA[6]' in module 'msrv_soc_ahb_slave@PV1' is not driven
//  Warning: Net 'HRDATA[5]' in module 'msrv_soc_ahb_slave@PV1' is not driven
//  Warning: Net 'HRDATA[4]' in module 'msrv_soc_ahb_slave@PV1' is not driven
//  Warning: Net 'HRDATA[3]' in module 'msrv_soc_ahb_slave@PV1' is not driven
//  Warning: Net 'HRDATA[2]' in module 'msrv_soc_ahb_slave@PV1' is not driven
//  Warning: Net 'HRDATA[1]' in module 'msrv_soc_ahb_slave@PV1' is not driven
//  Warning: Net 'HRDATA[0]' in module 'msrv_soc_ahb_slave@PV1' is not driven
//  Warning: Net 's_addr[55]' in module 'msrv_soc_ahb_slave@PV1' is not driven
//  Warning: Net 's_addr[54]' in module 'msrv_soc_ahb_slave@PV1' is not driven
//  Warning: Net 's_addr[53]' in module 'msrv_soc_ahb_slave@PV1' is not driven
//  Warning: Net 's_addr[52]' in module 'msrv_soc_ahb_slave@PV1' is not driven
//  Warning: Net 's_addr[51]' in module 'msrv_soc_ahb_slave@PV1' is not driven
//  Warning: Net 's_addr[50]' in module 'msrv_soc_ahb_slave@PV1' is not driven
//  Warning: Net 's_addr[49]' in module 'msrv_soc_ahb_slave@PV1' is not driven
//  Warning: Net 's_addr[48]' in module 'msrv_soc_ahb_slave@PV1' is not driven
//  Warning: Net 's_addr[47]' in module 'msrv_soc_ahb_slave@PV1' is not driven
//  Warning: Net 's_addr[46]' in module 'msrv_soc_ahb_slave@PV1' is not driven
//  Warning: Net 's_addr[45]' in module 'msrv_soc_ahb_slave@PV1' is not driven
//  Warning: Net 's_addr[44]' in module 'msrv_soc_ahb_slave@PV1' is not driven
//  Warning: Net 's_addr[43]' in module 'msrv_soc_ahb_slave@PV1' is not driven
//  Warning: Net 's_addr[42]' in module 'msrv_soc_ahb_slave@PV1' is not driven
//  Warning: Net 's_addr[41]' in module 'msrv_soc_ahb_slave@PV1' is not driven
//  Warning: Net 's_addr[40]' in module 'msrv_soc_ahb_slave@PV1' is not driven
//  Warning: Net 's_addr[39]' in module 'msrv_soc_ahb_slave@PV1' is not driven
//  Warning: Net 's_addr[38]' in module 'msrv_soc_ahb_slave@PV1' is not driven
//  Warning: Net 's_addr[37]' in module 'msrv_soc_ahb_slave@PV1' is not driven
//  Warning: Net 's_addr[36]' in module 'msrv_soc_ahb_slave@PV1' is not driven
//  Warning: Net 's_addr[35]' in module 'msrv_soc_ahb_slave@PV1' is not driven
//  Warning: Net 's_addr[34]' in module 'msrv_soc_ahb_slave@PV1' is not driven
//  Warning: Net 's_addr[33]' in module 'msrv_soc_ahb_slave@PV1' is not driven
//  Warning: Net 's_addr[32]' in module 'msrv_soc_ahb_slave@PV1' is not driven
//  Warning: Net 's_addr[31]' in module 'msrv_soc_ahb_slave@PV1' is not driven
//  Warning: Net 's_addr[30]' in module 'msrv_soc_ahb_slave@PV1' is not driven
//  Warning: Net 's_addr[29]' in module 'msrv_soc_ahb_slave@PV1' is not driven
//  Warning: Net 's_addr[28]' in module 'msrv_soc_ahb_slave@PV1' is not driven
//  Warning: Net 's_addr[27]' in module 'msrv_soc_ahb_slave@PV1' is not driven
//  Warning: Net 's_addr[26]' in module 'msrv_soc_ahb_slave@PV1' is not driven
//  Warning: Net 's_addr[25]' in module 'msrv_soc_ahb_slave@PV1' is not driven
//  Warning: Net 's_addr[24]' in module 'msrv_soc_ahb_slave@PV1' is not driven
//  Warning: Net 's_addr[23]' in module 'msrv_soc_ahb_slave@PV1' is not driven
//  Warning: Net 's_addr[22]' in module 'msrv_soc_ahb_slave@PV1' is not driven
//  Warning: Net 's_addr[21]' in module 'msrv_soc_ahb_slave@PV1' is not driven
//  Warning: Net 's_addr[20]' in module 'msrv_soc_ahb_slave@PV1' is not driven
//  Warning: Net 's_addr[19]' in module 'msrv_soc_ahb_slave@PV1' is not driven
//  Warning: Net 's_addr[18]' in module 'msrv_soc_ahb_slave@PV1' is not driven
//  Warning: Net 's_addr[17]' in module 'msrv_soc_ahb_slave@PV1' is not driven
//  Warning: Net 's_addr[16]' in module 'msrv_soc_ahb_slave@PV1' is not driven
//  Warning: Net 's_addr[15]' in module 'msrv_soc_ahb_slave@PV1' is not driven
//  Warning: Net 's_addr[14]' in module 'msrv_soc_ahb_slave@PV1' is not driven
//  Warning: Net 's_addr[13]' in module 'msrv_soc_ahb_slave@PV1' is not driven
//  Warning: Net 's_addr[12]' in module 'msrv_soc_ahb_slave@PV1' is not driven
//  Warning: Net 's_addr[11]' in module 'msrv_soc_ahb_slave@PV1' is not driven
//  Warning: Net 's_addr[10]' in module 'msrv_soc_ahb_slave@PV1' is not driven
//  Warning: Net 's_addr[9]' in module 'msrv_soc_ahb_slave@PV1' is not driven
//  Warning: Net 's_addr[8]' in module 'msrv_soc_ahb_slave@PV1' is not driven
//  Warning: Net 's_addr[7]' in module 'msrv_soc_ahb_slave@PV1' is not driven
//  Warning: Net 's_addr[6]' in module 'msrv_soc_ahb_slave@PV1' is not driven
//  Warning: Net 's_addr[5]' in module 'msrv_soc_ahb_slave@PV1' is not driven
//  Warning: Net 's_addr[4]' in module 'msrv_soc_ahb_slave@PV1' is not driven
//  Warning: Net 's_addr[3]' in module 'msrv_soc_ahb_slave@PV1' is not driven
//  Warning: Net 's_addr[2]' in module 'msrv_soc_ahb_slave@PV1' is not driven
//  Warning: Net 's_addr[1]' in module 'msrv_soc_ahb_slave@PV1' is not driven
//  Warning: Net 's_addr[0]' in module 'msrv_soc_ahb_slave@PV1' is not driven
//  Warning: Net 's_trans_valid' in module 'msrv_soc_ahb_slave@PV1' is not driven
//  Warning: Net 's_write' in module 'msrv_soc_ahb_slave@PV1' is not driven
//  Warning: Net 's_sel[4]' in module 'msrv_soc_ahb_slave@PV1' is not driven
//  Warning: Net 's_sel[3]' in module 'msrv_soc_ahb_slave@PV1' is not driven
//  Warning: Net 's_sel[2]' in module 'msrv_soc_ahb_slave@PV1' is not driven
//  Warning: Net 's_sel[1]' in module 'msrv_soc_ahb_slave@PV1' is not driven
//  Warning: Net 's_sel[0]' in module 'msrv_soc_ahb_slave@PV1' is not driven
//  Warning: Net 's_wdata[63]' in module 'msrv_soc_ahb_slave@PV1' is not driven
//  Warning: Net 's_wdata[62]' in module 'msrv_soc_ahb_slave@PV1' is not driven
//  Warning: Net 's_wdata[61]' in module 'msrv_soc_ahb_slave@PV1' is not driven
//  Warning: Net 's_wdata[60]' in module 'msrv_soc_ahb_slave@PV1' is not driven
//  Warning: Net 's_wdata[59]' in module 'msrv_soc_ahb_slave@PV1' is not driven
//  Warning: Net 's_wdata[58]' in module 'msrv_soc_ahb_slave@PV1' is not driven
//  Warning: Net 's_wdata[57]' in module 'msrv_soc_ahb_slave@PV1' is not driven
//  Warning: Net 's_wdata[56]' in module 'msrv_soc_ahb_slave@PV1' is not driven
//  Warning: Net 's_wdata[55]' in module 'msrv_soc_ahb_slave@PV1' is not driven
//  Warning: Net 's_wdata[54]' in module 'msrv_soc_ahb_slave@PV1' is not driven
//  Warning: Net 's_wdata[53]' in module 'msrv_soc_ahb_slave@PV1' is not driven
//  Warning: Net 's_wdata[52]' in module 'msrv_soc_ahb_slave@PV1' is not driven
//  Warning: Net 's_wdata[51]' in module 'msrv_soc_ahb_slave@PV1' is not driven
//  Warning: Net 's_wdata[50]' in module 'msrv_soc_ahb_slave@PV1' is not driven
//  Warning: Net 's_wdata[49]' in module 'msrv_soc_ahb_slave@PV1' is not driven
//  Warning: Net 's_wdata[48]' in module 'msrv_soc_ahb_slave@PV1' is not driven
//  Warning: Net 's_wdata[47]' in module 'msrv_soc_ahb_slave@PV1' is not driven
//  Warning: Net 's_wdata[46]' in module 'msrv_soc_ahb_slave@PV1' is not driven
//  Warning: Net 's_wdata[45]' in module 'msrv_soc_ahb_slave@PV1' is not driven
//  Warning: Net 's_wdata[44]' in module 'msrv_soc_ahb_slave@PV1' is not driven
//  Warning: Net 's_wdata[43]' in module 'msrv_soc_ahb_slave@PV1' is not driven
//  Warning: Net 's_wdata[42]' in module 'msrv_soc_ahb_slave@PV1' is not driven
//  Warning: Net 's_wdata[41]' in module 'msrv_soc_ahb_slave@PV1' is not driven
//  Warning: Net 's_wdata[40]' in module 'msrv_soc_ahb_slave@PV1' is not driven
//  Warning: Net 's_wdata[39]' in module 'msrv_soc_ahb_slave@PV1' is not driven
//  Warning: Net 's_wdata[38]' in module 'msrv_soc_ahb_slave@PV1' is not driven
//  Warning: Net 's_wdata[37]' in module 'msrv_soc_ahb_slave@PV1' is not driven
//  Warning: Net 's_wdata[36]' in module 'msrv_soc_ahb_slave@PV1' is not driven
//  Warning: Net 's_wdata[35]' in module 'msrv_soc_ahb_slave@PV1' is not driven
//  Warning: Net 's_wdata[34]' in module 'msrv_soc_ahb_slave@PV1' is not driven
//  Warning: Net 's_wdata[33]' in module 'msrv_soc_ahb_slave@PV1' is not driven
//  Warning: Net 's_wdata[32]' in module 'msrv_soc_ahb_slave@PV1' is not driven
//  Warning: Net 's_wdata[31]' in module 'msrv_soc_ahb_slave@PV1' is not driven
//  Warning: Net 's_wdata[30]' in module 'msrv_soc_ahb_slave@PV1' is not driven
//  Warning: Net 's_wdata[29]' in module 'msrv_soc_ahb_slave@PV1' is not driven
//  Warning: Net 's_wdata[28]' in module 'msrv_soc_ahb_slave@PV1' is not driven
//  Warning: Net 's_wdata[27]' in module 'msrv_soc_ahb_slave@PV1' is not driven
//  Warning: Net 's_wdata[26]' in module 'msrv_soc_ahb_slave@PV1' is not driven
//  Warning: Net 's_wdata[25]' in module 'msrv_soc_ahb_slave@PV1' is not driven
//  Warning: Net 's_wdata[24]' in module 'msrv_soc_ahb_slave@PV1' is not driven
//  Warning: Net 's_wdata[23]' in module 'msrv_soc_ahb_slave@PV1' is not driven
//  Warning: Net 's_wdata[22]' in module 'msrv_soc_ahb_slave@PV1' is not driven
//  Warning: Net 's_wdata[21]' in module 'msrv_soc_ahb_slave@PV1' is not driven
//  Warning: Net 's_wdata[20]' in module 'msrv_soc_ahb_slave@PV1' is not driven
//  Warning: Net 's_wdata[19]' in module 'msrv_soc_ahb_slave@PV1' is not driven
//  Warning: Net 's_wdata[18]' in module 'msrv_soc_ahb_slave@PV1' is not driven
//  Warning: Net 's_wdata[17]' in module 'msrv_soc_ahb_slave@PV1' is not driven
//  Warning: Net 's_wdata[16]' in module 'msrv_soc_ahb_slave@PV1' is not driven
//  Warning: Net 's_wdata[15]' in module 'msrv_soc_ahb_slave@PV1' is not driven
//  Warning: Net 's_wdata[14]' in module 'msrv_soc_ahb_slave@PV1' is not driven
//  Warning: Net 's_wdata[13]' in module 'msrv_soc_ahb_slave@PV1' is not driven
//  Warning: Net 's_wdata[12]' in module 'msrv_soc_ahb_slave@PV1' is not driven
//  Warning: Net 's_wdata[11]' in module 'msrv_soc_ahb_slave@PV1' is not driven
//  Warning: Net 's_wdata[10]' in module 'msrv_soc_ahb_slave@PV1' is not driven
//  Warning: Net 's_wdata[9]' in module 'msrv_soc_ahb_slave@PV1' is not driven
//  Warning: Net 's_wdata[8]' in module 'msrv_soc_ahb_slave@PV1' is not driven
//  Warning: Net 's_wdata[7]' in module 'msrv_soc_ahb_slave@PV1' is not driven
//  Warning: Net 's_wdata[6]' in module 'msrv_soc_ahb_slave@PV1' is not driven
//  Warning: Net 's_wdata[5]' in module 'msrv_soc_ahb_slave@PV1' is not driven
//  Warning: Net 's_wdata[4]' in module 'msrv_soc_ahb_slave@PV1' is not driven
//  Warning: Net 's_wdata[3]' in module 'msrv_soc_ahb_slave@PV1' is not driven
//  Warning: Net 's_wdata[2]' in module 'msrv_soc_ahb_slave@PV1' is not driven
//  Warning: Net 's_wdata[1]' in module 'msrv_soc_ahb_slave@PV1' is not driven
//  Warning: Net 's_wdata[0]' in module 'msrv_soc_ahb_slave@PV1' is not driven
//  Warning: Net 'curr_state[1]' in module 'msrv_soc_ahb_slave@PV1' has no pins
//  Warning: Net 'curr_state[0]' in module 'msrv_soc_ahb_slave@PV1' has no pins
//  Warning: Net 'next_state[1]' in module 'msrv_soc_ahb_slave@PV1' has no pins
//  Warning: Net 'next_state[0]' in module 'msrv_soc_ahb_slave@PV1' has no pins
//  Warning: Net 'pstrb_reg[7]' in module 'msrv_soc_ahb_slave@PV1' is not driven
//  Warning: Net 'pstrb_reg[6]' in module 'msrv_soc_ahb_slave@PV1' is not driven
//  Warning: Net 'pstrb_reg[5]' in module 'msrv_soc_ahb_slave@PV1' is not driven
//  Warning: Net 'pstrb_reg[4]' in module 'msrv_soc_ahb_slave@PV1' is not driven
//  Warning: Net 'pstrb_reg[3]' in module 'msrv_soc_ahb_slave@PV1' is not driven
//  Warning: Net 'pstrb_reg[2]' in module 'msrv_soc_ahb_slave@PV1' is not driven
//  Warning: Net 'pstrb_reg[1]' in module 'msrv_soc_ahb_slave@PV1' is not driven
//  Warning: Net 'pstrb_reg[0]' in module 'msrv_soc_ahb_slave@PV1' is not driven
//  Warning: Net 'sample_addr_phase' in module 'msrv_soc_ahb_slave@PV1' has no pins
//  Warning: Net 'sample_wdata_phase' in module 'msrv_soc_ahb_slave@PV1' has no pins
//  Warning: Net 'nxt_trans_valid' in module 'msrv_soc_ahb_slave@PV1' has no pins
//  Warning: Net 'reg_s_req_h' in module 'msrv_soc_ahb_slave@PV1' is not driven
//  Warning: Net 'toggle_req' in module 'msrv_soc_ahb_slave@PV1' has no pins
//  Warning: Net 'trans_done' in module 'msrv_soc_ahb_slave@PV1' has no pins
//  Warning: Net 'sync_reg_1' in module 'msrv_soc_synchronizer' has no pins
//  Warning: Net 'sync_reg_2' in module 'msrv_soc_synchronizer' is not driven
//  Warning: Net 's_rdata[63]' in module 'msrv_soc_apb_master@PV1' is not driven
//  Warning: Net 's_rdata[62]' in module 'msrv_soc_apb_master@PV1' is not driven
//  Warning: Net 's_rdata[61]' in module 'msrv_soc_apb_master@PV1' is not driven
//  Warning: Net 's_rdata[60]' in module 'msrv_soc_apb_master@PV1' is not driven
//  Warning: Net 's_rdata[59]' in module 'msrv_soc_apb_master@PV1' is not driven
//  Warning: Net 's_rdata[58]' in module 'msrv_soc_apb_master@PV1' is not driven
//  Warning: Net 's_rdata[57]' in module 'msrv_soc_apb_master@PV1' is not driven
//  Warning: Net 's_rdata[56]' in module 'msrv_soc_apb_master@PV1' is not driven
//  Warning: Net 's_rdata[55]' in module 'msrv_soc_apb_master@PV1' is not driven
//  Warning: Net 's_rdata[54]' in module 'msrv_soc_apb_master@PV1' is not driven
//  Warning: Net 's_rdata[53]' in module 'msrv_soc_apb_master@PV1' is not driven
//  Warning: Net 's_rdata[52]' in module 'msrv_soc_apb_master@PV1' is not driven
//  Warning: Net 's_rdata[51]' in module 'msrv_soc_apb_master@PV1' is not driven
//  Warning: Net 's_rdata[50]' in module 'msrv_soc_apb_master@PV1' is not driven
//  Warning: Net 's_rdata[49]' in module 'msrv_soc_apb_master@PV1' is not driven
//  Warning: Net 's_rdata[48]' in module 'msrv_soc_apb_master@PV1' is not driven
//  Warning: Net 's_rdata[47]' in module 'msrv_soc_apb_master@PV1' is not driven
//  Warning: Net 's_rdata[46]' in module 'msrv_soc_apb_master@PV1' is not driven
//  Warning: Net 's_rdata[45]' in module 'msrv_soc_apb_master@PV1' is not driven
//  Warning: Net 's_rdata[44]' in module 'msrv_soc_apb_master@PV1' is not driven
//  Warning: Net 's_rdata[43]' in module 'msrv_soc_apb_master@PV1' is not driven
//  Warning: Net 's_rdata[42]' in module 'msrv_soc_apb_master@PV1' is not driven
//  Warning: Net 's_rdata[41]' in module 'msrv_soc_apb_master@PV1' is not driven
//  Warning: Net 's_rdata[40]' in module 'msrv_soc_apb_master@PV1' is not driven
//  Warning: Net 's_rdata[39]' in module 'msrv_soc_apb_master@PV1' is not driven
//  Warning: Net 's_rdata[38]' in module 'msrv_soc_apb_master@PV1' is not driven
//  Warning: Net 's_rdata[37]' in module 'msrv_soc_apb_master@PV1' is not driven
//  Warning: Net 's_rdata[36]' in module 'msrv_soc_apb_master@PV1' is not driven
//  Warning: Net 's_rdata[35]' in module 'msrv_soc_apb_master@PV1' is not driven
//  Warning: Net 's_rdata[34]' in module 'msrv_soc_apb_master@PV1' is not driven
//  Warning: Net 's_rdata[33]' in module 'msrv_soc_apb_master@PV1' is not driven
//  Warning: Net 's_rdata[32]' in module 'msrv_soc_apb_master@PV1' is not driven
//  Warning: Net 's_rdata[31]' in module 'msrv_soc_apb_master@PV1' is not driven
//  Warning: Net 's_rdata[30]' in module 'msrv_soc_apb_master@PV1' is not driven
//  Warning: Net 's_rdata[29]' in module 'msrv_soc_apb_master@PV1' is not driven
//  Warning: Net 's_rdata[28]' in module 'msrv_soc_apb_master@PV1' is not driven
//  Warning: Net 's_rdata[27]' in module 'msrv_soc_apb_master@PV1' is not driven
//  Warning: Net 's_rdata[26]' in module 'msrv_soc_apb_master@PV1' is not driven
//  Warning: Net 's_rdata[25]' in module 'msrv_soc_apb_master@PV1' is not driven
//  Warning: Net 's_rdata[24]' in module 'msrv_soc_apb_master@PV1' is not driven
//  Warning: Net 's_rdata[23]' in module 'msrv_soc_apb_master@PV1' is not driven
//  Warning: Net 's_rdata[22]' in module 'msrv_soc_apb_master@PV1' is not driven
//  Warning: Net 's_rdata[21]' in module 'msrv_soc_apb_master@PV1' is not driven
//  Warning: Net 's_rdata[20]' in module 'msrv_soc_apb_master@PV1' is not driven
//  Warning: Net 's_rdata[19]' in module 'msrv_soc_apb_master@PV1' is not driven
//  Warning: Net 's_rdata[18]' in module 'msrv_soc_apb_master@PV1' is not driven
//  Warning: Net 's_rdata[17]' in module 'msrv_soc_apb_master@PV1' is not driven
//  Warning: Net 's_rdata[16]' in module 'msrv_soc_apb_master@PV1' is not driven
//  Warning: Net 's_rdata[15]' in module 'msrv_soc_apb_master@PV1' is not driven
//  Warning: Net 's_rdata[14]' in module 'msrv_soc_apb_master@PV1' is not driven
//  Warning: Net 's_rdata[13]' in module 'msrv_soc_apb_master@PV1' is not driven
//  Warning: Net 's_rdata[12]' in module 'msrv_soc_apb_master@PV1' is not driven
//  Warning: Net 's_rdata[11]' in module 'msrv_soc_apb_master@PV1' is not driven
//  Warning: Net 's_rdata[10]' in module 'msrv_soc_apb_master@PV1' is not driven
//  Warning: Net 's_rdata[9]' in module 'msrv_soc_apb_master@PV1' is not driven
//  Warning: Net 's_rdata[8]' in module 'msrv_soc_apb_master@PV1' is not driven
//  Warning: Net 's_rdata[7]' in module 'msrv_soc_apb_master@PV1' is not driven
//  Warning: Net 's_rdata[6]' in module 'msrv_soc_apb_master@PV1' is not driven
//  Warning: Net 's_rdata[5]' in module 'msrv_soc_apb_master@PV1' is not driven
//  Warning: Net 's_rdata[4]' in module 'msrv_soc_apb_master@PV1' is not driven
//  Warning: Net 's_rdata[3]' in module 'msrv_soc_apb_master@PV1' is not driven
//  Warning: Net 's_rdata[2]' in module 'msrv_soc_apb_master@PV1' is not driven
//  Warning: Net 's_rdata[1]' in module 'msrv_soc_apb_master@PV1' is not driven
//  Warning: Net 's_rdata[0]' in module 'msrv_soc_apb_master@PV1' is not driven
//  Warning: Net 'PADDR[55]' in module 'msrv_soc_apb_master@PV1' is not driven
//  Warning: Net 'PADDR[54]' in module 'msrv_soc_apb_master@PV1' is not driven
//  Warning: Net 'PADDR[53]' in module 'msrv_soc_apb_master@PV1' is not driven
//  Warning: Net 'PADDR[52]' in module 'msrv_soc_apb_master@PV1' is not driven
//  Warning: Net 'PADDR[51]' in module 'msrv_soc_apb_master@PV1' is not driven
//  Warning: Net 'PADDR[50]' in module 'msrv_soc_apb_master@PV1' is not driven
//  Warning: Net 'PADDR[49]' in module 'msrv_soc_apb_master@PV1' is not driven
//  Warning: Net 'PADDR[48]' in module 'msrv_soc_apb_master@PV1' is not driven
//  Warning: Net 'PADDR[47]' in module 'msrv_soc_apb_master@PV1' is not driven
//  Warning: Net 'PADDR[46]' in module 'msrv_soc_apb_master@PV1' is not driven
//  Warning: Net 'PADDR[45]' in module 'msrv_soc_apb_master@PV1' is not driven
//  Warning: Net 'PADDR[44]' in module 'msrv_soc_apb_master@PV1' is not driven
//  Warning: Net 'PADDR[43]' in module 'msrv_soc_apb_master@PV1' is not driven
//  Warning: Net 'PADDR[42]' in module 'msrv_soc_apb_master@PV1' is not driven
//  Warning: Net 'PADDR[41]' in module 'msrv_soc_apb_master@PV1' is not driven
//  Warning: Net 'PADDR[40]' in module 'msrv_soc_apb_master@PV1' is not driven
//  Warning: Net 'PADDR[39]' in module 'msrv_soc_apb_master@PV1' is not driven
//  Warning: Net 'PADDR[38]' in module 'msrv_soc_apb_master@PV1' is not driven
//  Warning: Net 'PADDR[37]' in module 'msrv_soc_apb_master@PV1' is not driven
//  Warning: Net 'PADDR[36]' in module 'msrv_soc_apb_master@PV1' is not driven
//  Warning: Net 'PADDR[35]' in module 'msrv_soc_apb_master@PV1' is not driven
//  Warning: Net 'PADDR[34]' in module 'msrv_soc_apb_master@PV1' is not driven
//  Warning: Net 'PADDR[33]' in module 'msrv_soc_apb_master@PV1' is not driven
//  Warning: Net 'PADDR[32]' in module 'msrv_soc_apb_master@PV1' is not driven
//  Warning: Net 'PADDR[31]' in module 'msrv_soc_apb_master@PV1' is not driven
//  Warning: Net 'PADDR[30]' in module 'msrv_soc_apb_master@PV1' is not driven
//  Warning: Net 'PADDR[29]' in module 'msrv_soc_apb_master@PV1' is not driven
//  Warning: Net 'PADDR[28]' in module 'msrv_soc_apb_master@PV1' is not driven
//  Warning: Net 'PADDR[27]' in module 'msrv_soc_apb_master@PV1' is not driven
//  Warning: Net 'PADDR[26]' in module 'msrv_soc_apb_master@PV1' is not driven
//  Warning: Net 'PADDR[25]' in module 'msrv_soc_apb_master@PV1' is not driven
//  Warning: Net 'PADDR[24]' in module 'msrv_soc_apb_master@PV1' is not driven
//  Warning: Net 'PADDR[23]' in module 'msrv_soc_apb_master@PV1' is not driven
//  Warning: Net 'PADDR[22]' in module 'msrv_soc_apb_master@PV1' is not driven
//  Warning: Net 'PADDR[21]' in module 'msrv_soc_apb_master@PV1' is not driven
//  Warning: Net 'PADDR[20]' in module 'msrv_soc_apb_master@PV1' is not driven
//  Warning: Net 'PADDR[19]' in module 'msrv_soc_apb_master@PV1' is not driven
//  Warning: Net 'PADDR[18]' in module 'msrv_soc_apb_master@PV1' is not driven
//  Warning: Net 'PADDR[17]' in module 'msrv_soc_apb_master@PV1' is not driven
//  Warning: Net 'PADDR[16]' in module 'msrv_soc_apb_master@PV1' is not driven
//  Warning: Net 'PADDR[15]' in module 'msrv_soc_apb_master@PV1' is not driven
//  Warning: Net 'PADDR[14]' in module 'msrv_soc_apb_master@PV1' is not driven
//  Warning: Net 'PADDR[13]' in module 'msrv_soc_apb_master@PV1' is not driven
//  Warning: Net 'PADDR[12]' in module 'msrv_soc_apb_master@PV1' is not driven
//  Warning: Net 'PADDR[11]' in module 'msrv_soc_apb_master@PV1' is not driven
//  Warning: Net 'PADDR[10]' in module 'msrv_soc_apb_master@PV1' is not driven
//  Warning: Net 'PADDR[9]' in module 'msrv_soc_apb_master@PV1' is not driven
//  Warning: Net 'PADDR[8]' in module 'msrv_soc_apb_master@PV1' is not driven
//  Warning: Net 'PADDR[7]' in module 'msrv_soc_apb_master@PV1' is not driven
//  Warning: Net 'PADDR[6]' in module 'msrv_soc_apb_master@PV1' is not driven
//  Warning: Net 'PADDR[5]' in module 'msrv_soc_apb_master@PV1' is not driven
//  Warning: Net 'PADDR[4]' in module 'msrv_soc_apb_master@PV1' is not driven
//  Warning: Net 'PADDR[3]' in module 'msrv_soc_apb_master@PV1' is not driven
//  Warning: Net 'PADDR[2]' in module 'msrv_soc_apb_master@PV1' is not driven
//  Warning: Net 'PADDR[1]' in module 'msrv_soc_apb_master@PV1' is not driven
//  Warning: Net 'PADDR[0]' in module 'msrv_soc_apb_master@PV1' is not driven
//  Warning: Net 'PWRITE' in module 'msrv_soc_apb_master@PV1' is not driven
//  Warning: Net 'PSTRB[7]' in module 'msrv_soc_apb_master@PV1' is not driven
//  Warning: Net 'PSTRB[6]' in module 'msrv_soc_apb_master@PV1' is not driven
//  Warning: Net 'PSTRB[5]' in module 'msrv_soc_apb_master@PV1' is not driven
//  Warning: Net 'PSTRB[4]' in module 'msrv_soc_apb_master@PV1' is not driven
//  Warning: Net 'PSTRB[3]' in module 'msrv_soc_apb_master@PV1' is not driven
//  Warning: Net 'PSTRB[2]' in module 'msrv_soc_apb_master@PV1' is not driven
//  Warning: Net 'PSTRB[1]' in module 'msrv_soc_apb_master@PV1' is not driven
//  Warning: Net 'PSTRB[0]' in module 'msrv_soc_apb_master@PV1' is not driven
//  Warning: Net 'PWDATA[63]' in module 'msrv_soc_apb_master@PV1' is not driven
//  Warning: Net 'PWDATA[62]' in module 'msrv_soc_apb_master@PV1' is not driven
//  Warning: Net 'PWDATA[61]' in module 'msrv_soc_apb_master@PV1' is not driven
//  Warning: Net 'PWDATA[60]' in module 'msrv_soc_apb_master@PV1' is not driven
//  Warning: Net 'PWDATA[59]' in module 'msrv_soc_apb_master@PV1' is not driven
//  Warning: Net 'PWDATA[58]' in module 'msrv_soc_apb_master@PV1' is not driven
//  Warning: Net 'PWDATA[57]' in module 'msrv_soc_apb_master@PV1' is not driven
//  Warning: Net 'PWDATA[56]' in module 'msrv_soc_apb_master@PV1' is not driven
//  Warning: Net 'PWDATA[55]' in module 'msrv_soc_apb_master@PV1' is not driven
//  Warning: Net 'PWDATA[54]' in module 'msrv_soc_apb_master@PV1' is not driven
//  Warning: Net 'PWDATA[53]' in module 'msrv_soc_apb_master@PV1' is not driven
//  Warning: Net 'PWDATA[52]' in module 'msrv_soc_apb_master@PV1' is not driven
//  Warning: Net 'PWDATA[51]' in module 'msrv_soc_apb_master@PV1' is not driven
//  Warning: Net 'PWDATA[50]' in module 'msrv_soc_apb_master@PV1' is not driven
//  Warning: Net 'PWDATA[49]' in module 'msrv_soc_apb_master@PV1' is not driven
//  Warning: Net 'PWDATA[48]' in module 'msrv_soc_apb_master@PV1' is not driven
//  Warning: Net 'PWDATA[47]' in module 'msrv_soc_apb_master@PV1' is not driven
//  Warning: Net 'PWDATA[46]' in module 'msrv_soc_apb_master@PV1' is not driven
//  Warning: Net 'PWDATA[45]' in module 'msrv_soc_apb_master@PV1' is not driven
//  Warning: Net 'PWDATA[44]' in module 'msrv_soc_apb_master@PV1' is not driven
//  Warning: Net 'PWDATA[43]' in module 'msrv_soc_apb_master@PV1' is not driven
//  Warning: Net 'PWDATA[42]' in module 'msrv_soc_apb_master@PV1' is not driven
//  Warning: Net 'PWDATA[41]' in module 'msrv_soc_apb_master@PV1' is not driven
//  Warning: Net 'PWDATA[40]' in module 'msrv_soc_apb_master@PV1' is not driven
//  Warning: Net 'PWDATA[39]' in module 'msrv_soc_apb_master@PV1' is not driven
//  Warning: Net 'PWDATA[38]' in module 'msrv_soc_apb_master@PV1' is not driven
//  Warning: Net 'PWDATA[37]' in module 'msrv_soc_apb_master@PV1' is not driven
//  Warning: Net 'PWDATA[36]' in module 'msrv_soc_apb_master@PV1' is not driven
//  Warning: Net 'PWDATA[35]' in module 'msrv_soc_apb_master@PV1' is not driven
//  Warning: Net 'PWDATA[34]' in module 'msrv_soc_apb_master@PV1' is not driven
//  Warning: Net 'PWDATA[33]' in module 'msrv_soc_apb_master@PV1' is not driven
//  Warning: Net 'PWDATA[32]' in module 'msrv_soc_apb_master@PV1' is not driven
//  Warning: Net 'PWDATA[31]' in module 'msrv_soc_apb_master@PV1' is not driven
//  Warning: Net 'PWDATA[30]' in module 'msrv_soc_apb_master@PV1' is not driven
//  Warning: Net 'PWDATA[29]' in module 'msrv_soc_apb_master@PV1' is not driven
//  Warning: Net 'PWDATA[28]' in module 'msrv_soc_apb_master@PV1' is not driven
//  Warning: Net 'PWDATA[27]' in module 'msrv_soc_apb_master@PV1' is not driven
//  Warning: Net 'PWDATA[26]' in module 'msrv_soc_apb_master@PV1' is not driven
//  Warning: Net 'PWDATA[25]' in module 'msrv_soc_apb_master@PV1' is not driven
//  Warning: Net 'PWDATA[24]' in module 'msrv_soc_apb_master@PV1' is not driven
//  Warning: Net 'PWDATA[23]' in module 'msrv_soc_apb_master@PV1' is not driven
//  Warning: Net 'PWDATA[22]' in module 'msrv_soc_apb_master@PV1' is not driven
//  Warning: Net 'PWDATA[21]' in module 'msrv_soc_apb_master@PV1' is not driven
//  Warning: Net 'PWDATA[20]' in module 'msrv_soc_apb_master@PV1' is not driven
//  Warning: Net 'PWDATA[19]' in module 'msrv_soc_apb_master@PV1' is not driven
//  Warning: Net 'PWDATA[18]' in module 'msrv_soc_apb_master@PV1' is not driven
//  Warning: Net 'PWDATA[17]' in module 'msrv_soc_apb_master@PV1' is not driven
//  Warning: Net 'PWDATA[16]' in module 'msrv_soc_apb_master@PV1' is not driven
//  Warning: Net 'PWDATA[15]' in module 'msrv_soc_apb_master@PV1' is not driven
//  Warning: Net 'PWDATA[14]' in module 'msrv_soc_apb_master@PV1' is not driven
//  Warning: Net 'PWDATA[13]' in module 'msrv_soc_apb_master@PV1' is not driven
//  Warning: Net 'PWDATA[12]' in module 'msrv_soc_apb_master@PV1' is not driven
//  Warning: Net 'PWDATA[11]' in module 'msrv_soc_apb_master@PV1' is not driven
//  Warning: Net 'PWDATA[10]' in module 'msrv_soc_apb_master@PV1' is not driven
//  Warning: Net 'PWDATA[9]' in module 'msrv_soc_apb_master@PV1' is not driven
//  Warning: Net 'PWDATA[8]' in module 'msrv_soc_apb_master@PV1' is not driven
//  Warning: Net 'PWDATA[7]' in module 'msrv_soc_apb_master@PV1' is not driven
//  Warning: Net 'PWDATA[6]' in module 'msrv_soc_apb_master@PV1' is not driven
//  Warning: Net 'PWDATA[5]' in module 'msrv_soc_apb_master@PV1' is not driven
//  Warning: Net 'PWDATA[4]' in module 'msrv_soc_apb_master@PV1' is not driven
//  Warning: Net 'PWDATA[3]' in module 'msrv_soc_apb_master@PV1' is not driven
//  Warning: Net 'PWDATA[2]' in module 'msrv_soc_apb_master@PV1' is not driven
//  Warning: Net 'PWDATA[1]' in module 'msrv_soc_apb_master@PV1' is not driven
//  Warning: Net 'PWDATA[0]' in module 'msrv_soc_apb_master@PV1' is not driven
//  Warning: Net 'PSEL[4]' in module 'msrv_soc_apb_master@PV1' is not driven
//  Warning: Net 'PSEL[3]' in module 'msrv_soc_apb_master@PV1' is not driven
//  Warning: Net 'PSEL[2]' in module 'msrv_soc_apb_master@PV1' is not driven
//  Warning: Net 'PSEL[1]' in module 'msrv_soc_apb_master@PV1' is not driven
//  Warning: Net 'PSEL[0]' in module 'msrv_soc_apb_master@PV1' is not driven
//  Warning: Net 'last_s_req_p' in module 'msrv_soc_apb_master@PV1' has no pins
//  Warning: Net 'reg_s_ack_p' in module 'msrv_soc_apb_master@PV1' is not driven
//  Warning: Net 'nxt_s_ack_p' in module 'msrv_soc_apb_master@PV1' has no pins
//  Warning: Net 'curr_state[1]' in module 'msrv_soc_apb_master@PV1' is not driven
//  Warning: Net 'curr_state[0]' in module 'msrv_soc_apb_master@PV1' has no pins
//  Warning: Net 'next_state[1]' in module 'msrv_soc_apb_master@PV1' has no pins
//  Warning: Net 'next_state[0]' in module 'msrv_soc_apb_master@PV1' has no pins
//  Warning: Net 'req_detect' in module 'msrv_soc_apb_master@PV1' has no pins
//  Warning: Net 'trans_done' in module 'msrv_soc_apb_master@PV1' has no pins
//  Warning: Net 's_write_reg' in module 'msrv_soc_apb_master@PV1' has no pins
//  Warning: Net 's_trans_valid_reg' in module 'msrv_soc_apb_master@PV1' has no pins
//  Warning: Net 'rdata[63]' in module 'msrv_soc_apb_master@PV1' has no pins
//  Warning: Net 'rdata[62]' in module 'msrv_soc_apb_master@PV1' has no pins
//  Warning: Net 'rdata[61]' in module 'msrv_soc_apb_master@PV1' has no pins
//  Warning: Net 'rdata[60]' in module 'msrv_soc_apb_master@PV1' has no pins
//  Warning: Net 'rdata[59]' in module 'msrv_soc_apb_master@PV1' has no pins
//  Warning: Net 'rdata[58]' in module 'msrv_soc_apb_master@PV1' has no pins
//  Warning: Net 'rdata[57]' in module 'msrv_soc_apb_master@PV1' has no pins
//  Warning: Net 'rdata[56]' in module 'msrv_soc_apb_master@PV1' has no pins
//  Warning: Net 'rdata[55]' in module 'msrv_soc_apb_master@PV1' has no pins
//  Warning: Net 'rdata[54]' in module 'msrv_soc_apb_master@PV1' has no pins
//  Warning: Net 'rdata[53]' in module 'msrv_soc_apb_master@PV1' has no pins
//  Warning: Net 'rdata[52]' in module 'msrv_soc_apb_master@PV1' has no pins
//  Warning: Net 'rdata[51]' in module 'msrv_soc_apb_master@PV1' has no pins
//  Warning: Net 'rdata[50]' in module 'msrv_soc_apb_master@PV1' has no pins
//  Warning: Net 'rdata[49]' in module 'msrv_soc_apb_master@PV1' has no pins
//  Warning: Net 'rdata[48]' in module 'msrv_soc_apb_master@PV1' has no pins
//  Warning: Net 'rdata[47]' in module 'msrv_soc_apb_master@PV1' has no pins
//  Warning: Net 'rdata[46]' in module 'msrv_soc_apb_master@PV1' has no pins
//  Warning: Net 'rdata[45]' in module 'msrv_soc_apb_master@PV1' has no pins
//  Warning: Net 'rdata[44]' in module 'msrv_soc_apb_master@PV1' has no pins
//  Warning: Net 'rdata[43]' in module 'msrv_soc_apb_master@PV1' has no pins
//  Warning: Net 'rdata[42]' in module 'msrv_soc_apb_master@PV1' has no pins
//  Warning: Net 'rdata[41]' in module 'msrv_soc_apb_master@PV1' has no pins
//  Warning: Net 'rdata[40]' in module 'msrv_soc_apb_master@PV1' has no pins
//  Warning: Net 'rdata[39]' in module 'msrv_soc_apb_master@PV1' has no pins
//  Warning: Net 'rdata[38]' in module 'msrv_soc_apb_master@PV1' has no pins
//  Warning: Net 'rdata[37]' in module 'msrv_soc_apb_master@PV1' has no pins
//  Warning: Net 'rdata[36]' in module 'msrv_soc_apb_master@PV1' has no pins
//  Warning: Net 'rdata[35]' in module 'msrv_soc_apb_master@PV1' has no pins
//  Warning: Net 'rdata[34]' in module 'msrv_soc_apb_master@PV1' has no pins
//  Warning: Net 'rdata[33]' in module 'msrv_soc_apb_master@PV1' has no pins
//  Warning: Net 'rdata[32]' in module 'msrv_soc_apb_master@PV1' has no pins
//  Warning: Net 'rdata[31]' in module 'msrv_soc_apb_master@PV1' has no pins
//  Warning: Net 'rdata[30]' in module 'msrv_soc_apb_master@PV1' has no pins
//  Warning: Net 'rdata[29]' in module 'msrv_soc_apb_master@PV1' has no pins
//  Warning: Net 'rdata[28]' in module 'msrv_soc_apb_master@PV1' has no pins
//  Warning: Net 'rdata[27]' in module 'msrv_soc_apb_master@PV1' has no pins
//  Warning: Net 'rdata[26]' in module 'msrv_soc_apb_master@PV1' has no pins
//  Warning: Net 'rdata[25]' in module 'msrv_soc_apb_master@PV1' has no pins
//  Warning: Net 'rdata[24]' in module 'msrv_soc_apb_master@PV1' has no pins
//  Warning: Net 'rdata[23]' in module 'msrv_soc_apb_master@PV1' has no pins
//  Warning: Net 'rdata[22]' in module 'msrv_soc_apb_master@PV1' has no pins
//  Warning: Net 'rdata[21]' in module 'msrv_soc_apb_master@PV1' has no pins
//  Warning: Net 'rdata[20]' in module 'msrv_soc_apb_master@PV1' has no pins
//  Warning: Net 'rdata[19]' in module 'msrv_soc_apb_master@PV1' has no pins
//  Warning: Net 'rdata[18]' in module 'msrv_soc_apb_master@PV1' has no pins
//  Warning: Net 'rdata[17]' in module 'msrv_soc_apb_master@PV1' has no pins
//  Warning: Net 'rdata[16]' in module 'msrv_soc_apb_master@PV1' has no pins
//  Warning: Net 'rdata[15]' in module 'msrv_soc_apb_master@PV1' has no pins
//  Warning: Net 'rdata[14]' in module 'msrv_soc_apb_master@PV1' has no pins
//  Warning: Net 'rdata[13]' in module 'msrv_soc_apb_master@PV1' has no pins
//  Warning: Net 'rdata[12]' in module 'msrv_soc_apb_master@PV1' has no pins
//  Warning: Net 'rdata[11]' in module 'msrv_soc_apb_master@PV1' has no pins
//  Warning: Net 'rdata[10]' in module 'msrv_soc_apb_master@PV1' has no pins
//  Warning: Net 'rdata[9]' in module 'msrv_soc_apb_master@PV1' has no pins
//  Warning: Net 'rdata[8]' in module 'msrv_soc_apb_master@PV1' has no pins
//  Warning: Net 'rdata[7]' in module 'msrv_soc_apb_master@PV1' has no pins
//  Warning: Net 'rdata[6]' in module 'msrv_soc_apb_master@PV1' has no pins
//  Warning: Net 'rdata[5]' in module 'msrv_soc_apb_master@PV1' has no pins
//  Warning: Net 'rdata[4]' in module 'msrv_soc_apb_master@PV1' has no pins
//  Warning: Net 'rdata[3]' in module 'msrv_soc_apb_master@PV1' has no pins
//  Warning: Net 'rdata[2]' in module 'msrv_soc_apb_master@PV1' has no pins
//  Warning: Net 'rdata[1]' in module 'msrv_soc_apb_master@PV1' has no pins
//  Warning: Net 'rdata[0]' in module 'msrv_soc_apb_master@PV1' has no pins
//  Warning: Net 'pready' in module 'msrv_soc_apb_master@PV1' has no pins
//  Warning: Floating input 'reset' at instance 'memwritereg' in module 'msrv_soc_rom_ahb@PV1'
//  Warning: Floating input 'reset' at instance 'haddrreg' in module 'msrv_soc_rom_ahb@PV1'
//  Warning: Floating input 'reset' at instance 'readyreg' in module 'msrv_soc_rom_ahb@PV1'
//  Warning: Floating input 's' at instance 'adrmux' in module 'msrv_soc_rom_ahb@PV1'
//  Warning: Net 'initTrans' in module 'msrv_soc_rom_ahb@PV1' has no pins
//  Warning: Net 'memwrite' in module 'msrv_soc_rom_ahb@PV1' is not driven
//  Warning: Net 'memread' in module 'msrv_soc_rom_ahb@PV1' has no pins
//  Warning: Net 'nextHREADYRom' in module 'msrv_soc_rom_ahb@PV1' is not driven
//  Warning: Net 'HWADATARom[63]' in module 'msrv_soc_rom_ahb@PV1' is not driven
//  Warning: Net 'HWADATARom[62]' in module 'msrv_soc_rom_ahb@PV1' is not driven
//  Warning: Net 'HWADATARom[61]' in module 'msrv_soc_rom_ahb@PV1' is not driven
//  Warning: Net 'HWADATARom[60]' in module 'msrv_soc_rom_ahb@PV1' is not driven
//  Warning: Net 'HWADATARom[59]' in module 'msrv_soc_rom_ahb@PV1' is not driven
//  Warning: Net 'HWADATARom[58]' in module 'msrv_soc_rom_ahb@PV1' is not driven
//  Warning: Net 'HWADATARom[57]' in module 'msrv_soc_rom_ahb@PV1' is not driven
//  Warning: Net 'HWADATARom[56]' in module 'msrv_soc_rom_ahb@PV1' is not driven
//  Warning: Net 'HWADATARom[55]' in module 'msrv_soc_rom_ahb@PV1' is not driven
//  Warning: Net 'HWADATARom[54]' in module 'msrv_soc_rom_ahb@PV1' is not driven
//  Warning: Net 'HWADATARom[53]' in module 'msrv_soc_rom_ahb@PV1' is not driven
//  Warning: Net 'HWADATARom[52]' in module 'msrv_soc_rom_ahb@PV1' is not driven
//  Warning: Net 'HWADATARom[51]' in module 'msrv_soc_rom_ahb@PV1' is not driven
//  Warning: Net 'HWADATARom[50]' in module 'msrv_soc_rom_ahb@PV1' is not driven
//  Warning: Net 'HWADATARom[49]' in module 'msrv_soc_rom_ahb@PV1' is not driven
//  Warning: Net 'HWADATARom[48]' in module 'msrv_soc_rom_ahb@PV1' is not driven
//  Warning: Net 'HWADATARom[47]' in module 'msrv_soc_rom_ahb@PV1' is not driven
//  Warning: Net 'HWADATARom[46]' in module 'msrv_soc_rom_ahb@PV1' is not driven
//  Warning: Net 'HWADATARom[45]' in module 'msrv_soc_rom_ahb@PV1' is not driven
//  Warning: Net 'HWADATARom[44]' in module 'msrv_soc_rom_ahb@PV1' is not driven
//  Warning: Net 'HWADATARom[43]' in module 'msrv_soc_rom_ahb@PV1' is not driven
//  Warning: Net 'HWADATARom[42]' in module 'msrv_soc_rom_ahb@PV1' is not driven
//  Warning: Net 'HWADATARom[41]' in module 'msrv_soc_rom_ahb@PV1' is not driven
//  Warning: Net 'HWADATARom[40]' in module 'msrv_soc_rom_ahb@PV1' is not driven
//  Warning: Net 'HWADATARom[39]' in module 'msrv_soc_rom_ahb@PV1' is not driven
//  Warning: Net 'HWADATARom[38]' in module 'msrv_soc_rom_ahb@PV1' is not driven
//  Warning: Net 'HWADATARom[37]' in module 'msrv_soc_rom_ahb@PV1' is not driven
//  Warning: Net 'HWADATARom[36]' in module 'msrv_soc_rom_ahb@PV1' is not driven
//  Warning: Net 'HWADATARom[35]' in module 'msrv_soc_rom_ahb@PV1' is not driven
//  Warning: Net 'HWADATARom[34]' in module 'msrv_soc_rom_ahb@PV1' is not driven
//  Warning: Net 'HWADATARom[33]' in module 'msrv_soc_rom_ahb@PV1' is not driven
//  Warning: Net 'HWADATARom[32]' in module 'msrv_soc_rom_ahb@PV1' is not driven
//  Warning: Net 'HWADATARom[31]' in module 'msrv_soc_rom_ahb@PV1' is not driven
//  Warning: Net 'HWADATARom[30]' in module 'msrv_soc_rom_ahb@PV1' is not driven
//  Warning: Net 'HWADATARom[29]' in module 'msrv_soc_rom_ahb@PV1' is not driven
//  Warning: Net 'HWADATARom[28]' in module 'msrv_soc_rom_ahb@PV1' is not driven
//  Warning: Net 'HWADATARom[27]' in module 'msrv_soc_rom_ahb@PV1' is not driven
//  Warning: Net 'HWADATARom[26]' in module 'msrv_soc_rom_ahb@PV1' is not driven
//  Warning: Net 'HWADATARom[25]' in module 'msrv_soc_rom_ahb@PV1' is not driven
//  Warning: Net 'HWADATARom[24]' in module 'msrv_soc_rom_ahb@PV1' is not driven
//  Warning: Net 'HWADATARom[23]' in module 'msrv_soc_rom_ahb@PV1' is not driven
//  Warning: Net 'HWADATARom[22]' in module 'msrv_soc_rom_ahb@PV1' is not driven
//  Warning: Net 'HWADATARom[21]' in module 'msrv_soc_rom_ahb@PV1' is not driven
//  Warning: Net 'HWADATARom[20]' in module 'msrv_soc_rom_ahb@PV1' is not driven
//  Warning: Net 'HWADATARom[19]' in module 'msrv_soc_rom_ahb@PV1' is not driven
//  Warning: Net 'HWADATARom[18]' in module 'msrv_soc_rom_ahb@PV1' is not driven
//  Warning: Net 'HWADATARom[17]' in module 'msrv_soc_rom_ahb@PV1' is not driven
//  Warning: Net 'HWADATARom[16]' in module 'msrv_soc_rom_ahb@PV1' is not driven
//  Warning: Net 'HWADATARom[15]' in module 'msrv_soc_rom_ahb@PV1' is not driven
//  Warning: Net 'HWADATARom[14]' in module 'msrv_soc_rom_ahb@PV1' is not driven
//  Warning: Net 'HWADATARom[13]' in module 'msrv_soc_rom_ahb@PV1' is not driven
//  Warning: Net 'HWADATARom[12]' in module 'msrv_soc_rom_ahb@PV1' is not driven
//  Warning: Net 'HWADATARom[11]' in module 'msrv_soc_rom_ahb@PV1' is not driven
//  Warning: Net 'HWADATARom[10]' in module 'msrv_soc_rom_ahb@PV1' is not driven
//  Warning: Net 'HWADATARom[9]' in module 'msrv_soc_rom_ahb@PV1' is not driven
//  Warning: Net 'HWADATARom[8]' in module 'msrv_soc_rom_ahb@PV1' is not driven
//  Warning: Net 'HWADATARom[7]' in module 'msrv_soc_rom_ahb@PV1' is not driven
//  Warning: Net 'HWADATARom[6]' in module 'msrv_soc_rom_ahb@PV1' is not driven
//  Warning: Net 'HWADATARom[5]' in module 'msrv_soc_rom_ahb@PV1' is not driven
//  Warning: Net 'HWADATARom[4]' in module 'msrv_soc_rom_ahb@PV1' is not driven
//  Warning: Net 'HWADATARom[3]' in module 'msrv_soc_rom_ahb@PV1' is not driven
//  Warning: Net 'HWADATARom[2]' in module 'msrv_soc_rom_ahb@PV1' is not driven
//  Warning: Net 'HWADATARom[1]' in module 'msrv_soc_rom_ahb@PV1' is not driven
//  Warning: Net 'HWADATARom[0]' in module 'msrv_soc_rom_ahb@PV1' is not driven
//  Warning: Net 'PRDATA[63]' in module 'msrv_soc_clint_apb@PV1' is not driven
//  Warning: Net 'PRDATA[62]' in module 'msrv_soc_clint_apb@PV1' is not driven
//  Warning: Net 'PRDATA[61]' in module 'msrv_soc_clint_apb@PV1' is not driven
//  Warning: Net 'PRDATA[60]' in module 'msrv_soc_clint_apb@PV1' is not driven
//  Warning: Net 'PRDATA[59]' in module 'msrv_soc_clint_apb@PV1' is not driven
//  Warning: Net 'PRDATA[58]' in module 'msrv_soc_clint_apb@PV1' is not driven
//  Warning: Net 'PRDATA[57]' in module 'msrv_soc_clint_apb@PV1' is not driven
//  Warning: Net 'PRDATA[56]' in module 'msrv_soc_clint_apb@PV1' is not driven
//  Warning: Net 'PRDATA[55]' in module 'msrv_soc_clint_apb@PV1' is not driven
//  Warning: Net 'PRDATA[54]' in module 'msrv_soc_clint_apb@PV1' is not driven
//  Warning: Net 'PRDATA[53]' in module 'msrv_soc_clint_apb@PV1' is not driven
//  Warning: Net 'PRDATA[52]' in module 'msrv_soc_clint_apb@PV1' is not driven
//  Warning: Net 'PRDATA[51]' in module 'msrv_soc_clint_apb@PV1' is not driven
//  Warning: Net 'PRDATA[50]' in module 'msrv_soc_clint_apb@PV1' is not driven
//  Warning: Net 'PRDATA[49]' in module 'msrv_soc_clint_apb@PV1' is not driven
//  Warning: Net 'PRDATA[48]' in module 'msrv_soc_clint_apb@PV1' is not driven
//  Warning: Net 'PRDATA[47]' in module 'msrv_soc_clint_apb@PV1' is not driven
//  Warning: Net 'PRDATA[46]' in module 'msrv_soc_clint_apb@PV1' is not driven
//  Warning: Net 'PRDATA[45]' in module 'msrv_soc_clint_apb@PV1' is not driven
//  Warning: Net 'PRDATA[44]' in module 'msrv_soc_clint_apb@PV1' is not driven
//  Warning: Net 'PRDATA[43]' in module 'msrv_soc_clint_apb@PV1' is not driven
//  Warning: Net 'PRDATA[42]' in module 'msrv_soc_clint_apb@PV1' is not driven
//  Warning: Net 'PRDATA[41]' in module 'msrv_soc_clint_apb@PV1' is not driven
//  Warning: Net 'PRDATA[40]' in module 'msrv_soc_clint_apb@PV1' is not driven
//  Warning: Net 'PRDATA[39]' in module 'msrv_soc_clint_apb@PV1' is not driven
//  Warning: Net 'PRDATA[38]' in module 'msrv_soc_clint_apb@PV1' is not driven
//  Warning: Net 'PRDATA[37]' in module 'msrv_soc_clint_apb@PV1' is not driven
//  Warning: Net 'PRDATA[36]' in module 'msrv_soc_clint_apb@PV1' is not driven
//  Warning: Net 'PRDATA[35]' in module 'msrv_soc_clint_apb@PV1' is not driven
//  Warning: Net 'PRDATA[34]' in module 'msrv_soc_clint_apb@PV1' is not driven
//  Warning: Net 'PRDATA[33]' in module 'msrv_soc_clint_apb@PV1' is not driven
//  Warning: Net 'PRDATA[32]' in module 'msrv_soc_clint_apb@PV1' is not driven
//  Warning: Net 'PRDATA[31]' in module 'msrv_soc_clint_apb@PV1' is not driven
//  Warning: Net 'PRDATA[30]' in module 'msrv_soc_clint_apb@PV1' is not driven
//  Warning: Net 'PRDATA[29]' in module 'msrv_soc_clint_apb@PV1' is not driven
//  Warning: Net 'PRDATA[28]' in module 'msrv_soc_clint_apb@PV1' is not driven
//  Warning: Net 'PRDATA[27]' in module 'msrv_soc_clint_apb@PV1' is not driven
//  Warning: Net 'PRDATA[26]' in module 'msrv_soc_clint_apb@PV1' is not driven
//  Warning: Net 'PRDATA[25]' in module 'msrv_soc_clint_apb@PV1' is not driven
//  Warning: Net 'PRDATA[24]' in module 'msrv_soc_clint_apb@PV1' is not driven
//  Warning: Net 'PRDATA[23]' in module 'msrv_soc_clint_apb@PV1' is not driven
//  Warning: Net 'PRDATA[22]' in module 'msrv_soc_clint_apb@PV1' is not driven
//  Warning: Net 'PRDATA[21]' in module 'msrv_soc_clint_apb@PV1' is not driven
//  Warning: Net 'PRDATA[20]' in module 'msrv_soc_clint_apb@PV1' is not driven
//  Warning: Net 'PRDATA[19]' in module 'msrv_soc_clint_apb@PV1' is not driven
//  Warning: Net 'PRDATA[18]' in module 'msrv_soc_clint_apb@PV1' is not driven
//  Warning: Net 'PRDATA[17]' in module 'msrv_soc_clint_apb@PV1' is not driven
//  Warning: Net 'PRDATA[16]' in module 'msrv_soc_clint_apb@PV1' is not driven
//  Warning: Net 'PRDATA[15]' in module 'msrv_soc_clint_apb@PV1' is not driven
//  Warning: Net 'PRDATA[14]' in module 'msrv_soc_clint_apb@PV1' is not driven
//  Warning: Net 'PRDATA[13]' in module 'msrv_soc_clint_apb@PV1' is not driven
//  Warning: Net 'PRDATA[12]' in module 'msrv_soc_clint_apb@PV1' is not driven
//  Warning: Net 'PRDATA[11]' in module 'msrv_soc_clint_apb@PV1' is not driven
//  Warning: Net 'PRDATA[10]' in module 'msrv_soc_clint_apb@PV1' is not driven
//  Warning: Net 'PRDATA[9]' in module 'msrv_soc_clint_apb@PV1' is not driven
//  Warning: Net 'PRDATA[8]' in module 'msrv_soc_clint_apb@PV1' is not driven
//  Warning: Net 'PRDATA[7]' in module 'msrv_soc_clint_apb@PV1' is not driven
//  Warning: Net 'PRDATA[6]' in module 'msrv_soc_clint_apb@PV1' is not driven
//  Warning: Net 'PRDATA[5]' in module 'msrv_soc_clint_apb@PV1' is not driven
//  Warning: Net 'PRDATA[4]' in module 'msrv_soc_clint_apb@PV1' is not driven
//  Warning: Net 'PRDATA[3]' in module 'msrv_soc_clint_apb@PV1' is not driven
//  Warning: Net 'PRDATA[2]' in module 'msrv_soc_clint_apb@PV1' is not driven
//  Warning: Net 'PRDATA[1]' in module 'msrv_soc_clint_apb@PV1' is not driven
//  Warning: Net 'PRDATA[0]' in module 'msrv_soc_clint_apb@PV1' is not driven
//  Warning: Net 'MTIME[63]' in module 'msrv_soc_clint_apb@PV1' is not driven
//  Warning: Net 'MTIME[62]' in module 'msrv_soc_clint_apb@PV1' is not driven
//  Warning: Net 'MTIME[61]' in module 'msrv_soc_clint_apb@PV1' is not driven
//  Warning: Net 'MTIME[60]' in module 'msrv_soc_clint_apb@PV1' is not driven
//  Warning: Net 'MTIME[59]' in module 'msrv_soc_clint_apb@PV1' is not driven
//  Warning: Net 'MTIME[58]' in module 'msrv_soc_clint_apb@PV1' is not driven
//  Warning: Net 'MTIME[57]' in module 'msrv_soc_clint_apb@PV1' is not driven
//  Warning: Net 'MTIME[56]' in module 'msrv_soc_clint_apb@PV1' is not driven
//  Warning: Net 'MTIME[55]' in module 'msrv_soc_clint_apb@PV1' is not driven
//  Warning: Net 'MTIME[54]' in module 'msrv_soc_clint_apb@PV1' is not driven
//  Warning: Net 'MTIME[53]' in module 'msrv_soc_clint_apb@PV1' is not driven
//  Warning: Net 'MTIME[52]' in module 'msrv_soc_clint_apb@PV1' is not driven
//  Warning: Net 'MTIME[51]' in module 'msrv_soc_clint_apb@PV1' is not driven
//  Warning: Net 'MTIME[50]' in module 'msrv_soc_clint_apb@PV1' is not driven
//  Warning: Net 'MTIME[49]' in module 'msrv_soc_clint_apb@PV1' is not driven
//  Warning: Net 'MTIME[48]' in module 'msrv_soc_clint_apb@PV1' is not driven
//  Warning: Net 'MTIME[47]' in module 'msrv_soc_clint_apb@PV1' is not driven
//  Warning: Net 'MTIME[46]' in module 'msrv_soc_clint_apb@PV1' is not driven
//  Warning: Net 'MTIME[45]' in module 'msrv_soc_clint_apb@PV1' is not driven
//  Warning: Net 'MTIME[44]' in module 'msrv_soc_clint_apb@PV1' is not driven
//  Warning: Net 'MTIME[43]' in module 'msrv_soc_clint_apb@PV1' is not driven
//  Warning: Net 'MTIME[42]' in module 'msrv_soc_clint_apb@PV1' is not driven
//  Warning: Net 'MTIME[41]' in module 'msrv_soc_clint_apb@PV1' is not driven
//  Warning: Net 'MTIME[40]' in module 'msrv_soc_clint_apb@PV1' is not driven
//  Warning: Net 'MTIME[39]' in module 'msrv_soc_clint_apb@PV1' is not driven
//  Warning: Net 'MTIME[38]' in module 'msrv_soc_clint_apb@PV1' is not driven
//  Warning: Net 'MTIME[37]' in module 'msrv_soc_clint_apb@PV1' is not driven
//  Warning: Net 'MTIME[36]' in module 'msrv_soc_clint_apb@PV1' is not driven
//  Warning: Net 'MTIME[35]' in module 'msrv_soc_clint_apb@PV1' is not driven
//  Warning: Net 'MTIME[34]' in module 'msrv_soc_clint_apb@PV1' is not driven
//  Warning: Net 'MTIME[33]' in module 'msrv_soc_clint_apb@PV1' is not driven
//  Warning: Net 'MTIME[32]' in module 'msrv_soc_clint_apb@PV1' is not driven
//  Warning: Net 'MTIME[31]' in module 'msrv_soc_clint_apb@PV1' is not driven
//  Warning: Net 'MTIME[30]' in module 'msrv_soc_clint_apb@PV1' is not driven
//  Warning: Net 'MTIME[29]' in module 'msrv_soc_clint_apb@PV1' is not driven
//  Warning: Net 'MTIME[28]' in module 'msrv_soc_clint_apb@PV1' is not driven
//  Warning: Net 'MTIME[27]' in module 'msrv_soc_clint_apb@PV1' is not driven
//  Warning: Net 'MTIME[26]' in module 'msrv_soc_clint_apb@PV1' is not driven
//  Warning: Net 'MTIME[25]' in module 'msrv_soc_clint_apb@PV1' is not driven
//  Warning: Net 'MTIME[24]' in module 'msrv_soc_clint_apb@PV1' is not driven
//  Warning: Net 'MTIME[23]' in module 'msrv_soc_clint_apb@PV1' is not driven
//  Warning: Net 'MTIME[22]' in module 'msrv_soc_clint_apb@PV1' is not driven
//  Warning: Net 'MTIME[21]' in module 'msrv_soc_clint_apb@PV1' is not driven
//  Warning: Net 'MTIME[20]' in module 'msrv_soc_clint_apb@PV1' is not driven
//  Warning: Net 'MTIME[19]' in module 'msrv_soc_clint_apb@PV1' is not driven
//  Warning: Net 'MTIME[18]' in module 'msrv_soc_clint_apb@PV1' is not driven
//  Warning: Net 'MTIME[17]' in module 'msrv_soc_clint_apb@PV1' is not driven
//  Warning: Net 'MTIME[16]' in module 'msrv_soc_clint_apb@PV1' is not driven
//  Warning: Net 'MTIME[15]' in module 'msrv_soc_clint_apb@PV1' is not driven
//  Warning: Net 'MTIME[14]' in module 'msrv_soc_clint_apb@PV1' is not driven
//  Warning: Net 'MTIME[13]' in module 'msrv_soc_clint_apb@PV1' is not driven
//  Warning: Net 'MTIME[12]' in module 'msrv_soc_clint_apb@PV1' is not driven
//  Warning: Net 'MTIME[11]' in module 'msrv_soc_clint_apb@PV1' is not driven
//  Warning: Net 'MTIME[10]' in module 'msrv_soc_clint_apb@PV1' is not driven
//  Warning: Net 'MTIME[9]' in module 'msrv_soc_clint_apb@PV1' is not driven
//  Warning: Net 'MTIME[8]' in module 'msrv_soc_clint_apb@PV1' is not driven
//  Warning: Net 'MTIME[7]' in module 'msrv_soc_clint_apb@PV1' is not driven
//  Warning: Net 'MTIME[6]' in module 'msrv_soc_clint_apb@PV1' is not driven
//  Warning: Net 'MTIME[5]' in module 'msrv_soc_clint_apb@PV1' is not driven
//  Warning: Net 'MTIME[4]' in module 'msrv_soc_clint_apb@PV1' is not driven
//  Warning: Net 'MTIME[3]' in module 'msrv_soc_clint_apb@PV1' is not driven
//  Warning: Net 'MTIME[2]' in module 'msrv_soc_clint_apb@PV1' is not driven
//  Warning: Net 'MTIME[1]' in module 'msrv_soc_clint_apb@PV1' is not driven
//  Warning: Net 'MTIME[0]' in module 'msrv_soc_clint_apb@PV1' is not driven
//  Warning: Net 'MTimerInt' in module 'msrv_soc_clint_apb@PV1' is not driven
//  Warning: Net 'MSIP' in module 'msrv_soc_clint_apb@PV1' is not driven
//  Warning: Net 'memwrite' in module 'msrv_soc_clint_apb@PV1' has no pins
//  Warning: Net 'MTIMECMP[63]' in module 'msrv_soc_clint_apb@PV1' has no pins
//  Warning: Net 'MTIMECMP[62]' in module 'msrv_soc_clint_apb@PV1' has no pins
//  Warning: Net 'MTIMECMP[61]' in module 'msrv_soc_clint_apb@PV1' has no pins
//  Warning: Net 'MTIMECMP[60]' in module 'msrv_soc_clint_apb@PV1' has no pins
//  Warning: Net 'MTIMECMP[59]' in module 'msrv_soc_clint_apb@PV1' has no pins
//  Warning: Net 'MTIMECMP[58]' in module 'msrv_soc_clint_apb@PV1' has no pins
//  Warning: Net 'MTIMECMP[57]' in module 'msrv_soc_clint_apb@PV1' has no pins
//  Warning: Net 'MTIMECMP[56]' in module 'msrv_soc_clint_apb@PV1' has no pins
//  Warning: Net 'MTIMECMP[55]' in module 'msrv_soc_clint_apb@PV1' has no pins
//  Warning: Net 'MTIMECMP[54]' in module 'msrv_soc_clint_apb@PV1' has no pins
//  Warning: Net 'MTIMECMP[53]' in module 'msrv_soc_clint_apb@PV1' has no pins
//  Warning: Net 'MTIMECMP[52]' in module 'msrv_soc_clint_apb@PV1' has no pins
//  Warning: Net 'MTIMECMP[51]' in module 'msrv_soc_clint_apb@PV1' has no pins
//  Warning: Net 'MTIMECMP[50]' in module 'msrv_soc_clint_apb@PV1' has no pins
//  Warning: Net 'MTIMECMP[49]' in module 'msrv_soc_clint_apb@PV1' has no pins
//  Warning: Net 'MTIMECMP[48]' in module 'msrv_soc_clint_apb@PV1' has no pins
//  Warning: Net 'MTIMECMP[47]' in module 'msrv_soc_clint_apb@PV1' has no pins
//  Warning: Net 'MTIMECMP[46]' in module 'msrv_soc_clint_apb@PV1' has no pins
//  Warning: Net 'MTIMECMP[45]' in module 'msrv_soc_clint_apb@PV1' has no pins
//  Warning: Net 'MTIMECMP[44]' in module 'msrv_soc_clint_apb@PV1' has no pins
//  Warning: Net 'MTIMECMP[43]' in module 'msrv_soc_clint_apb@PV1' has no pins
//  Warning: Net 'MTIMECMP[42]' in module 'msrv_soc_clint_apb@PV1' has no pins
//  Warning: Net 'MTIMECMP[41]' in module 'msrv_soc_clint_apb@PV1' has no pins
//  Warning: Net 'MTIMECMP[40]' in module 'msrv_soc_clint_apb@PV1' has no pins
//  Warning: Net 'MTIMECMP[39]' in module 'msrv_soc_clint_apb@PV1' has no pins
//  Warning: Net 'MTIMECMP[38]' in module 'msrv_soc_clint_apb@PV1' has no pins
//  Warning: Net 'MTIMECMP[37]' in module 'msrv_soc_clint_apb@PV1' has no pins
//  Warning: Net 'MTIMECMP[36]' in module 'msrv_soc_clint_apb@PV1' has no pins
//  Warning: Net 'MTIMECMP[35]' in module 'msrv_soc_clint_apb@PV1' has no pins
//  Warning: Net 'MTIMECMP[34]' in module 'msrv_soc_clint_apb@PV1' has no pins
//  Warning: Net 'MTIMECMP[33]' in module 'msrv_soc_clint_apb@PV1' has no pins
//  Warning: Net 'MTIMECMP[32]' in module 'msrv_soc_clint_apb@PV1' has no pins
//  Warning: Net 'MTIMECMP[31]' in module 'msrv_soc_clint_apb@PV1' has no pins
//  Warning: Net 'MTIMECMP[30]' in module 'msrv_soc_clint_apb@PV1' has no pins
//  Warning: Net 'MTIMECMP[29]' in module 'msrv_soc_clint_apb@PV1' has no pins
//  Warning: Net 'MTIMECMP[28]' in module 'msrv_soc_clint_apb@PV1' has no pins
//  Warning: Net 'MTIMECMP[27]' in module 'msrv_soc_clint_apb@PV1' has no pins
//  Warning: Net 'MTIMECMP[26]' in module 'msrv_soc_clint_apb@PV1' has no pins
//  Warning: Net 'MTIMECMP[25]' in module 'msrv_soc_clint_apb@PV1' has no pins
//  Warning: Net 'MTIMECMP[24]' in module 'msrv_soc_clint_apb@PV1' has no pins
//  Warning: Net 'MTIMECMP[23]' in module 'msrv_soc_clint_apb@PV1' has no pins
//  Warning: Net 'MTIMECMP[22]' in module 'msrv_soc_clint_apb@PV1' has no pins
//  Warning: Net 'MTIMECMP[21]' in module 'msrv_soc_clint_apb@PV1' has no pins
//  Warning: Net 'MTIMECMP[20]' in module 'msrv_soc_clint_apb@PV1' has no pins
//  Warning: Net 'MTIMECMP[19]' in module 'msrv_soc_clint_apb@PV1' has no pins
//  Warning: Net 'MTIMECMP[18]' in module 'msrv_soc_clint_apb@PV1' has no pins
//  Warning: Net 'MTIMECMP[17]' in module 'msrv_soc_clint_apb@PV1' has no pins
//  Warning: Net 'MTIMECMP[16]' in module 'msrv_soc_clint_apb@PV1' has no pins
//  Warning: Net 'MTIMECMP[15]' in module 'msrv_soc_clint_apb@PV1' has no pins
//  Warning: Net 'MTIMECMP[14]' in module 'msrv_soc_clint_apb@PV1' has no pins
//  Warning: Net 'MTIMECMP[13]' in module 'msrv_soc_clint_apb@PV1' has no pins
//  Warning: Net 'MTIMECMP[12]' in module 'msrv_soc_clint_apb@PV1' has no pins
//  Warning: Net 'MTIMECMP[11]' in module 'msrv_soc_clint_apb@PV1' has no pins
//  Warning: Net 'MTIMECMP[10]' in module 'msrv_soc_clint_apb@PV1' has no pins
//  Warning: Net 'MTIMECMP[9]' in module 'msrv_soc_clint_apb@PV1' has no pins
//  Warning: Net 'MTIMECMP[8]' in module 'msrv_soc_clint_apb@PV1' has no pins
//  Warning: Net 'MTIMECMP[7]' in module 'msrv_soc_clint_apb@PV1' has no pins
//  Warning: Net 'MTIMECMP[6]' in module 'msrv_soc_clint_apb@PV1' has no pins
//  Warning: Net 'MTIMECMP[5]' in module 'msrv_soc_clint_apb@PV1' has no pins
//  Warning: Net 'MTIMECMP[4]' in module 'msrv_soc_clint_apb@PV1' has no pins
//  Warning: Net 'MTIMECMP[3]' in module 'msrv_soc_clint_apb@PV1' has no pins
//  Warning: Net 'MTIMECMP[2]' in module 'msrv_soc_clint_apb@PV1' has no pins
//  Warning: Net 'MTIMECMP[1]' in module 'msrv_soc_clint_apb@PV1' has no pins
//  Warning: Net 'MTIMECMP[0]' in module 'msrv_soc_clint_apb@PV1' has no pins
//  Warning: Net 'i[31]' in module 'msrv_soc_clint_apb@PV1' has no pins
//  Warning: Net 'i[30]' in module 'msrv_soc_clint_apb@PV1' has no pins
//  Warning: Net 'i[29]' in module 'msrv_soc_clint_apb@PV1' has no pins
//  Warning: Net 'i[28]' in module 'msrv_soc_clint_apb@PV1' has no pins
//  Warning: Net 'i[27]' in module 'msrv_soc_clint_apb@PV1' has no pins
//  Warning: Net 'i[26]' in module 'msrv_soc_clint_apb@PV1' has no pins
//  Warning: Net 'i[25]' in module 'msrv_soc_clint_apb@PV1' has no pins
//  Warning: Net 'i[24]' in module 'msrv_soc_clint_apb@PV1' has no pins
//  Warning: Net 'i[23]' in module 'msrv_soc_clint_apb@PV1' has no pins
//  Warning: Net 'i[22]' in module 'msrv_soc_clint_apb@PV1' has no pins
//  Warning: Net 'i[21]' in module 'msrv_soc_clint_apb@PV1' has no pins
//  Warning: Net 'i[20]' in module 'msrv_soc_clint_apb@PV1' has no pins
//  Warning: Net 'i[19]' in module 'msrv_soc_clint_apb@PV1' has no pins
//  Warning: Net 'i[18]' in module 'msrv_soc_clint_apb@PV1' has no pins
//  Warning: Net 'i[17]' in module 'msrv_soc_clint_apb@PV1' has no pins
//  Warning: Net 'i[16]' in module 'msrv_soc_clint_apb@PV1' has no pins
//  Warning: Net 'i[15]' in module 'msrv_soc_clint_apb@PV1' has no pins
//  Warning: Net 'i[14]' in module 'msrv_soc_clint_apb@PV1' has no pins
//  Warning: Net 'i[13]' in module 'msrv_soc_clint_apb@PV1' has no pins
//  Warning: Net 'i[12]' in module 'msrv_soc_clint_apb@PV1' has no pins
//  Warning: Net 'i[11]' in module 'msrv_soc_clint_apb@PV1' has no pins
//  Warning: Net 'i[10]' in module 'msrv_soc_clint_apb@PV1' has no pins
//  Warning: Net 'i[9]' in module 'msrv_soc_clint_apb@PV1' has no pins
//  Warning: Net 'i[8]' in module 'msrv_soc_clint_apb@PV1' has no pins
//  Warning: Net 'i[7]' in module 'msrv_soc_clint_apb@PV1' has no pins
//  Warning: Net 'i[6]' in module 'msrv_soc_clint_apb@PV1' has no pins
//  Warning: Net 'i[5]' in module 'msrv_soc_clint_apb@PV1' has no pins
//  Warning: Net 'i[4]' in module 'msrv_soc_clint_apb@PV1' has no pins
//  Warning: Net 'i[3]' in module 'msrv_soc_clint_apb@PV1' has no pins
//  Warning: Net 'i[2]' in module 'msrv_soc_clint_apb@PV1' has no pins
//  Warning: Net 'i[1]' in module 'msrv_soc_clint_apb@PV1' has no pins
//  Warning: Net 'i[0]' in module 'msrv_soc_clint_apb@PV1' has no pins
//  Warning: Net 'j[31]' in module 'msrv_soc_clint_apb@PV1' has no pins
//  Warning: Net 'j[30]' in module 'msrv_soc_clint_apb@PV1' has no pins
//  Warning: Net 'j[29]' in module 'msrv_soc_clint_apb@PV1' has no pins
//  Warning: Net 'j[28]' in module 'msrv_soc_clint_apb@PV1' has no pins
//  Warning: Net 'j[27]' in module 'msrv_soc_clint_apb@PV1' has no pins
//  Warning: Net 'j[26]' in module 'msrv_soc_clint_apb@PV1' has no pins
//  Warning: Net 'j[25]' in module 'msrv_soc_clint_apb@PV1' has no pins
//  Warning: Net 'j[24]' in module 'msrv_soc_clint_apb@PV1' has no pins
//  Warning: Net 'j[23]' in module 'msrv_soc_clint_apb@PV1' has no pins
//  Warning: Net 'j[22]' in module 'msrv_soc_clint_apb@PV1' has no pins
//  Warning: Net 'j[21]' in module 'msrv_soc_clint_apb@PV1' has no pins
//  Warning: Net 'j[20]' in module 'msrv_soc_clint_apb@PV1' has no pins
//  Warning: Net 'j[19]' in module 'msrv_soc_clint_apb@PV1' has no pins
//  Warning: Net 'j[18]' in module 'msrv_soc_clint_apb@PV1' has no pins
//  Warning: Net 'j[17]' in module 'msrv_soc_clint_apb@PV1' has no pins
//  Warning: Net 'j[16]' in module 'msrv_soc_clint_apb@PV1' has no pins
//  Warning: Net 'j[15]' in module 'msrv_soc_clint_apb@PV1' has no pins
//  Warning: Net 'j[14]' in module 'msrv_soc_clint_apb@PV1' has no pins
//  Warning: Net 'j[13]' in module 'msrv_soc_clint_apb@PV1' has no pins
//  Warning: Net 'j[12]' in module 'msrv_soc_clint_apb@PV1' has no pins
//  Warning: Net 'j[11]' in module 'msrv_soc_clint_apb@PV1' has no pins
//  Warning: Net 'j[10]' in module 'msrv_soc_clint_apb@PV1' has no pins
//  Warning: Net 'j[9]' in module 'msrv_soc_clint_apb@PV1' has no pins
//  Warning: Net 'j[8]' in module 'msrv_soc_clint_apb@PV1' has no pins
//  Warning: Net 'j[7]' in module 'msrv_soc_clint_apb@PV1' has no pins
//  Warning: Net 'j[6]' in module 'msrv_soc_clint_apb@PV1' has no pins
//  Warning: Net 'j[5]' in module 'msrv_soc_clint_apb@PV1' has no pins
//  Warning: Net 'j[4]' in module 'msrv_soc_clint_apb@PV1' has no pins
//  Warning: Net 'j[3]' in module 'msrv_soc_clint_apb@PV1' has no pins
//  Warning: Net 'j[2]' in module 'msrv_soc_clint_apb@PV1' has no pins
//  Warning: Net 'j[1]' in module 'msrv_soc_clint_apb@PV1' has no pins
//  Warning: Net 'j[0]' in module 'msrv_soc_clint_apb@PV1' has no pins
//  Warning: Net 'PRDATA[63]' in module 'msrv_soc_apb_slave_interface@PV1' is not driven
//  Warning: Net 'PRDATA[62]' in module 'msrv_soc_apb_slave_interface@PV1' is not driven
//  Warning: Net 'PRDATA[61]' in module 'msrv_soc_apb_slave_interface@PV1' is not driven
//  Warning: Net 'PRDATA[60]' in module 'msrv_soc_apb_slave_interface@PV1' is not driven
//  Warning: Net 'PRDATA[59]' in module 'msrv_soc_apb_slave_interface@PV1' is not driven
//  Warning: Net 'PRDATA[58]' in module 'msrv_soc_apb_slave_interface@PV1' is not driven
//  Warning: Net 'PRDATA[57]' in module 'msrv_soc_apb_slave_interface@PV1' is not driven
//  Warning: Net 'PRDATA[56]' in module 'msrv_soc_apb_slave_interface@PV1' is not driven
//  Warning: Net 'PRDATA[55]' in module 'msrv_soc_apb_slave_interface@PV1' is not driven
//  Warning: Net 'PRDATA[54]' in module 'msrv_soc_apb_slave_interface@PV1' is not driven
//  Warning: Net 'PRDATA[53]' in module 'msrv_soc_apb_slave_interface@PV1' is not driven
//  Warning: Net 'PRDATA[52]' in module 'msrv_soc_apb_slave_interface@PV1' is not driven
//  Warning: Net 'PRDATA[51]' in module 'msrv_soc_apb_slave_interface@PV1' is not driven
//  Warning: Net 'PRDATA[50]' in module 'msrv_soc_apb_slave_interface@PV1' is not driven
//  Warning: Net 'PRDATA[49]' in module 'msrv_soc_apb_slave_interface@PV1' is not driven
//  Warning: Net 'PRDATA[48]' in module 'msrv_soc_apb_slave_interface@PV1' is not driven
//  Warning: Net 'PRDATA[47]' in module 'msrv_soc_apb_slave_interface@PV1' is not driven
//  Warning: Net 'PRDATA[46]' in module 'msrv_soc_apb_slave_interface@PV1' is not driven
//  Warning: Net 'PRDATA[45]' in module 'msrv_soc_apb_slave_interface@PV1' is not driven
//  Warning: Net 'PRDATA[44]' in module 'msrv_soc_apb_slave_interface@PV1' is not driven
//  Warning: Net 'PRDATA[43]' in module 'msrv_soc_apb_slave_interface@PV1' is not driven
//  Warning: Net 'PRDATA[42]' in module 'msrv_soc_apb_slave_interface@PV1' is not driven
//  Warning: Net 'PRDATA[41]' in module 'msrv_soc_apb_slave_interface@PV1' is not driven
//  Warning: Net 'PRDATA[40]' in module 'msrv_soc_apb_slave_interface@PV1' is not driven
//  Warning: Net 'PRDATA[39]' in module 'msrv_soc_apb_slave_interface@PV1' is not driven
//  Warning: Net 'PRDATA[38]' in module 'msrv_soc_apb_slave_interface@PV1' is not driven
//  Warning: Net 'PRDATA[37]' in module 'msrv_soc_apb_slave_interface@PV1' is not driven
//  Warning: Net 'PRDATA[36]' in module 'msrv_soc_apb_slave_interface@PV1' is not driven
//  Warning: Net 'PRDATA[35]' in module 'msrv_soc_apb_slave_interface@PV1' is not driven
//  Warning: Net 'PRDATA[34]' in module 'msrv_soc_apb_slave_interface@PV1' is not driven
//  Warning: Net 'PRDATA[33]' in module 'msrv_soc_apb_slave_interface@PV1' is not driven
//  Warning: Net 'PRDATA[32]' in module 'msrv_soc_apb_slave_interface@PV1' is not driven
//  Warning: Net 'PRDATA[31]' in module 'msrv_soc_apb_slave_interface@PV1' is not driven
//  Warning: Net 'PRDATA[30]' in module 'msrv_soc_apb_slave_interface@PV1' is not driven
//  Warning: Net 'PRDATA[29]' in module 'msrv_soc_apb_slave_interface@PV1' is not driven
//  Warning: Net 'PRDATA[28]' in module 'msrv_soc_apb_slave_interface@PV1' is not driven
//  Warning: Net 'PRDATA[27]' in module 'msrv_soc_apb_slave_interface@PV1' is not driven
//  Warning: Net 'PRDATA[26]' in module 'msrv_soc_apb_slave_interface@PV1' is not driven
//  Warning: Net 'PRDATA[25]' in module 'msrv_soc_apb_slave_interface@PV1' is not driven
//  Warning: Net 'PRDATA[24]' in module 'msrv_soc_apb_slave_interface@PV1' is not driven
//  Warning: Net 'PRDATA[23]' in module 'msrv_soc_apb_slave_interface@PV1' is not driven
//  Warning: Net 'PRDATA[22]' in module 'msrv_soc_apb_slave_interface@PV1' is not driven
//  Warning: Net 'PRDATA[21]' in module 'msrv_soc_apb_slave_interface@PV1' is not driven
//  Warning: Net 'PRDATA[20]' in module 'msrv_soc_apb_slave_interface@PV1' is not driven
//  Warning: Net 'PRDATA[19]' in module 'msrv_soc_apb_slave_interface@PV1' is not driven
//  Warning: Net 'PRDATA[18]' in module 'msrv_soc_apb_slave_interface@PV1' is not driven
//  Warning: Net 'PRDATA[17]' in module 'msrv_soc_apb_slave_interface@PV1' is not driven
//  Warning: Net 'PRDATA[16]' in module 'msrv_soc_apb_slave_interface@PV1' is not driven
//  Warning: Net 'PRDATA[15]' in module 'msrv_soc_apb_slave_interface@PV1' is not driven
//  Warning: Net 'PRDATA[14]' in module 'msrv_soc_apb_slave_interface@PV1' is not driven
//  Warning: Net 'PRDATA[13]' in module 'msrv_soc_apb_slave_interface@PV1' is not driven
//  Warning: Net 'PRDATA[12]' in module 'msrv_soc_apb_slave_interface@PV1' is not driven
//  Warning: Net 'PRDATA[11]' in module 'msrv_soc_apb_slave_interface@PV1' is not driven
//  Warning: Net 'PRDATA[10]' in module 'msrv_soc_apb_slave_interface@PV1' is not driven
//  Warning: Net 'PRDATA[9]' in module 'msrv_soc_apb_slave_interface@PV1' is not driven
//  Warning: Net 'PRDATA[8]' in module 'msrv_soc_apb_slave_interface@PV1' is not driven
//  Warning: Net 'PRDATA[7]' in module 'msrv_soc_apb_slave_interface@PV1' is not driven
//  Warning: Net 'PRDATA[6]' in module 'msrv_soc_apb_slave_interface@PV1' is not driven
//  Warning: Net 'PRDATA[5]' in module 'msrv_soc_apb_slave_interface@PV1' is not driven
//  Warning: Net 'PRDATA[4]' in module 'msrv_soc_apb_slave_interface@PV1' is not driven
//  Warning: Net 'PRDATA[3]' in module 'msrv_soc_apb_slave_interface@PV1' is not driven
//  Warning: Net 'PRDATA[2]' in module 'msrv_soc_apb_slave_interface@PV1' is not driven
//  Warning: Net 'PRDATA[1]' in module 'msrv_soc_apb_slave_interface@PV1' is not driven
//  Warning: Net 'PRDATA[0]' in module 'msrv_soc_apb_slave_interface@PV1' is not driven
//  Warning: Net 'PREADY' in module 'msrv_soc_apb_slave_interface@PV1' is not driven
//  Warning: Net 'gpio_we' in module 'msrv_soc_apb_slave_interface@PV1' is not driven
//  Warning: Net 'gpio_dat_i[31]' in module 'msrv_soc_apb_slave_interface@PV1' is not driven
//  Warning: Net 'gpio_dat_i[30]' in module 'msrv_soc_apb_slave_interface@PV1' is not driven
//  Warning: Net 'gpio_dat_i[29]' in module 'msrv_soc_apb_slave_interface@PV1' is not driven
//  Warning: Net 'gpio_dat_i[28]' in module 'msrv_soc_apb_slave_interface@PV1' is not driven
//  Warning: Net 'gpio_dat_i[27]' in module 'msrv_soc_apb_slave_interface@PV1' is not driven
//  Warning: Net 'gpio_dat_i[26]' in module 'msrv_soc_apb_slave_interface@PV1' is not driven
//  Warning: Net 'gpio_dat_i[25]' in module 'msrv_soc_apb_slave_interface@PV1' is not driven
//  Warning: Net 'gpio_dat_i[24]' in module 'msrv_soc_apb_slave_interface@PV1' is not driven
//  Warning: Net 'gpio_dat_i[23]' in module 'msrv_soc_apb_slave_interface@PV1' is not driven
//  Warning: Net 'gpio_dat_i[22]' in module 'msrv_soc_apb_slave_interface@PV1' is not driven
//  Warning: Net 'gpio_dat_i[21]' in module 'msrv_soc_apb_slave_interface@PV1' is not driven
//  Warning: Net 'gpio_dat_i[20]' in module 'msrv_soc_apb_slave_interface@PV1' is not driven
//  Warning: Net 'gpio_dat_i[19]' in module 'msrv_soc_apb_slave_interface@PV1' is not driven
//  Warning: Net 'gpio_dat_i[18]' in module 'msrv_soc_apb_slave_interface@PV1' is not driven
//  Warning: Net 'gpio_dat_i[17]' in module 'msrv_soc_apb_slave_interface@PV1' is not driven
//  Warning: Net 'gpio_dat_i[16]' in module 'msrv_soc_apb_slave_interface@PV1' is not driven
//  Warning: Net 'gpio_dat_i[15]' in module 'msrv_soc_apb_slave_interface@PV1' is not driven
//  Warning: Net 'gpio_dat_i[14]' in module 'msrv_soc_apb_slave_interface@PV1' is not driven
//  Warning: Net 'gpio_dat_i[13]' in module 'msrv_soc_apb_slave_interface@PV1' is not driven
//  Warning: Net 'gpio_dat_i[12]' in module 'msrv_soc_apb_slave_interface@PV1' is not driven
//  Warning: Net 'gpio_dat_i[11]' in module 'msrv_soc_apb_slave_interface@PV1' is not driven
//  Warning: Net 'gpio_dat_i[10]' in module 'msrv_soc_apb_slave_interface@PV1' is not driven
//  Warning: Net 'gpio_dat_i[9]' in module 'msrv_soc_apb_slave_interface@PV1' is not driven
//  Warning: Net 'gpio_dat_i[8]' in module 'msrv_soc_apb_slave_interface@PV1' is not driven
//  Warning: Net 'gpio_dat_i[7]' in module 'msrv_soc_apb_slave_interface@PV1' is not driven
//  Warning: Net 'gpio_dat_i[6]' in module 'msrv_soc_apb_slave_interface@PV1' is not driven
//  Warning: Net 'gpio_dat_i[5]' in module 'msrv_soc_apb_slave_interface@PV1' is not driven
//  Warning: Net 'gpio_dat_i[4]' in module 'msrv_soc_apb_slave_interface@PV1' is not driven
//  Warning: Net 'gpio_dat_i[3]' in module 'msrv_soc_apb_slave_interface@PV1' is not driven
//  Warning: Net 'gpio_dat_i[2]' in module 'msrv_soc_apb_slave_interface@PV1' is not driven
//  Warning: Net 'gpio_dat_i[1]' in module 'msrv_soc_apb_slave_interface@PV1' is not driven
//  Warning: Net 'gpio_dat_i[0]' in module 'msrv_soc_apb_slave_interface@PV1' is not driven
//  Warning: Net 'STATE[1]' in module 'msrv_soc_apb_slave_interface@PV1' has no pins
//  Warning: Net 'STATE[0]' in module 'msrv_soc_apb_slave_interface@PV1' has no pins
//  Warning: Net 'NEXT_STATE[1]' in module 'msrv_soc_apb_slave_interface@PV1' has no pins
//  Warning: Net 'NEXT_STATE[0]' in module 'msrv_soc_apb_slave_interface@PV1' has no pins
//  Warning: Net 'gpio_dat_o[31]' in module 'msrv_soc_gpio_register' is not driven
//  Warning: Net 'gpio_dat_o[30]' in module 'msrv_soc_gpio_register' is not driven
//  Warning: Net 'gpio_dat_o[29]' in module 'msrv_soc_gpio_register' is not driven
//  Warning: Net 'gpio_dat_o[28]' in module 'msrv_soc_gpio_register' is not driven
//  Warning: Net 'gpio_dat_o[27]' in module 'msrv_soc_gpio_register' is not driven
//  Warning: Net 'gpio_dat_o[26]' in module 'msrv_soc_gpio_register' is not driven
//  Warning: Net 'gpio_dat_o[25]' in module 'msrv_soc_gpio_register' is not driven
//  Warning: Net 'gpio_dat_o[24]' in module 'msrv_soc_gpio_register' is not driven
//  Warning: Net 'gpio_dat_o[23]' in module 'msrv_soc_gpio_register' is not driven
//  Warning: Net 'gpio_dat_o[22]' in module 'msrv_soc_gpio_register' is not driven
//  Warning: Net 'gpio_dat_o[21]' in module 'msrv_soc_gpio_register' is not driven
//  Warning: Net 'gpio_dat_o[20]' in module 'msrv_soc_gpio_register' is not driven
//  Warning: Net 'gpio_dat_o[19]' in module 'msrv_soc_gpio_register' is not driven
//  Warning: Net 'gpio_dat_o[18]' in module 'msrv_soc_gpio_register' is not driven
//  Warning: Net 'gpio_dat_o[17]' in module 'msrv_soc_gpio_register' is not driven
//  Warning: Net 'gpio_dat_o[16]' in module 'msrv_soc_gpio_register' is not driven
//  Warning: Net 'gpio_dat_o[15]' in module 'msrv_soc_gpio_register' is not driven
//  Warning: Net 'gpio_dat_o[14]' in module 'msrv_soc_gpio_register' is not driven
//  Warning: Net 'gpio_dat_o[13]' in module 'msrv_soc_gpio_register' is not driven
//  Warning: Net 'gpio_dat_o[12]' in module 'msrv_soc_gpio_register' is not driven
//  Warning: Net 'gpio_dat_o[11]' in module 'msrv_soc_gpio_register' is not driven
//  Warning: Net 'gpio_dat_o[10]' in module 'msrv_soc_gpio_register' is not driven
//  Warning: Net 'gpio_dat_o[9]' in module 'msrv_soc_gpio_register' is not driven
//  Warning: Net 'gpio_dat_o[8]' in module 'msrv_soc_gpio_register' is not driven
//  Warning: Net 'gpio_dat_o[7]' in module 'msrv_soc_gpio_register' is not driven
//  Warning: Net 'gpio_dat_o[6]' in module 'msrv_soc_gpio_register' is not driven
//  Warning: Net 'gpio_dat_o[5]' in module 'msrv_soc_gpio_register' is not driven
//  Warning: Net 'gpio_dat_o[4]' in module 'msrv_soc_gpio_register' is not driven
//  Warning: Net 'gpio_dat_o[3]' in module 'msrv_soc_gpio_register' is not driven
//  Warning: Net 'gpio_dat_o[2]' in module 'msrv_soc_gpio_register' is not driven
//  Warning: Net 'gpio_dat_o[1]' in module 'msrv_soc_gpio_register' is not driven
//  Warning: Net 'gpio_dat_o[0]' in module 'msrv_soc_gpio_register' is not driven
//  Warning: Net 'gpio_inta_o' in module 'msrv_soc_gpio_register' is not driven
//  Warning: Net 'out_pad_o[31]' in module 'msrv_soc_gpio_register' is not driven
//  Warning: Net 'out_pad_o[30]' in module 'msrv_soc_gpio_register' is not driven
//  Warning: Net 'out_pad_o[29]' in module 'msrv_soc_gpio_register' is not driven
//  Warning: Net 'out_pad_o[28]' in module 'msrv_soc_gpio_register' is not driven
//  Warning: Net 'out_pad_o[27]' in module 'msrv_soc_gpio_register' is not driven
//  Warning: Net 'out_pad_o[26]' in module 'msrv_soc_gpio_register' is not driven
//  Warning: Net 'out_pad_o[25]' in module 'msrv_soc_gpio_register' is not driven
//  Warning: Net 'out_pad_o[24]' in module 'msrv_soc_gpio_register' is not driven
//  Warning: Net 'out_pad_o[23]' in module 'msrv_soc_gpio_register' is not driven
//  Warning: Net 'rgpio_in[31]' in module 'msrv_soc_gpio_register' has no pins
//  Warning: Net 'rgpio_in[30]' in module 'msrv_soc_gpio_register' has no pins
//  Warning: Net 'rgpio_in[29]' in module 'msrv_soc_gpio_register' has no pins
//  Warning: Net 'rgpio_in[28]' in module 'msrv_soc_gpio_register' has no pins
//  Warning: Net 'rgpio_in[27]' in module 'msrv_soc_gpio_register' has no pins
//  Warning: Net 'rgpio_in[26]' in module 'msrv_soc_gpio_register' has no pins
//  Warning: Net 'rgpio_in[25]' in module 'msrv_soc_gpio_register' has no pins
//  Warning: Net 'rgpio_in[24]' in module 'msrv_soc_gpio_register' has no pins
//  Warning: Net 'rgpio_in[23]' in module 'msrv_soc_gpio_register' has no pins
//  Warning: Net 'rgpio_in[22]' in module 'msrv_soc_gpio_register' has no pins
//  Warning: Net 'rgpio_in[21]' in module 'msrv_soc_gpio_register' has no pins
//  Warning: Net 'rgpio_in[20]' in module 'msrv_soc_gpio_register' has no pins
//  Warning: Net 'rgpio_in[19]' in module 'msrv_soc_gpio_register' has no pins
//  Warning: Net 'rgpio_in[18]' in module 'msrv_soc_gpio_register' has no pins
//  Warning: Net 'rgpio_in[17]' in module 'msrv_soc_gpio_register' has no pins
//  Warning: Net 'rgpio_in[16]' in module 'msrv_soc_gpio_register' has no pins
//  Warning: Net 'rgpio_in[15]' in module 'msrv_soc_gpio_register' has no pins
//  Warning: Net 'rgpio_in[14]' in module 'msrv_soc_gpio_register' has no pins
//  Warning: Net 'rgpio_in[13]' in module 'msrv_soc_gpio_register' has no pins
//  Warning: Net 'rgpio_in[12]' in module 'msrv_soc_gpio_register' has no pins
//  Warning: Net 'rgpio_in[11]' in module 'msrv_soc_gpio_register' has no pins
//  Warning: Net 'rgpio_in[10]' in module 'msrv_soc_gpio_register' has no pins
//  Warning: Net 'rgpio_in[9]' in module 'msrv_soc_gpio_register' has no pins
//  Warning: Net 'rgpio_in[8]' in module 'msrv_soc_gpio_register' has no pins
//  Warning: Net 'rgpio_in[7]' in module 'msrv_soc_gpio_register' has no pins
//  Warning: Net 'rgpio_in[6]' in module 'msrv_soc_gpio_register' has no pins
//  Warning: Net 'rgpio_in[5]' in module 'msrv_soc_gpio_register' has no pins
//  Warning: Net 'rgpio_in[4]' in module 'msrv_soc_gpio_register' has no pins
//  Warning: Net 'rgpio_in[3]' in module 'msrv_soc_gpio_register' has no pins
//  Warning: Net 'rgpio_in[2]' in module 'msrv_soc_gpio_register' has no pins
//  Warning: Net 'rgpio_in[1]' in module 'msrv_soc_gpio_register' has no pins
//  Warning: Net 'rgpio_in[0]' in module 'msrv_soc_gpio_register' has no pins
//  Warning: Net 'rgpio_out[31]' in module 'msrv_soc_gpio_register' has no pins
//  Warning: Net 'rgpio_out[30]' in module 'msrv_soc_gpio_register' has no pins
//  Warning: Net 'rgpio_out[29]' in module 'msrv_soc_gpio_register' has no pins
//  Warning: Net 'rgpio_out[28]' in module 'msrv_soc_gpio_register' has no pins
//  Warning: Net 'rgpio_out[27]' in module 'msrv_soc_gpio_register' has no pins
//  Warning: Net 'rgpio_out[26]' in module 'msrv_soc_gpio_register' has no pins
//  Warning: Net 'rgpio_out[25]' in module 'msrv_soc_gpio_register' has no pins
//  Warning: Net 'rgpio_out[24]' in module 'msrv_soc_gpio_register' has no pins
//  Warning: Net 'rgpio_out[23]' in module 'msrv_soc_gpio_register' has no pins
//  Warning: Net 'rgpio_out[22]' in module 'msrv_soc_gpio_register' is not driven
//  Warning: Net 'rgpio_out[21]' in module 'msrv_soc_gpio_register' is not driven
//  Warning: Net 'rgpio_out[20]' in module 'msrv_soc_gpio_register' is not driven
//  Warning: Net 'rgpio_out[19]' in module 'msrv_soc_gpio_register' is not driven
//  Warning: Net 'rgpio_out[18]' in module 'msrv_soc_gpio_register' is not driven
//  Warning: Net 'rgpio_out[17]' in module 'msrv_soc_gpio_register' is not driven
//  Warning: Net 'rgpio_out[16]' in module 'msrv_soc_gpio_register' is not driven
//  Warning: Net 'rgpio_out[15]' in module 'msrv_soc_gpio_register' is not driven
//  Warning: Net 'rgpio_out[14]' in module 'msrv_soc_gpio_register' is not driven
//  Warning: Net 'rgpio_out[13]' in module 'msrv_soc_gpio_register' is not driven
//  Warning: Net 'rgpio_out[12]' in module 'msrv_soc_gpio_register' is not driven
//  Warning: Net 'rgpio_out[11]' in module 'msrv_soc_gpio_register' is not driven
//  Warning: Net 'rgpio_out[10]' in module 'msrv_soc_gpio_register' is not driven
//  Warning: Net 'rgpio_out[9]' in module 'msrv_soc_gpio_register' is not driven
//  Warning: Net 'rgpio_out[8]' in module 'msrv_soc_gpio_register' is not driven
//  Warning: Net 'rgpio_out[7]' in module 'msrv_soc_gpio_register' is not driven
//  Warning: Net 'rgpio_out[6]' in module 'msrv_soc_gpio_register' is not driven
//  Warning: Net 'rgpio_out[5]' in module 'msrv_soc_gpio_register' is not driven
//  Warning: Net 'rgpio_out[4]' in module 'msrv_soc_gpio_register' is not driven
//  Warning: Net 'rgpio_out[3]' in module 'msrv_soc_gpio_register' is not driven
//  Warning: Net 'rgpio_out[2]' in module 'msrv_soc_gpio_register' is not driven
//  Warning: Net 'rgpio_out[1]' in module 'msrv_soc_gpio_register' is not driven
//  Warning: Net 'rgpio_out[0]' in module 'msrv_soc_gpio_register' is not driven
//  Warning: Net 'rgpio_oe[31]' in module 'msrv_soc_gpio_register' is not driven
//  Warning: Net 'rgpio_oe[30]' in module 'msrv_soc_gpio_register' is not driven
//  Warning: Net 'rgpio_oe[29]' in module 'msrv_soc_gpio_register' is not driven
//  Warning: Net 'rgpio_oe[28]' in module 'msrv_soc_gpio_register' is not driven
//  Warning: Net 'rgpio_oe[27]' in module 'msrv_soc_gpio_register' is not driven
//  Warning: Net 'rgpio_oe[26]' in module 'msrv_soc_gpio_register' is not driven
//  Warning: Net 'rgpio_oe[25]' in module 'msrv_soc_gpio_register' is not driven
//  Warning: Net 'rgpio_oe[24]' in module 'msrv_soc_gpio_register' is not driven
//  Warning: Net 'rgpio_oe[23]' in module 'msrv_soc_gpio_register' is not driven
//  Warning: Net 'rgpio_oe[22]' in module 'msrv_soc_gpio_register' is not driven
//  Warning: Net 'rgpio_oe[21]' in module 'msrv_soc_gpio_register' is not driven
//  Warning: Net 'rgpio_oe[20]' in module 'msrv_soc_gpio_register' is not driven
//  Warning: Net 'rgpio_oe[19]' in module 'msrv_soc_gpio_register' is not driven
//  Warning: Net 'rgpio_oe[18]' in module 'msrv_soc_gpio_register' is not driven
//  Warning: Net 'rgpio_oe[17]' in module 'msrv_soc_gpio_register' is not driven
//  Warning: Net 'rgpio_oe[16]' in module 'msrv_soc_gpio_register' is not driven
//  Warning: Net 'rgpio_oe[15]' in module 'msrv_soc_gpio_register' is not driven
//  Warning: Net 'rgpio_oe[14]' in module 'msrv_soc_gpio_register' is not driven
//  Warning: Net 'rgpio_oe[13]' in module 'msrv_soc_gpio_register' is not driven
//  Warning: Net 'rgpio_oe[12]' in module 'msrv_soc_gpio_register' is not driven
//  Warning: Net 'rgpio_oe[11]' in module 'msrv_soc_gpio_register' is not driven
//  Warning: Net 'rgpio_oe[10]' in module 'msrv_soc_gpio_register' is not driven
//  Warning: Net 'rgpio_oe[9]' in module 'msrv_soc_gpio_register' is not driven
//  Warning: Net 'rgpio_oe[8]' in module 'msrv_soc_gpio_register' is not driven
//  Warning: Net 'rgpio_oe[7]' in module 'msrv_soc_gpio_register' is not driven
//  Warning: Net 'rgpio_oe[6]' in module 'msrv_soc_gpio_register' is not driven
//  Warning: Net 'rgpio_oe[5]' in module 'msrv_soc_gpio_register' is not driven
//  Warning: Net 'rgpio_oe[4]' in module 'msrv_soc_gpio_register' is not driven
//  Warning: Net 'rgpio_oe[3]' in module 'msrv_soc_gpio_register' is not driven
//  Warning: Net 'rgpio_oe[2]' in module 'msrv_soc_gpio_register' is not driven
//  Warning: Net 'rgpio_oe[1]' in module 'msrv_soc_gpio_register' is not driven
//  Warning: Net 'rgpio_oe[0]' in module 'msrv_soc_gpio_register' is not driven
//  Warning: Net 'rgpio_inte[31]' in module 'msrv_soc_gpio_register' has no pins
//  Warning: Net 'rgpio_inte[30]' in module 'msrv_soc_gpio_register' has no pins
//  Warning: Net 'rgpio_inte[29]' in module 'msrv_soc_gpio_register' has no pins
//  Warning: Net 'rgpio_inte[28]' in module 'msrv_soc_gpio_register' has no pins
//  Warning: Net 'rgpio_inte[27]' in module 'msrv_soc_gpio_register' has no pins
//  Warning: Net 'rgpio_inte[26]' in module 'msrv_soc_gpio_register' has no pins
//  Warning: Net 'rgpio_inte[25]' in module 'msrv_soc_gpio_register' has no pins
//  Warning: Net 'rgpio_inte[24]' in module 'msrv_soc_gpio_register' has no pins
//  Warning: Net 'rgpio_inte[23]' in module 'msrv_soc_gpio_register' has no pins
//  Warning: Net 'rgpio_inte[22]' in module 'msrv_soc_gpio_register' has no pins
//  Warning: Net 'rgpio_inte[21]' in module 'msrv_soc_gpio_register' has no pins
//  Warning: Net 'rgpio_inte[20]' in module 'msrv_soc_gpio_register' has no pins
//  Warning: Net 'rgpio_inte[19]' in module 'msrv_soc_gpio_register' has no pins
//  Warning: Net 'rgpio_inte[18]' in module 'msrv_soc_gpio_register' has no pins
//  Warning: Net 'rgpio_inte[17]' in module 'msrv_soc_gpio_register' has no pins
//  Warning: Net 'rgpio_inte[16]' in module 'msrv_soc_gpio_register' has no pins
//  Warning: Net 'rgpio_inte[15]' in module 'msrv_soc_gpio_register' has no pins
//  Warning: Net 'rgpio_inte[14]' in module 'msrv_soc_gpio_register' has no pins
//  Warning: Net 'rgpio_inte[13]' in module 'msrv_soc_gpio_register' has no pins
//  Warning: Net 'rgpio_inte[12]' in module 'msrv_soc_gpio_register' has no pins
//  Warning: Net 'rgpio_inte[11]' in module 'msrv_soc_gpio_register' has no pins
//  Warning: Net 'rgpio_inte[10]' in module 'msrv_soc_gpio_register' has no pins
//  Warning: Net 'rgpio_inte[9]' in module 'msrv_soc_gpio_register' has no pins
//  Warning: Net 'rgpio_inte[8]' in module 'msrv_soc_gpio_register' has no pins
//  Warning: Net 'rgpio_inte[7]' in module 'msrv_soc_gpio_register' has no pins
//  Warning: Net 'rgpio_inte[6]' in module 'msrv_soc_gpio_register' has no pins
//  Warning: Net 'rgpio_inte[5]' in module 'msrv_soc_gpio_register' has no pins
//  Warning: Net 'rgpio_inte[4]' in module 'msrv_soc_gpio_register' has no pins
//  Warning: Net 'rgpio_inte[3]' in module 'msrv_soc_gpio_register' has no pins
//  Warning: Net 'rgpio_inte[2]' in module 'msrv_soc_gpio_register' has no pins
//  Warning: Net 'rgpio_inte[1]' in module 'msrv_soc_gpio_register' has no pins
//  Warning: Net 'rgpio_inte[0]' in module 'msrv_soc_gpio_register' has no pins
//  Warning: Net 'rgpio_aux[8]' in module 'msrv_soc_gpio_register' has no pins
//  Warning: Net 'rgpio_aux[7]' in module 'msrv_soc_gpio_register' has no pins
//  Warning: Net 'rgpio_aux[6]' in module 'msrv_soc_gpio_register' has no pins
//  Warning: Net 'rgpio_aux[5]' in module 'msrv_soc_gpio_register' has no pins
//  Warning: Net 'rgpio_aux[4]' in module 'msrv_soc_gpio_register' has no pins
//  Warning: Net 'rgpio_aux[3]' in module 'msrv_soc_gpio_register' has no pins
//  Warning: Net 'rgpio_aux[2]' in module 'msrv_soc_gpio_register' has no pins
//  Warning: Net 'rgpio_aux[1]' in module 'msrv_soc_gpio_register' has no pins
//  Warning: Net 'rgpio_aux[0]' in module 'msrv_soc_gpio_register' has no pins
//  Warning: Net 'rgpio_ctrl[1]' in module 'msrv_soc_gpio_register' has no pins
//  Warning: Net 'rgpio_ctrl[0]' in module 'msrv_soc_gpio_register' has no pins
//  Warning: Net 'rgpio_ints[31]' in module 'msrv_soc_gpio_register' has no pins
//  Warning: Net 'rgpio_ints[30]' in module 'msrv_soc_gpio_register' has no pins
//  Warning: Net 'rgpio_ints[29]' in module 'msrv_soc_gpio_register' has no pins
//  Warning: Net 'rgpio_ints[28]' in module 'msrv_soc_gpio_register' has no pins
//  Warning: Net 'rgpio_ints[27]' in module 'msrv_soc_gpio_register' has no pins
//  Warning: Net 'rgpio_ints[26]' in module 'msrv_soc_gpio_register' has no pins
//  Warning: Net 'rgpio_ints[25]' in module 'msrv_soc_gpio_register' has no pins
//  Warning: Net 'rgpio_ints[24]' in module 'msrv_soc_gpio_register' has no pins
//  Warning: Net 'rgpio_ints[23]' in module 'msrv_soc_gpio_register' has no pins
//  Warning: Net 'rgpio_ints[22]' in module 'msrv_soc_gpio_register' has no pins
//  Warning: Net 'rgpio_ints[21]' in module 'msrv_soc_gpio_register' has no pins
//  Warning: Net 'rgpio_ints[20]' in module 'msrv_soc_gpio_register' has no pins
//  Warning: Net 'rgpio_ints[19]' in module 'msrv_soc_gpio_register' has no pins
//  Warning: Net 'rgpio_ints[18]' in module 'msrv_soc_gpio_register' has no pins
//  Warning: Net 'rgpio_ints[17]' in module 'msrv_soc_gpio_register' has no pins
//  Warning: Net 'rgpio_ints[16]' in module 'msrv_soc_gpio_register' has no pins
//  Warning: Net 'rgpio_ints[15]' in module 'msrv_soc_gpio_register' has no pins
//  Warning: Net 'rgpio_ints[14]' in module 'msrv_soc_gpio_register' has no pins
//  Warning: Net 'rgpio_ints[13]' in module 'msrv_soc_gpio_register' has no pins
//  Warning: Net 'rgpio_ints[12]' in module 'msrv_soc_gpio_register' has no pins
//  Warning: Net 'rgpio_ints[11]' in module 'msrv_soc_gpio_register' has no pins
//  Warning: Net 'rgpio_ints[10]' in module 'msrv_soc_gpio_register' has no pins
//  Warning: Net 'rgpio_ints[9]' in module 'msrv_soc_gpio_register' has no pins
//  Warning: Net 'rgpio_ints[8]' in module 'msrv_soc_gpio_register' has no pins
//  Warning: Net 'rgpio_ints[7]' in module 'msrv_soc_gpio_register' has no pins
//  Warning: Net 'rgpio_ints[6]' in module 'msrv_soc_gpio_register' has no pins
//  Warning: Net 'rgpio_ints[5]' in module 'msrv_soc_gpio_register' has no pins
//  Warning: Net 'rgpio_ints[4]' in module 'msrv_soc_gpio_register' has no pins
//  Warning: Net 'rgpio_ints[3]' in module 'msrv_soc_gpio_register' has no pins
//  Warning: Net 'rgpio_ints[2]' in module 'msrv_soc_gpio_register' has no pins
//  Warning: Net 'rgpio_ints[1]' in module 'msrv_soc_gpio_register' has no pins
//  Warning: Net 'rgpio_ints[0]' in module 'msrv_soc_gpio_register' has no pins
//  Warning: Net 'dat_reg[31]' in module 'msrv_soc_gpio_register' has no pins
//  Warning: Net 'dat_reg[30]' in module 'msrv_soc_gpio_register' has no pins
//  Warning: Net 'dat_reg[29]' in module 'msrv_soc_gpio_register' has no pins
//  Warning: Net 'dat_reg[28]' in module 'msrv_soc_gpio_register' has no pins
//  Warning: Net 'dat_reg[27]' in module 'msrv_soc_gpio_register' has no pins
//  Warning: Net 'dat_reg[26]' in module 'msrv_soc_gpio_register' has no pins
//  Warning: Net 'dat_reg[25]' in module 'msrv_soc_gpio_register' has no pins
//  Warning: Net 'dat_reg[24]' in module 'msrv_soc_gpio_register' has no pins
//  Warning: Net 'dat_reg[23]' in module 'msrv_soc_gpio_register' has no pins
//  Warning: Net 'dat_reg[22]' in module 'msrv_soc_gpio_register' has no pins
//  Warning: Net 'dat_reg[21]' in module 'msrv_soc_gpio_register' has no pins
//  Warning: Net 'dat_reg[20]' in module 'msrv_soc_gpio_register' has no pins
//  Warning: Net 'dat_reg[19]' in module 'msrv_soc_gpio_register' has no pins
//  Warning: Net 'dat_reg[18]' in module 'msrv_soc_gpio_register' has no pins
//  Warning: Net 'dat_reg[17]' in module 'msrv_soc_gpio_register' has no pins
//  Warning: Net 'dat_reg[16]' in module 'msrv_soc_gpio_register' has no pins
//  Warning: Net 'dat_reg[15]' in module 'msrv_soc_gpio_register' has no pins
//  Warning: Net 'dat_reg[14]' in module 'msrv_soc_gpio_register' has no pins
//  Warning: Net 'dat_reg[13]' in module 'msrv_soc_gpio_register' has no pins
//  Warning: Net 'dat_reg[12]' in module 'msrv_soc_gpio_register' has no pins
//  Warning: Net 'dat_reg[11]' in module 'msrv_soc_gpio_register' has no pins
//  Warning: Net 'dat_reg[10]' in module 'msrv_soc_gpio_register' has no pins
//  Warning: Net 'dat_reg[9]' in module 'msrv_soc_gpio_register' has no pins
//  Warning: Net 'dat_reg[8]' in module 'msrv_soc_gpio_register' has no pins
//  Warning: Net 'dat_reg[7]' in module 'msrv_soc_gpio_register' has no pins
//  Warning: Net 'dat_reg[6]' in module 'msrv_soc_gpio_register' has no pins
//  Warning: Net 'dat_reg[5]' in module 'msrv_soc_gpio_register' has no pins
//  Warning: Net 'dat_reg[4]' in module 'msrv_soc_gpio_register' has no pins
//  Warning: Net 'dat_reg[3]' in module 'msrv_soc_gpio_register' has no pins
//  Warning: Net 'dat_reg[2]' in module 'msrv_soc_gpio_register' has no pins
//  Warning: Net 'dat_reg[1]' in module 'msrv_soc_gpio_register' has no pins
//  Warning: Net 'dat_reg[0]' in module 'msrv_soc_gpio_register' has no pins
//  Warning: Floating input 'reset' at instance 'intPendingFlop' in module 'msrv_soc_plic_apb@PV1'
//  Warning: Net 'MExtInt' in module 'msrv_soc_plic_apb@PV1' is not driven
//  Warning: Net 'SExtInt' in module 'msrv_soc_plic_apb@PV1' is not driven
//  Warning: Net 'memwrite' in module 'msrv_soc_plic_apb@PV1' has no pins
//  Warning: Net 'memread' in module 'msrv_soc_plic_apb@PV1' has no pins
//  Warning: Net 'Dout[31]' in module 'msrv_soc_plic_apb@PV1' is not driven
//  Warning: Net 'Dout[30]' in module 'msrv_soc_plic_apb@PV1' is not driven
//  Warning: Net 'Dout[29]' in module 'msrv_soc_plic_apb@PV1' is not driven
//  Warning: Net 'Dout[28]' in module 'msrv_soc_plic_apb@PV1' is not driven
//  Warning: Net 'Dout[27]' in module 'msrv_soc_plic_apb@PV1' is not driven
//  Warning: Net 'Dout[26]' in module 'msrv_soc_plic_apb@PV1' is not driven
//  Warning: Net 'Dout[25]' in module 'msrv_soc_plic_apb@PV1' is not driven
//  Warning: Net 'Dout[24]' in module 'msrv_soc_plic_apb@PV1' is not driven
//  Warning: Net 'Dout[23]' in module 'msrv_soc_plic_apb@PV1' is not driven
//  Warning: Net 'Dout[22]' in module 'msrv_soc_plic_apb@PV1' is not driven
//  Warning: Net 'Dout[21]' in module 'msrv_soc_plic_apb@PV1' is not driven
//  Warning: Net 'Dout[20]' in module 'msrv_soc_plic_apb@PV1' is not driven
//  Warning: Net 'Dout[19]' in module 'msrv_soc_plic_apb@PV1' is not driven
//  Warning: Net 'Dout[18]' in module 'msrv_soc_plic_apb@PV1' is not driven
//  Warning: Net 'Dout[17]' in module 'msrv_soc_plic_apb@PV1' is not driven
//  Warning: Net 'Dout[16]' in module 'msrv_soc_plic_apb@PV1' is not driven
//  Warning: Net 'Dout[15]' in module 'msrv_soc_plic_apb@PV1' is not driven
//  Warning: Net 'Dout[14]' in module 'msrv_soc_plic_apb@PV1' is not driven
//  Warning: Net 'Dout[13]' in module 'msrv_soc_plic_apb@PV1' is not driven
//  Warning: Net 'Dout[12]' in module 'msrv_soc_plic_apb@PV1' is not driven
//  Warning: Net 'Dout[11]' in module 'msrv_soc_plic_apb@PV1' is not driven
//  Warning: Net 'Dout[10]' in module 'msrv_soc_plic_apb@PV1' is not driven
//  Warning: Net 'Dout[9]' in module 'msrv_soc_plic_apb@PV1' is not driven
//  Warning: Net 'Dout[8]' in module 'msrv_soc_plic_apb@PV1' is not driven
//  Warning: Net 'Dout[7]' in module 'msrv_soc_plic_apb@PV1' is not driven
//  Warning: Net 'Dout[6]' in module 'msrv_soc_plic_apb@PV1' is not driven
//  Warning: Net 'Dout[5]' in module 'msrv_soc_plic_apb@PV1' is not driven
//  Warning: Net 'Dout[4]' in module 'msrv_soc_plic_apb@PV1' is not driven
//  Warning: Net 'Dout[3]' in module 'msrv_soc_plic_apb@PV1' is not driven
//  Warning: Net 'Dout[2]' in module 'msrv_soc_plic_apb@PV1' is not driven
//  Warning: Net 'Dout[1]' in module 'msrv_soc_plic_apb@PV1' is not driven
//  Warning: Net 'Dout[0]' in module 'msrv_soc_plic_apb@PV1' is not driven
//  Warning: Net 'requests[10]' in module 'msrv_soc_plic_apb@PV1' has no pins
//  Warning: Net 'requests[9]' in module 'msrv_soc_plic_apb@PV1' has no pins
//  Warning: Net 'requests[8]' in module 'msrv_soc_plic_apb@PV1' has no pins
//  Warning: Net 'requests[7]' in module 'msrv_soc_plic_apb@PV1' has no pins
//  Warning: Net 'requests[6]' in module 'msrv_soc_plic_apb@PV1' has no pins
//  Warning: Net 'requests[5]' in module 'msrv_soc_plic_apb@PV1' has no pins
//  Warning: Net 'requests[4]' in module 'msrv_soc_plic_apb@PV1' has no pins
//  Warning: Net 'requests[3]' in module 'msrv_soc_plic_apb@PV1' has no pins
//  Warning: Net 'requests[2]' in module 'msrv_soc_plic_apb@PV1' has no pins
//  Warning: Net 'requests[1]' in module 'msrv_soc_plic_apb@PV1' has no pins
//  Warning: Net 'intPriority[29]' in module 'msrv_soc_plic_apb@PV1' has no pins
//  Warning: Net 'intPriority[28]' in module 'msrv_soc_plic_apb@PV1' has no pins
//  Warning: Net 'intPriority[27]' in module 'msrv_soc_plic_apb@PV1' has no pins
//  Warning: Net 'intPriority[26]' in module 'msrv_soc_plic_apb@PV1' has no pins
//  Warning: Net 'intPriority[25]' in module 'msrv_soc_plic_apb@PV1' has no pins
//  Warning: Net 'intPriority[24]' in module 'msrv_soc_plic_apb@PV1' has no pins
//  Warning: Net 'intPriority[23]' in module 'msrv_soc_plic_apb@PV1' has no pins
//  Warning: Net 'intPriority[22]' in module 'msrv_soc_plic_apb@PV1' has no pins
//  Warning: Net 'intPriority[21]' in module 'msrv_soc_plic_apb@PV1' has no pins
//  Warning: Net 'intPriority[20]' in module 'msrv_soc_plic_apb@PV1' has no pins
//  Warning: Net 'intPriority[19]' in module 'msrv_soc_plic_apb@PV1' has no pins
//  Warning: Net 'intPriority[18]' in module 'msrv_soc_plic_apb@PV1' has no pins
//  Warning: Net 'intPriority[17]' in module 'msrv_soc_plic_apb@PV1' has no pins
//  Warning: Net 'intPriority[16]' in module 'msrv_soc_plic_apb@PV1' has no pins
//  Warning: Net 'intPriority[15]' in module 'msrv_soc_plic_apb@PV1' has no pins
//  Warning: Net 'intPriority[14]' in module 'msrv_soc_plic_apb@PV1' has no pins
//  Warning: Net 'intPriority[13]' in module 'msrv_soc_plic_apb@PV1' has no pins
//  Warning: Net 'intPriority[12]' in module 'msrv_soc_plic_apb@PV1' has no pins
//  Warning: Net 'intPriority[11]' in module 'msrv_soc_plic_apb@PV1' has no pins
//  Warning: Net 'intPriority[10]' in module 'msrv_soc_plic_apb@PV1' has no pins
//  Warning: Net 'intPriority[9]' in module 'msrv_soc_plic_apb@PV1' has no pins
//  Warning: Net 'intPriority[8]' in module 'msrv_soc_plic_apb@PV1' has no pins
//  Warning: Net 'intPriority[7]' in module 'msrv_soc_plic_apb@PV1' has no pins
//  Warning: Net 'intPriority[6]' in module 'msrv_soc_plic_apb@PV1' has no pins
//  Warning: Net 'intPriority[5]' in module 'msrv_soc_plic_apb@PV1' has no pins
//  Warning: Net 'intPriority[4]' in module 'msrv_soc_plic_apb@PV1' has no pins
//  Warning: Net 'intPriority[3]' in module 'msrv_soc_plic_apb@PV1' has no pins
//  Warning: Net 'intPriority[2]' in module 'msrv_soc_plic_apb@PV1' has no pins
//  Warning: Net 'intPriority[1]' in module 'msrv_soc_plic_apb@PV1' has no pins
//  Warning: Net 'intPriority[0]' in module 'msrv_soc_plic_apb@PV1' has no pins
//  Warning: Net 'intInProgress[10]' in module 'msrv_soc_plic_apb@PV1' has no pins
//  Warning: Net 'intInProgress[9]' in module 'msrv_soc_plic_apb@PV1' has no pins
//  Warning: Net 'intInProgress[8]' in module 'msrv_soc_plic_apb@PV1' has no pins
//  Warning: Net 'intInProgress[7]' in module 'msrv_soc_plic_apb@PV1' has no pins
//  Warning: Net 'intInProgress[6]' in module 'msrv_soc_plic_apb@PV1' has no pins
//  Warning: Net 'intInProgress[5]' in module 'msrv_soc_plic_apb@PV1' has no pins
//  Warning: Net 'intInProgress[4]' in module 'msrv_soc_plic_apb@PV1' has no pins
//  Warning: Net 'intInProgress[3]' in module 'msrv_soc_plic_apb@PV1' has no pins
//  Warning: Net 'intInProgress[2]' in module 'msrv_soc_plic_apb@PV1' has no pins
//  Warning: Net 'intInProgress[1]' in module 'msrv_soc_plic_apb@PV1' has no pins
//  Warning: Net 'nextIntPending[10]' in module 'msrv_soc_plic_apb@PV1' is not driven
//  Warning: Net 'nextIntPending[9]' in module 'msrv_soc_plic_apb@PV1' is not driven
//  Warning: Net 'nextIntPending[8]' in module 'msrv_soc_plic_apb@PV1' is not driven
//  Warning: Net 'nextIntPending[7]' in module 'msrv_soc_plic_apb@PV1' is not driven
//  Warning: Net 'nextIntPending[6]' in module 'msrv_soc_plic_apb@PV1' is not driven
//  Warning: Net 'nextIntPending[5]' in module 'msrv_soc_plic_apb@PV1' is not driven
//  Warning: Net 'nextIntPending[4]' in module 'msrv_soc_plic_apb@PV1' is not driven
//  Warning: Net 'nextIntPending[3]' in module 'msrv_soc_plic_apb@PV1' is not driven
//  Warning: Net 'nextIntPending[2]' in module 'msrv_soc_plic_apb@PV1' is not driven
//  Warning: Net 'nextIntPending[1]' in module 'msrv_soc_plic_apb@PV1' is not driven
//  Warning: Net 'intThreshold[5]' in module 'msrv_soc_plic_apb@PV1' has no pins
//  Warning: Net 'intThreshold[4]' in module 'msrv_soc_plic_apb@PV1' has no pins
//  Warning: Net 'intThreshold[3]' in module 'msrv_soc_plic_apb@PV1' has no pins
//  Warning: Net 'intThreshold[2]' in module 'msrv_soc_plic_apb@PV1' has no pins
//  Warning: Net 'intThreshold[1]' in module 'msrv_soc_plic_apb@PV1' has no pins
//  Warning: Net 'intThreshold[0]' in module 'msrv_soc_plic_apb@PV1' has no pins
//  Warning: Net 'intEn[19]' in module 'msrv_soc_plic_apb@PV1' has no pins
//  Warning: Net 'intEn[18]' in module 'msrv_soc_plic_apb@PV1' has no pins
//  Warning: Net 'intEn[17]' in module 'msrv_soc_plic_apb@PV1' has no pins
//  Warning: Net 'intEn[16]' in module 'msrv_soc_plic_apb@PV1' has no pins
//  Warning: Net 'intEn[15]' in module 'msrv_soc_plic_apb@PV1' has no pins
//  Warning: Net 'intEn[14]' in module 'msrv_soc_plic_apb@PV1' has no pins
//  Warning: Net 'intEn[13]' in module 'msrv_soc_plic_apb@PV1' has no pins
//  Warning: Net 'intEn[12]' in module 'msrv_soc_plic_apb@PV1' has no pins
//  Warning: Net 'intEn[11]' in module 'msrv_soc_plic_apb@PV1' has no pins
//  Warning: Net 'intEn[10]' in module 'msrv_soc_plic_apb@PV1' has no pins
//  Warning: Net 'intEn[9]' in module 'msrv_soc_plic_apb@PV1' has no pins
//  Warning: Net 'intEn[8]' in module 'msrv_soc_plic_apb@PV1' has no pins
//  Warning: Net 'intEn[7]' in module 'msrv_soc_plic_apb@PV1' has no pins
//  Warning: Net 'intEn[6]' in module 'msrv_soc_plic_apb@PV1' has no pins
//  Warning: Net 'intEn[5]' in module 'msrv_soc_plic_apb@PV1' has no pins
//  Warning: Net 'intEn[4]' in module 'msrv_soc_plic_apb@PV1' has no pins
//  Warning: Net 'intEn[3]' in module 'msrv_soc_plic_apb@PV1' has no pins
//  Warning: Net 'intEn[2]' in module 'msrv_soc_plic_apb@PV1' has no pins
//  Warning: Net 'intEn[1]' in module 'msrv_soc_plic_apb@PV1' has no pins
//  Warning: Net 'intEn[0]' in module 'msrv_soc_plic_apb@PV1' has no pins
//  Warning: Net 'intClaim[11]' in module 'msrv_soc_plic_apb@PV1' has no pins
//  Warning: Net 'intClaim[10]' in module 'msrv_soc_plic_apb@PV1' has no pins
//  Warning: Net 'intClaim[9]' in module 'msrv_soc_plic_apb@PV1' has no pins
//  Warning: Net 'intClaim[8]' in module 'msrv_soc_plic_apb@PV1' has no pins
//  Warning: Net 'intClaim[7]' in module 'msrv_soc_plic_apb@PV1' has no pins
//  Warning: Net 'intClaim[6]' in module 'msrv_soc_plic_apb@PV1' has no pins
//  Warning: Net 'intClaim[5]' in module 'msrv_soc_plic_apb@PV1' has no pins
//  Warning: Net 'intClaim[4]' in module 'msrv_soc_plic_apb@PV1' has no pins
//  Warning: Net 'intClaim[3]' in module 'msrv_soc_plic_apb@PV1' has no pins
//  Warning: Net 'intClaim[2]' in module 'msrv_soc_plic_apb@PV1' has no pins
//  Warning: Net 'intClaim[1]' in module 'msrv_soc_plic_apb@PV1' has no pins
//  Warning: Net 'intClaim[0]' in module 'msrv_soc_plic_apb@PV1' has no pins
//  Warning: Net 'irqMatrix[139]' in module 'msrv_soc_plic_apb@PV1' has no pins
//  Warning: Net 'irqMatrix[138]' in module 'msrv_soc_plic_apb@PV1' has no pins
//  Warning: Net 'irqMatrix[137]' in module 'msrv_soc_plic_apb@PV1' has no pins
//  Warning: Net 'irqMatrix[136]' in module 'msrv_soc_plic_apb@PV1' has no pins
//  Warning: Net 'irqMatrix[135]' in module 'msrv_soc_plic_apb@PV1' has no pins
//  Warning: Net 'irqMatrix[134]' in module 'msrv_soc_plic_apb@PV1' has no pins
//  Warning: Net 'irqMatrix[133]' in module 'msrv_soc_plic_apb@PV1' has no pins
//  Warning: Net 'irqMatrix[132]' in module 'msrv_soc_plic_apb@PV1' has no pins
//  Warning: Net 'irqMatrix[131]' in module 'msrv_soc_plic_apb@PV1' has no pins
//  Warning: Net 'irqMatrix[130]' in module 'msrv_soc_plic_apb@PV1' has no pins
//  Warning: Net 'irqMatrix[129]' in module 'msrv_soc_plic_apb@PV1' has no pins
//  Warning: Net 'irqMatrix[128]' in module 'msrv_soc_plic_apb@PV1' has no pins
//  Warning: Net 'irqMatrix[127]' in module 'msrv_soc_plic_apb@PV1' has no pins
//  Warning: Net 'irqMatrix[126]' in module 'msrv_soc_plic_apb@PV1' has no pins
//  Warning: Net 'irqMatrix[125]' in module 'msrv_soc_plic_apb@PV1' has no pins
//  Warning: Net 'irqMatrix[124]' in module 'msrv_soc_plic_apb@PV1' has no pins
//  Warning: Net 'irqMatrix[123]' in module 'msrv_soc_plic_apb@PV1' has no pins
//  Warning: Net 'irqMatrix[122]' in module 'msrv_soc_plic_apb@PV1' has no pins
//  Warning: Net 'irqMatrix[121]' in module 'msrv_soc_plic_apb@PV1' has no pins
//  Warning: Net 'irqMatrix[120]' in module 'msrv_soc_plic_apb@PV1' has no pins
//  Warning: Net 'irqMatrix[119]' in module 'msrv_soc_plic_apb@PV1' has no pins
//  Warning: Net 'irqMatrix[118]' in module 'msrv_soc_plic_apb@PV1' has no pins
//  Warning: Net 'irqMatrix[117]' in module 'msrv_soc_plic_apb@PV1' has no pins
//  Warning: Net 'irqMatrix[116]' in module 'msrv_soc_plic_apb@PV1' has no pins
//  Warning: Net 'irqMatrix[115]' in module 'msrv_soc_plic_apb@PV1' has no pins
//  Warning: Net 'irqMatrix[114]' in module 'msrv_soc_plic_apb@PV1' has no pins
//  Warning: Net 'irqMatrix[113]' in module 'msrv_soc_plic_apb@PV1' has no pins
//  Warning: Net 'irqMatrix[112]' in module 'msrv_soc_plic_apb@PV1' has no pins
//  Warning: Net 'irqMatrix[111]' in module 'msrv_soc_plic_apb@PV1' has no pins
//  Warning: Net 'irqMatrix[110]' in module 'msrv_soc_plic_apb@PV1' has no pins
//  Warning: Net 'irqMatrix[109]' in module 'msrv_soc_plic_apb@PV1' has no pins
//  Warning: Net 'irqMatrix[108]' in module 'msrv_soc_plic_apb@PV1' has no pins
//  Warning: Net 'irqMatrix[107]' in module 'msrv_soc_plic_apb@PV1' has no pins
//  Warning: Net 'irqMatrix[106]' in module 'msrv_soc_plic_apb@PV1' has no pins
//  Warning: Net 'irqMatrix[105]' in module 'msrv_soc_plic_apb@PV1' has no pins
//  Warning: Net 'irqMatrix[104]' in module 'msrv_soc_plic_apb@PV1' has no pins
//  Warning: Net 'irqMatrix[103]' in module 'msrv_soc_plic_apb@PV1' has no pins
//  Warning: Net 'irqMatrix[102]' in module 'msrv_soc_plic_apb@PV1' has no pins
//  Warning: Net 'irqMatrix[101]' in module 'msrv_soc_plic_apb@PV1' has no pins
//  Warning: Net 'irqMatrix[100]' in module 'msrv_soc_plic_apb@PV1' has no pins
//  Warning: Net 'irqMatrix[99]' in module 'msrv_soc_plic_apb@PV1' has no pins
//  Warning: Net 'irqMatrix[98]' in module 'msrv_soc_plic_apb@PV1' has no pins
//  Warning: Net 'irqMatrix[97]' in module 'msrv_soc_plic_apb@PV1' has no pins
//  Warning: Net 'irqMatrix[96]' in module 'msrv_soc_plic_apb@PV1' has no pins
//  Warning: Net 'irqMatrix[95]' in module 'msrv_soc_plic_apb@PV1' has no pins
//  Warning: Net 'irqMatrix[94]' in module 'msrv_soc_plic_apb@PV1' has no pins
//  Warning: Net 'irqMatrix[93]' in module 'msrv_soc_plic_apb@PV1' has no pins
//  Warning: Net 'irqMatrix[92]' in module 'msrv_soc_plic_apb@PV1' has no pins
//  Warning: Net 'irqMatrix[91]' in module 'msrv_soc_plic_apb@PV1' has no pins
//  Warning: Net 'irqMatrix[90]' in module 'msrv_soc_plic_apb@PV1' has no pins
//  Warning: Net 'irqMatrix[89]' in module 'msrv_soc_plic_apb@PV1' has no pins
//  Warning: Net 'irqMatrix[88]' in module 'msrv_soc_plic_apb@PV1' has no pins
//  Warning: Net 'irqMatrix[87]' in module 'msrv_soc_plic_apb@PV1' has no pins
//  Warning: Net 'irqMatrix[86]' in module 'msrv_soc_plic_apb@PV1' has no pins
//  Warning: Net 'irqMatrix[85]' in module 'msrv_soc_plic_apb@PV1' has no pins
//  Warning: Net 'irqMatrix[84]' in module 'msrv_soc_plic_apb@PV1' has no pins
//  Warning: Net 'irqMatrix[83]' in module 'msrv_soc_plic_apb@PV1' has no pins
//  Warning: Net 'irqMatrix[82]' in module 'msrv_soc_plic_apb@PV1' has no pins
//  Warning: Net 'irqMatrix[81]' in module 'msrv_soc_plic_apb@PV1' has no pins
//  Warning: Net 'irqMatrix[80]' in module 'msrv_soc_plic_apb@PV1' has no pins
//  Warning: Net 'irqMatrix[79]' in module 'msrv_soc_plic_apb@PV1' has no pins
//  Warning: Net 'irqMatrix[78]' in module 'msrv_soc_plic_apb@PV1' has no pins
//  Warning: Net 'irqMatrix[77]' in module 'msrv_soc_plic_apb@PV1' has no pins
//  Warning: Net 'irqMatrix[76]' in module 'msrv_soc_plic_apb@PV1' has no pins
//  Warning: Net 'irqMatrix[75]' in module 'msrv_soc_plic_apb@PV1' has no pins
//  Warning: Net 'irqMatrix[74]' in module 'msrv_soc_plic_apb@PV1' has no pins
//  Warning: Net 'irqMatrix[73]' in module 'msrv_soc_plic_apb@PV1' has no pins
//  Warning: Net 'irqMatrix[72]' in module 'msrv_soc_plic_apb@PV1' has no pins
//  Warning: Net 'irqMatrix[71]' in module 'msrv_soc_plic_apb@PV1' has no pins
//  Warning: Net 'irqMatrix[70]' in module 'msrv_soc_plic_apb@PV1' has no pins
//  Warning: Net 'irqMatrix[69]' in module 'msrv_soc_plic_apb@PV1' has no pins
//  Warning: Net 'irqMatrix[68]' in module 'msrv_soc_plic_apb@PV1' has no pins
//  Warning: Net 'irqMatrix[67]' in module 'msrv_soc_plic_apb@PV1' has no pins
//  Warning: Net 'irqMatrix[66]' in module 'msrv_soc_plic_apb@PV1' has no pins
//  Warning: Net 'irqMatrix[65]' in module 'msrv_soc_plic_apb@PV1' has no pins
//  Warning: Net 'irqMatrix[64]' in module 'msrv_soc_plic_apb@PV1' has no pins
//  Warning: Net 'irqMatrix[63]' in module 'msrv_soc_plic_apb@PV1' has no pins
//  Warning: Net 'irqMatrix[62]' in module 'msrv_soc_plic_apb@PV1' has no pins
//  Warning: Net 'irqMatrix[61]' in module 'msrv_soc_plic_apb@PV1' has no pins
//  Warning: Net 'irqMatrix[60]' in module 'msrv_soc_plic_apb@PV1' has no pins
//  Warning: Net 'irqMatrix[59]' in module 'msrv_soc_plic_apb@PV1' has no pins
//  Warning: Net 'irqMatrix[58]' in module 'msrv_soc_plic_apb@PV1' has no pins
//  Warning: Net 'irqMatrix[57]' in module 'msrv_soc_plic_apb@PV1' has no pins
//  Warning: Net 'irqMatrix[56]' in module 'msrv_soc_plic_apb@PV1' has no pins
//  Warning: Net 'irqMatrix[55]' in module 'msrv_soc_plic_apb@PV1' has no pins
//  Warning: Net 'irqMatrix[54]' in module 'msrv_soc_plic_apb@PV1' has no pins
//  Warning: Net 'irqMatrix[53]' in module 'msrv_soc_plic_apb@PV1' has no pins
//  Warning: Net 'irqMatrix[52]' in module 'msrv_soc_plic_apb@PV1' has no pins
//  Warning: Net 'irqMatrix[51]' in module 'msrv_soc_plic_apb@PV1' has no pins
//  Warning: Net 'irqMatrix[50]' in module 'msrv_soc_plic_apb@PV1' has no pins
//  Warning: Net 'irqMatrix[49]' in module 'msrv_soc_plic_apb@PV1' has no pins
//  Warning: Net 'irqMatrix[48]' in module 'msrv_soc_plic_apb@PV1' has no pins
//  Warning: Net 'irqMatrix[47]' in module 'msrv_soc_plic_apb@PV1' has no pins
//  Warning: Net 'irqMatrix[46]' in module 'msrv_soc_plic_apb@PV1' has no pins
//  Warning: Net 'irqMatrix[45]' in module 'msrv_soc_plic_apb@PV1' has no pins
//  Warning: Net 'irqMatrix[44]' in module 'msrv_soc_plic_apb@PV1' has no pins
//  Warning: Net 'irqMatrix[43]' in module 'msrv_soc_plic_apb@PV1' has no pins
//  Warning: Net 'irqMatrix[42]' in module 'msrv_soc_plic_apb@PV1' has no pins
//  Warning: Net 'irqMatrix[41]' in module 'msrv_soc_plic_apb@PV1' has no pins
//  Warning: Net 'irqMatrix[40]' in module 'msrv_soc_plic_apb@PV1' has no pins
//  Warning: Net 'irqMatrix[39]' in module 'msrv_soc_plic_apb@PV1' has no pins
//  Warning: Net 'irqMatrix[38]' in module 'msrv_soc_plic_apb@PV1' has no pins
//  Warning: Net 'irqMatrix[37]' in module 'msrv_soc_plic_apb@PV1' has no pins
//  Warning: Net 'irqMatrix[36]' in module 'msrv_soc_plic_apb@PV1' has no pins
//  Warning: Net 'irqMatrix[35]' in module 'msrv_soc_plic_apb@PV1' has no pins
//  Warning: Net 'irqMatrix[34]' in module 'msrv_soc_plic_apb@PV1' has no pins
//  Warning: Net 'irqMatrix[33]' in module 'msrv_soc_plic_apb@PV1' has no pins
//  Warning: Net 'irqMatrix[32]' in module 'msrv_soc_plic_apb@PV1' has no pins
//  Warning: Net 'irqMatrix[31]' in module 'msrv_soc_plic_apb@PV1' has no pins
//  Warning: Net 'irqMatrix[30]' in module 'msrv_soc_plic_apb@PV1' has no pins
//  Warning: Net 'irqMatrix[29]' in module 'msrv_soc_plic_apb@PV1' has no pins
//  Warning: Net 'irqMatrix[28]' in module 'msrv_soc_plic_apb@PV1' has no pins
//  Warning: Net 'irqMatrix[27]' in module 'msrv_soc_plic_apb@PV1' has no pins
//  Warning: Net 'irqMatrix[26]' in module 'msrv_soc_plic_apb@PV1' has no pins
//  Warning: Net 'irqMatrix[25]' in module 'msrv_soc_plic_apb@PV1' has no pins
//  Warning: Net 'irqMatrix[24]' in module 'msrv_soc_plic_apb@PV1' has no pins
//  Warning: Net 'irqMatrix[23]' in module 'msrv_soc_plic_apb@PV1' has no pins
//  Warning: Net 'irqMatrix[22]' in module 'msrv_soc_plic_apb@PV1' has no pins
//  Warning: Net 'irqMatrix[21]' in module 'msrv_soc_plic_apb@PV1' has no pins
//  Warning: Net 'irqMatrix[20]' in module 'msrv_soc_plic_apb@PV1' has no pins
//  Warning: Net 'irqMatrix[19]' in module 'msrv_soc_plic_apb@PV1' has no pins
//  Warning: Net 'irqMatrix[18]' in module 'msrv_soc_plic_apb@PV1' has no pins
//  Warning: Net 'irqMatrix[17]' in module 'msrv_soc_plic_apb@PV1' has no pins
//  Warning: Net 'irqMatrix[16]' in module 'msrv_soc_plic_apb@PV1' has no pins
//  Warning: Net 'irqMatrix[15]' in module 'msrv_soc_plic_apb@PV1' has no pins
//  Warning: Net 'irqMatrix[14]' in module 'msrv_soc_plic_apb@PV1' has no pins
//  Warning: Net 'irqMatrix[13]' in module 'msrv_soc_plic_apb@PV1' has no pins
//  Warning: Net 'irqMatrix[12]' in module 'msrv_soc_plic_apb@PV1' has no pins
//  Warning: Net 'irqMatrix[11]' in module 'msrv_soc_plic_apb@PV1' has no pins
//  Warning: Net 'irqMatrix[10]' in module 'msrv_soc_plic_apb@PV1' has no pins
//  Warning: Net 'irqMatrix[9]' in module 'msrv_soc_plic_apb@PV1' has no pins
//  Warning: Net 'irqMatrix[8]' in module 'msrv_soc_plic_apb@PV1' has no pins
//  Warning: Net 'irqMatrix[7]' in module 'msrv_soc_plic_apb@PV1' has no pins
//  Warning: Net 'irqMatrix[6]' in module 'msrv_soc_plic_apb@PV1' has no pins
//  Warning: Net 'irqMatrix[5]' in module 'msrv_soc_plic_apb@PV1' has no pins
//  Warning: Net 'irqMatrix[4]' in module 'msrv_soc_plic_apb@PV1' has no pins
//  Warning: Net 'irqMatrix[3]' in module 'msrv_soc_plic_apb@PV1' has no pins
//  Warning: Net 'irqMatrix[2]' in module 'msrv_soc_plic_apb@PV1' has no pins
//  Warning: Net 'irqMatrix[1]' in module 'msrv_soc_plic_apb@PV1' has no pins
//  Warning: Net 'irqMatrix[0]' in module 'msrv_soc_plic_apb@PV1' has no pins
//  Warning: Net 'priorities_with_irqs[13]' in module 'msrv_soc_plic_apb@PV1' has no pins
//  Warning: Net 'priorities_with_irqs[12]' in module 'msrv_soc_plic_apb@PV1' has no pins
//  Warning: Net 'priorities_with_irqs[11]' in module 'msrv_soc_plic_apb@PV1' has no pins
//  Warning: Net 'priorities_with_irqs[10]' in module 'msrv_soc_plic_apb@PV1' has no pins
//  Warning: Net 'priorities_with_irqs[9]' in module 'msrv_soc_plic_apb@PV1' has no pins
//  Warning: Net 'priorities_with_irqs[8]' in module 'msrv_soc_plic_apb@PV1' has no pins
//  Warning: Net 'priorities_with_irqs[7]' in module 'msrv_soc_plic_apb@PV1' has no pins
//  Warning: Net 'priorities_with_irqs[6]' in module 'msrv_soc_plic_apb@PV1' has no pins
//  Warning: Net 'priorities_with_irqs[5]' in module 'msrv_soc_plic_apb@PV1' has no pins
//  Warning: Net 'priorities_with_irqs[4]' in module 'msrv_soc_plic_apb@PV1' has no pins
//  Warning: Net 'priorities_with_irqs[3]' in module 'msrv_soc_plic_apb@PV1' has no pins
//  Warning: Net 'priorities_with_irqs[2]' in module 'msrv_soc_plic_apb@PV1' has no pins
//  Warning: Net 'priorities_with_irqs[1]' in module 'msrv_soc_plic_apb@PV1' has no pins
//  Warning: Net 'priorities_with_irqs[0]' in module 'msrv_soc_plic_apb@PV1' has no pins
//  Warning: Net 'max_priority_with_irqs[13]' in module 'msrv_soc_plic_apb@PV1' has no pins
//  Warning: Net 'max_priority_with_irqs[12]' in module 'msrv_soc_plic_apb@PV1' has no pins
//  Warning: Net 'max_priority_with_irqs[11]' in module 'msrv_soc_plic_apb@PV1' has no pins
//  Warning: Net 'max_priority_with_irqs[10]' in module 'msrv_soc_plic_apb@PV1' has no pins
//  Warning: Net 'max_priority_with_irqs[9]' in module 'msrv_soc_plic_apb@PV1' has no pins
//  Warning: Net 'max_priority_with_irqs[8]' in module 'msrv_soc_plic_apb@PV1' has no pins
//  Warning: Net 'max_priority_with_irqs[7]' in module 'msrv_soc_plic_apb@PV1' has no pins
//  Warning: Net 'max_priority_with_irqs[6]' in module 'msrv_soc_plic_apb@PV1' has no pins
//  Warning: Net 'max_priority_with_irqs[5]' in module 'msrv_soc_plic_apb@PV1' has no pins
//  Warning: Net 'max_priority_with_irqs[4]' in module 'msrv_soc_plic_apb@PV1' has no pins
//  Warning: Net 'max_priority_with_irqs[3]' in module 'msrv_soc_plic_apb@PV1' has no pins
//  Warning: Net 'max_priority_with_irqs[2]' in module 'msrv_soc_plic_apb@PV1' has no pins
//  Warning: Net 'max_priority_with_irqs[1]' in module 'msrv_soc_plic_apb@PV1' has no pins
//  Warning: Net 'max_priority_with_irqs[0]' in module 'msrv_soc_plic_apb@PV1' has no pins
//  Warning: Net 'irqs_at_max_priority[19]' in module 'msrv_soc_plic_apb@PV1' has no pins
//  Warning: Net 'irqs_at_max_priority[18]' in module 'msrv_soc_plic_apb@PV1' has no pins
//  Warning: Net 'irqs_at_max_priority[17]' in module 'msrv_soc_plic_apb@PV1' has no pins
//  Warning: Net 'irqs_at_max_priority[16]' in module 'msrv_soc_plic_apb@PV1' has no pins
//  Warning: Net 'irqs_at_max_priority[15]' in module 'msrv_soc_plic_apb@PV1' has no pins
//  Warning: Net 'irqs_at_max_priority[14]' in module 'msrv_soc_plic_apb@PV1' has no pins
//  Warning: Net 'irqs_at_max_priority[13]' in module 'msrv_soc_plic_apb@PV1' has no pins
//  Warning: Net 'irqs_at_max_priority[12]' in module 'msrv_soc_plic_apb@PV1' has no pins
//  Warning: Net 'irqs_at_max_priority[11]' in module 'msrv_soc_plic_apb@PV1' has no pins
//  Warning: Net 'irqs_at_max_priority[10]' in module 'msrv_soc_plic_apb@PV1' has no pins
//  Warning: Net 'irqs_at_max_priority[9]' in module 'msrv_soc_plic_apb@PV1' has no pins
//  Warning: Net 'irqs_at_max_priority[8]' in module 'msrv_soc_plic_apb@PV1' has no pins
//  Warning: Net 'irqs_at_max_priority[7]' in module 'msrv_soc_plic_apb@PV1' has no pins
//  Warning: Net 'irqs_at_max_priority[6]' in module 'msrv_soc_plic_apb@PV1' has no pins
//  Warning: Net 'irqs_at_max_priority[5]' in module 'msrv_soc_plic_apb@PV1' has no pins
//  Warning: Net 'irqs_at_max_priority[4]' in module 'msrv_soc_plic_apb@PV1' has no pins
//  Warning: Net 'irqs_at_max_priority[3]' in module 'msrv_soc_plic_apb@PV1' has no pins
//  Warning: Net 'irqs_at_max_priority[2]' in module 'msrv_soc_plic_apb@PV1' has no pins
//  Warning: Net 'irqs_at_max_priority[1]' in module 'msrv_soc_plic_apb@PV1' has no pins
//  Warning: Net 'irqs_at_max_priority[0]' in module 'msrv_soc_plic_apb@PV1' has no pins
//  Warning: Net 'threshMask[13]' in module 'msrv_soc_plic_apb@PV1' has no pins
//  Warning: Net 'threshMask[12]' in module 'msrv_soc_plic_apb@PV1' has no pins
//  Warning: Net 'threshMask[11]' in module 'msrv_soc_plic_apb@PV1' has no pins
//  Warning: Net 'threshMask[10]' in module 'msrv_soc_plic_apb@PV1' has no pins
//  Warning: Net 'threshMask[9]' in module 'msrv_soc_plic_apb@PV1' has no pins
//  Warning: Net 'threshMask[8]' in module 'msrv_soc_plic_apb@PV1' has no pins
//  Warning: Net 'threshMask[7]' in module 'msrv_soc_plic_apb@PV1' has no pins
//  Warning: Net 'threshMask[6]' in module 'msrv_soc_plic_apb@PV1' has no pins
//  Warning: Net 'threshMask[5]' in module 'msrv_soc_plic_apb@PV1' has no pins
//  Warning: Net 'threshMask[4]' in module 'msrv_soc_plic_apb@PV1' has no pins
//  Warning: Net 'threshMask[3]' in module 'msrv_soc_plic_apb@PV1' has no pins
//  Warning: Net 'threshMask[2]' in module 'msrv_soc_plic_apb@PV1' has no pins
//  Warning: Net 'threshMask[1]' in module 'msrv_soc_plic_apb@PV1' has no pins
//  Warning: Net 'threshMask[0]' in module 'msrv_soc_plic_apb@PV1' has no pins
//  Warning: Net '\genblk2[0].k [31]' in module 'msrv_soc_plic_apb@PV1' has no pins
//  Warning: Net '\genblk2[0].k [30]' in module 'msrv_soc_plic_apb@PV1' has no pins
//  Warning: Net '\genblk2[0].k [29]' in module 'msrv_soc_plic_apb@PV1' has no pins
//  Warning: Net '\genblk2[0].k [28]' in module 'msrv_soc_plic_apb@PV1' has no pins
//  Warning: Net '\genblk2[0].k [27]' in module 'msrv_soc_plic_apb@PV1' has no pins
//  Warning: Net '\genblk2[0].k [26]' in module 'msrv_soc_plic_apb@PV1' has no pins
//  Warning: Net '\genblk2[0].k [25]' in module 'msrv_soc_plic_apb@PV1' has no pins
//  Warning: Net '\genblk2[0].k [24]' in module 'msrv_soc_plic_apb@PV1' has no pins
//  Warning: Net '\genblk2[0].k [23]' in module 'msrv_soc_plic_apb@PV1' has no pins
//  Warning: Net '\genblk2[0].k [22]' in module 'msrv_soc_plic_apb@PV1' has no pins
//  Warning: Net '\genblk2[0].k [21]' in module 'msrv_soc_plic_apb@PV1' has no pins
//  Warning: Net '\genblk2[0].k [20]' in module 'msrv_soc_plic_apb@PV1' has no pins
//  Warning: Net '\genblk2[0].k [19]' in module 'msrv_soc_plic_apb@PV1' has no pins
//  Warning: Net '\genblk2[0].k [18]' in module 'msrv_soc_plic_apb@PV1' has no pins
//  Warning: Net '\genblk2[0].k [17]' in module 'msrv_soc_plic_apb@PV1' has no pins
//  Warning: Net '\genblk2[0].k [16]' in module 'msrv_soc_plic_apb@PV1' has no pins
//  Warning: Net '\genblk2[0].k [15]' in module 'msrv_soc_plic_apb@PV1' has no pins
//  Warning: Net '\genblk2[0].k [14]' in module 'msrv_soc_plic_apb@PV1' has no pins
//  Warning: Net '\genblk2[0].k [13]' in module 'msrv_soc_plic_apb@PV1' has no pins
//  Warning: Net '\genblk2[0].k [12]' in module 'msrv_soc_plic_apb@PV1' has no pins
//  Warning: Net '\genblk2[0].k [11]' in module 'msrv_soc_plic_apb@PV1' has no pins
//  Warning: Net '\genblk2[0].k [10]' in module 'msrv_soc_plic_apb@PV1' has no pins
//  Warning: Net '\genblk2[0].k [9]' in module 'msrv_soc_plic_apb@PV1' has no pins
//  Warning: Net '\genblk2[0].k [8]' in module 'msrv_soc_plic_apb@PV1' has no pins
//  Warning: Net '\genblk2[0].k [7]' in module 'msrv_soc_plic_apb@PV1' has no pins
//  Warning: Net '\genblk2[0].k [6]' in module 'msrv_soc_plic_apb@PV1' has no pins
//  Warning: Net '\genblk2[0].k [5]' in module 'msrv_soc_plic_apb@PV1' has no pins
//  Warning: Net '\genblk2[0].k [4]' in module 'msrv_soc_plic_apb@PV1' has no pins
//  Warning: Net '\genblk2[0].k [3]' in module 'msrv_soc_plic_apb@PV1' has no pins
//  Warning: Net '\genblk2[0].k [2]' in module 'msrv_soc_plic_apb@PV1' has no pins
//  Warning: Net '\genblk2[0].k [1]' in module 'msrv_soc_plic_apb@PV1' has no pins
//  Warning: Net '\genblk2[0].k [0]' in module 'msrv_soc_plic_apb@PV1' has no pins
//  Warning: Net '\genblk2[1].k [31]' in module 'msrv_soc_plic_apb@PV1' has no pins
//  Warning: Net '\genblk2[1].k [30]' in module 'msrv_soc_plic_apb@PV1' has no pins
//  Warning: Net '\genblk2[1].k [29]' in module 'msrv_soc_plic_apb@PV1' has no pins
//  Warning: Net '\genblk2[1].k [28]' in module 'msrv_soc_plic_apb@PV1' has no pins
//  Warning: Net '\genblk2[1].k [27]' in module 'msrv_soc_plic_apb@PV1' has no pins
//  Warning: Net '\genblk2[1].k [26]' in module 'msrv_soc_plic_apb@PV1' has no pins
//  Warning: Net '\genblk2[1].k [25]' in module 'msrv_soc_plic_apb@PV1' has no pins
//  Warning: Net '\genblk2[1].k [24]' in module 'msrv_soc_plic_apb@PV1' has no pins
//  Warning: Net '\genblk2[1].k [23]' in module 'msrv_soc_plic_apb@PV1' has no pins
//  Warning: Net '\genblk2[1].k [22]' in module 'msrv_soc_plic_apb@PV1' has no pins
//  Warning: Net '\genblk2[1].k [21]' in module 'msrv_soc_plic_apb@PV1' has no pins
//  Warning: Net '\genblk2[1].k [20]' in module 'msrv_soc_plic_apb@PV1' has no pins
//  Warning: Net '\genblk2[1].k [19]' in module 'msrv_soc_plic_apb@PV1' has no pins
//  Warning: Net '\genblk2[1].k [18]' in module 'msrv_soc_plic_apb@PV1' has no pins
//  Warning: Net '\genblk2[1].k [17]' in module 'msrv_soc_plic_apb@PV1' has no pins
//  Warning: Net '\genblk2[1].k [16]' in module 'msrv_soc_plic_apb@PV1' has no pins
//  Warning: Net '\genblk2[1].k [15]' in module 'msrv_soc_plic_apb@PV1' has no pins
//  Warning: Net '\genblk2[1].k [14]' in module 'msrv_soc_plic_apb@PV1' has no pins
//  Warning: Net '\genblk2[1].k [13]' in module 'msrv_soc_plic_apb@PV1' has no pins
//  Warning: Net '\genblk2[1].k [12]' in module 'msrv_soc_plic_apb@PV1' has no pins
//  Warning: Net '\genblk2[1].k [11]' in module 'msrv_soc_plic_apb@PV1' has no pins
//  Warning: Net '\genblk2[1].k [10]' in module 'msrv_soc_plic_apb@PV1' has no pins
//  Warning: Net '\genblk2[1].k [9]' in module 'msrv_soc_plic_apb@PV1' has no pins
//  Warning: Net '\genblk2[1].k [8]' in module 'msrv_soc_plic_apb@PV1' has no pins
//  Warning: Net '\genblk2[1].k [7]' in module 'msrv_soc_plic_apb@PV1' has no pins
//  Warning: Net '\genblk2[1].k [6]' in module 'msrv_soc_plic_apb@PV1' has no pins
//  Warning: Net '\genblk2[1].k [5]' in module 'msrv_soc_plic_apb@PV1' has no pins
//  Warning: Net '\genblk2[1].k [4]' in module 'msrv_soc_plic_apb@PV1' has no pins
//  Warning: Net '\genblk2[1].k [3]' in module 'msrv_soc_plic_apb@PV1' has no pins
//  Warning: Net '\genblk2[1].k [2]' in module 'msrv_soc_plic_apb@PV1' has no pins
//  Warning: Net '\genblk2[1].k [1]' in module 'msrv_soc_plic_apb@PV1' has no pins
//  Warning: Net '\genblk2[1].k [0]' in module 'msrv_soc_plic_apb@PV1' has no pins
//  Warning: Floating input 'reset' at instance 'txwincreg' in module 'msrv_soc_spi_apb@PV1'
//  Warning: Floating input 'd[0]' at instance 'txwincreg' in module 'msrv_soc_spi_apb@PV1'
//  Warning: Floating input 'reset' at instance 'txrincreg' in module 'msrv_soc_spi_apb@PV1'
//  Warning: Floating input 'd[0]' at instance 'txrincreg' in module 'msrv_soc_spi_apb@PV1'
//  Warning: Floating input 'reset' at instance 'rxfiforincreg' in module 'msrv_soc_spi_apb@PV1'
//  Warning: Floating input 'd[0]' at instance 'rxfiforincreg' in module 'msrv_soc_spi_apb@PV1'
//  Warning: Floating input 'reset' at instance 'rxfifowincreg' in module 'msrv_soc_spi_apb@PV1'
//  Warning: Net 'SPICS[3]' in module 'msrv_soc_spi_apb@PV1' is not driven
//  Warning: Net 'SPICS[2]' in module 'msrv_soc_spi_apb@PV1' is not driven
//  Warning: Net 'SPICS[1]' in module 'msrv_soc_spi_apb@PV1' is not driven
//  Warning: Net 'SPICS[0]' in module 'msrv_soc_spi_apb@PV1' is not driven
//  Warning: Net 'SPIIntr' in module 'msrv_soc_spi_apb@PV1' is not driven
//  Warning: Net 'TrasmitFIFOEmpty' in module 'msrv_soc_spi_apb@PV1' is not driven
//  Warning: Net 'SckDiv[11]' in module 'msrv_soc_spi_apb@PV1' is not driven
//  Warning: Net 'SckDiv[10]' in module 'msrv_soc_spi_apb@PV1' is not driven
//  Warning: Net 'SckDiv[9]' in module 'msrv_soc_spi_apb@PV1' is not driven
//  Warning: Net 'SckDiv[8]' in module 'msrv_soc_spi_apb@PV1' is not driven
//  Warning: Net 'SckDiv[7]' in module 'msrv_soc_spi_apb@PV1' is not driven
//  Warning: Net 'SckDiv[6]' in module 'msrv_soc_spi_apb@PV1' is not driven
//  Warning: Net 'SckDiv[5]' in module 'msrv_soc_spi_apb@PV1' is not driven
//  Warning: Net 'SckDiv[4]' in module 'msrv_soc_spi_apb@PV1' is not driven
//  Warning: Net 'SckDiv[3]' in module 'msrv_soc_spi_apb@PV1' is not driven
//  Warning: Net 'SckDiv[2]' in module 'msrv_soc_spi_apb@PV1' is not driven
//  Warning: Net 'SckDiv[1]' in module 'msrv_soc_spi_apb@PV1' is not driven
//  Warning: Net 'SckDiv[0]' in module 'msrv_soc_spi_apb@PV1' is not driven
//  Warning: Net 'SckMode[1]' in module 'msrv_soc_spi_apb@PV1' is not driven
//  Warning: Net 'SckMode[0]' in module 'msrv_soc_spi_apb@PV1' is not driven
//  Warning: Net 'ChipSelectID[1]' in module 'msrv_soc_spi_apb@PV1' has no pins
//  Warning: Net 'ChipSelectID[0]' in module 'msrv_soc_spi_apb@PV1' has no pins
//  Warning: Net 'ChipSelectDef[3]' in module 'msrv_soc_spi_apb@PV1' has no pins
//  Warning: Net 'ChipSelectDef[2]' in module 'msrv_soc_spi_apb@PV1' has no pins
//  Warning: Net 'ChipSelectDef[1]' in module 'msrv_soc_spi_apb@PV1' has no pins
//  Warning: Net 'ChipSelectDef[0]' in module 'msrv_soc_spi_apb@PV1' has no pins
//  Warning: Net 'ChipSelectMode[1]' in module 'msrv_soc_spi_apb@PV1' is not driven
//  Warning: Net 'ChipSelectMode[0]' in module 'msrv_soc_spi_apb@PV1' is not driven
//  Warning: Net 'Delay0[15]' in module 'msrv_soc_spi_apb@PV1' is not driven
//  Warning: Net 'Delay0[14]' in module 'msrv_soc_spi_apb@PV1' is not driven
//  Warning: Net 'Delay0[13]' in module 'msrv_soc_spi_apb@PV1' is not driven
//  Warning: Net 'Delay0[12]' in module 'msrv_soc_spi_apb@PV1' is not driven
//  Warning: Net 'Delay0[11]' in module 'msrv_soc_spi_apb@PV1' is not driven
//  Warning: Net 'Delay0[10]' in module 'msrv_soc_spi_apb@PV1' is not driven
//  Warning: Net 'Delay0[9]' in module 'msrv_soc_spi_apb@PV1' is not driven
//  Warning: Net 'Delay0[8]' in module 'msrv_soc_spi_apb@PV1' is not driven
//  Warning: Net 'Delay0[7]' in module 'msrv_soc_spi_apb@PV1' is not driven
//  Warning: Net 'Delay0[6]' in module 'msrv_soc_spi_apb@PV1' is not driven
//  Warning: Net 'Delay0[5]' in module 'msrv_soc_spi_apb@PV1' is not driven
//  Warning: Net 'Delay0[4]' in module 'msrv_soc_spi_apb@PV1' is not driven
//  Warning: Net 'Delay0[3]' in module 'msrv_soc_spi_apb@PV1' is not driven
//  Warning: Net 'Delay0[2]' in module 'msrv_soc_spi_apb@PV1' is not driven
//  Warning: Net 'Delay0[1]' in module 'msrv_soc_spi_apb@PV1' is not driven
//  Warning: Net 'Delay0[0]' in module 'msrv_soc_spi_apb@PV1' is not driven
//  Warning: Net 'Delay1[15]' in module 'msrv_soc_spi_apb@PV1' is not driven
//  Warning: Net 'Delay1[14]' in module 'msrv_soc_spi_apb@PV1' is not driven
//  Warning: Net 'Delay1[13]' in module 'msrv_soc_spi_apb@PV1' is not driven
//  Warning: Net 'Delay1[12]' in module 'msrv_soc_spi_apb@PV1' is not driven
//  Warning: Net 'Delay1[11]' in module 'msrv_soc_spi_apb@PV1' is not driven
//  Warning: Net 'Delay1[10]' in module 'msrv_soc_spi_apb@PV1' is not driven
//  Warning: Net 'Delay1[9]' in module 'msrv_soc_spi_apb@PV1' is not driven
//  Warning: Net 'Delay1[8]' in module 'msrv_soc_spi_apb@PV1' is not driven
//  Warning: Net 'Delay1[7]' in module 'msrv_soc_spi_apb@PV1' is not driven
//  Warning: Net 'Delay1[6]' in module 'msrv_soc_spi_apb@PV1' is not driven
//  Warning: Net 'Delay1[5]' in module 'msrv_soc_spi_apb@PV1' is not driven
//  Warning: Net 'Delay1[4]' in module 'msrv_soc_spi_apb@PV1' is not driven
//  Warning: Net 'Delay1[3]' in module 'msrv_soc_spi_apb@PV1' is not driven
//  Warning: Net 'Delay1[2]' in module 'msrv_soc_spi_apb@PV1' is not driven
//  Warning: Net 'Delay1[1]' in module 'msrv_soc_spi_apb@PV1' is not driven
//  Warning: Net 'Delay1[0]' in module 'msrv_soc_spi_apb@PV1' is not driven
//  Warning: Net 'Format[4]' in module 'msrv_soc_spi_apb@PV1' is not driven
//  Warning: Net 'Format[3]' in module 'msrv_soc_spi_apb@PV1' is not driven
//  Warning: Net 'Format[2]' in module 'msrv_soc_spi_apb@PV1' is not driven
//  Warning: Net 'Format[1]' in module 'msrv_soc_spi_apb@PV1' is not driven
//  Warning: Net 'Format[0]' in module 'msrv_soc_spi_apb@PV1' has no pins
//  Warning: Net 'TransmitData[8]' in module 'msrv_soc_spi_apb@PV1' has no pins
//  Warning: Net 'TransmitData[7]' in module 'msrv_soc_spi_apb@PV1' is not driven
//  Warning: Net 'TransmitData[6]' in module 'msrv_soc_spi_apb@PV1' is not driven
//  Warning: Net 'TransmitData[5]' in module 'msrv_soc_spi_apb@PV1' is not driven
//  Warning: Net 'TransmitData[4]' in module 'msrv_soc_spi_apb@PV1' is not driven
//  Warning: Net 'TransmitData[3]' in module 'msrv_soc_spi_apb@PV1' is not driven
//  Warning: Net 'TransmitData[2]' in module 'msrv_soc_spi_apb@PV1' is not driven
//  Warning: Net 'TransmitData[1]' in module 'msrv_soc_spi_apb@PV1' is not driven
//  Warning: Net 'TransmitData[0]' in module 'msrv_soc_spi_apb@PV1' is not driven
//  Warning: Net 'TransmitWatermark[2]' in module 'msrv_soc_spi_apb@PV1' is not driven
//  Warning: Net 'TransmitWatermark[1]' in module 'msrv_soc_spi_apb@PV1' is not driven
//  Warning: Net 'TransmitWatermark[0]' in module 'msrv_soc_spi_apb@PV1' is not driven
//  Warning: Net 'ReceiveWatermark[2]' in module 'msrv_soc_spi_apb@PV1' is not driven
//  Warning: Net 'ReceiveWatermark[1]' in module 'msrv_soc_spi_apb@PV1' is not driven
//  Warning: Net 'ReceiveWatermark[0]' in module 'msrv_soc_spi_apb@PV1' is not driven
//  Warning: Net 'InterruptEnable[1]' in module 'msrv_soc_spi_apb@PV1' has no pins
//  Warning: Net 'InterruptEnable[0]' in module 'msrv_soc_spi_apb@PV1' has no pins
//  Warning: Net 'InterruptPending[1]' in module 'msrv_soc_spi_apb@PV1' has no pins
//  Warning: Net 'InterruptPending[0]' in module 'msrv_soc_spi_apb@PV1' has no pins
//  Warning: Net 'Memwrite' in module 'msrv_soc_spi_apb@PV1' has no pins
//  Warning: Net 'Dout[31]' in module 'msrv_soc_spi_apb@PV1' is not driven
//  Warning: Net 'Dout[30]' in module 'msrv_soc_spi_apb@PV1' is not driven
//  Warning: Net 'Dout[29]' in module 'msrv_soc_spi_apb@PV1' is not driven
//  Warning: Net 'Dout[28]' in module 'msrv_soc_spi_apb@PV1' is not driven
//  Warning: Net 'Dout[27]' in module 'msrv_soc_spi_apb@PV1' is not driven
//  Warning: Net 'Dout[26]' in module 'msrv_soc_spi_apb@PV1' is not driven
//  Warning: Net 'Dout[25]' in module 'msrv_soc_spi_apb@PV1' is not driven
//  Warning: Net 'Dout[24]' in module 'msrv_soc_spi_apb@PV1' is not driven
//  Warning: Net 'Dout[23]' in module 'msrv_soc_spi_apb@PV1' is not driven
//  Warning: Net 'Dout[22]' in module 'msrv_soc_spi_apb@PV1' is not driven
//  Warning: Net 'Dout[21]' in module 'msrv_soc_spi_apb@PV1' is not driven
//  Warning: Net 'Dout[20]' in module 'msrv_soc_spi_apb@PV1' is not driven
//  Warning: Net 'Dout[19]' in module 'msrv_soc_spi_apb@PV1' is not driven
//  Warning: Net 'Dout[18]' in module 'msrv_soc_spi_apb@PV1' is not driven
//  Warning: Net 'Dout[17]' in module 'msrv_soc_spi_apb@PV1' is not driven
//  Warning: Net 'Dout[16]' in module 'msrv_soc_spi_apb@PV1' is not driven
//  Warning: Net 'Dout[15]' in module 'msrv_soc_spi_apb@PV1' is not driven
//  Warning: Net 'Dout[14]' in module 'msrv_soc_spi_apb@PV1' is not driven
//  Warning: Net 'Dout[13]' in module 'msrv_soc_spi_apb@PV1' is not driven
//  Warning: Net 'Dout[12]' in module 'msrv_soc_spi_apb@PV1' is not driven
//  Warning: Net 'Dout[11]' in module 'msrv_soc_spi_apb@PV1' is not driven
//  Warning: Net 'Dout[10]' in module 'msrv_soc_spi_apb@PV1' is not driven
//  Warning: Net 'Dout[9]' in module 'msrv_soc_spi_apb@PV1' is not driven
//  Warning: Net 'Dout[8]' in module 'msrv_soc_spi_apb@PV1' is not driven
//  Warning: Net 'Dout[7]' in module 'msrv_soc_spi_apb@PV1' is not driven
//  Warning: Net 'Dout[6]' in module 'msrv_soc_spi_apb@PV1' is not driven
//  Warning: Net 'Dout[5]' in module 'msrv_soc_spi_apb@PV1' is not driven
//  Warning: Net 'Dout[4]' in module 'msrv_soc_spi_apb@PV1' is not driven
//  Warning: Net 'Dout[3]' in module 'msrv_soc_spi_apb@PV1' is not driven
//  Warning: Net 'Dout[2]' in module 'msrv_soc_spi_apb@PV1' is not driven
//  Warning: Net 'Dout[1]' in module 'msrv_soc_spi_apb@PV1' is not driven
//  Warning: Net 'Dout[0]' in module 'msrv_soc_spi_apb@PV1' is not driven
//  Warning: Net 'ResetSCLKenable' in module 'msrv_soc_spi_apb@PV1' is not driven
//  Warning: Net 'TransmitStart' in module 'msrv_soc_spi_apb@PV1' is not driven
//  Warning: Net 'TransmitStartD' in module 'msrv_soc_spi_apb@PV1' has no pins
//  Warning: Net 'CurrState[1]' in module 'msrv_soc_spi_apb@PV1' has no pins
//  Warning: Net 'CurrState[0]' in module 'msrv_soc_spi_apb@PV1' has no pins
//  Warning: Net 'NextState[1]' in module 'msrv_soc_spi_apb@PV1' has no pins
//  Warning: Net 'NextState[0]' in module 'msrv_soc_spi_apb@PV1' has no pins
//  Warning: Net 'TransmitWriteWatermarkLevel[2]' in module 'msrv_soc_spi_apb@PV1' is not driven
//  Warning: Net 'TransmitWriteWatermarkLevel[1]' in module 'msrv_soc_spi_apb@PV1' is not driven
//  Warning: Net 'TransmitWriteWatermarkLevel[0]' in module 'msrv_soc_spi_apb@PV1' is not driven
//  Warning: Net 'ReceiveReadWatermarkLevel[2]' in module 'msrv_soc_spi_apb@PV1' is not driven
//  Warning: Net 'ReceiveReadWatermarkLevel[1]' in module 'msrv_soc_spi_apb@PV1' is not driven
//  Warning: Net 'ReceiveReadWatermarkLevel[0]' in module 'msrv_soc_spi_apb@PV1' is not driven
//  Warning: Net 'ReceiveShiftRegEndian[7]' in module 'msrv_soc_spi_apb@PV1' is not driven
//  Warning: Net 'ReceiveShiftRegEndian[6]' in module 'msrv_soc_spi_apb@PV1' is not driven
//  Warning: Net 'ReceiveShiftRegEndian[5]' in module 'msrv_soc_spi_apb@PV1' is not driven
//  Warning: Net 'ReceiveShiftRegEndian[4]' in module 'msrv_soc_spi_apb@PV1' is not driven
//  Warning: Net 'ReceiveShiftRegEndian[3]' in module 'msrv_soc_spi_apb@PV1' is not driven
//  Warning: Net 'ReceiveShiftRegEndian[2]' in module 'msrv_soc_spi_apb@PV1' is not driven
//  Warning: Net 'ReceiveShiftRegEndian[1]' in module 'msrv_soc_spi_apb@PV1' is not driven
//  Warning: Net 'ReceiveShiftRegEndian[0]' in module 'msrv_soc_spi_apb@PV1' is not driven
//  Warning: Net 'TransmitReg[7]' in module 'msrv_soc_spi_apb@PV1' is not driven
//  Warning: Net 'TransmitReg[6]' in module 'msrv_soc_spi_apb@PV1' has no pins
//  Warning: Net 'TransmitReg[5]' in module 'msrv_soc_spi_apb@PV1' has no pins
//  Warning: Net 'TransmitReg[4]' in module 'msrv_soc_spi_apb@PV1' has no pins
//  Warning: Net 'TransmitReg[3]' in module 'msrv_soc_spi_apb@PV1' has no pins
//  Warning: Net 'TransmitReg[2]' in module 'msrv_soc_spi_apb@PV1' has no pins
//  Warning: Net 'TransmitReg[1]' in module 'msrv_soc_spi_apb@PV1' has no pins
//  Warning: Net 'TransmitReg[0]' in module 'msrv_soc_spi_apb@PV1' has no pins
//  Warning: Net 'ReceiveShiftReg[7]' in module 'msrv_soc_spi_apb@PV1' has no pins
//  Warning: Net 'ReceiveShiftReg[6]' in module 'msrv_soc_spi_apb@PV1' has no pins
//  Warning: Net 'ReceiveShiftReg[5]' in module 'msrv_soc_spi_apb@PV1' has no pins
//  Warning: Net 'ReceiveShiftReg[4]' in module 'msrv_soc_spi_apb@PV1' has no pins
//  Warning: Net 'ReceiveShiftReg[3]' in module 'msrv_soc_spi_apb@PV1' has no pins
//  Warning: Net 'ReceiveShiftReg[2]' in module 'msrv_soc_spi_apb@PV1' has no pins
//  Warning: Net 'ReceiveShiftReg[1]' in module 'msrv_soc_spi_apb@PV1' has no pins
//  Warning: Net 'ReceiveShiftReg[0]' in module 'msrv_soc_spi_apb@PV1' has no pins
//  Warning: Net 'TransmitDataEndian[7]' in module 'msrv_soc_spi_apb@PV1' has no pins
//  Warning: Net 'TransmitDataEndian[6]' in module 'msrv_soc_spi_apb@PV1' has no pins
//  Warning: Net 'TransmitDataEndian[5]' in module 'msrv_soc_spi_apb@PV1' has no pins
//  Warning: Net 'TransmitDataEndian[4]' in module 'msrv_soc_spi_apb@PV1' has no pins
//  Warning: Net 'TransmitDataEndian[3]' in module 'msrv_soc_spi_apb@PV1' has no pins
//  Warning: Net 'TransmitDataEndian[2]' in module 'msrv_soc_spi_apb@PV1' has no pins
//  Warning: Net 'TransmitDataEndian[1]' in module 'msrv_soc_spi_apb@PV1' has no pins
//  Warning: Net 'TransmitDataEndian[0]' in module 'msrv_soc_spi_apb@PV1' has no pins
//  Warning: Net 'TransmitLoad' in module 'msrv_soc_spi_apb@PV1' has no pins
//  Warning: Net 'TransmitRegLoaded' in module 'msrv_soc_spi_apb@PV1' is not driven
//  Warning: Net 'LeftShiftAmount[3]' in module 'msrv_soc_spi_apb@PV1' has no pins
//  Warning: Net 'LeftShiftAmount[2]' in module 'msrv_soc_spi_apb@PV1' has no pins
//  Warning: Net 'LeftShiftAmount[1]' in module 'msrv_soc_spi_apb@PV1' has no pins
//  Warning: Net 'LeftShiftAmount[0]' in module 'msrv_soc_spi_apb@PV1' has no pins
//  Warning: Net 'ASR[7]' in module 'msrv_soc_spi_apb@PV1' has no pins
//  Warning: Net 'ASR[6]' in module 'msrv_soc_spi_apb@PV1' has no pins
//  Warning: Net 'ASR[5]' in module 'msrv_soc_spi_apb@PV1' has no pins
//  Warning: Net 'ASR[4]' in module 'msrv_soc_spi_apb@PV1' has no pins
//  Warning: Net 'ASR[3]' in module 'msrv_soc_spi_apb@PV1' has no pins
//  Warning: Net 'ASR[2]' in module 'msrv_soc_spi_apb@PV1' has no pins
//  Warning: Net 'ASR[1]' in module 'msrv_soc_spi_apb@PV1' has no pins
//  Warning: Net 'ASR[0]' in module 'msrv_soc_spi_apb@PV1' has no pins
//  Warning: Net 'ChipSelectAuto[3]' in module 'msrv_soc_spi_apb@PV1' has no pins
//  Warning: Net 'ChipSelectAuto[2]' in module 'msrv_soc_spi_apb@PV1' has no pins
//  Warning: Net 'ChipSelectAuto[1]' in module 'msrv_soc_spi_apb@PV1' has no pins
//  Warning: Net 'ChipSelectAuto[0]' in module 'msrv_soc_spi_apb@PV1' has no pins
//  Warning: Net 'ChipSelectInternal[3]' in module 'msrv_soc_spi_apb@PV1' has no pins
//  Warning: Net 'ChipSelectInternal[2]' in module 'msrv_soc_spi_apb@PV1' has no pins
//  Warning: Net 'ChipSelectInternal[1]' in module 'msrv_soc_spi_apb@PV1' has no pins
//  Warning: Net 'ChipSelectInternal[0]' in module 'msrv_soc_spi_apb@PV1' has no pins
//  Warning: Net 'SCLKenable' in module 'msrv_soc_spi_controller' is not driven
//  Warning: Net 'ShiftEdge' in module 'msrv_soc_spi_controller' is not driven
//  Warning: Net 'SampleEdge' in module 'msrv_soc_spi_controller' is not driven
//  Warning: Net 'EndOfFrame' in module 'msrv_soc_spi_controller' is not driven
//  Warning: Net 'Transmitting' in module 'msrv_soc_spi_controller' is not driven
//  Warning: Net 'InactiveState' in module 'msrv_soc_spi_controller' is not driven
//  Warning: Net 'SPICLK' in module 'msrv_soc_spi_controller' is not driven
//  Warning: Net 'CurrState[2]' in module 'msrv_soc_spi_controller' has no pins
//  Warning: Net 'CurrState[1]' in module 'msrv_soc_spi_controller' has no pins
//  Warning: Net 'CurrState[0]' in module 'msrv_soc_spi_controller' has no pins
//  Warning: Net 'NextState[2]' in module 'msrv_soc_spi_controller' has no pins
//  Warning: Net 'NextState[1]' in module 'msrv_soc_spi_controller' has no pins
//  Warning: Net 'NextState[0]' in module 'msrv_soc_spi_controller' has no pins
//  Warning: Net 'DivCounter[11]' in module 'msrv_soc_spi_controller' has no pins
//  Warning: Net 'DivCounter[10]' in module 'msrv_soc_spi_controller' has no pins
//  Warning: Net 'DivCounter[9]' in module 'msrv_soc_spi_controller' has no pins
//  Warning: Net 'DivCounter[8]' in module 'msrv_soc_spi_controller' has no pins
//  Warning: Net 'DivCounter[7]' in module 'msrv_soc_spi_controller' has no pins
//  Warning: Net 'DivCounter[6]' in module 'msrv_soc_spi_controller' has no pins
//  Warning: Net 'DivCounter[5]' in module 'msrv_soc_spi_controller' has no pins
//  Warning: Net 'DivCounter[4]' in module 'msrv_soc_spi_controller' has no pins
//  Warning: Net 'DivCounter[3]' in module 'msrv_soc_spi_controller' has no pins
//  Warning: Net 'DivCounter[2]' in module 'msrv_soc_spi_controller' has no pins
//  Warning: Net 'DivCounter[1]' in module 'msrv_soc_spi_controller' has no pins
//  Warning: Net 'DivCounter[0]' in module 'msrv_soc_spi_controller' has no pins
//  Warning: Net 'SCK' in module 'msrv_soc_spi_controller' has no pins
//  Warning: Net 'EdgePulse' in module 'msrv_soc_spi_controller' has no pins
//  Warning: Net 'ShiftEdgePulse' in module 'msrv_soc_spi_controller' has no pins
//  Warning: Net 'SampleEdgePulse' in module 'msrv_soc_spi_controller' has no pins
//  Warning: Net 'EndOfFramePulse' in module 'msrv_soc_spi_controller' has no pins
//  Warning: Net 'BitNum[3]' in module 'msrv_soc_spi_controller' has no pins
//  Warning: Net 'BitNum[2]' in module 'msrv_soc_spi_controller' has no pins
//  Warning: Net 'BitNum[1]' in module 'msrv_soc_spi_controller' has no pins
//  Warning: Net 'BitNum[0]' in module 'msrv_soc_spi_controller' has no pins
//  Warning: Net 'LastBit' in module 'msrv_soc_spi_controller' has no pins
//  Warning: Net 'ContinueTransmit' in module 'msrv_soc_spi_controller' has no pins
//  Warning: Net 'EndTransmission' in module 'msrv_soc_spi_controller' has no pins
//  Warning: Net 'NextEndDelay' in module 'msrv_soc_spi_controller' has no pins
//  Warning: Net 'CurrentEndDelay' in module 'msrv_soc_spi_controller' has no pins
//  Warning: Net 'HasCSSCK' in module 'msrv_soc_spi_controller' has no pins
//  Warning: Net 'HasSCKCS' in module 'msrv_soc_spi_controller' has no pins
//  Warning: Net 'HasINTERCS' in module 'msrv_soc_spi_controller' has no pins
//  Warning: Net 'HasINTERXFR' in module 'msrv_soc_spi_controller' has no pins
//  Warning: Net 'EndOfCSSCK' in module 'msrv_soc_spi_controller' has no pins
//  Warning: Net 'EndOfSCKCS' in module 'msrv_soc_spi_controller' has no pins
//  Warning: Net 'EndOfINTERCS' in module 'msrv_soc_spi_controller' has no pins
//  Warning: Net 'EndOfINTERXFR' in module 'msrv_soc_spi_controller' has no pins
//  Warning: Net 'EndOfDelay' in module 'msrv_soc_spi_controller' has no pins
//  Warning: Net 'DelayCounter[7]' in module 'msrv_soc_spi_controller' has no pins
//  Warning: Net 'DelayCounter[6]' in module 'msrv_soc_spi_controller' has no pins
//  Warning: Net 'DelayCounter[5]' in module 'msrv_soc_spi_controller' has no pins
//  Warning: Net 'DelayCounter[4]' in module 'msrv_soc_spi_controller' has no pins
//  Warning: Net 'DelayCounter[3]' in module 'msrv_soc_spi_controller' has no pins
//  Warning: Net 'DelayCounter[2]' in module 'msrv_soc_spi_controller' has no pins
//  Warning: Net 'DelayCounter[1]' in module 'msrv_soc_spi_controller' has no pins
//  Warning: Net 'DelayCounter[0]' in module 'msrv_soc_spi_controller' has no pins
//  Warning: Net 'DelayIsNext' in module 'msrv_soc_spi_controller' has no pins
//  Warning: Net 'DelayState' in module 'msrv_soc_spi_controller' has no pins
//  Warning: Net 'rdata[7]' in module 'msrv_soc_spi_fifo' is not driven
//  Warning: Net 'rdata[6]' in module 'msrv_soc_spi_fifo' is not driven
//  Warning: Net 'rdata[5]' in module 'msrv_soc_spi_fifo' is not driven
//  Warning: Net 'rdata[4]' in module 'msrv_soc_spi_fifo' is not driven
//  Warning: Net 'rdata[3]' in module 'msrv_soc_spi_fifo' is not driven
//  Warning: Net 'rdata[2]' in module 'msrv_soc_spi_fifo' is not driven
//  Warning: Net 'rdata[1]' in module 'msrv_soc_spi_fifo' is not driven
//  Warning: Net 'rdata[0]' in module 'msrv_soc_spi_fifo' is not driven
//  Warning: Net 'wfull' in module 'msrv_soc_spi_fifo' is not driven
//  Warning: Net 'rempty' in module 'msrv_soc_spi_fifo' is not driven
//  Warning: Net 'wwatermark' in module 'msrv_soc_spi_fifo' is not driven
//  Warning: Net 'rwatermark' in module 'msrv_soc_spi_fifo' is not driven
//  Warning: Net 'mem[63]' in module 'msrv_soc_spi_fifo' has no pins
//  Warning: Net 'mem[62]' in module 'msrv_soc_spi_fifo' has no pins
//  Warning: Net 'mem[61]' in module 'msrv_soc_spi_fifo' has no pins
//  Warning: Net 'mem[60]' in module 'msrv_soc_spi_fifo' has no pins
//  Warning: Net 'mem[59]' in module 'msrv_soc_spi_fifo' has no pins
//  Warning: Net 'mem[58]' in module 'msrv_soc_spi_fifo' has no pins
//  Warning: Net 'mem[57]' in module 'msrv_soc_spi_fifo' has no pins
//  Warning: Net 'mem[56]' in module 'msrv_soc_spi_fifo' has no pins
//  Warning: Net 'mem[55]' in module 'msrv_soc_spi_fifo' has no pins
//  Warning: Net 'mem[54]' in module 'msrv_soc_spi_fifo' has no pins
//  Warning: Net 'mem[53]' in module 'msrv_soc_spi_fifo' has no pins
//  Warning: Net 'mem[52]' in module 'msrv_soc_spi_fifo' has no pins
//  Warning: Net 'mem[51]' in module 'msrv_soc_spi_fifo' has no pins
//  Warning: Net 'mem[50]' in module 'msrv_soc_spi_fifo' has no pins
//  Warning: Net 'mem[49]' in module 'msrv_soc_spi_fifo' has no pins
//  Warning: Net 'mem[48]' in module 'msrv_soc_spi_fifo' has no pins
//  Warning: Net 'mem[47]' in module 'msrv_soc_spi_fifo' has no pins
//  Warning: Net 'mem[46]' in module 'msrv_soc_spi_fifo' has no pins
//  Warning: Net 'mem[45]' in module 'msrv_soc_spi_fifo' has no pins
//  Warning: Net 'mem[44]' in module 'msrv_soc_spi_fifo' has no pins
//  Warning: Net 'mem[43]' in module 'msrv_soc_spi_fifo' has no pins
//  Warning: Net 'mem[42]' in module 'msrv_soc_spi_fifo' has no pins
//  Warning: Net 'mem[41]' in module 'msrv_soc_spi_fifo' has no pins
//  Warning: Net 'mem[40]' in module 'msrv_soc_spi_fifo' has no pins
//  Warning: Net 'mem[39]' in module 'msrv_soc_spi_fifo' has no pins
//  Warning: Net 'mem[38]' in module 'msrv_soc_spi_fifo' has no pins
//  Warning: Net 'mem[37]' in module 'msrv_soc_spi_fifo' has no pins
//  Warning: Net 'mem[36]' in module 'msrv_soc_spi_fifo' has no pins
//  Warning: Net 'mem[35]' in module 'msrv_soc_spi_fifo' has no pins
//  Warning: Net 'mem[34]' in module 'msrv_soc_spi_fifo' has no pins
//  Warning: Net 'mem[33]' in module 'msrv_soc_spi_fifo' has no pins
//  Warning: Net 'mem[32]' in module 'msrv_soc_spi_fifo' has no pins
//  Warning: Net 'mem[31]' in module 'msrv_soc_spi_fifo' has no pins
//  Warning: Net 'mem[30]' in module 'msrv_soc_spi_fifo' has no pins
//  Warning: Net 'mem[29]' in module 'msrv_soc_spi_fifo' has no pins
//  Warning: Net 'mem[28]' in module 'msrv_soc_spi_fifo' has no pins
//  Warning: Net 'mem[27]' in module 'msrv_soc_spi_fifo' has no pins
//  Warning: Net 'mem[26]' in module 'msrv_soc_spi_fifo' has no pins
//  Warning: Net 'mem[25]' in module 'msrv_soc_spi_fifo' has no pins
//  Warning: Net 'mem[24]' in module 'msrv_soc_spi_fifo' has no pins
//  Warning: Net 'mem[23]' in module 'msrv_soc_spi_fifo' has no pins
//  Warning: Net 'mem[22]' in module 'msrv_soc_spi_fifo' has no pins
//  Warning: Net 'mem[21]' in module 'msrv_soc_spi_fifo' has no pins
//  Warning: Net 'mem[20]' in module 'msrv_soc_spi_fifo' has no pins
//  Warning: Net 'mem[19]' in module 'msrv_soc_spi_fifo' has no pins
//  Warning: Net 'mem[18]' in module 'msrv_soc_spi_fifo' has no pins
//  Warning: Net 'mem[17]' in module 'msrv_soc_spi_fifo' has no pins
//  Warning: Net 'mem[16]' in module 'msrv_soc_spi_fifo' has no pins
//  Warning: Net 'mem[15]' in module 'msrv_soc_spi_fifo' has no pins
//  Warning: Net 'mem[14]' in module 'msrv_soc_spi_fifo' has no pins
//  Warning: Net 'mem[13]' in module 'msrv_soc_spi_fifo' has no pins
//  Warning: Net 'mem[12]' in module 'msrv_soc_spi_fifo' has no pins
//  Warning: Net 'mem[11]' in module 'msrv_soc_spi_fifo' has no pins
//  Warning: Net 'mem[10]' in module 'msrv_soc_spi_fifo' has no pins
//  Warning: Net 'mem[9]' in module 'msrv_soc_spi_fifo' has no pins
//  Warning: Net 'mem[8]' in module 'msrv_soc_spi_fifo' has no pins
//  Warning: Net 'mem[7]' in module 'msrv_soc_spi_fifo' has no pins
//  Warning: Net 'mem[6]' in module 'msrv_soc_spi_fifo' has no pins
//  Warning: Net 'mem[5]' in module 'msrv_soc_spi_fifo' has no pins
//  Warning: Net 'mem[4]' in module 'msrv_soc_spi_fifo' has no pins
//  Warning: Net 'mem[3]' in module 'msrv_soc_spi_fifo' has no pins
//  Warning: Net 'mem[2]' in module 'msrv_soc_spi_fifo' has no pins
//  Warning: Net 'mem[1]' in module 'msrv_soc_spi_fifo' has no pins
//  Warning: Net 'mem[0]' in module 'msrv_soc_spi_fifo' has no pins
//  Warning: Net 'rptr[3]' in module 'msrv_soc_spi_fifo' has no pins
//  Warning: Net 'rptr[2]' in module 'msrv_soc_spi_fifo' is not driven
//  Warning: Net 'rptr[1]' in module 'msrv_soc_spi_fifo' is not driven
//  Warning: Net 'rptr[0]' in module 'msrv_soc_spi_fifo' is not driven
//  Warning: Net 'wptr[3]' in module 'msrv_soc_spi_fifo' has no pins
//  Warning: Net 'wptr[2]' in module 'msrv_soc_spi_fifo' is not driven
//  Warning: Net 'wptr[1]' in module 'msrv_soc_spi_fifo' is not driven
//  Warning: Net 'wptr[0]' in module 'msrv_soc_spi_fifo' is not driven
//  Warning: Net 'rptrnext[3]' in module 'msrv_soc_spi_fifo' has no pins
//  Warning: Net 'rptrnext[2]' in module 'msrv_soc_spi_fifo' has no pins
//  Warning: Net 'rptrnext[1]' in module 'msrv_soc_spi_fifo' has no pins
//  Warning: Net 'rptrnext[0]' in module 'msrv_soc_spi_fifo' has no pins
//  Warning: Net 'wptrnext[3]' in module 'msrv_soc_spi_fifo' has no pins
//  Warning: Net 'wptrnext[2]' in module 'msrv_soc_spi_fifo' has no pins
//  Warning: Net 'wptrnext[1]' in module 'msrv_soc_spi_fifo' has no pins
//  Warning: Net 'wptrnext[0]' in module 'msrv_soc_spi_fifo' has no pins
//  Warning: Net 'numVals[2]' in module 'msrv_soc_spi_fifo' has no pins
//  Warning: Net 'numVals[1]' in module 'msrv_soc_spi_fifo' has no pins
//  Warning: Net 'numVals[0]' in module 'msrv_soc_spi_fifo' has no pins
//  Warning: Net 'MEMRb' in module 'msrv_soc_uart_apb@PV1' is not driven
//  Warning: Net 'MEMWb' in module 'msrv_soc_uart_apb@PV1' is not driven
//  Warning: Net 'memread' in module 'msrv_soc_uart_apb@PV1' has no pins
//  Warning: Net 'memwrite' in module 'msrv_soc_uart_apb@PV1' has no pins
//  Warning: Floating input 'reset' at instance 'squashRXerrIPreg' in module 'msrv_soc_uartPC16550D@PV1'
//  Warning: Floating input 'reset' at instance 'squashTHRE_IPreg' in module 'msrv_soc_uartPC16550D@PV1'
//  Warning: Floating input 'd[0]' at instance 'squashTHRE_IPreg' in module 'msrv_soc_uartPC16550D@PV1'
//  Warning: Net 'Dout[7]' in module 'msrv_soc_uartPC16550D@PV1' is not driven
//  Warning: Net 'Dout[6]' in module 'msrv_soc_uartPC16550D@PV1' is not driven
//  Warning: Net 'Dout[5]' in module 'msrv_soc_uartPC16550D@PV1' is not driven
//  Warning: Net 'Dout[4]' in module 'msrv_soc_uartPC16550D@PV1' is not driven
//  Warning: Net 'Dout[3]' in module 'msrv_soc_uartPC16550D@PV1' is not driven
//  Warning: Net 'Dout[2]' in module 'msrv_soc_uartPC16550D@PV1' is not driven
//  Warning: Net 'Dout[1]' in module 'msrv_soc_uartPC16550D@PV1' is not driven
//  Warning: Net 'Dout[0]' in module 'msrv_soc_uartPC16550D@PV1' is not driven
//  Warning: Net 'INTR' in module 'msrv_soc_uartPC16550D@PV1' is not driven
//  Warning: Net 'TXRDYb' in module 'msrv_soc_uartPC16550D@PV1' is not driven
//  Warning: Net 'RXRDYb' in module 'msrv_soc_uartPC16550D@PV1' is not driven
//  Warning: Net 'BAUDOUTb' in module 'msrv_soc_uartPC16550D@PV1' is not driven
//  Warning: Net 'SOUT' in module 'msrv_soc_uartPC16550D@PV1' is not driven
//  Warning: Net 'RTSb' in module 'msrv_soc_uartPC16550D@PV1' is not driven
//  Warning: Net 'DTRb' in module 'msrv_soc_uartPC16550D@PV1' is not driven
//  Warning: Net 'OUT1b' in module 'msrv_soc_uartPC16550D@PV1' is not driven
//  Warning: Net 'OUT2b' in module 'msrv_soc_uartPC16550D@PV1' is not driven
//  Warning: Net 'RBR[10]' in module 'msrv_soc_uartPC16550D@PV1' has no pins
//  Warning: Net 'RBR[9]' in module 'msrv_soc_uartPC16550D@PV1' has no pins
//  Warning: Net 'RBR[8]' in module 'msrv_soc_uartPC16550D@PV1' has no pins
//  Warning: Net 'RBR[7]' in module 'msrv_soc_uartPC16550D@PV1' has no pins
//  Warning: Net 'RBR[6]' in module 'msrv_soc_uartPC16550D@PV1' has no pins
//  Warning: Net 'RBR[5]' in module 'msrv_soc_uartPC16550D@PV1' has no pins
//  Warning: Net 'RBR[4]' in module 'msrv_soc_uartPC16550D@PV1' has no pins
//  Warning: Net 'RBR[3]' in module 'msrv_soc_uartPC16550D@PV1' has no pins
//  Warning: Net 'RBR[2]' in module 'msrv_soc_uartPC16550D@PV1' has no pins
//  Warning: Net 'RBR[1]' in module 'msrv_soc_uartPC16550D@PV1' has no pins
//  Warning: Net 'RBR[0]' in module 'msrv_soc_uartPC16550D@PV1' has no pins
//  Warning: Net 'FCR[7]' in module 'msrv_soc_uartPC16550D@PV1' has no pins
//  Warning: Net 'FCR[6]' in module 'msrv_soc_uartPC16550D@PV1' has no pins
//  Warning: Net 'FCR[5]' in module 'msrv_soc_uartPC16550D@PV1' has no pins
//  Warning: Net 'FCR[4]' in module 'msrv_soc_uartPC16550D@PV1' has no pins
//  Warning: Net 'FCR[3]' in module 'msrv_soc_uartPC16550D@PV1' is not driven
//  Warning: Net 'FCR[2]' in module 'msrv_soc_uartPC16550D@PV1' has no pins
//  Warning: Net 'FCR[1]' in module 'msrv_soc_uartPC16550D@PV1' has no pins
//  Warning: Net 'FCR[0]' in module 'msrv_soc_uartPC16550D@PV1' is not driven
//  Warning: Net 'LCR[7]' in module 'msrv_soc_uartPC16550D@PV1' is not driven
//  Warning: Net 'LCR[6]' in module 'msrv_soc_uartPC16550D@PV1' has no pins
//  Warning: Net 'LCR[5]' in module 'msrv_soc_uartPC16550D@PV1' has no pins
//  Warning: Net 'LCR[4]' in module 'msrv_soc_uartPC16550D@PV1' is not driven
//  Warning: Net 'LCR[3]' in module 'msrv_soc_uartPC16550D@PV1' has no pins
//  Warning: Net 'LCR[2]' in module 'msrv_soc_uartPC16550D@PV1' has no pins
//  Warning: Net 'LCR[1]' in module 'msrv_soc_uartPC16550D@PV1' has no pins
//  Warning: Net 'LCR[0]' in module 'msrv_soc_uartPC16550D@PV1' has no pins
//  Warning: Net 'LSR[7]' in module 'msrv_soc_uartPC16550D@PV1' has no pins
//  Warning: Net 'LSR[6]' in module 'msrv_soc_uartPC16550D@PV1' has no pins
//  Warning: Net 'LSR[5]' in module 'msrv_soc_uartPC16550D@PV1' has no pins
//  Warning: Net 'LSR[4]' in module 'msrv_soc_uartPC16550D@PV1' has no pins
//  Warning: Net 'LSR[3]' in module 'msrv_soc_uartPC16550D@PV1' has no pins
//  Warning: Net 'LSR[2]' in module 'msrv_soc_uartPC16550D@PV1' has no pins
//  Warning: Net 'LSR[1]' in module 'msrv_soc_uartPC16550D@PV1' has no pins
//  Warning: Net 'LSR[0]' in module 'msrv_soc_uartPC16550D@PV1' has no pins
//  Warning: Net 'SCR[7]' in module 'msrv_soc_uartPC16550D@PV1' has no pins
//  Warning: Net 'SCR[6]' in module 'msrv_soc_uartPC16550D@PV1' has no pins
//  Warning: Net 'SCR[5]' in module 'msrv_soc_uartPC16550D@PV1' has no pins
//  Warning: Net 'SCR[4]' in module 'msrv_soc_uartPC16550D@PV1' has no pins
//  Warning: Net 'SCR[3]' in module 'msrv_soc_uartPC16550D@PV1' has no pins
//  Warning: Net 'SCR[2]' in module 'msrv_soc_uartPC16550D@PV1' has no pins
//  Warning: Net 'SCR[1]' in module 'msrv_soc_uartPC16550D@PV1' has no pins
//  Warning: Net 'SCR[0]' in module 'msrv_soc_uartPC16550D@PV1' has no pins
//  Warning: Net 'DLL[7]' in module 'msrv_soc_uartPC16550D@PV1' has no pins
//  Warning: Net 'DLL[6]' in module 'msrv_soc_uartPC16550D@PV1' has no pins
//  Warning: Net 'DLL[5]' in module 'msrv_soc_uartPC16550D@PV1' has no pins
//  Warning: Net 'DLL[4]' in module 'msrv_soc_uartPC16550D@PV1' has no pins
//  Warning: Net 'DLL[3]' in module 'msrv_soc_uartPC16550D@PV1' has no pins
//  Warning: Net 'DLL[2]' in module 'msrv_soc_uartPC16550D@PV1' has no pins
//  Warning: Net 'DLL[1]' in module 'msrv_soc_uartPC16550D@PV1' has no pins
//  Warning: Net 'DLL[0]' in module 'msrv_soc_uartPC16550D@PV1' has no pins
//  Warning: Net 'DLM[7]' in module 'msrv_soc_uartPC16550D@PV1' has no pins
//  Warning: Net 'DLM[6]' in module 'msrv_soc_uartPC16550D@PV1' has no pins
//  Warning: Net 'DLM[5]' in module 'msrv_soc_uartPC16550D@PV1' has no pins
//  Warning: Net 'DLM[4]' in module 'msrv_soc_uartPC16550D@PV1' has no pins
//  Warning: Net 'DLM[3]' in module 'msrv_soc_uartPC16550D@PV1' has no pins
//  Warning: Net 'DLM[2]' in module 'msrv_soc_uartPC16550D@PV1' has no pins
//  Warning: Net 'DLM[1]' in module 'msrv_soc_uartPC16550D@PV1' has no pins
//  Warning: Net 'DLM[0]' in module 'msrv_soc_uartPC16550D@PV1' has no pins
//  Warning: Net 'IER[3]' in module 'msrv_soc_uartPC16550D@PV1' has no pins
//  Warning: Net 'IER[2]' in module 'msrv_soc_uartPC16550D@PV1' has no pins
//  Warning: Net 'IER[1]' in module 'msrv_soc_uartPC16550D@PV1' has no pins
//  Warning: Net 'IER[0]' in module 'msrv_soc_uartPC16550D@PV1' has no pins
//  Warning: Net 'MSR[3]' in module 'msrv_soc_uartPC16550D@PV1' has no pins
//  Warning: Net 'MSR[2]' in module 'msrv_soc_uartPC16550D@PV1' has no pins
//  Warning: Net 'MSR[1]' in module 'msrv_soc_uartPC16550D@PV1' has no pins
//  Warning: Net 'MSR[0]' in module 'msrv_soc_uartPC16550D@PV1' has no pins
//  Warning: Net 'MCR[4]' in module 'msrv_soc_uartPC16550D@PV1' is not driven
//  Warning: Net 'MCR[3]' in module 'msrv_soc_uartPC16550D@PV1' has no pins
//  Warning: Net 'MCR[2]' in module 'msrv_soc_uartPC16550D@PV1' has no pins
//  Warning: Net 'MCR[1]' in module 'msrv_soc_uartPC16550D@PV1' has no pins
//  Warning: Net 'MCR[0]' in module 'msrv_soc_uartPC16550D@PV1' has no pins
//  Warning: Net 'SINd' in module 'msrv_soc_uartPC16550D@PV1' has no pins
//  Warning: Net 'DSRbd' in module 'msrv_soc_uartPC16550D@PV1' has no pins
//  Warning: Net 'DCDbd' in module 'msrv_soc_uartPC16550D@PV1' has no pins
//  Warning: Net 'CTSbd' in module 'msrv_soc_uartPC16550D@PV1' has no pins
//  Warning: Net 'RIbd' in module 'msrv_soc_uartPC16550D@PV1' has no pins
//  Warning: Net 'SINsync' in module 'msrv_soc_uartPC16550D@PV1' has no pins
//  Warning: Net 'DSRbsync' in module 'msrv_soc_uartPC16550D@PV1' has no pins
//  Warning: Net 'DCDbsync' in module 'msrv_soc_uartPC16550D@PV1' has no pins
//  Warning: Net 'CTSbsync' in module 'msrv_soc_uartPC16550D@PV1' has no pins
//  Warning: Net 'RIbsync' in module 'msrv_soc_uartPC16550D@PV1' has no pins
//  Warning: Net 'DSRb2' in module 'msrv_soc_uartPC16550D@PV1' has no pins
//  Warning: Net 'DCDb2' in module 'msrv_soc_uartPC16550D@PV1' has no pins
//  Warning: Net 'CTSb2' in module 'msrv_soc_uartPC16550D@PV1' has no pins
//  Warning: Net 'RIb2' in module 'msrv_soc_uartPC16550D@PV1' has no pins
//  Warning: Net 'baudpulse' in module 'msrv_soc_uartPC16550D@PV1' is not driven
//  Warning: Net 'rxbaudpulse' in module 'msrv_soc_uartPC16550D@PV1' has no pins
//  Warning: Net 'baudcount[16]' in module 'msrv_soc_uartPC16550D@PV1' has no pins
//  Warning: Net 'baudcount[15]' in module 'msrv_soc_uartPC16550D@PV1' has no pins
//  Warning: Net 'baudcount[14]' in module 'msrv_soc_uartPC16550D@PV1' has no pins
//  Warning: Net 'baudcount[13]' in module 'msrv_soc_uartPC16550D@PV1' has no pins
//  Warning: Net 'baudcount[12]' in module 'msrv_soc_uartPC16550D@PV1' has no pins
//  Warning: Net 'baudcount[11]' in module 'msrv_soc_uartPC16550D@PV1' has no pins
//  Warning: Net 'baudcount[10]' in module 'msrv_soc_uartPC16550D@PV1' has no pins
//  Warning: Net 'baudcount[9]' in module 'msrv_soc_uartPC16550D@PV1' has no pins
//  Warning: Net 'baudcount[8]' in module 'msrv_soc_uartPC16550D@PV1' has no pins
//  Warning: Net 'baudcount[7]' in module 'msrv_soc_uartPC16550D@PV1' has no pins
//  Warning: Net 'baudcount[6]' in module 'msrv_soc_uartPC16550D@PV1' has no pins
//  Warning: Net 'baudcount[5]' in module 'msrv_soc_uartPC16550D@PV1' has no pins
//  Warning: Net 'baudcount[4]' in module 'msrv_soc_uartPC16550D@PV1' has no pins
//  Warning: Net 'baudcount[3]' in module 'msrv_soc_uartPC16550D@PV1' has no pins
//  Warning: Net 'baudcount[2]' in module 'msrv_soc_uartPC16550D@PV1' has no pins
//  Warning: Net 'baudcount[1]' in module 'msrv_soc_uartPC16550D@PV1' has no pins
//  Warning: Net 'baudcount[0]' in module 'msrv_soc_uartPC16550D@PV1' has no pins
//  Warning: Net 'rxoversampledcnt[3]' in module 'msrv_soc_uartPC16550D@PV1' has no pins
//  Warning: Net 'rxoversampledcnt[2]' in module 'msrv_soc_uartPC16550D@PV1' has no pins
//  Warning: Net 'rxoversampledcnt[1]' in module 'msrv_soc_uartPC16550D@PV1' has no pins
//  Warning: Net 'rxoversampledcnt[0]' in module 'msrv_soc_uartPC16550D@PV1' has no pins
//  Warning: Net 'txoversampledcnt[3]' in module 'msrv_soc_uartPC16550D@PV1' has no pins
//  Warning: Net 'txoversampledcnt[2]' in module 'msrv_soc_uartPC16550D@PV1' has no pins
//  Warning: Net 'txoversampledcnt[1]' in module 'msrv_soc_uartPC16550D@PV1' has no pins
//  Warning: Net 'txoversampledcnt[0]' in module 'msrv_soc_uartPC16550D@PV1' has no pins
//  Warning: Net 'rxbitsreceived[3]' in module 'msrv_soc_uartPC16550D@PV1' has no pins
//  Warning: Net 'rxbitsreceived[2]' in module 'msrv_soc_uartPC16550D@PV1' has no pins
//  Warning: Net 'rxbitsreceived[1]' in module 'msrv_soc_uartPC16550D@PV1' has no pins
//  Warning: Net 'rxbitsreceived[0]' in module 'msrv_soc_uartPC16550D@PV1' has no pins
//  Warning: Net 'txbitssent[3]' in module 'msrv_soc_uartPC16550D@PV1' has no pins
//  Warning: Net 'txbitssent[2]' in module 'msrv_soc_uartPC16550D@PV1' has no pins
//  Warning: Net 'txbitssent[1]' in module 'msrv_soc_uartPC16550D@PV1' has no pins
//  Warning: Net 'txbitssent[0]' in module 'msrv_soc_uartPC16550D@PV1' has no pins
//  Warning: Net 'rxstate[1]' in module 'msrv_soc_uartPC16550D@PV1' has no pins
//  Warning: Net 'rxstate[0]' in module 'msrv_soc_uartPC16550D@PV1' has no pins
//  Warning: Net 'txstate[1]' in module 'msrv_soc_uartPC16550D@PV1' has no pins
//  Warning: Net 'txstate[0]' in module 'msrv_soc_uartPC16550D@PV1' has no pins
//  Warning: Net 'rxshiftreg[9]' in module 'msrv_soc_uartPC16550D@PV1' has no pins
//  Warning: Net 'rxshiftreg[8]' in module 'msrv_soc_uartPC16550D@PV1' has no pins
//  Warning: Net 'rxshiftreg[7]' in module 'msrv_soc_uartPC16550D@PV1' has no pins
//  Warning: Net 'rxshiftreg[6]' in module 'msrv_soc_uartPC16550D@PV1' has no pins
//  Warning: Net 'rxshiftreg[5]' in module 'msrv_soc_uartPC16550D@PV1' has no pins
//  Warning: Net 'rxshiftreg[4]' in module 'msrv_soc_uartPC16550D@PV1' has no pins
//  Warning: Net 'rxshiftreg[3]' in module 'msrv_soc_uartPC16550D@PV1' has no pins
//  Warning: Net 'rxshiftreg[2]' in module 'msrv_soc_uartPC16550D@PV1' has no pins
//  Warning: Net 'rxshiftreg[1]' in module 'msrv_soc_uartPC16550D@PV1' is not driven
//  Warning: Net 'rxshiftreg[0]' in module 'msrv_soc_uartPC16550D@PV1' is not driven
//  Warning: Net 'rxfifo[175]' in module 'msrv_soc_uartPC16550D@PV1' has no pins
//  Warning: Net 'rxfifo[174]' in module 'msrv_soc_uartPC16550D@PV1' has no pins
//  Warning: Net 'rxfifo[173]' in module 'msrv_soc_uartPC16550D@PV1' has no pins
//  Warning: Net 'rxfifo[172]' in module 'msrv_soc_uartPC16550D@PV1' has no pins
//  Warning: Net 'rxfifo[171]' in module 'msrv_soc_uartPC16550D@PV1' has no pins
//  Warning: Net 'rxfifo[170]' in module 'msrv_soc_uartPC16550D@PV1' has no pins
//  Warning: Net 'rxfifo[169]' in module 'msrv_soc_uartPC16550D@PV1' has no pins
//  Warning: Net 'rxfifo[168]' in module 'msrv_soc_uartPC16550D@PV1' has no pins
//  Warning: Net 'rxfifo[167]' in module 'msrv_soc_uartPC16550D@PV1' has no pins
//  Warning: Net 'rxfifo[166]' in module 'msrv_soc_uartPC16550D@PV1' has no pins
//  Warning: Net 'rxfifo[165]' in module 'msrv_soc_uartPC16550D@PV1' has no pins
//  Warning: Net 'rxfifo[164]' in module 'msrv_soc_uartPC16550D@PV1' has no pins
//  Warning: Net 'rxfifo[163]' in module 'msrv_soc_uartPC16550D@PV1' has no pins
//  Warning: Net 'rxfifo[162]' in module 'msrv_soc_uartPC16550D@PV1' has no pins
//  Warning: Net 'rxfifo[161]' in module 'msrv_soc_uartPC16550D@PV1' has no pins
//  Warning: Net 'rxfifo[160]' in module 'msrv_soc_uartPC16550D@PV1' has no pins
//  Warning: Net 'rxfifo[159]' in module 'msrv_soc_uartPC16550D@PV1' has no pins
//  Warning: Net 'rxfifo[158]' in module 'msrv_soc_uartPC16550D@PV1' has no pins
//  Warning: Net 'rxfifo[157]' in module 'msrv_soc_uartPC16550D@PV1' has no pins
//  Warning: Net 'rxfifo[156]' in module 'msrv_soc_uartPC16550D@PV1' has no pins
//  Warning: Net 'rxfifo[155]' in module 'msrv_soc_uartPC16550D@PV1' has no pins
//  Warning: Net 'rxfifo[154]' in module 'msrv_soc_uartPC16550D@PV1' has no pins
//  Warning: Net 'rxfifo[153]' in module 'msrv_soc_uartPC16550D@PV1' has no pins
//  Warning: Net 'rxfifo[152]' in module 'msrv_soc_uartPC16550D@PV1' has no pins
//  Warning: Net 'rxfifo[151]' in module 'msrv_soc_uartPC16550D@PV1' has no pins
//  Warning: Net 'rxfifo[150]' in module 'msrv_soc_uartPC16550D@PV1' has no pins
//  Warning: Net 'rxfifo[149]' in module 'msrv_soc_uartPC16550D@PV1' has no pins
//  Warning: Net 'rxfifo[148]' in module 'msrv_soc_uartPC16550D@PV1' has no pins
//  Warning: Net 'rxfifo[147]' in module 'msrv_soc_uartPC16550D@PV1' has no pins
//  Warning: Net 'rxfifo[146]' in module 'msrv_soc_uartPC16550D@PV1' has no pins
//  Warning: Net 'rxfifo[145]' in module 'msrv_soc_uartPC16550D@PV1' has no pins
//  Warning: Net 'rxfifo[144]' in module 'msrv_soc_uartPC16550D@PV1' has no pins
//  Warning: Net 'rxfifo[143]' in module 'msrv_soc_uartPC16550D@PV1' has no pins
//  Warning: Net 'rxfifo[142]' in module 'msrv_soc_uartPC16550D@PV1' has no pins
//  Warning: Net 'rxfifo[141]' in module 'msrv_soc_uartPC16550D@PV1' has no pins
//  Warning: Net 'rxfifo[140]' in module 'msrv_soc_uartPC16550D@PV1' has no pins
//  Warning: Net 'rxfifo[139]' in module 'msrv_soc_uartPC16550D@PV1' has no pins
//  Warning: Net 'rxfifo[138]' in module 'msrv_soc_uartPC16550D@PV1' has no pins
//  Warning: Net 'rxfifo[137]' in module 'msrv_soc_uartPC16550D@PV1' has no pins
//  Warning: Net 'rxfifo[136]' in module 'msrv_soc_uartPC16550D@PV1' has no pins
//  Warning: Net 'rxfifo[135]' in module 'msrv_soc_uartPC16550D@PV1' has no pins
//  Warning: Net 'rxfifo[134]' in module 'msrv_soc_uartPC16550D@PV1' has no pins
//  Warning: Net 'rxfifo[133]' in module 'msrv_soc_uartPC16550D@PV1' has no pins
//  Warning: Net 'rxfifo[132]' in module 'msrv_soc_uartPC16550D@PV1' has no pins
//  Warning: Net 'rxfifo[131]' in module 'msrv_soc_uartPC16550D@PV1' has no pins
//  Warning: Net 'rxfifo[130]' in module 'msrv_soc_uartPC16550D@PV1' has no pins
//  Warning: Net 'rxfifo[129]' in module 'msrv_soc_uartPC16550D@PV1' has no pins
//  Warning: Net 'rxfifo[128]' in module 'msrv_soc_uartPC16550D@PV1' has no pins
//  Warning: Net 'rxfifo[127]' in module 'msrv_soc_uartPC16550D@PV1' has no pins
//  Warning: Net 'rxfifo[126]' in module 'msrv_soc_uartPC16550D@PV1' has no pins
//  Warning: Net 'rxfifo[125]' in module 'msrv_soc_uartPC16550D@PV1' has no pins
//  Warning: Net 'rxfifo[124]' in module 'msrv_soc_uartPC16550D@PV1' has no pins
//  Warning: Net 'rxfifo[123]' in module 'msrv_soc_uartPC16550D@PV1' has no pins
//  Warning: Net 'rxfifo[122]' in module 'msrv_soc_uartPC16550D@PV1' has no pins
//  Warning: Net 'rxfifo[121]' in module 'msrv_soc_uartPC16550D@PV1' has no pins
//  Warning: Net 'rxfifo[120]' in module 'msrv_soc_uartPC16550D@PV1' has no pins
//  Warning: Net 'rxfifo[119]' in module 'msrv_soc_uartPC16550D@PV1' has no pins
//  Warning: Net 'rxfifo[118]' in module 'msrv_soc_uartPC16550D@PV1' has no pins
//  Warning: Net 'rxfifo[117]' in module 'msrv_soc_uartPC16550D@PV1' has no pins
//  Warning: Net 'rxfifo[116]' in module 'msrv_soc_uartPC16550D@PV1' has no pins
//  Warning: Net 'rxfifo[115]' in module 'msrv_soc_uartPC16550D@PV1' has no pins
//  Warning: Net 'rxfifo[114]' in module 'msrv_soc_uartPC16550D@PV1' has no pins
//  Warning: Net 'rxfifo[113]' in module 'msrv_soc_uartPC16550D@PV1' has no pins
//  Warning: Net 'rxfifo[112]' in module 'msrv_soc_uartPC16550D@PV1' has no pins
//  Warning: Net 'rxfifo[111]' in module 'msrv_soc_uartPC16550D@PV1' has no pins
//  Warning: Net 'rxfifo[110]' in module 'msrv_soc_uartPC16550D@PV1' has no pins
//  Warning: Net 'rxfifo[109]' in module 'msrv_soc_uartPC16550D@PV1' has no pins
//  Warning: Net 'rxfifo[108]' in module 'msrv_soc_uartPC16550D@PV1' has no pins
//  Warning: Net 'rxfifo[107]' in module 'msrv_soc_uartPC16550D@PV1' has no pins
//  Warning: Net 'rxfifo[106]' in module 'msrv_soc_uartPC16550D@PV1' has no pins
//  Warning: Net 'rxfifo[105]' in module 'msrv_soc_uartPC16550D@PV1' has no pins
//  Warning: Net 'rxfifo[104]' in module 'msrv_soc_uartPC16550D@PV1' has no pins
//  Warning: Net 'rxfifo[103]' in module 'msrv_soc_uartPC16550D@PV1' has no pins
//  Warning: Net 'rxfifo[102]' in module 'msrv_soc_uartPC16550D@PV1' has no pins
//  Warning: Net 'rxfifo[101]' in module 'msrv_soc_uartPC16550D@PV1' has no pins
//  Warning: Net 'rxfifo[100]' in module 'msrv_soc_uartPC16550D@PV1' has no pins
//  Warning: Net 'rxfifo[99]' in module 'msrv_soc_uartPC16550D@PV1' has no pins
//  Warning: Net 'rxfifo[98]' in module 'msrv_soc_uartPC16550D@PV1' has no pins
//  Warning: Net 'rxfifo[97]' in module 'msrv_soc_uartPC16550D@PV1' has no pins
//  Warning: Net 'rxfifo[96]' in module 'msrv_soc_uartPC16550D@PV1' has no pins
//  Warning: Net 'rxfifo[95]' in module 'msrv_soc_uartPC16550D@PV1' has no pins
//  Warning: Net 'rxfifo[94]' in module 'msrv_soc_uartPC16550D@PV1' has no pins
//  Warning: Net 'rxfifo[93]' in module 'msrv_soc_uartPC16550D@PV1' has no pins
//  Warning: Net 'rxfifo[92]' in module 'msrv_soc_uartPC16550D@PV1' has no pins
//  Warning: Net 'rxfifo[91]' in module 'msrv_soc_uartPC16550D@PV1' has no pins
//  Warning: Net 'rxfifo[90]' in module 'msrv_soc_uartPC16550D@PV1' has no pins
//  Warning: Net 'rxfifo[89]' in module 'msrv_soc_uartPC16550D@PV1' has no pins
//  Warning: Net 'rxfifo[88]' in module 'msrv_soc_uartPC16550D@PV1' has no pins
//  Warning: Net 'rxfifo[87]' in module 'msrv_soc_uartPC16550D@PV1' has no pins
//  Warning: Net 'rxfifo[86]' in module 'msrv_soc_uartPC16550D@PV1' has no pins
//  Warning: Net 'rxfifo[85]' in module 'msrv_soc_uartPC16550D@PV1' has no pins
//  Warning: Net 'rxfifo[84]' in module 'msrv_soc_uartPC16550D@PV1' has no pins
//  Warning: Net 'rxfifo[83]' in module 'msrv_soc_uartPC16550D@PV1' has no pins
//  Warning: Net 'rxfifo[82]' in module 'msrv_soc_uartPC16550D@PV1' has no pins
//  Warning: Net 'rxfifo[81]' in module 'msrv_soc_uartPC16550D@PV1' has no pins
//  Warning: Net 'rxfifo[80]' in module 'msrv_soc_uartPC16550D@PV1' has no pins
//  Warning: Net 'rxfifo[79]' in module 'msrv_soc_uartPC16550D@PV1' has no pins
//  Warning: Net 'rxfifo[78]' in module 'msrv_soc_uartPC16550D@PV1' has no pins
//  Warning: Net 'rxfifo[77]' in module 'msrv_soc_uartPC16550D@PV1' has no pins
//  Warning: Net 'rxfifo[76]' in module 'msrv_soc_uartPC16550D@PV1' has no pins
//  Warning: Net 'rxfifo[75]' in module 'msrv_soc_uartPC16550D@PV1' has no pins
//  Warning: Net 'rxfifo[74]' in module 'msrv_soc_uartPC16550D@PV1' has no pins
//  Warning: Net 'rxfifo[73]' in module 'msrv_soc_uartPC16550D@PV1' has no pins
//  Warning: Net 'rxfifo[72]' in module 'msrv_soc_uartPC16550D@PV1' has no pins
//  Warning: Net 'rxfifo[71]' in module 'msrv_soc_uartPC16550D@PV1' has no pins
//  Warning: Net 'rxfifo[70]' in module 'msrv_soc_uartPC16550D@PV1' has no pins
//  Warning: Net 'rxfifo[69]' in module 'msrv_soc_uartPC16550D@PV1' has no pins
//  Warning: Net 'rxfifo[68]' in module 'msrv_soc_uartPC16550D@PV1' has no pins
//  Warning: Net 'rxfifo[67]' in module 'msrv_soc_uartPC16550D@PV1' has no pins
//  Warning: Net 'rxfifo[66]' in module 'msrv_soc_uartPC16550D@PV1' has no pins
//  Warning: Net 'rxfifo[65]' in module 'msrv_soc_uartPC16550D@PV1' has no pins
//  Warning: Net 'rxfifo[64]' in module 'msrv_soc_uartPC16550D@PV1' has no pins
//  Warning: Net 'rxfifo[63]' in module 'msrv_soc_uartPC16550D@PV1' has no pins
//  Warning: Net 'rxfifo[62]' in module 'msrv_soc_uartPC16550D@PV1' has no pins
//  Warning: Net 'rxfifo[61]' in module 'msrv_soc_uartPC16550D@PV1' has no pins
//  Warning: Net 'rxfifo[60]' in module 'msrv_soc_uartPC16550D@PV1' has no pins
//  Warning: Net 'rxfifo[59]' in module 'msrv_soc_uartPC16550D@PV1' has no pins
//  Warning: Net 'rxfifo[58]' in module 'msrv_soc_uartPC16550D@PV1' has no pins
//  Warning: Net 'rxfifo[57]' in module 'msrv_soc_uartPC16550D@PV1' has no pins
//  Warning: Net 'rxfifo[56]' in module 'msrv_soc_uartPC16550D@PV1' has no pins
//  Warning: Net 'rxfifo[55]' in module 'msrv_soc_uartPC16550D@PV1' has no pins
//  Warning: Net 'rxfifo[54]' in module 'msrv_soc_uartPC16550D@PV1' has no pins
//  Warning: Net 'rxfifo[53]' in module 'msrv_soc_uartPC16550D@PV1' has no pins
//  Warning: Net 'rxfifo[52]' in module 'msrv_soc_uartPC16550D@PV1' has no pins
//  Warning: Net 'rxfifo[51]' in module 'msrv_soc_uartPC16550D@PV1' has no pins
//  Warning: Net 'rxfifo[50]' in module 'msrv_soc_uartPC16550D@PV1' has no pins
//  Warning: Net 'rxfifo[49]' in module 'msrv_soc_uartPC16550D@PV1' has no pins
//  Warning: Net 'rxfifo[48]' in module 'msrv_soc_uartPC16550D@PV1' has no pins
//  Warning: Net 'rxfifo[47]' in module 'msrv_soc_uartPC16550D@PV1' has no pins
//  Warning: Net 'rxfifo[46]' in module 'msrv_soc_uartPC16550D@PV1' has no pins
//  Warning: Net 'rxfifo[45]' in module 'msrv_soc_uartPC16550D@PV1' has no pins
//  Warning: Net 'rxfifo[44]' in module 'msrv_soc_uartPC16550D@PV1' has no pins
//  Warning: Net 'rxfifo[43]' in module 'msrv_soc_uartPC16550D@PV1' has no pins
//  Warning: Net 'rxfifo[42]' in module 'msrv_soc_uartPC16550D@PV1' has no pins
//  Warning: Net 'rxfifo[41]' in module 'msrv_soc_uartPC16550D@PV1' has no pins
//  Warning: Net 'rxfifo[40]' in module 'msrv_soc_uartPC16550D@PV1' has no pins
//  Warning: Net 'rxfifo[39]' in module 'msrv_soc_uartPC16550D@PV1' has no pins
//  Warning: Net 'rxfifo[38]' in module 'msrv_soc_uartPC16550D@PV1' has no pins
//  Warning: Net 'rxfifo[37]' in module 'msrv_soc_uartPC16550D@PV1' has no pins
//  Warning: Net 'rxfifo[36]' in module 'msrv_soc_uartPC16550D@PV1' has no pins
//  Warning: Net 'rxfifo[35]' in module 'msrv_soc_uartPC16550D@PV1' has no pins
//  Warning: Net 'rxfifo[34]' in module 'msrv_soc_uartPC16550D@PV1' has no pins
//  Warning: Net 'rxfifo[33]' in module 'msrv_soc_uartPC16550D@PV1' has no pins
//  Warning: Net 'rxfifo[32]' in module 'msrv_soc_uartPC16550D@PV1' has no pins
//  Warning: Net 'rxfifo[31]' in module 'msrv_soc_uartPC16550D@PV1' has no pins
//  Warning: Net 'rxfifo[30]' in module 'msrv_soc_uartPC16550D@PV1' has no pins
//  Warning: Net 'rxfifo[29]' in module 'msrv_soc_uartPC16550D@PV1' has no pins
//  Warning: Net 'rxfifo[28]' in module 'msrv_soc_uartPC16550D@PV1' has no pins
//  Warning: Net 'rxfifo[27]' in module 'msrv_soc_uartPC16550D@PV1' has no pins
//  Warning: Net 'rxfifo[26]' in module 'msrv_soc_uartPC16550D@PV1' has no pins
//  Warning: Net 'rxfifo[25]' in module 'msrv_soc_uartPC16550D@PV1' has no pins
//  Warning: Net 'rxfifo[24]' in module 'msrv_soc_uartPC16550D@PV1' has no pins
//  Warning: Net 'rxfifo[23]' in module 'msrv_soc_uartPC16550D@PV1' has no pins
//  Warning: Net 'rxfifo[22]' in module 'msrv_soc_uartPC16550D@PV1' has no pins
//  Warning: Net 'rxfifo[21]' in module 'msrv_soc_uartPC16550D@PV1' has no pins
//  Warning: Net 'rxfifo[20]' in module 'msrv_soc_uartPC16550D@PV1' has no pins
//  Warning: Net 'rxfifo[19]' in module 'msrv_soc_uartPC16550D@PV1' has no pins
//  Warning: Net 'rxfifo[18]' in module 'msrv_soc_uartPC16550D@PV1' has no pins
//  Warning: Net 'rxfifo[17]' in module 'msrv_soc_uartPC16550D@PV1' has no pins
//  Warning: Net 'rxfifo[16]' in module 'msrv_soc_uartPC16550D@PV1' has no pins
//  Warning: Net 'rxfifo[15]' in module 'msrv_soc_uartPC16550D@PV1' has no pins
//  Warning: Net 'rxfifo[14]' in module 'msrv_soc_uartPC16550D@PV1' has no pins
//  Warning: Net 'rxfifo[13]' in module 'msrv_soc_uartPC16550D@PV1' has no pins
//  Warning: Net 'rxfifo[12]' in module 'msrv_soc_uartPC16550D@PV1' has no pins
//  Warning: Net 'rxfifo[11]' in module 'msrv_soc_uartPC16550D@PV1' has no pins
//  Warning: Net 'rxfifo[10]' in module 'msrv_soc_uartPC16550D@PV1' has no pins
//  Warning: Net 'rxfifo[9]' in module 'msrv_soc_uartPC16550D@PV1' has no pins
//  Warning: Net 'rxfifo[8]' in module 'msrv_soc_uartPC16550D@PV1' has no pins
//  Warning: Net 'rxfifo[7]' in module 'msrv_soc_uartPC16550D@PV1' has no pins
//  Warning: Net 'rxfifo[6]' in module 'msrv_soc_uartPC16550D@PV1' has no pins
//  Warning: Net 'rxfifo[5]' in module 'msrv_soc_uartPC16550D@PV1' has no pins
//  Warning: Net 'rxfifo[4]' in module 'msrv_soc_uartPC16550D@PV1' has no pins
//  Warning: Net 'rxfifo[3]' in module 'msrv_soc_uartPC16550D@PV1' has no pins
//  Warning: Net 'rxfifo[2]' in module 'msrv_soc_uartPC16550D@PV1' has no pins
//  Warning: Net 'rxfifo[1]' in module 'msrv_soc_uartPC16550D@PV1' has no pins
//  Warning: Net 'rxfifo[0]' in module 'msrv_soc_uartPC16550D@PV1' has no pins
//  Warning: Net 'txfifo[127]' in module 'msrv_soc_uartPC16550D@PV1' has no pins
//  Warning: Net 'txfifo[126]' in module 'msrv_soc_uartPC16550D@PV1' has no pins
//  Warning: Net 'txfifo[125]' in module 'msrv_soc_uartPC16550D@PV1' has no pins
//  Warning: Net 'txfifo[124]' in module 'msrv_soc_uartPC16550D@PV1' has no pins
//  Warning: Net 'txfifo[123]' in module 'msrv_soc_uartPC16550D@PV1' has no pins
//  Warning: Net 'txfifo[122]' in module 'msrv_soc_uartPC16550D@PV1' has no pins
//  Warning: Net 'txfifo[121]' in module 'msrv_soc_uartPC16550D@PV1' has no pins
//  Warning: Net 'txfifo[120]' in module 'msrv_soc_uartPC16550D@PV1' has no pins
//  Warning: Net 'txfifo[119]' in module 'msrv_soc_uartPC16550D@PV1' has no pins
//  Warning: Net 'txfifo[118]' in module 'msrv_soc_uartPC16550D@PV1' has no pins
//  Warning: Net 'txfifo[117]' in module 'msrv_soc_uartPC16550D@PV1' has no pins
//  Warning: Net 'txfifo[116]' in module 'msrv_soc_uartPC16550D@PV1' has no pins
//  Warning: Net 'txfifo[115]' in module 'msrv_soc_uartPC16550D@PV1' has no pins
//  Warning: Net 'txfifo[114]' in module 'msrv_soc_uartPC16550D@PV1' has no pins
//  Warning: Net 'txfifo[113]' in module 'msrv_soc_uartPC16550D@PV1' has no pins
//  Warning: Net 'txfifo[112]' in module 'msrv_soc_uartPC16550D@PV1' has no pins
//  Warning: Net 'txfifo[111]' in module 'msrv_soc_uartPC16550D@PV1' has no pins
//  Warning: Net 'txfifo[110]' in module 'msrv_soc_uartPC16550D@PV1' has no pins
//  Warning: Net 'txfifo[109]' in module 'msrv_soc_uartPC16550D@PV1' has no pins
//  Warning: Net 'txfifo[108]' in module 'msrv_soc_uartPC16550D@PV1' has no pins
//  Warning: Net 'txfifo[107]' in module 'msrv_soc_uartPC16550D@PV1' has no pins
//  Warning: Net 'txfifo[106]' in module 'msrv_soc_uartPC16550D@PV1' has no pins
//  Warning: Net 'txfifo[105]' in module 'msrv_soc_uartPC16550D@PV1' has no pins
//  Warning: Net 'txfifo[104]' in module 'msrv_soc_uartPC16550D@PV1' has no pins
//  Warning: Net 'txfifo[103]' in module 'msrv_soc_uartPC16550D@PV1' has no pins
//  Warning: Net 'txfifo[102]' in module 'msrv_soc_uartPC16550D@PV1' has no pins
//  Warning: Net 'txfifo[101]' in module 'msrv_soc_uartPC16550D@PV1' has no pins
//  Warning: Net 'txfifo[100]' in module 'msrv_soc_uartPC16550D@PV1' has no pins
//  Warning: Net 'txfifo[99]' in module 'msrv_soc_uartPC16550D@PV1' has no pins
//  Warning: Net 'txfifo[98]' in module 'msrv_soc_uartPC16550D@PV1' has no pins
//  Warning: Net 'txfifo[97]' in module 'msrv_soc_uartPC16550D@PV1' has no pins
//  Warning: Net 'txfifo[96]' in module 'msrv_soc_uartPC16550D@PV1' has no pins
//  Warning: Net 'txfifo[95]' in module 'msrv_soc_uartPC16550D@PV1' has no pins
//  Warning: Net 'txfifo[94]' in module 'msrv_soc_uartPC16550D@PV1' has no pins
//  Warning: Net 'txfifo[93]' in module 'msrv_soc_uartPC16550D@PV1' has no pins
//  Warning: Net 'txfifo[92]' in module 'msrv_soc_uartPC16550D@PV1' has no pins
//  Warning: Net 'txfifo[91]' in module 'msrv_soc_uartPC16550D@PV1' has no pins
//  Warning: Net 'txfifo[90]' in module 'msrv_soc_uartPC16550D@PV1' has no pins
//  Warning: Net 'txfifo[89]' in module 'msrv_soc_uartPC16550D@PV1' has no pins
//  Warning: Net 'txfifo[88]' in module 'msrv_soc_uartPC16550D@PV1' has no pins
//  Warning: Net 'txfifo[87]' in module 'msrv_soc_uartPC16550D@PV1' has no pins
//  Warning: Net 'txfifo[86]' in module 'msrv_soc_uartPC16550D@PV1' has no pins
//  Warning: Net 'txfifo[85]' in module 'msrv_soc_uartPC16550D@PV1' has no pins
//  Warning: Net 'txfifo[84]' in module 'msrv_soc_uartPC16550D@PV1' has no pins
//  Warning: Net 'txfifo[83]' in module 'msrv_soc_uartPC16550D@PV1' has no pins
//  Warning: Net 'txfifo[82]' in module 'msrv_soc_uartPC16550D@PV1' has no pins
//  Warning: Net 'txfifo[81]' in module 'msrv_soc_uartPC16550D@PV1' has no pins
//  Warning: Net 'txfifo[80]' in module 'msrv_soc_uartPC16550D@PV1' has no pins
//  Warning: Net 'txfifo[79]' in module 'msrv_soc_uartPC16550D@PV1' has no pins
//  Warning: Net 'txfifo[78]' in module 'msrv_soc_uartPC16550D@PV1' has no pins
//  Warning: Net 'txfifo[77]' in module 'msrv_soc_uartPC16550D@PV1' has no pins
//  Warning: Net 'txfifo[76]' in module 'msrv_soc_uartPC16550D@PV1' has no pins
//  Warning: Net 'txfifo[75]' in module 'msrv_soc_uartPC16550D@PV1' has no pins
//  Warning: Net 'txfifo[74]' in module 'msrv_soc_uartPC16550D@PV1' has no pins
//  Warning: Net 'txfifo[73]' in module 'msrv_soc_uartPC16550D@PV1' has no pins
//  Warning: Net 'txfifo[72]' in module 'msrv_soc_uartPC16550D@PV1' has no pins
//  Warning: Net 'txfifo[71]' in module 'msrv_soc_uartPC16550D@PV1' has no pins
//  Warning: Net 'txfifo[70]' in module 'msrv_soc_uartPC16550D@PV1' has no pins
//  Warning: Net 'txfifo[69]' in module 'msrv_soc_uartPC16550D@PV1' has no pins
//  Warning: Net 'txfifo[68]' in module 'msrv_soc_uartPC16550D@PV1' has no pins
//  Warning: Net 'txfifo[67]' in module 'msrv_soc_uartPC16550D@PV1' has no pins
//  Warning: Net 'txfifo[66]' in module 'msrv_soc_uartPC16550D@PV1' has no pins
//  Warning: Net 'txfifo[65]' in module 'msrv_soc_uartPC16550D@PV1' has no pins
//  Warning: Net 'txfifo[64]' in module 'msrv_soc_uartPC16550D@PV1' has no pins
//  Warning: Net 'txfifo[63]' in module 'msrv_soc_uartPC16550D@PV1' has no pins
//  Warning: Net 'txfifo[62]' in module 'msrv_soc_uartPC16550D@PV1' has no pins
//  Warning: Net 'txfifo[61]' in module 'msrv_soc_uartPC16550D@PV1' has no pins
//  Warning: Net 'txfifo[60]' in module 'msrv_soc_uartPC16550D@PV1' has no pins
//  Warning: Net 'txfifo[59]' in module 'msrv_soc_uartPC16550D@PV1' has no pins
//  Warning: Net 'txfifo[58]' in module 'msrv_soc_uartPC16550D@PV1' has no pins
//  Warning: Net 'txfifo[57]' in module 'msrv_soc_uartPC16550D@PV1' has no pins
//  Warning: Net 'txfifo[56]' in module 'msrv_soc_uartPC16550D@PV1' has no pins
//  Warning: Net 'txfifo[55]' in module 'msrv_soc_uartPC16550D@PV1' has no pins
//  Warning: Net 'txfifo[54]' in module 'msrv_soc_uartPC16550D@PV1' has no pins
//  Warning: Net 'txfifo[53]' in module 'msrv_soc_uartPC16550D@PV1' has no pins
//  Warning: Net 'txfifo[52]' in module 'msrv_soc_uartPC16550D@PV1' has no pins
//  Warning: Net 'txfifo[51]' in module 'msrv_soc_uartPC16550D@PV1' has no pins
//  Warning: Net 'txfifo[50]' in module 'msrv_soc_uartPC16550D@PV1' has no pins
//  Warning: Net 'txfifo[49]' in module 'msrv_soc_uartPC16550D@PV1' has no pins
//  Warning: Net 'txfifo[48]' in module 'msrv_soc_uartPC16550D@PV1' has no pins
//  Warning: Net 'txfifo[47]' in module 'msrv_soc_uartPC16550D@PV1' has no pins
//  Warning: Net 'txfifo[46]' in module 'msrv_soc_uartPC16550D@PV1' has no pins
//  Warning: Net 'txfifo[45]' in module 'msrv_soc_uartPC16550D@PV1' has no pins
//  Warning: Net 'txfifo[44]' in module 'msrv_soc_uartPC16550D@PV1' has no pins
//  Warning: Net 'txfifo[43]' in module 'msrv_soc_uartPC16550D@PV1' has no pins
//  Warning: Net 'txfifo[42]' in module 'msrv_soc_uartPC16550D@PV1' has no pins
//  Warning: Net 'txfifo[41]' in module 'msrv_soc_uartPC16550D@PV1' has no pins
//  Warning: Net 'txfifo[40]' in module 'msrv_soc_uartPC16550D@PV1' has no pins
//  Warning: Net 'txfifo[39]' in module 'msrv_soc_uartPC16550D@PV1' has no pins
//  Warning: Net 'txfifo[38]' in module 'msrv_soc_uartPC16550D@PV1' has no pins
//  Warning: Net 'txfifo[37]' in module 'msrv_soc_uartPC16550D@PV1' has no pins
//  Warning: Net 'txfifo[36]' in module 'msrv_soc_uartPC16550D@PV1' has no pins
//  Warning: Net 'txfifo[35]' in module 'msrv_soc_uartPC16550D@PV1' has no pins
//  Warning: Net 'txfifo[34]' in module 'msrv_soc_uartPC16550D@PV1' has no pins
//  Warning: Net 'txfifo[33]' in module 'msrv_soc_uartPC16550D@PV1' has no pins
//  Warning: Net 'txfifo[32]' in module 'msrv_soc_uartPC16550D@PV1' has no pins
//  Warning: Net 'txfifo[31]' in module 'msrv_soc_uartPC16550D@PV1' has no pins
//  Warning: Net 'txfifo[30]' in module 'msrv_soc_uartPC16550D@PV1' has no pins
//  Warning: Net 'txfifo[29]' in module 'msrv_soc_uartPC16550D@PV1' has no pins
//  Warning: Net 'txfifo[28]' in module 'msrv_soc_uartPC16550D@PV1' has no pins
//  Warning: Net 'txfifo[27]' in module 'msrv_soc_uartPC16550D@PV1' has no pins
//  Warning: Net 'txfifo[26]' in module 'msrv_soc_uartPC16550D@PV1' has no pins
//  Warning: Net 'txfifo[25]' in module 'msrv_soc_uartPC16550D@PV1' has no pins
//  Warning: Net 'txfifo[24]' in module 'msrv_soc_uartPC16550D@PV1' has no pins
//  Warning: Net 'txfifo[23]' in module 'msrv_soc_uartPC16550D@PV1' has no pins
//  Warning: Net 'txfifo[22]' in module 'msrv_soc_uartPC16550D@PV1' has no pins
//  Warning: Net 'txfifo[21]' in module 'msrv_soc_uartPC16550D@PV1' has no pins
//  Warning: Net 'txfifo[20]' in module 'msrv_soc_uartPC16550D@PV1' has no pins
//  Warning: Net 'txfifo[19]' in module 'msrv_soc_uartPC16550D@PV1' has no pins
//  Warning: Net 'txfifo[18]' in module 'msrv_soc_uartPC16550D@PV1' has no pins
//  Warning: Net 'txfifo[17]' in module 'msrv_soc_uartPC16550D@PV1' has no pins
//  Warning: Net 'txfifo[16]' in module 'msrv_soc_uartPC16550D@PV1' has no pins
//  Warning: Net 'txfifo[15]' in module 'msrv_soc_uartPC16550D@PV1' has no pins
//  Warning: Net 'txfifo[14]' in module 'msrv_soc_uartPC16550D@PV1' has no pins
//  Warning: Net 'txfifo[13]' in module 'msrv_soc_uartPC16550D@PV1' has no pins
//  Warning: Net 'txfifo[12]' in module 'msrv_soc_uartPC16550D@PV1' has no pins
//  Warning: Net 'txfifo[11]' in module 'msrv_soc_uartPC16550D@PV1' has no pins
//  Warning: Net 'txfifo[10]' in module 'msrv_soc_uartPC16550D@PV1' has no pins
//  Warning: Net 'txfifo[9]' in module 'msrv_soc_uartPC16550D@PV1' has no pins
//  Warning: Net 'txfifo[8]' in module 'msrv_soc_uartPC16550D@PV1' has no pins
//  Warning: Net 'txfifo[7]' in module 'msrv_soc_uartPC16550D@PV1' has no pins
//  Warning: Net 'txfifo[6]' in module 'msrv_soc_uartPC16550D@PV1' has no pins
//  Warning: Net 'txfifo[5]' in module 'msrv_soc_uartPC16550D@PV1' has no pins
//  Warning: Net 'txfifo[4]' in module 'msrv_soc_uartPC16550D@PV1' has no pins
//  Warning: Net 'txfifo[3]' in module 'msrv_soc_uartPC16550D@PV1' has no pins
//  Warning: Net 'txfifo[2]' in module 'msrv_soc_uartPC16550D@PV1' has no pins
//  Warning: Net 'txfifo[1]' in module 'msrv_soc_uartPC16550D@PV1' has no pins
//  Warning: Net 'txfifo[0]' in module 'msrv_soc_uartPC16550D@PV1' has no pins
//  Warning: Net 'rxfifotailunwrapped[4]' in module 'msrv_soc_uartPC16550D@PV1' has no pins
//  Warning: Net 'rxfifotailunwrapped[3]' in module 'msrv_soc_uartPC16550D@PV1' has no pins
//  Warning: Net 'rxfifotailunwrapped[2]' in module 'msrv_soc_uartPC16550D@PV1' has no pins
//  Warning: Net 'rxfifotailunwrapped[1]' in module 'msrv_soc_uartPC16550D@PV1' has no pins
//  Warning: Net 'rxfifotailunwrapped[0]' in module 'msrv_soc_uartPC16550D@PV1' has no pins
//  Warning: Net 'rxfifohead[3]' in module 'msrv_soc_uartPC16550D@PV1' has no pins
//  Warning: Net 'rxfifohead[2]' in module 'msrv_soc_uartPC16550D@PV1' has no pins
//  Warning: Net 'rxfifohead[1]' in module 'msrv_soc_uartPC16550D@PV1' has no pins
//  Warning: Net 'rxfifohead[0]' in module 'msrv_soc_uartPC16550D@PV1' has no pins
//  Warning: Net 'rxfifotail[3]' in module 'msrv_soc_uartPC16550D@PV1' has no pins
//  Warning: Net 'rxfifotail[2]' in module 'msrv_soc_uartPC16550D@PV1' has no pins
//  Warning: Net 'rxfifotail[1]' in module 'msrv_soc_uartPC16550D@PV1' has no pins
//  Warning: Net 'rxfifotail[0]' in module 'msrv_soc_uartPC16550D@PV1' has no pins
//  Warning: Net 'txfifohead[3]' in module 'msrv_soc_uartPC16550D@PV1' has no pins
//  Warning: Net 'txfifohead[2]' in module 'msrv_soc_uartPC16550D@PV1' has no pins
//  Warning: Net 'txfifohead[1]' in module 'msrv_soc_uartPC16550D@PV1' has no pins
//  Warning: Net 'txfifohead[0]' in module 'msrv_soc_uartPC16550D@PV1' has no pins
//  Warning: Net 'txfifotail[3]' in module 'msrv_soc_uartPC16550D@PV1' has no pins
//  Warning: Net 'txfifotail[2]' in module 'msrv_soc_uartPC16550D@PV1' has no pins
//  Warning: Net 'txfifotail[1]' in module 'msrv_soc_uartPC16550D@PV1' has no pins
//  Warning: Net 'txfifotail[0]' in module 'msrv_soc_uartPC16550D@PV1' has no pins
//  Warning: Net 'rxfifotriggerlevel[3]' in module 'msrv_soc_uartPC16550D@PV1' has no pins
//  Warning: Net 'rxfifotriggerlevel[2]' in module 'msrv_soc_uartPC16550D@PV1' has no pins
//  Warning: Net 'rxfifotriggerlevel[1]' in module 'msrv_soc_uartPC16550D@PV1' has no pins
//  Warning: Net 'rxfifotriggerlevel[0]' in module 'msrv_soc_uartPC16550D@PV1' has no pins
//  Warning: Net 'rxfifoentries[3]' in module 'msrv_soc_uartPC16550D@PV1' has no pins
//  Warning: Net 'rxfifoentries[2]' in module 'msrv_soc_uartPC16550D@PV1' has no pins
//  Warning: Net 'rxfifoentries[1]' in module 'msrv_soc_uartPC16550D@PV1' has no pins
//  Warning: Net 'rxfifoentries[0]' in module 'msrv_soc_uartPC16550D@PV1' has no pins
//  Warning: Net 'rxbitsexpected[3]' in module 'msrv_soc_uartPC16550D@PV1' has no pins
//  Warning: Net 'rxbitsexpected[2]' in module 'msrv_soc_uartPC16550D@PV1' has no pins
//  Warning: Net 'rxbitsexpected[1]' in module 'msrv_soc_uartPC16550D@PV1' has no pins
//  Warning: Net 'rxbitsexpected[0]' in module 'msrv_soc_uartPC16550D@PV1' has no pins
//  Warning: Net 'txbitsexpected[3]' in module 'msrv_soc_uartPC16550D@PV1' has no pins
//  Warning: Net 'txbitsexpected[2]' in module 'msrv_soc_uartPC16550D@PV1' has no pins
//  Warning: Net 'txbitsexpected[1]' in module 'msrv_soc_uartPC16550D@PV1' has no pins
//  Warning: Net 'txbitsexpected[0]' in module 'msrv_soc_uartPC16550D@PV1' has no pins
//  Warning: Net 'RXBR[10]' in module 'msrv_soc_uartPC16550D@PV1' has no pins
//  Warning: Net 'RXBR[9]' in module 'msrv_soc_uartPC16550D@PV1' has no pins
//  Warning: Net 'RXBR[8]' in module 'msrv_soc_uartPC16550D@PV1' has no pins
//  Warning: Net 'RXBR[7]' in module 'msrv_soc_uartPC16550D@PV1' has no pins
//  Warning: Net 'RXBR[6]' in module 'msrv_soc_uartPC16550D@PV1' has no pins
//  Warning: Net 'RXBR[5]' in module 'msrv_soc_uartPC16550D@PV1' has no pins
//  Warning: Net 'RXBR[4]' in module 'msrv_soc_uartPC16550D@PV1' has no pins
//  Warning: Net 'RXBR[3]' in module 'msrv_soc_uartPC16550D@PV1' has no pins
//  Warning: Net 'RXBR[2]' in module 'msrv_soc_uartPC16550D@PV1' has no pins
//  Warning: Net 'RXBR[1]' in module 'msrv_soc_uartPC16550D@PV1' has no pins
//  Warning: Net 'RXBR[0]' in module 'msrv_soc_uartPC16550D@PV1' has no pins
//  Warning: Net 'rxtimeoutcnt[9]' in module 'msrv_soc_uartPC16550D@PV1' has no pins
//  Warning: Net 'rxtimeoutcnt[8]' in module 'msrv_soc_uartPC16550D@PV1' has no pins
//  Warning: Net 'rxtimeoutcnt[7]' in module 'msrv_soc_uartPC16550D@PV1' has no pins
//  Warning: Net 'rxtimeoutcnt[6]' in module 'msrv_soc_uartPC16550D@PV1' has no pins
//  Warning: Net 'rxtimeoutcnt[5]' in module 'msrv_soc_uartPC16550D@PV1' has no pins
//  Warning: Net 'rxtimeoutcnt[4]' in module 'msrv_soc_uartPC16550D@PV1' has no pins
//  Warning: Net 'rxtimeoutcnt[3]' in module 'msrv_soc_uartPC16550D@PV1' has no pins
//  Warning: Net 'rxtimeoutcnt[2]' in module 'msrv_soc_uartPC16550D@PV1' has no pins
//  Warning: Net 'rxtimeoutcnt[1]' in module 'msrv_soc_uartPC16550D@PV1' has no pins
//  Warning: Net 'rxtimeoutcnt[0]' in module 'msrv_soc_uartPC16550D@PV1' has no pins
//  Warning: Net 'rxcentered' in module 'msrv_soc_uartPC16550D@PV1' has no pins
//  Warning: Net 'rxparity' in module 'msrv_soc_uartPC16550D@PV1' has no pins
//  Warning: Net 'rxparityerr' in module 'msrv_soc_uartPC16550D@PV1' has no pins
//  Warning: Net 'rxoverrunerr' in module 'msrv_soc_uartPC16550D@PV1' has no pins
//  Warning: Net 'rxframingerr' in module 'msrv_soc_uartPC16550D@PV1' has no pins
//  Warning: Net 'rxbreak' in module 'msrv_soc_uartPC16550D@PV1' has no pins
//  Warning: Net 'rxfifohaserr' in module 'msrv_soc_uartPC16550D@PV1' has no pins
//  Warning: Net 'rxdataready' in module 'msrv_soc_uartPC16550D@PV1' has no pins
//  Warning: Net 'rxfifoempty' in module 'msrv_soc_uartPC16550D@PV1' has no pins
//  Warning: Net 'rxfifotriggered' in module 'msrv_soc_uartPC16550D@PV1' has no pins
//  Warning: Net 'rxfifotimeout' in module 'msrv_soc_uartPC16550D@PV1' has no pins
//  Warning: Net 'rxfifodmaready' in module 'msrv_soc_uartPC16550D@PV1' has no pins
//  Warning: Net 'rxdata9[8]' in module 'msrv_soc_uartPC16550D@PV1' has no pins
//  Warning: Net 'rxdata9[7]' in module 'msrv_soc_uartPC16550D@PV1' has no pins
//  Warning: Net 'rxdata9[6]' in module 'msrv_soc_uartPC16550D@PV1' has no pins
//  Warning: Net 'rxdata9[5]' in module 'msrv_soc_uartPC16550D@PV1' has no pins
//  Warning: Net 'rxdata9[4]' in module 'msrv_soc_uartPC16550D@PV1' has no pins
//  Warning: Net 'rxdata9[3]' in module 'msrv_soc_uartPC16550D@PV1' has no pins
//  Warning: Net 'rxdata9[2]' in module 'msrv_soc_uartPC16550D@PV1' has no pins
//  Warning: Net 'rxdata9[1]' in module 'msrv_soc_uartPC16550D@PV1' has no pins
//  Warning: Net 'rxdata9[0]' in module 'msrv_soc_uartPC16550D@PV1' has no pins
//  Warning: Net 'rxdata[7]' in module 'msrv_soc_uartPC16550D@PV1' has no pins
//  Warning: Net 'rxdata[6]' in module 'msrv_soc_uartPC16550D@PV1' has no pins
//  Warning: Net 'rxdata[5]' in module 'msrv_soc_uartPC16550D@PV1' has no pins
//  Warning: Net 'rxdata[4]' in module 'msrv_soc_uartPC16550D@PV1' has no pins
//  Warning: Net 'rxdata[3]' in module 'msrv_soc_uartPC16550D@PV1' has no pins
//  Warning: Net 'rxdata[2]' in module 'msrv_soc_uartPC16550D@PV1' has no pins
//  Warning: Net 'rxdata[1]' in module 'msrv_soc_uartPC16550D@PV1' has no pins
//  Warning: Net 'rxdata[0]' in module 'msrv_soc_uartPC16550D@PV1' has no pins
//  Warning: Net 'RXerrbit[15]' in module 'msrv_soc_uartPC16550D@PV1' has no pins
//  Warning: Net 'RXerrbit[14]' in module 'msrv_soc_uartPC16550D@PV1' has no pins
//  Warning: Net 'RXerrbit[13]' in module 'msrv_soc_uartPC16550D@PV1' has no pins
//  Warning: Net 'RXerrbit[12]' in module 'msrv_soc_uartPC16550D@PV1' has no pins
//  Warning: Net 'RXerrbit[11]' in module 'msrv_soc_uartPC16550D@PV1' has no pins
//  Warning: Net 'RXerrbit[10]' in module 'msrv_soc_uartPC16550D@PV1' has no pins
//  Warning: Net 'RXerrbit[9]' in module 'msrv_soc_uartPC16550D@PV1' has no pins
//  Warning: Net 'RXerrbit[8]' in module 'msrv_soc_uartPC16550D@PV1' has no pins
//  Warning: Net 'RXerrbit[7]' in module 'msrv_soc_uartPC16550D@PV1' has no pins
//  Warning: Net 'RXerrbit[6]' in module 'msrv_soc_uartPC16550D@PV1' has no pins
//  Warning: Net 'RXerrbit[5]' in module 'msrv_soc_uartPC16550D@PV1' has no pins
//  Warning: Net 'RXerrbit[4]' in module 'msrv_soc_uartPC16550D@PV1' has no pins
//  Warning: Net 'RXerrbit[3]' in module 'msrv_soc_uartPC16550D@PV1' has no pins
//  Warning: Net 'RXerrbit[2]' in module 'msrv_soc_uartPC16550D@PV1' has no pins
//  Warning: Net 'RXerrbit[1]' in module 'msrv_soc_uartPC16550D@PV1' has no pins
//  Warning: Net 'RXerrbit[0]' in module 'msrv_soc_uartPC16550D@PV1' has no pins
//  Warning: Net 'rxfullbit[15]' in module 'msrv_soc_uartPC16550D@PV1' has no pins
//  Warning: Net 'rxfullbit[14]' in module 'msrv_soc_uartPC16550D@PV1' has no pins
//  Warning: Net 'rxfullbit[13]' in module 'msrv_soc_uartPC16550D@PV1' has no pins
//  Warning: Net 'rxfullbit[12]' in module 'msrv_soc_uartPC16550D@PV1' has no pins
//  Warning: Net 'rxfullbit[11]' in module 'msrv_soc_uartPC16550D@PV1' has no pins
//  Warning: Net 'rxfullbit[10]' in module 'msrv_soc_uartPC16550D@PV1' has no pins
//  Warning: Net 'rxfullbit[9]' in module 'msrv_soc_uartPC16550D@PV1' has no pins
//  Warning: Net 'rxfullbit[8]' in module 'msrv_soc_uartPC16550D@PV1' has no pins
//  Warning: Net 'rxfullbit[7]' in module 'msrv_soc_uartPC16550D@PV1' has no pins
//  Warning: Net 'rxfullbit[6]' in module 'msrv_soc_uartPC16550D@PV1' has no pins
//  Warning: Net 'rxfullbit[5]' in module 'msrv_soc_uartPC16550D@PV1' has no pins
//  Warning: Net 'rxfullbit[4]' in module 'msrv_soc_uartPC16550D@PV1' has no pins
//  Warning: Net 'rxfullbit[3]' in module 'msrv_soc_uartPC16550D@PV1' has no pins
//  Warning: Net 'rxfullbit[2]' in module 'msrv_soc_uartPC16550D@PV1' has no pins
//  Warning: Net 'rxfullbit[1]' in module 'msrv_soc_uartPC16550D@PV1' has no pins
//  Warning: Net 'rxfullbit[0]' in module 'msrv_soc_uartPC16550D@PV1' has no pins
//  Warning: Net 'rxfullbitunwrapped[31]' in module 'msrv_soc_uartPC16550D@PV1' has no pins
//  Warning: Net 'rxfullbitunwrapped[30]' in module 'msrv_soc_uartPC16550D@PV1' has no pins
//  Warning: Net 'rxfullbitunwrapped[29]' in module 'msrv_soc_uartPC16550D@PV1' has no pins
//  Warning: Net 'rxfullbitunwrapped[28]' in module 'msrv_soc_uartPC16550D@PV1' has no pins
//  Warning: Net 'rxfullbitunwrapped[27]' in module 'msrv_soc_uartPC16550D@PV1' has no pins
//  Warning: Net 'rxfullbitunwrapped[26]' in module 'msrv_soc_uartPC16550D@PV1' has no pins
//  Warning: Net 'rxfullbitunwrapped[25]' in module 'msrv_soc_uartPC16550D@PV1' has no pins
//  Warning: Net 'rxfullbitunwrapped[24]' in module 'msrv_soc_uartPC16550D@PV1' has no pins
//  Warning: Net 'rxfullbitunwrapped[23]' in module 'msrv_soc_uartPC16550D@PV1' has no pins
//  Warning: Net 'rxfullbitunwrapped[22]' in module 'msrv_soc_uartPC16550D@PV1' has no pins
//  Warning: Net 'rxfullbitunwrapped[21]' in module 'msrv_soc_uartPC16550D@PV1' has no pins
//  Warning: Net 'rxfullbitunwrapped[20]' in module 'msrv_soc_uartPC16550D@PV1' has no pins
//  Warning: Net 'rxfullbitunwrapped[19]' in module 'msrv_soc_uartPC16550D@PV1' has no pins
//  Warning: Net 'rxfullbitunwrapped[18]' in module 'msrv_soc_uartPC16550D@PV1' has no pins
//  Warning: Net 'rxfullbitunwrapped[17]' in module 'msrv_soc_uartPC16550D@PV1' has no pins
//  Warning: Net 'rxfullbitunwrapped[16]' in module 'msrv_soc_uartPC16550D@PV1' has no pins
//  Warning: Net 'rxfullbitunwrapped[15]' in module 'msrv_soc_uartPC16550D@PV1' has no pins
//  Warning: Net 'rxfullbitunwrapped[14]' in module 'msrv_soc_uartPC16550D@PV1' has no pins
//  Warning: Net 'rxfullbitunwrapped[13]' in module 'msrv_soc_uartPC16550D@PV1' has no pins
//  Warning: Net 'rxfullbitunwrapped[12]' in module 'msrv_soc_uartPC16550D@PV1' has no pins
//  Warning: Net 'rxfullbitunwrapped[11]' in module 'msrv_soc_uartPC16550D@PV1' has no pins
//  Warning: Net 'rxfullbitunwrapped[10]' in module 'msrv_soc_uartPC16550D@PV1' has no pins
//  Warning: Net 'rxfullbitunwrapped[9]' in module 'msrv_soc_uartPC16550D@PV1' has no pins
//  Warning: Net 'rxfullbitunwrapped[8]' in module 'msrv_soc_uartPC16550D@PV1' has no pins
//  Warning: Net 'rxfullbitunwrapped[7]' in module 'msrv_soc_uartPC16550D@PV1' has no pins
//  Warning: Net 'rxfullbitunwrapped[6]' in module 'msrv_soc_uartPC16550D@PV1' has no pins
//  Warning: Net 'rxfullbitunwrapped[5]' in module 'msrv_soc_uartPC16550D@PV1' has no pins
//  Warning: Net 'rxfullbitunwrapped[4]' in module 'msrv_soc_uartPC16550D@PV1' has no pins
//  Warning: Net 'rxfullbitunwrapped[3]' in module 'msrv_soc_uartPC16550D@PV1' has no pins
//  Warning: Net 'rxfullbitunwrapped[2]' in module 'msrv_soc_uartPC16550D@PV1' has no pins
//  Warning: Net 'rxfullbitunwrapped[1]' in module 'msrv_soc_uartPC16550D@PV1' has no pins
//  Warning: Net 'rxfullbitunwrapped[0]' in module 'msrv_soc_uartPC16550D@PV1' has no pins
//  Warning: Net 'TXHR[7]' in module 'msrv_soc_uartPC16550D@PV1' has no pins
//  Warning: Net 'TXHR[6]' in module 'msrv_soc_uartPC16550D@PV1' has no pins
//  Warning: Net 'TXHR[5]' in module 'msrv_soc_uartPC16550D@PV1' has no pins
//  Warning: Net 'TXHR[4]' in module 'msrv_soc_uartPC16550D@PV1' has no pins
//  Warning: Net 'TXHR[3]' in module 'msrv_soc_uartPC16550D@PV1' has no pins
//  Warning: Net 'TXHR[2]' in module 'msrv_soc_uartPC16550D@PV1' has no pins
//  Warning: Net 'TXHR[1]' in module 'msrv_soc_uartPC16550D@PV1' has no pins
//  Warning: Net 'TXHR[0]' in module 'msrv_soc_uartPC16550D@PV1' has no pins
//  Warning: Net 'nexttxdata[7]' in module 'msrv_soc_uartPC16550D@PV1' has no pins
//  Warning: Net 'nexttxdata[6]' in module 'msrv_soc_uartPC16550D@PV1' has no pins
//  Warning: Net 'nexttxdata[5]' in module 'msrv_soc_uartPC16550D@PV1' has no pins
//  Warning: Net 'nexttxdata[4]' in module 'msrv_soc_uartPC16550D@PV1' has no pins
//  Warning: Net 'nexttxdata[3]' in module 'msrv_soc_uartPC16550D@PV1' has no pins
//  Warning: Net 'nexttxdata[2]' in module 'msrv_soc_uartPC16550D@PV1' has no pins
//  Warning: Net 'nexttxdata[1]' in module 'msrv_soc_uartPC16550D@PV1' has no pins
//  Warning: Net 'nexttxdata[0]' in module 'msrv_soc_uartPC16550D@PV1' has no pins
//  Warning: Net 'txdata[11]' in module 'msrv_soc_uartPC16550D@PV1' has no pins
//  Warning: Net 'txdata[10]' in module 'msrv_soc_uartPC16550D@PV1' has no pins
//  Warning: Net 'txdata[9]' in module 'msrv_soc_uartPC16550D@PV1' has no pins
//  Warning: Net 'txdata[8]' in module 'msrv_soc_uartPC16550D@PV1' has no pins
//  Warning: Net 'txdata[7]' in module 'msrv_soc_uartPC16550D@PV1' has no pins
//  Warning: Net 'txdata[6]' in module 'msrv_soc_uartPC16550D@PV1' has no pins
//  Warning: Net 'txdata[5]' in module 'msrv_soc_uartPC16550D@PV1' has no pins
//  Warning: Net 'txdata[4]' in module 'msrv_soc_uartPC16550D@PV1' has no pins
//  Warning: Net 'txdata[3]' in module 'msrv_soc_uartPC16550D@PV1' has no pins
//  Warning: Net 'txdata[2]' in module 'msrv_soc_uartPC16550D@PV1' has no pins
//  Warning: Net 'txdata[1]' in module 'msrv_soc_uartPC16550D@PV1' has no pins
//  Warning: Net 'txdata[0]' in module 'msrv_soc_uartPC16550D@PV1' has no pins
//  Warning: Net 'txsr[11]' in module 'msrv_soc_uartPC16550D@PV1' is not driven
//  Warning: Net 'txsr[10]' in module 'msrv_soc_uartPC16550D@PV1' has no pins
//  Warning: Net 'txsr[9]' in module 'msrv_soc_uartPC16550D@PV1' has no pins
//  Warning: Net 'txsr[8]' in module 'msrv_soc_uartPC16550D@PV1' has no pins
//  Warning: Net 'txsr[7]' in module 'msrv_soc_uartPC16550D@PV1' has no pins
//  Warning: Net 'txsr[6]' in module 'msrv_soc_uartPC16550D@PV1' has no pins
//  Warning: Net 'txsr[5]' in module 'msrv_soc_uartPC16550D@PV1' has no pins
//  Warning: Net 'txsr[4]' in module 'msrv_soc_uartPC16550D@PV1' has no pins
//  Warning: Net 'txsr[3]' in module 'msrv_soc_uartPC16550D@PV1' has no pins
//  Warning: Net 'txsr[2]' in module 'msrv_soc_uartPC16550D@PV1' has no pins
//  Warning: Net 'txsr[1]' in module 'msrv_soc_uartPC16550D@PV1' has no pins
//  Warning: Net 'txsr[0]' in module 'msrv_soc_uartPC16550D@PV1' has no pins
//  Warning: Net 'txnextbit' in module 'msrv_soc_uartPC16550D@PV1' has no pins
//  Warning: Net 'txhrfull' in module 'msrv_soc_uartPC16550D@PV1' has no pins
//  Warning: Net 'txsrfull' in module 'msrv_soc_uartPC16550D@PV1' has no pins
//  Warning: Net 'txparity' in module 'msrv_soc_uartPC16550D@PV1' has no pins
//  Warning: Net 'txfifoempty' in module 'msrv_soc_uartPC16550D@PV1' has no pins
//  Warning: Net 'txfifofull' in module 'msrv_soc_uartPC16550D@PV1' has no pins
//  Warning: Net 'txfifodmaready' in module 'msrv_soc_uartPC16550D@PV1' has no pins
//  Warning: Net 'RXerr' in module 'msrv_soc_uartPC16550D@PV1' has no pins
//  Warning: Net 'RXerrIP' in module 'msrv_soc_uartPC16550D@PV1' has no pins
//  Warning: Net 'squashRXerrIP' in module 'msrv_soc_uartPC16550D@PV1' is not driven
//  Warning: Net 'setSquashRXerrIP' in module 'msrv_soc_uartPC16550D@PV1' has no pins
//  Warning: Net 'resetSquashRXerrIP' in module 'msrv_soc_uartPC16550D@PV1' has no pins
//  Warning: Net 'THRE' in module 'msrv_soc_uartPC16550D@PV1' has no pins
//  Warning: Net 'THRE_IP' in module 'msrv_soc_uartPC16550D@PV1' has no pins
//  Warning: Net 'squashTHRE_IP' in module 'msrv_soc_uartPC16550D@PV1' has no pins
//  Warning: Net 'setSquashTHRE_IP' in module 'msrv_soc_uartPC16550D@PV1' has no pins
//  Warning: Net 'resetSquashTHRE_IP' in module 'msrv_soc_uartPC16550D@PV1' has no pins
//  Warning: Net 'rxdataavailintr' in module 'msrv_soc_uartPC16550D@PV1' has no pins
//  Warning: Net 'modemstatusintr' in module 'msrv_soc_uartPC16550D@PV1' has no pins
//  Warning: Net 'intrpending' in module 'msrv_soc_uartPC16550D@PV1' has no pins
//  Warning: Net 'intrID[2]' in module 'msrv_soc_uartPC16550D@PV1' has no pins
//  Warning: Net 'intrID[1]' in module 'msrv_soc_uartPC16550D@PV1' has no pins
//  Warning: Net 'intrID[0]' in module 'msrv_soc_uartPC16550D@PV1' has no pins
//  Warning: Net 'baudpulseComb' in module 'msrv_soc_uartPC16550D@PV1' has no pins
//  Warning: Net 'HeadPointerLastMove' in module 'msrv_soc_uartPC16550D@PV1' has no pins
//  command: set_design_level physical_block
//  command: set_dft_specification_requirements -logic_test on
//  command: #check_design_rules
//  command: # If i run the check design rules then i get the errors like clock is not defined for HCLK and PCLK.
//  command: # I nedd to add the clock period for two clock.
//  command: add_clocks HCLK -period 2ns 
//  command: add_clocks PCLK -period 4ns
//  command: add_dft_signals scan_en -source_nodes scan_en
//  command: add_dft_signals x_bounding_en observe_test_point_en control_test_point_en mcp_bounding_en
//  command: add_black_boxes -auto
//  command: check_design_rules 
//  ---------------------------------------------------------------------------
//  Begin RTL synthesis.
//  --------------------
//  Synthesized modules=26, Time=2.13 sec.
//  Note: There were 24 modules selectively synthesized. There were also 52 sub-modules created by synthesis.
//        Use 'get_module -filter is_synthesized' to see them.
//        You can also use 'set_quick_synthesis_options -verbose on' to have the synthesis step report the
//        synthesized module names in the transcript as they are being synthesized.
//  ---------------------------------------------------------------------------
//  Flattening process completed, cell instances=12374, gates=21826, PIs=244, POs=199, CPU time=0.10 sec.
//  ---------------------------------------------------------------------------
//  Begin circuit learning analyses.
//  --------------------------------
//  Learning completed, CPU time=0.05 sec.
//  Note: Adding DFT signal 'async_set_reset_static_disable' with the -create_with_tdr option.
//  Note: Adding DFT signal 'async_set_reset_dynamic_disable' with the -create_from_other_signals option.
//  Note: There were 2 'add_dft_control_points -type async_set_reset' commands inferred from DRC. Use report_dft_control_points to see them.
//  4 gates may have an observable X-state. (E5)
//  command: set spec [create_dft_specification -sri_sib_list {edt occ lbist}]
//  sub-command: create_dft_specification -sri_sib_list "edt occ lbist" 
//  
//  Begin creation of DftSpecification(msrv_soc_uncorewrapper,pass2_rtl)
//    Creation of RtlCells wrapper
//    Creation of IjtagNetwork wrapper
//  
//  Done  creation of DftSpecification(msrv_soc_uncorewrapper,pass2_rtl)
//  
//  command: report_config_data $spec 

DftSpecification(msrv_soc_uncorewrapper,pass2_rtl) {
  IjtagNetwork {
    HostScanInterface(ijtag) {
      Sib(sri) {
        Attributes {
          tessent_dft_function : scan_resource_instrument_host;
        }
        Sib(sri_ctrl) {
          Tdr(sri_ctrl) {
            Attributes {
              tessent_dft_function : scan_resource_instrument_dft_control;
            }
          }
        }
        Sib(edt) {
        }
        Sib(occ) {
        }
        Sib(lbist) {
        }
      }
    }
  }
}
//  command: #OCC specification given by sir.
//  command: read_config_data -in $spec -from_string { OCC { ijtag_host_interface : Sib(occ); static_clock_control : both; capture_trigger : capture_en; }}
//  command: set id_clk_list [list PCLK HCLK]
//  command: foreach {id clk} $id_clk_list {
//            set occ [add_config_element OCC/controller($id) -in $spec]
//            set_config_value clock_intercept_node -in $occ HCLK
//           }
//  sub-command: add_config_element OCC/controller(PCLK) -in /DftSpecification(msrv_soc_uncorewrapper,pass2_rtl) 
//  sub-command: set_config_value clock_intercept_node -in {/DftSpecification(msrv_soc_uncorewrapper,pass2_rtl)/OCC/Controller(PCLK)} HCLK 
//  command: #EDT specification given by the sir.
//  command: read_config_data -in $spec -from_string {
  EDT {
    ijtag_host_interface : Sib(edt);
    Controller (c1) {
      longest_chain_range : 50, 65;
      scan_chain_count : 60;
      input_channel_count : 2;
      output_channel_count : 2;
        LogicBistOptions { 
          misr_input_ratio : 1 ;
          ShiftPowerOptions {
            present : on ;
            default_operation : disabled ;
            SwitchingThresholdPercentage {
              hardware_default : 25 ;
           }
         }
       }
    }
  }
}
//  command: report_config_data $spec

DftSpecification(msrv_soc_uncorewrapper,pass2_rtl) {
  IjtagNetwork {
    HostScanInterface(ijtag) {
      Sib(sri) {
        Attributes {
          tessent_dft_function : scan_resource_instrument_host;
        }
        Sib(sri_ctrl) {
          Tdr(sri_ctrl) {
            Attributes {
              tessent_dft_function : scan_resource_instrument_dft_control;
            }
          }
        }
        Sib(edt) {
        }
        Sib(occ) {
        }
        Sib(lbist) {
        }
      }
    }
  }
  OCC {
    ijtag_host_interface : Sib(occ);
    static_clock_control : both;
    capture_trigger : capture_en;
    Controller(PCLK) {
      clock_intercept_nodes : HCLK;
    }
  }
  EDT {
    ijtag_host_interface : Sib(edt);
    Controller(c1) {
      longest_chain_range : 50, 65;
      scan_chain_count : 60;
      input_channel_count : 2;
      output_channel_count : 2;
      LogicBistOptions {
        misr_input_ratio : 1;
        ShiftPowerOptions {
          present : on;
          default_operation : disabled;
          SwitchingThresholdPercentage {
            hardware_default : 25;
          }
        }
      }
    }
  }
}
//  command: #LBIST specification given by the sir.
//  command: read_config_data -in $spec -from_string {
  LogicBist {
    ijtag_host_interface : Sib(lbist);
    Controller(1%ctrl_lbist) {
      burn_in : on ;
      pre_post_shift_dead_cycles : 8 ;
      SingleChainForDiagnosis {
        Present : on ;
      }  
      ControllerChain {
         present : on; 
         clock : tck;
      }
      Connections {
        shift_clock_src:lbist_shift_clk;
      }

      NcpOptions {
        count : 1;
      }
  
      ShiftCycles { max :800 ; }   
      CaptureCycles { max : 7; }   
      PatternCount { max : 1024; }   
      WarmupPatternCount { max : 128; }   
    }
  
   }
}
//  command: report_config_data $spec

DftSpecification(msrv_soc_uncorewrapper,pass2_rtl) {
  IjtagNetwork {
    HostScanInterface(ijtag) {
      Sib(sri) {
        Attributes {
          tessent_dft_function : scan_resource_instrument_host;
        }
        Sib(sri_ctrl) {
          Tdr(sri_ctrl) {
            Attributes {
              tessent_dft_function : scan_resource_instrument_dft_control;
            }
          }
        }
        Sib(edt) {
        }
        Sib(occ) {
        }
        Sib(lbist) {
        }
      }
    }
  }
  OCC {
    ijtag_host_interface : Sib(occ);
    static_clock_control : both;
    capture_trigger : capture_en;
    Controller(PCLK) {
      clock_intercept_nodes : HCLK;
    }
  }
  EDT {
    ijtag_host_interface : Sib(edt);
    Controller(c1) {
      longest_chain_range : 50, 65;
      scan_chain_count : 60;
      input_channel_count : 2;
      output_channel_count : 2;
      LogicBistOptions {
        misr_input_ratio : 1;
        ShiftPowerOptions {
          present : on;
          default_operation : disabled;
          SwitchingThresholdPercentage {
            hardware_default : 25;
          }
        }
      }
    }
  }
  LogicBist {
    ijtag_host_interface : Sib(lbist);
    Controller(1%ctrl_lbist) {
      burn_in : on;
      pre_post_shift_dead_cycles : 8;
      SingleChainForDiagnosis {
        present : on;
      }
      ControllerChain {
        present : on;
        clock : tck;
      }
      Connections {
        shift_clock_src : lbist_shift_clk;
      }
      NcpOptions {
        count : 1;
      }
      ShiftCycles {
        max : 800;
      }
      CaptureCycles {
        max : 7;
      }
      PatternCount {
        max : 1024;
      }
      WarmupPatternCount {
        max : 128;
      }
    }
  }
}
//  command: process_dft_specification 
//  
//  Begin processing of /DftSpecification(msrv_soc_uncorewrapper,pass2_rtl)
//    --- IP generation phase ---
//    Validation of IjtagNetwork
//    Validation of OCC
//    Validation of EDT
//    Validation of LogicBist
//    Processing of RtlCells
//      Generating Verilog RTL Cells
//        Verilog RTL : ./TSDB/instruments/msrv_soc_uncorewrapper_pass2_rtl_cells.instrument/msrv_soc_uncorewrapper_pass2_rtl_tessent_clk_inv.v
//        Verilog RTL : ./TSDB/instruments/msrv_soc_uncorewrapper_pass2_rtl_cells.instrument/msrv_soc_uncorewrapper_pass2_rtl_tessent_posedge_synchronizer_reset.v
//
//      Loading the generated RTL verilog files (1) to enable instantiating the contained modules
//      into the design.
//
//      Loading the generated structural verilog files (1) to enable instantiating the contained modules
//      into the design.
//    Processing of IjtagNetwork
//      Generating design files for IJTAG SIB module msrv_soc_uncorewrapper_pass2_rtl_tessent_sib_1
//        Verilog RTL : ./TSDB/instruments/msrv_soc_uncorewrapper_pass2_rtl_ijtag.instrument/msrv_soc_uncorewrapper_pass2_rtl_tessent_sib_1.v
//        IJTAG ICL   : ./TSDB/instruments/msrv_soc_uncorewrapper_pass2_rtl_ijtag.instrument/msrv_soc_uncorewrapper_pass2_rtl_tessent_sib_1.icl
//      Generating design files for IJTAG SIB module msrv_soc_uncorewrapper_pass2_rtl_tessent_sib_2
//        Verilog RTL : ./TSDB/instruments/msrv_soc_uncorewrapper_pass2_rtl_ijtag.instrument/msrv_soc_uncorewrapper_pass2_rtl_tessent_sib_2.v
//        IJTAG ICL   : ./TSDB/instruments/msrv_soc_uncorewrapper_pass2_rtl_ijtag.instrument/msrv_soc_uncorewrapper_pass2_rtl_tessent_sib_2.icl
//      Generating design files for IJTAG Tdr module msrv_soc_uncorewrapper_pass2_rtl_tessent_tdr_sri_ctrl
//        Verilog RTL : ./TSDB/instruments/msrv_soc_uncorewrapper_pass2_rtl_ijtag.instrument/msrv_soc_uncorewrapper_pass2_rtl_tessent_tdr_sri_ctrl.v
//        IJTAG ICL   : ./TSDB/instruments/msrv_soc_uncorewrapper_pass2_rtl_ijtag.instrument/msrv_soc_uncorewrapper_pass2_rtl_tessent_tdr_sri_ctrl.icl
//
//      Loading the generated RTL verilog files (3) to enable instantiating the contained modules
//      into the design.
//    Processing of OCC
//      Generating design files for OCC module msrv_soc_uncorewrapper_pass2_rtl_tessent_occ
//        Verilog RTL : ./TSDB/instruments/msrv_soc_uncorewrapper_pass2_rtl_occ.instrument/msrv_soc_uncorewrapper_pass2_rtl_tessent_occ.v
//        IJTAG ICL   : ./TSDB/instruments/msrv_soc_uncorewrapper_pass2_rtl_occ.instrument/msrv_soc_uncorewrapper_pass2_rtl_tessent_occ.icl
//        IJTAG PDL   : ./TSDB/instruments/msrv_soc_uncorewrapper_pass2_rtl_occ.instrument/msrv_soc_uncorewrapper_pass2_rtl_tessent_occ.pdl
//        TCD         : ./TSDB/instruments/msrv_soc_uncorewrapper_pass2_rtl_occ.instrument/msrv_soc_uncorewrapper_pass2_rtl_tessent_occ.tcd
//        TCD Scan    : ./TSDB/instruments/msrv_soc_uncorewrapper_pass2_rtl_occ.instrument/msrv_soc_uncorewrapper_pass2_rtl_tessent_occ.tcd_scan
//        CTL         : ./TSDB/instruments/msrv_soc_uncorewrapper_pass2_rtl_occ.instrument/msrv_soc_uncorewrapper_pass2_rtl_tessent_occ.ctl
//
//      Loading the generated RTL verilog files (1) to enable instantiating the contained modules
//      into the design.
//    Processing of EDT
//      Generating design files for EDT Tdr module msrv_soc_uncorewrapper_pass2_rtl_tessent_edt_lbist_c1_tdr
//        Verilog RTL : ./TSDB/instruments/msrv_soc_uncorewrapper_pass2_rtl_edt_lbist.instrument/msrv_soc_uncorewrapper_pass2_rtl_tessent_edt_lbist_c1_tdr.v
//        IJTAG ICL   : ./TSDB/instruments/msrv_soc_uncorewrapper_pass2_rtl_edt_lbist.instrument/msrv_soc_uncorewrapper_pass2_rtl_tessent_edt_lbist_c1_tdr.icl
//      Generating design files for EDT module msrv_soc_uncorewrapper_pass2_rtl_tessent_edt_lbist_c1
//        Verilog RTL : ./TSDB/instruments/msrv_soc_uncorewrapper_pass2_rtl_edt_lbist.instrument/msrv_soc_uncorewrapper_pass2_rtl_tessent_edt_lbist_c1.v
//        IJTAG ICL   : ./TSDB/instruments/msrv_soc_uncorewrapper_pass2_rtl_edt_lbist.instrument/msrv_soc_uncorewrapper_pass2_rtl_tessent_edt_lbist_c1.icl
//        IJTAG PDL   : ./TSDB/instruments/msrv_soc_uncorewrapper_pass2_rtl_edt_lbist.instrument/msrv_soc_uncorewrapper_pass2_rtl_tessent_edt_lbist_c1.pdl
//        TCD         : ./TSDB/instruments/msrv_soc_uncorewrapper_pass2_rtl_edt_lbist.instrument/msrv_soc_uncorewrapper_pass2_rtl_tessent_edt_lbist_c1.tcd
//        TCD Scan    : ./TSDB/instruments/msrv_soc_uncorewrapper_pass2_rtl_edt_lbist.instrument/msrv_soc_uncorewrapper_pass2_rtl_tessent_edt_lbist_c1.tcd_scan
//        CTL         : ./TSDB/instruments/msrv_soc_uncorewrapper_pass2_rtl_edt_lbist.instrument/msrv_soc_uncorewrapper_pass2_rtl_tessent_edt_lbist_c1.ctl
//
//      Loading the generated RTL verilog files (2) to enable instantiating the contained modules
//      into the design.
//    Processing of LogicBist
//      Generating design files for LBIST module msrv_soc_uncorewrapper_pass2_rtl_tessent_lbist
//        Verilog RTL : ./TSDB/instruments/msrv_soc_uncorewrapper_pass2_rtl_lbist.instrument/msrv_soc_uncorewrapper_pass2_rtl_tessent_lbist.v
//        IJTAG ICL   : ./TSDB/instruments/msrv_soc_uncorewrapper_pass2_rtl_lbist.instrument/msrv_soc_uncorewrapper_pass2_rtl_tessent_lbist.icl
//        IJTAG PDL   : ./TSDB/instruments/msrv_soc_uncorewrapper_pass2_rtl_lbist.instrument/msrv_soc_uncorewrapper_pass2_rtl_tessent_lbist.pdl
//        TCD         : ./TSDB/instruments/msrv_soc_uncorewrapper_pass2_rtl_lbist.instrument/msrv_soc_uncorewrapper_pass2_rtl_tessent_lbist.tcd
//        TCD Scan    : ./TSDB/instruments/msrv_soc_uncorewrapper_pass2_rtl_lbist.instrument/msrv_soc_uncorewrapper_pass2_rtl_tessent_lbist.tcd_scan
//        CTL         : ./TSDB/instruments/msrv_soc_uncorewrapper_pass2_rtl_lbist.instrument/msrv_soc_uncorewrapper_pass2_rtl_tessent_lbist.ctl
//      Generating design files for LBIST module msrv_soc_uncorewrapper_pass2_rtl_tessent_single_chain_mode_logic
//        Verilog RTL : ./TSDB/instruments/msrv_soc_uncorewrapper_pass2_rtl_lbist.instrument/msrv_soc_uncorewrapper_pass2_rtl_tessent_single_chain_mode_logic.v
//        IJTAG ICL   : ./TSDB/instruments/msrv_soc_uncorewrapper_pass2_rtl_lbist.instrument/msrv_soc_uncorewrapper_pass2_rtl_tessent_single_chain_mode_logic.icl
//        TCD Scan    : ./TSDB/instruments/msrv_soc_uncorewrapper_pass2_rtl_lbist.instrument/msrv_soc_uncorewrapper_pass2_rtl_tessent_single_chain_mode_logic.tcd_scan
//        CTL         : ./TSDB/instruments/msrv_soc_uncorewrapper_pass2_rtl_lbist.instrument/msrv_soc_uncorewrapper_pass2_rtl_tessent_single_chain_mode_logic.ctl
//
//      Loading the generated RTL verilog files (2) to enable instantiating the contained modules
//      into the design.
//    --- Instrument insertion phase ---
//   Inserting instruments of type 'ijtag'
//   Inserting instruments of type 'occ'
//   Inserting instruments of type 'edt'
//   Inserting instruments of type 'logic_bist'
//  
//    Writing out modified source design in ./TSDB/dft_inserted_designs/msrv_soc_uncorewrapper_pass2_rtl.dft_inserted_design
//    Writing out specification in ./TSDB/dft_inserted_designs/msrv_soc_uncorewrapper_pass2_rtl.dft_spec
//  
//  Done  processing of DftSpecification(msrv_soc_uncorewrapper,pass2_rtl)
//  
//  command: #If i run the process dft specification cmd then i get scan en error and other signals i have add in the up side of my scripts as add dft signal.
//  command: #set_quick_synthesis_options -complete_synthesis on
//  command: #set_system_mode	analysis
//  command: #write_design -output_file synthesis_core.v -replace 
//  command: #write_design -output_file synthesis_core.vg -replace 
//  command: extract_icl 
//  Note: Updating the hierarchical data model to reflect RTL design changes.
//  Writing design source dictionary : ./TSDB/dft_inserted_designs/msrv_soc_uncorewrapper_pass2_rtl.dft_inserted_design/msrv_soc_uncorewrapper.design_source_dictionary
//  Error: The entry value for 'read1->format' is 'verilog_sv2012'. It must be one of 
//         {verilog_1995 verilog_2001 verilog_sv31a verilog_sv2005 verilog_sv2009 vhdl_1987 vhdl_1993 vhdl_2002 vhdl_2008}.
