/home/cad/eda/Mentor_Graphics/Tessent_2026/tessent_2026.1/bin/tessent -shell -logfile ./logs/Scan_chain_06072026.log -replace
//  Tessent Shell  2026.1    Thu Feb 26 18:38:00 GMT 2026
//                Unpublished work. Copyright 2026 Siemens
//
//      This material contains trade secrets or otherwise confidential 
//  information owned by Siemens Industry Software Inc. or its affiliates 
//   (collectively, "SISW"), or its licensors. Access to and use of this 
//     information is strictly limited as set forth in the Customer's 
//                   applicable agreements with SISW. 
//
//  Siemens software executing under x86-64 Linux on Thu Aug 06 17:52:25 IST 2026.
//  64 bit version
//  Host: mavenserver-RH3 (255072 MB RAM, 122071 MB Swap)
//
//  command: set_context dft -scan -design_identifier gate2
//  command: 
//  command: set_tsdb_output_directory ./TSDB
./TSDB
//  command: 
//  command: read_cell_library ../../../libs/NangateOpenCellLibrary.tcelllib ../../../libs/dft_sim.tcelllib
//  Reading DFT Library file ../../../libs/NangateOpenCellLibrary.tcelllib
//  Finished reading file ../../../libs/NangateOpenCellLibrary.tcelllib
//  Reading DFT Library file ../../../libs/dft_sim.tcelllib
//  Finished reading file ../../../libs/dft_sim.tcelllib
//  command: 
//  command: read_verilog ./synthesis_uncore.vg 
//  command: read_design msrv_soc_uncorewrapper -design_identifier pass2_rtl
//  Error: File 'msrv_soc_uncorewrapper.vg' does not exist in the './TSDB/dft_inserted_designs/msrv_soc_uncorewrapper_pass2_rtl.dft_inserted_design' directory.
//  command: read_design msrv_soc_uncorewrapper -design_identifier pass2_rtl -no_hdl 
//  command: set_current_design msrv_soc_uncorewrapper 
//  Note: Changing pin 'CK' function from 'active_low_clock' to 'clock_in'
//        Model 'CLKGATE_X1' line 1266 file '../../../libs/NangateOpenCellLibrary.tcelllib'
//  Note: Changing pin 'CK' function from 'active_low_clock' to 'clock_in'
//        Model 'CLKGATE_X2' line 1282 file '../../../libs/NangateOpenCellLibrary.tcelllib'
//  Note: Changing pin 'CK' function from 'active_low_clock' to 'clock_in'
//        Model 'CLKGATE_X4' line 1298 file '../../../libs/NangateOpenCellLibrary.tcelllib'
//  Note: Changing pin 'CK' function from 'active_low_clock' to 'clock_in'
//        Model 'CLKGATE_X8' line 1314 file '../../../libs/NangateOpenCellLibrary.tcelllib'
//  Warning: Undefined modules were found.
//           Before using "set_system_mode" or "create_flat_model", you must either define
//           the missing modules using "read_verilog" and/or "read_cell_library", or use the
//           following command to treat them as black boxes:
             add_black_boxes -modules { \
                    msrv_soc_eeprom \
             }
//           You can also use "add_black_boxes -auto" to black box all undefined modules but
//           it is recommended that you do not add this command to your dofile. Doing so may
//           unintentionally black-box new undefined modules in future runs.
//  Warning: 75 cases: Undriven net in netlist module
//  Warning: 366 cases: Net in netlist not connected
//  Warning: 3 cases: Undefined module pin assumed to be input
//  Note: Issue set_current_design with the -show_elaboration_warnings option to see more details about previous warnings
//  ---------------------------------------------------------------------------
//  Begin ICL elaboration and checking.
//  -----------------------------------
//  ICL elaboration completed, CPU time=0.04 sec.
//  ---------------------------------------------------------------------------
//  command: report_clocks 
//  No clocks have been defined.
//  command: add_black_boxes -auto
//  command: set_system_mode analysis
//  Warning: Rule FN1 violation occurs 442 times
//  Warning: Rule FN4 violation occurs 7 times
//  Flattening process completed, cell instances=16264, gates=27581, PIs=258+1(pseudo port), POs=202, CPU time=0.16 sec.
//  ---------------------------------------------------------------------------
//  Begin circuit learning analyses.
//  --------------------------------
//  Learning completed, CPU time=0.04 sec.
//  ---------------------------------------------------------------------------
//  Begin scan chain identification process, memory elements = 2271,
//  sequential library cells = 2271.
//  ---------------------------------------------------------------------------
//  Begin simulation of test_setup procedure with 70 cycles.
//  Simulation of test_setup procedure completed, CPU time=0.0 sec.
//  Begin simulation of auto-generated load_unload procedure.
//  Simulation of load_unload procedure completed, CPU time=0.0 sec.
//  Scan segment = /msrv_soc_uncorewrapper_pass2_rtl_tessent_occ_PCLK_inst/scan_out successfully traced with scan_cells = 3.
//  1 external shadows that use shift clocking have been identified.
//  3 scan cells have been identified in 1 scan segment.
//  1 edge-triggered clock ports set to stable high. (D7)
//  Note: Adding 1 functional clock.
//  Warning: Model 'RTLC_LDN' has no muxscan scan equivalent and is treated as nonscan model
//  ------------------------------------------------------------------------------
//  597 sequential library cells are treated as non-scan.
//  ------------------------------------------------------------------------------
//     65 sequential library cells missing mux-scan equivalent.
//    498 sequential library cells below hard module.          
//     34 sequential library cells defined non-scan.           
//  ---------------------------------------------------------------------------
//  Begin scannability rules checking for 1670 sequential library cells
//  and 4 scan segments. The scan segments contain 4 additional cells.
//  ---------------------------------------------------------------------------
//  Note: There were 15 S7 violations (Potentially scannable cell that is not in the clock path is driven by a constant value).
//  1670 sequential library cells and 4 scan segments identified as scannable.
//  ---------------------------------------------------------------------------
//  Begin transparent latch checking for 73 latches.
//  ---------------------------------------------------------------------------
//  2 latches not transparent due to unobservable. (D6)
//  Number transparent latches = 71.
//  ---------------------------------------------------------------------------
//  Begin scan clock rules checking.
//  ---------------------------------------------------------------------------
//  5 scan clock/set/reset lines have been identified.
//  All scan clocks successfully passed off-state check.
//  1408 sequential cells passed clock stability checking.
//  There were 4 clock rule C3 fails (clock may capture data affected by its captured data).
//  Note: Trailing edge triggered device can capture data affected by leading edge.
//  ---------------------------------------------------------------------------
//  596 non-scan memory elements are identified.
//  ---------------------------------------------------------------------------
//  176 non-scan memory elements are identified as TIE-0.  (D5)
//   26 non-scan memory elements are identified as TIE-1.  (D5)
//  307 non-scan memory elements are identified as TIE-X.  (D5)
//    3 non-scan memory elements are identified as INIT-0. (D5)
//   13 non-scan memory elements are identified as INIT-X. (D5)
//   71 non-scan memory elements are identified as TLA.    (D5)
//  ---------------------------------------------------------------------------
//  ---------------------------------------------------------------------------
//  Begin shift register identification for 1670 sequential library cells.
//  ---------------------------------------------------------------------------
//  Number of shift register flops recorded for scan insertion: 13 (0.57%)
//  Number of shift registers recorded for scan insertion: 6
//  Longest shift register has 3 flops.
//  Shortest shift register has 2 flops.
//  Potential number of nonscan flops to be converted to scan cells: 6
//  Potential number of scan cells to be converted to nonscan flops: 0
//  Number of targeted sequential library cells = 1670
//  Warning: The tool may require a shift-capture clock during insertion, 
//           but no 'shift_capture_clock' DFT signal was identified 
//           and no TCLK source was specified using the command 'set_scan_signals -tclk'.
//  Note: The system clock 'PCLK' will be used as the shift-capture clock, if needed.
//  command: report_dft_signals 

// Existing and to be created DFT signals
// ======================================
// -------------------------------  --------  ------------------------  --------------  -----------------------------------------------------------------------------------------
// Name                             Status    Origin                    Type            Location
// -------------------------------  --------  ------------------------  --------------  -----------------------------------------------------------------------------------------
// async_set_reset_dynamic_disable  Existing  Imported from DesignInfo  Pin             tessent_persistent_cell_async_set_reset_dynamic_disable/ZN
// async_set_reset_static_disable   Existing  ICL attributes            IJTAG register  msrv_soc_uncorewrapper_pass2_rtl_tessent_tdr_sri_ctrl_inst/async_set_reset_static_disable
// control_test_point_en            Existing  ICL attributes            IJTAG register  msrv_soc_uncorewrapper_pass2_rtl_tessent_tdr_sri_ctrl_inst/control_test_point_en
// mcp_bounding_en                  Existing  ICL attributes            IJTAG register  msrv_soc_uncorewrapper_pass2_rtl_tessent_tdr_sri_ctrl_inst/mcp_bounding_en
// observe_test_point_en            Existing  ICL attributes            IJTAG register  msrv_soc_uncorewrapper_pass2_rtl_tessent_tdr_sri_ctrl_inst/observe_test_point_en
// scan_en                          Existing  Imported from DesignInfo  Port            scan_en -> msrv_soc_uncorewrapper_pass2_rtl_tessent_lbist_inst/scan_en_out
// x_bounding_en                    Existing  ICL attributes            IJTAG register  msrv_soc_uncorewrapper_pass2_rtl_tessent_tdr_sri_ctrl_inst/x_bounding_en
//
//  command: report_xbounding 
// Analysis has not been performed yet
//  command: analyze_wrapper_cells 
//  
//     Port information and user constraints:
//     --------------------------------------
//         Input ports:   258 total,    13 ignored,     0 excluded,     0 off,     0 on,   245 auto
//        Output ports:   202 total,     1 ignored,     0 excluded,     0 off,     0 on,   201 auto
//  
//  
//     Wrapper analysis summary:
//     -------------------------
//        3 output ports required a dedicated wrapper cell.
//        59 input ports required a dedicated wrapper cell.
//        262 flip-flops were converted into output shared wrapper cells.
//        148 flip-flops were converted into input shared wrapper cells.
//        Use report_wrapper_cells for more details.
//  
//  command: analyze_scan_chains 
//  Error: Wrapper scan elements exist, but no scan modes were defined:
//         use 'add_scan_mode' to define internal and external scan modes prior to executing this command,
//         or use '-force' to automatically delete the results from the previous wrapper cell analysis and infer a default unwrapped scan mode.
//  command: add_scan_mode ext_mode -chain_count 10 -type extrenal
//  Error: Invalid enumeration value 'extrenal'.
//         Supported values are:
//         unwrapped
//         internal
//         external
//         ( help add_scan_mode )
//  command: add_scan_mode ext_mode -chain_count 10 -type external 
{ext_mode}
//  command: analyze_scan_chains 
//  Chain allocation of 'ext_mode' mode completed:
//        10 distributed chains of sizes ranging from 48 to 49
//  command: report_scan_chains 

===============================
Scan Chains Created by the Tool
===============================

   Scan mode 'ext_mode' has 10 scan chains:
   ----------------------------------------
      output wrapper chain = chain0   group = grp1  input = /ts_si[0]  output = /ts_so[0]  length = 48
      output wrapper chain = chain1   group = grp1  input = /ts_si[1]  output = /ts_so[1]  length = 48
      output wrapper chain = chain2   group = grp1  input = /ts_si[2]  output = /ts_so[2]  length = 48
      mixed wrapper chain = chain3   group = grp1  input = /ts_si[3]  output = /ts_so[3]  length = 48
      input wrapper chain = chain4   group = grp1  input = /ts_si[4]  output = /ts_so[4]  length = 48
      input wrapper chain = chain5   group = grp1  input = /ts_si[5]  output = /ts_so[5]  length = 48
      input wrapper chain = chain6   group = grp1  input = /ts_si[6]  output = /ts_so[6]  length = 48
      output wrapper chain = chain7   group = grp1  input = /ts_si[7]  output = /ts_so[7]  length = 48
      mixed wrapper chain = chain8   group = grp1  input = /ts_si[8]  output = /ts_so[8]  length = 49
      input wrapper chain = chain9   group = grp1  input = /ts_si[9]  output = /ts_so[9]  length = 49

//  command: add_scan_mode int_mode -chain_count 60 -type internal 
//  Warning: Changing the scan mode population affects the scan chain distribution model.
//  Warning: Deleting scan chain distribution model...
{int_mode}
//  command: analyze_scan_chains 
//  Chain allocation of 'int_mode' mode completed:
//        60 distributed chains of sizes ranging from 29 to 30
//  Chain allocation of 'ext_mode' mode completed:
//        10 distributed chains of sizes ranging from 48 to 49
//  command: report_scan_cells 
Scan mode 'ext_mode' scan cells:
---------------------------------------------------------------------------------------------------------------------------------------------------
        Chain            Group                                                      ShiftReg   Library                Clock                Clock   
CellNo  Name             Name   Pathname                                            ID/CellNo  ModelName  ScanOut     Pinname              Polarity
---------------------------------------------------------------------------------------------------------------------------------------------------
-       ext_mode_chain0  grp1   /[lockup-after-chain]                               -/-        [LAT]                  PCLK                 (-)     
0       ext_mode_chain0  grp1   /dut/gpio.gpio/GPIO_REGISTER/rtlcreg_rgpio_in_7     -/-        RTLC_FD    Q           PCLK                 (+)     
1       ext_mode_chain0  grp1   /dut/gpio.gpio/GPIO_REGISTER/rtlcreg_rgpio_in_8     -/-        RTLC_FD    Q           PCLK                 (+)     
2       ext_mode_chain0  grp1   /dut/gpio.gpio/GPIO_REGISTER/rtlcreg_rgpio_in_9     -/-        RTLC_FD    Q           PCLK                 (+)     
3       ext_mode_chain0  grp1   /dut/gpio.gpio/GPIO_REGISTER/rtlcreg_rgpio_in_10    -/-        RTLC_FD    Q           PCLK                 (+)     
4       ext_mode_chain0  grp1   /dut/gpio.gpio/GPIO_REGISTER/rtlcreg_rgpio_in_11    -/-        RTLC_FD    Q           PCLK                 (+)     
5       ext_mode_chain0  grp1   /dut/gpio.gpio/GPIO_REGISTER/rtlcreg_rgpio_in_12    -/-        RTLC_FD    Q           PCLK                 (+)     
6       ext_mode_chain0  grp1   /dut/gpio.gpio/GPIO_REGISTER/rtlcreg_rgpio_in_14    -/-        RTLC_FD    Q           PCLK                 (+)     
7       ext_mode_chain0  grp1   /dut/gpio.gpio/GPIO_REGISTER/rtlcreg_rgpio_in_15    -/-        RTLC_FD    Q           PCLK                 (+)     
8       ext_mode_chain0  grp1   /dut/gpio.gpio/GPIO_REGISTER/rtlcreg_rgpio_in_16    -/-        RTLC_FD    Q           PCLK                 (+)     
9       ext_mode_chain0  grp1   /dut/gpio.gpio/GPIO_REGISTER/rtlcreg_rgpio_in_17    -/-        RTLC_FD    Q           PCLK                 (+)     
10      ext_mode_chain0  grp1   /dut/gpio.gpio/GPIO_REGISTER/rtlcreg_rgpio_in_18    -/-        RTLC_FD    Q           PCLK                 (+)     
11      ext_mode_chain0  grp1   /dut/gpio.gpio/GPIO_REGISTER/rtlcreg_rgpio_in_19    -/-        RTLC_FD    Q           PCLK                 (+)     
12      ext_mode_chain0  grp1   /dut/gpio.gpio/GPIO_REGISTER/rtlcreg_rgpio_in_20    -/-        RTLC_FD    Q           PCLK                 (+)     
13      ext_mode_chain0  grp1   /dut/gpio.gpio/GPIO_REGISTER/rtlcreg_rgpio_in_21    -/-        RTLC_FD    Q           PCLK                 (+)     
14      ext_mode_chain0  grp1   /dut/gpio.gpio/GPIO_REGISTER/rtlcreg_rgpio_in_22    -/-        RTLC_FD    Q           PCLK                 (+)     
15      ext_mode_chain0  grp1   /dut/gpio.gpio/GPIO_REGISTER/rtlcreg_rgpio_in_23    -/-        RTLC_FD    Q           PCLK                 (+)     
16      ext_mode_chain0  grp1   /dut/gpio.gpio/GPIO_REGISTER/rtlcreg_rgpio_in_24    -/-        RTLC_FD    Q           PCLK                 (+)     
17      ext_mode_chain0  grp1   /dut/gpio.gpio/GPIO_REGISTER/rtlcreg_rgpio_in_25    -/-        RTLC_FD    Q           PCLK                 (+)     
18      ext_mode_chain0  grp1   /dut/gpio.gpio/GPIO_REGISTER/rtlcreg_rgpio_in_26    -/-        RTLC_FD    Q           PCLK                 (+)     
19      ext_mode_chain0  grp1   /dut/gpio.gpio/GPIO_REGISTER/rtlcreg_rgpio_in_27    -/-        RTLC_FD    Q           PCLK                 (+)     
20      ext_mode_chain0  grp1   /dut/gpio.gpio/GPIO_REGISTER/rtlcreg_rgpio_in_28    -/-        RTLC_FD    Q           PCLK                 (+)     
21      ext_mode_chain0  grp1   /dut/gpio.gpio/GPIO_REGISTER/rtlcreg_rgpio_in_29    -/-        RTLC_FD    Q           PCLK                 (+)     
22      ext_mode_chain0  grp1   /dut/gpio.gpio/GPIO_REGISTER/rtlcreg_rgpio_in_30    -/-        RTLC_FD    Q           PCLK                 (+)     
23      ext_mode_chain0  grp1   /dut/gpio.gpio/GPIO_REGISTER/rtlcreg_rgpio_in_31    -/-        RTLC_FD    Q           PCLK                 (+)     
24      ext_mode_chain0  grp1   /ts_0_dihw_2307smodp1_i                             -/-        (?)        SO          PCLK                 (+)     
25      ext_mode_chain0  grp1   /dut/uartgen.uart/uartPC/rtlcreg_SINd               -/-        RTLC_FD    Q           PCLK                 (+)     
26      ext_mode_chain0  grp1   /dut/gpio.gpio/GPIO_REGISTER/rtlcreg_rgpio_ints_0   -/-        RTLC_FDE   <scan_out>  PCLK                 (+)     
27      ext_mode_chain0  grp1   /dut/gpio.gpio/GPIO_REGISTER/rtlcreg_rgpio_ints_1   -/-        RTLC_FDE   <scan_out>  PCLK                 (+)     
28      ext_mode_chain0  grp1   /dut/gpio.gpio/GPIO_REGISTER/rtlcreg_rgpio_ints_2   -/-        RTLC_FDE   <scan_out>  PCLK                 (+)     
29      ext_mode_chain0  grp1   /dut/gpio.gpio/GPIO_REGISTER/rtlcreg_rgpio_ints_3   -/-        RTLC_FDE   <scan_out>  PCLK                 (+)     
30      ext_mode_chain0  grp1   /dut/gpio.gpio/GPIO_REGISTER/rtlcreg_rgpio_ints_4   -/-        RTLC_FDE   <scan_out>  PCLK                 (+)     
31      ext_mode_chain0  grp1   /dut/gpio.gpio/GPIO_REGISTER/rtlcreg_rgpio_ints_5   -/-        RTLC_FDE   <scan_out>  PCLK                 (+)     
32      ext_mode_chain0  grp1   /dut/gpio.gpio/GPIO_REGISTER/rtlcreg_rgpio_ints_6   -/-        RTLC_FDE   <scan_out>  PCLK                 (+)     
33      ext_mode_chain0  grp1   /dut/gpio.gpio/GPIO_REGISTER/rtlcreg_rgpio_ints_7   -/-        RTLC_FDE   <scan_out>  PCLK                 (+)     
34      ext_mode_chain0  grp1   /dut/gpio.gpio/GPIO_REGISTER/rtlcreg_rgpio_ints_8   -/-        RTLC_FDE   <scan_out>  PCLK                 (+)     
35      ext_mode_chain0  grp1   /dut/gpio.gpio/GPIO_REGISTER/rtlcreg_rgpio_ints_9   -/-        RTLC_FDE   <scan_out>  PCLK                 (+)     
36      ext_mode_chain0  grp1   /dut/gpio.gpio/GPIO_REGISTER/rtlcreg_rgpio_ints_10  -/-        RTLC_FDE   <scan_out>  PCLK                 (+)     
37      ext_mode_chain0  grp1   /dut/gpio.gpio/GPIO_REGISTER/rtlcreg_rgpio_ints_11  -/-        RTLC_FDE   <scan_out>  PCLK                 (+)     
38      ext_mode_chain0  grp1   /dut/gpio.gpio/GPIO_REGISTER/rtlcreg_rgpio_ints_12  -/-        RTLC_FDE   <scan_out>  PCLK                 (+)     
39      ext_mode_chain0  grp1   /dut/gpio.gpio/GPIO_REGISTER/rtlcreg_rgpio_ints_13  -/-        RTLC_FDE   <scan_out>  PCLK                 (+)     
40      ext_mode_chain0  grp1   /dut/gpio.gpio/GPIO_REGISTER/rtlcreg_rgpio_ints_14  -/-        RTLC_FDE   <scan_out>  PCLK                 (+)     
41      ext_mode_chain0  grp1   /dut/gpio.gpio/GPIO_REGISTER/rtlcreg_rgpio_ints_15  -/-        RTLC_FDE   <scan_out>  PCLK                 (+)     
42      ext_mode_chain0  grp1   /dut/gpio.gpio/GPIO_REGISTER/rtlcreg_rgpio_ints_16  -/-        RTLC_FDE   <scan_out>  PCLK                 (+)     
43      ext_mode_chain0  grp1   /dut/gpio.gpio/GPIO_REGISTER/rtlcreg_rgpio_ints_17  -/-        RTLC_FDE   <scan_out>  PCLK                 (+)     
44      ext_mode_chain0  grp1   /dut/gpio.gpio/GPIO_REGISTER/rtlcreg_rgpio_ints_18  -/-        RTLC_FDE   <scan_out>  PCLK                 (+)     
45      ext_mode_chain0  grp1   /dut/gpio.gpio/GPIO_REGISTER/rtlcreg_rgpio_ints_19  -/-        RTLC_FDE   <scan_out>  PCLK                 (+)     
46      ext_mode_chain0  grp1   /dut/gpio.gpio/GPIO_REGISTER/rtlcreg_rgpio_ints_20  -/-        RTLC_FDE   <scan_out>  PCLK                 (+)     
47      ext_mode_chain0  grp1   /[pipeline-before-chain]                            -/-        [DFF]                  PCLK                 (+)     
-       ext_mode_chain1  grp1   /[lockup-after-chain]                               -/-        [LAT]                  PCLK                 (-)     
0       ext_mode_chain1  grp1   /dut/clint.clint/rtlcreg_MTIME_18                   -/-        RTLC_FDE   <scan_out>  PCLK                 (+)     
1       ext_mode_chain1  grp1   /dut/clint.clint/rtlcreg_MTIME_19                   -/-        RTLC_FDE   <scan_out>  PCLK                 (+)     
2       ext_mode_chain1  grp1   /dut/clint.clint/rtlcreg_MTIME_20                   -/-        RTLC_FDE   <scan_out>  PCLK                 (+)     
3       ext_mode_chain1  grp1   /dut/clint.clint/rtlcreg_MTIME_21                   -/-        RTLC_FDE   <scan_out>  PCLK                 (+)     
4       ext_mode_chain1  grp1   /dut/clint.clint/rtlcreg_MTIME_22                   -/-        RTLC_FDE   <scan_out>  PCLK                 (+)     
5       ext_mode_chain1  grp1   /dut/clint.clint/rtlcreg_MTIME_23                   -/-        RTLC_FDE   <scan_out>  PCLK                 (+)     
6       ext_mode_chain1  grp1   /dut/clint.clint/rtlcreg_MTIME_24                   -/-        RTLC_FDE   <scan_out>  PCLK                 (+)     
7       ext_mode_chain1  grp1   /dut/clint.clint/rtlcreg_MTIME_25                   -/-        RTLC_FDE   <scan_out>  PCLK                 (+)     
8       ext_mode_chain1  grp1   /dut/clint.clint/rtlcreg_MTIME_26                   -/-        RTLC_FDE   <scan_out>  PCLK                 (+)     
9       ext_mode_chain1  grp1   /dut/clint.clint/rtlcreg_MTIME_27                   -/-        RTLC_FDE   <scan_out>  PCLK                 (+)     
10      ext_mode_chain1  grp1   /dut/clint.clint/rtlcreg_MTIME_28                   -/-        RTLC_FDE   <scan_out>  PCLK                 (+)     
11      ext_mode_chain1  grp1   /dut/clint.clint/rtlcreg_MTIME_29                   -/-        RTLC_FDE   <scan_out>  PCLK                 (+)     
12      ext_mode_chain1  grp1   /dut/clint.clint/rtlcreg_MTIME_30                   -/-        RTLC_FDE   <scan_out>  PCLK                 (+)     
13      ext_mode_chain1  grp1   /dut/clint.clint/rtlcreg_MTIME_31                   -/-        RTLC_FDE   <scan_out>  PCLK                 (+)     
14      ext_mode_chain1  grp1   /dut/clint.clint/rtlcreg_MTIME_32                   -/-        RTLC_FDE   <scan_out>  PCLK                 (+)     
15      ext_mode_chain1  grp1   /dut/clint.clint/rtlcreg_MTIME_33                   -/-        RTLC_FDE   <scan_out>  PCLK                 (+)     
16      ext_mode_chain1  grp1   /dut/clint.clint/rtlcreg_MTIME_34                   -/-        RTLC_FDE   <scan_out>  PCLK                 (+)     
17      ext_mode_chain1  grp1   /dut/clint.clint/rtlcreg_MTIME_35                   -/-        RTLC_FDE   <scan_out>  PCLK                 (+)     
18      ext_mode_chain1  grp1   /dut/clint.clint/rtlcreg_MTIME_36                   -/-        RTLC_FDE   <scan_out>  PCLK                 (+)     
19      ext_mode_chain1  grp1   /dut/clint.clint/rtlcreg_MTIME_37                   -/-        RTLC_FDE   <scan_out>  PCLK                 (+)     
20      ext_mode_chain1  grp1   /dut/clint.clint/rtlcreg_MTIME_38                   -/-        RTLC_FDE   <scan_out>  PCLK                 (+)     
21      ext_mode_chain1  grp1   /dut/clint.clint/rtlcreg_MTIME_39                   -/-        RTLC_FDE   <scan_out>  PCLK                 (+)     
22      ext_mode_chain1  grp1   /dut/clint.clint/rtlcreg_MTIME_40                   -/-        RTLC_FDE   <scan_out>  PCLK                 (+)     
23      ext_mode_chain1  grp1   /dut/clint.clint/rtlcreg_MTIME_41                   -/-        RTLC_FDE   <scan_out>  PCLK                 (+)     
24      ext_mode_chain1  grp1   /dut/clint.clint/rtlcreg_MTIME_42                   -/-        RTLC_FDE   <scan_out>  PCLK                 (+)     
25      ext_mode_chain1  grp1   /dut/clint.clint/rtlcreg_MTIME_43                   -/-        RTLC_FDE   <scan_out>  PCLK                 (+)     
26      ext_mode_chain1  grp1   /dut/clint.clint/rtlcreg_MTIME_44                   -/-        RTLC_FDE   <scan_out>  PCLK                 (+)     
27      ext_mode_chain1  grp1   /dut/clint.clint/rtlcreg_MTIME_45                   -/-        RTLC_FDE   <scan_out>  PCLK                 (+)     
28      ext_mode_chain1  grp1   /dut/clint.clint/rtlcreg_MTIME_46                   -/-        RTLC_FDE   <scan_out>  PCLK                 (+)     
29      ext_mode_chain1  grp1   /dut/clint.clint/rtlcreg_MTIME_47                   -/-        RTLC_FDE   <scan_out>  PCLK                 (+)     
30      ext_mode_chain1  grp1   /dut/clint.clint/rtlcreg_MTIME_48                   -/-        RTLC_FDE   <scan_out>  PCLK                 (+)     
31      ext_mode_chain1  grp1   /dut/clint.clint/rtlcreg_MTIME_49                   -/-        RTLC_FDE   <scan_out>  PCLK                 (+)     
32      ext_mode_chain1  grp1   /dut/clint.clint/rtlcreg_MTIME_50                   -/-        RTLC_FDE   <scan_out>  PCLK                 (+)     
33      ext_mode_chain1  grp1   /dut/clint.clint/rtlcreg_MTIME_51                   -/-        RTLC_FDE   <scan_out>  PCLK                 (+)     
34      ext_mode_chain1  grp1   /dut/clint.clint/rtlcreg_MTIME_52                   -/-        RTLC_FDE   <scan_out>  PCLK                 (+)     
35      ext_mode_chain1  grp1   /dut/clint.clint/rtlcreg_MTIME_53                   -/-        RTLC_FDE   <scan_out>  PCLK                 (+)     
36      ext_mode_chain1  grp1   /dut/clint.clint/rtlcreg_MTIME_54                   -/-        RTLC_FDE   <scan_out>  PCLK                 (+)     
37      ext_mode_chain1  grp1   /dut/clint.clint/rtlcreg_MTIME_55                   -/-        RTLC_FDE   <scan_out>  PCLK                 (+)     
38      ext_mode_chain1  grp1   /dut/clint.clint/rtlcreg_MTIME_56                   -/-        RTLC_FDE   <scan_out>  PCLK                 (+)     
39      ext_mode_chain1  grp1   /dut/clint.clint/rtlcreg_MTIME_57                   -/-        RTLC_FDE   <scan_out>  PCLK                 (+)     
40      ext_mode_chain1  grp1   /dut/clint.clint/rtlcreg_MTIME_58                   -/-        RTLC_FDE   <scan_out>  PCLK                 (+)     
41      ext_mode_chain1  grp1   /dut/clint.clint/rtlcreg_MTIME_59                   -/-        RTLC_FDE   <scan_out>  PCLK                 (+)     
42      ext_mode_chain1  grp1   /dut/clint.clint/rtlcreg_MTIME_60                   -/-        RTLC_FDE   <scan_out>  PCLK                 (+)     
43      ext_mode_chain1  grp1   /dut/clint.clint/rtlcreg_MTIME_61                   -/-        RTLC_FDE   <scan_out>  PCLK                 (+)     
44      ext_mode_chain1  grp1   /dut/clint.clint/rtlcreg_MTIME_62                   -/-        RTLC_FDE   <scan_out>  PCLK                 (+)     
45      ext_mode_chain1  grp1   /dut/clint.clint/rtlcreg_MTIME_63                   -/-        RTLC_FDE   <scan_out>  PCLK                 (+)     
46      ext_mode_chain1  grp1   /dut/clint.clint/rtlcreg_MSIP                       -/-        RTLC_FDE   <scan_out>  PCLK                 (+)     
47      ext_mode_chain1  grp1   /[pipeline-before-chain]                            -/-        [DFF]                  PCLK                 (+)     
-       ext_mode_chain2  grp1   /[lockup-after-chain]                               -/-        [LAT]                  PCLK                 (-)     
0       ext_mode_chain2  grp1   /dut/gpio.gpio/GPIO_REGISTER/rtlcreg_rgpio_out_15   -/-        RTLC_FDE   <scan_out>  PCLK                 (+)     
1       ext_mode_chain2  grp1   /dut/gpio.gpio/GPIO_REGISTER/rtlcreg_rgpio_out_16   -/-        RTLC_FDE   <scan_out>  PCLK                 (+)     
2       ext_mode_chain2  grp1   /dut/gpio.gpio/GPIO_REGISTER/rtlcreg_rgpio_out_17   -/-        RTLC_FDE   <scan_out>  PCLK                 (+)     
3       ext_mode_chain2  grp1   /dut/gpio.gpio/GPIO_REGISTER/rtlcreg_rgpio_out_18   -/-        RTLC_FDE   <scan_out>  PCLK                 (+)     
4       ext_mode_chain2  grp1   /dut/gpio.gpio/GPIO_REGISTER/rtlcreg_rgpio_out_19   -/-        RTLC_FDE   <scan_out>  PCLK                 (+)     
5       ext_mode_chain2  grp1   /dut/gpio.gpio/GPIO_REGISTER/rtlcreg_rgpio_out_20   -/-        RTLC_FDE   <scan_out>  PCLK                 (+)     
6       ext_mode_chain2  grp1   /dut/gpio.gpio/GPIO_REGISTER/rtlcreg_rgpio_out_21   -/-        RTLC_FDE   <scan_out>  PCLK                 (+)     
7       ext_mode_chain2  grp1   /dut/gpio.gpio/GPIO_REGISTER/rtlcreg_rgpio_out_22   -/-        RTLC_FDE   <scan_out>  PCLK                 (+)     
8       ext_mode_chain2  grp1   /dut/gpio.gpio/GPIO_REGISTER/rtlcreg_rgpio_out_23   -/-        RTLC_FDE   <scan_out>  PCLK                 (+)     
9       ext_mode_chain2  grp1   /dut/gpio.gpio/GPIO_REGISTER/rtlcreg_rgpio_out_24   -/-        RTLC_FDE   <scan_out>  PCLK                 (+)     
10      ext_mode_chain2  grp1   /dut/gpio.gpio/GPIO_REGISTER/rtlcreg_rgpio_out_25   -/-        RTLC_FDE   <scan_out>  PCLK                 (+)     
11      ext_mode_chain2  grp1   /dut/gpio.gpio/GPIO_REGISTER/rtlcreg_rgpio_out_26   -/-        RTLC_FDE   <scan_out>  PCLK                 (+)     
12      ext_mode_chain2  grp1   /dut/gpio.gpio/GPIO_REGISTER/rtlcreg_rgpio_out_27   -/-        RTLC_FDE   <scan_out>  PCLK                 (+)     
13      ext_mode_chain2  grp1   /dut/gpio.gpio/GPIO_REGISTER/rtlcreg_rgpio_out_28   -/-        RTLC_FDE   <scan_out>  PCLK                 (+)     
14      ext_mode_chain2  grp1   /dut/gpio.gpio/GPIO_REGISTER/rtlcreg_rgpio_out_29   -/-        RTLC_FDE   <scan_out>  PCLK                 (+)     
15      ext_mode_chain2  grp1   /dut/gpio.gpio/GPIO_REGISTER/rtlcreg_rgpio_out_30   -/-        RTLC_FDE   <scan_out>  PCLK                 (+)     
16      ext_mode_chain2  grp1   /dut/gpio.gpio/GPIO_REGISTER/rtlcreg_rgpio_out_31   -/-        RTLC_FDE   <scan_out>  PCLK                 (+)     
17      ext_mode_chain2  grp1   /dut/gpio.gpio/GPIO_REGISTER/rtlcreg_rgpio_ctrl_0   -/-        RTLC_FDE   <scan_out>  PCLK                 (+)     
18      ext_mode_chain2  grp1   /dut/gpio.gpio/AUX_INTERFACE/rtlcreg_aux_i_0        -/-        RTLC_FD    Q           PCLK                 (+)     
19      ext_mode_chain2  grp1   /dut/gpio.gpio/AUX_INTERFACE/rtlcreg_aux_i_1        -/-        RTLC_FD    Q           PCLK                 (+)     
20      ext_mode_chain2  grp1   /dut/gpio.gpio/AUX_INTERFACE/rtlcreg_aux_i_2        -/-        RTLC_FD    Q           PCLK                 (+)     
21      ext_mode_chain2  grp1   /dut/gpio.gpio/AUX_INTERFACE/rtlcreg_aux_i_3        -/-        RTLC_FD    Q           PCLK                 (+)     
22      ext_mode_chain2  grp1   /dut/gpio.gpio/AUX_INTERFACE/rtlcreg_aux_i_4        -/-        RTLC_FD    Q           PCLK                 (+)     
23      ext_mode_chain2  grp1   /dut/gpio.gpio/AUX_INTERFACE/rtlcreg_aux_i_5        -/-        RTLC_FD    Q           PCLK                 (+)     
24      ext_mode_chain2  grp1   /dut/gpio.gpio/AUX_INTERFACE/rtlcreg_aux_i_6        -/-        RTLC_FD    Q           PCLK                 (+)     
25      ext_mode_chain2  grp1   /dut/gpio.gpio/AUX_INTERFACE/rtlcreg_aux_i_7        -/-        RTLC_FD    Q           PCLK                 (+)     
26      ext_mode_chain2  grp1   /dut/gpio.gpio/AUX_INTERFACE/rtlcreg_aux_i_8        -/-        RTLC_FD    Q           PCLK                 (+)     
27      ext_mode_chain2  grp1   /dut/gpio.gpio/APB_INTERFACE/rtlcreg_STATE_0        -/-        RTLC_FD    Q           PCLK                 (+)     
28      ext_mode_chain2  grp1   /dut/gpio.gpio/APB_INTERFACE/rtlcreg_STATE_1        -/-        RTLC_FD    Q           PCLK                 (+)     
29      ext_mode_chain2  grp1   /dut/clint.clint/rtlcreg_MTIME_0                    -/-        RTLC_FDE   <scan_out>  PCLK                 (+)     
30      ext_mode_chain2  grp1   /dut/clint.clint/rtlcreg_MTIME_1                    -/-        RTLC_FDE   <scan_out>  PCLK                 (+)     
31      ext_mode_chain2  grp1   /dut/clint.clint/rtlcreg_MTIME_2                    -/-        RTLC_FDE   <scan_out>  PCLK                 (+)     
32      ext_mode_chain2  grp1   /dut/clint.clint/rtlcreg_MTIME_3                    -/-        RTLC_FDE   <scan_out>  PCLK                 (+)     
33      ext_mode_chain2  grp1   /dut/clint.clint/rtlcreg_MTIME_4                    -/-        RTLC_FDE   <scan_out>  PCLK                 (+)     
34      ext_mode_chain2  grp1   /dut/clint.clint/rtlcreg_MTIME_5                    -/-        RTLC_FDE   <scan_out>  PCLK                 (+)     
35      ext_mode_chain2  grp1   /dut/clint.clint/rtlcreg_MTIME_6                    -/-        RTLC_FDE   <scan_out>  PCLK                 (+)     
36      ext_mode_chain2  grp1   /dut/clint.clint/rtlcreg_MTIME_7                    -/-        RTLC_FDE   <scan_out>  PCLK                 (+)     
37      ext_mode_chain2  grp1   /dut/clint.clint/rtlcreg_MTIME_8                    -/-        RTLC_FDE   <scan_out>  PCLK                 (+)     
38      ext_mode_chain2  grp1   /dut/clint.clint/rtlcreg_MTIME_9                    -/-        RTLC_FDE   <scan_out>  PCLK                 (+)     
39      ext_mode_chain2  grp1   /dut/clint.clint/rtlcreg_MTIME_10                   -/-        RTLC_FDE   <scan_out>  PCLK                 (+)     
40      ext_mode_chain2  grp1   /dut/clint.clint/rtlcreg_MTIME_11                   -/-        RTLC_FDE   <scan_out>  PCLK                 (+)     
41      ext_mode_chain2  grp1   /dut/clint.clint/rtlcreg_MTIME_12                   -/-        RTLC_FDE   <scan_out>  PCLK                 (+)     
42      ext_mode_chain2  grp1   /dut/clint.clint/rtlcreg_MTIME_13                   -/-        RTLC_FDE   <scan_out>  PCLK                 (+)     
43      ext_mode_chain2  grp1   /dut/clint.clint/rtlcreg_MTIME_14                   -/-        RTLC_FDE   <scan_out>  PCLK                 (+)     
44      ext_mode_chain2  grp1   /dut/clint.clint/rtlcreg_MTIME_15                   -/-        RTLC_FDE   <scan_out>  PCLK                 (+)     
45      ext_mode_chain2  grp1   /dut/clint.clint/rtlcreg_MTIME_16                   -/-        RTLC_FDE   <scan_out>  PCLK                 (+)     
46      ext_mode_chain2  grp1   /dut/clint.clint/rtlcreg_MTIME_17                   -/-        RTLC_FDE   <scan_out>  PCLK                 (+)     
47      ext_mode_chain2  grp1   /[pipeline-before-chain]                            -/-        [DFF]                  PCLK                 (+)     
-       ext_mode_chain3  grp1   /[lockup-after-chain]                               -/-        [LAT]                  PCLK                 (-)     
0       ext_mode_chain3  grp1   /dut/gpio.gpio/GPIO_REGISTER/rtlcreg_rgpio_oe_0     -/-        RTLC_FDE   <scan_out>  PCLK                 (+)     
1       ext_mode_chain3  grp1   /dut/gpio.gpio/GPIO_REGISTER/rtlcreg_rgpio_oe_1     -/-        RTLC_FDE   <scan_out>  PCLK                 (+)     
2       ext_mode_chain3  grp1   /dut/gpio.gpio/GPIO_REGISTER/rtlcreg_rgpio_oe_2     -/-        RTLC_FDE   <scan_out>  PCLK                 (+)     
3       ext_mode_chain3  grp1   /dut/gpio.gpio/GPIO_REGISTER/rtlcreg_rgpio_oe_3     -/-        RTLC_FDE   <scan_out>  PCLK                 (+)     
4       ext_mode_chain3  grp1   /dut/gpio.gpio/GPIO_REGISTER/rtlcreg_rgpio_oe_4     -/-        RTLC_FDE   <scan_out>  PCLK                 (+)     
5       ext_mode_chain3  grp1   /dut/gpio.gpio/GPIO_REGISTER/rtlcreg_rgpio_oe_5     -/-        RTLC_FDE   <scan_out>  PCLK                 (+)     
6       ext_mode_chain3  grp1   /dut/gpio.gpio/GPIO_REGISTER/rtlcreg_rgpio_oe_6     -/-        RTLC_FDE   <scan_out>  PCLK                 (+)     
7       ext_mode_chain3  grp1   /dut/gpio.gpio/GPIO_REGISTER/rtlcreg_rgpio_oe_7     -/-        RTLC_FDE   <scan_out>  PCLK                 (+)     
8       ext_mode_chain3  grp1   /dut/gpio.gpio/GPIO_REGISTER/rtlcreg_rgpio_oe_8     -/-        RTLC_FDE   <scan_out>  PCLK                 (+)     
9       ext_mode_chain3  grp1   /dut/gpio.gpio/GPIO_REGISTER/rtlcreg_rgpio_oe_9     -/-        RTLC_FDE   <scan_out>  PCLK                 (+)     
10      ext_mode_chain3  grp1   /dut/gpio.gpio/GPIO_REGISTER/rtlcreg_rgpio_oe_10    -/-        RTLC_FDE   <scan_out>  PCLK                 (+)     
11      ext_mode_chain3  grp1   /dut/gpio.gpio/GPIO_REGISTER/rtlcreg_rgpio_oe_11    -/-        RTLC_FDE   <scan_out>  PCLK                 (+)     
12      ext_mode_chain3  grp1   /dut/gpio.gpio/GPIO_REGISTER/rtlcreg_rgpio_oe_12    -/-        RTLC_FDE   <scan_out>  PCLK                 (+)     
13      ext_mode_chain3  grp1   /dut/gpio.gpio/GPIO_REGISTER/rtlcreg_rgpio_oe_13    -/-        RTLC_FDE   <scan_out>  PCLK                 (+)     
14      ext_mode_chain3  grp1   /dut/gpio.gpio/GPIO_REGISTER/rtlcreg_rgpio_oe_14    -/-        RTLC_FDE   <scan_out>  PCLK                 (+)     
15      ext_mode_chain3  grp1   /dut/gpio.gpio/GPIO_REGISTER/rtlcreg_rgpio_oe_15    -/-        RTLC_FDE   <scan_out>  PCLK                 (+)     
16      ext_mode_chain3  grp1   /dut/gpio.gpio/GPIO_REGISTER/rtlcreg_rgpio_oe_16    -/-        RTLC_FDE   <scan_out>  PCLK                 (+)     
17      ext_mode_chain3  grp1   /dut/gpio.gpio/GPIO_REGISTER/rtlcreg_rgpio_oe_17    -/-        RTLC_FDE   <scan_out>  PCLK                 (+)     
18      ext_mode_chain3  grp1   /dut/gpio.gpio/GPIO_REGISTER/rtlcreg_rgpio_oe_18    -/-        RTLC_FDE   <scan_out>  PCLK                 (+)     
19      ext_mode_chain3  grp1   /dut/gpio.gpio/GPIO_REGISTER/rtlcreg_rgpio_oe_19    -/-        RTLC_FDE   <scan_out>  PCLK                 (+)     
20      ext_mode_chain3  grp1   /dut/gpio.gpio/GPIO_REGISTER/rtlcreg_rgpio_oe_20    -/-        RTLC_FDE   <scan_out>  PCLK                 (+)     
21      ext_mode_chain3  grp1   /dut/gpio.gpio/GPIO_REGISTER/rtlcreg_rgpio_oe_21    -/-        RTLC_FDE   <scan_out>  PCLK                 (+)     
22      ext_mode_chain3  grp1   /dut/gpio.gpio/GPIO_REGISTER/rtlcreg_rgpio_oe_22    -/-        RTLC_FDE   <scan_out>  PCLK                 (+)     
23      ext_mode_chain3  grp1   /dut/gpio.gpio/GPIO_REGISTER/rtlcreg_rgpio_oe_23    -/-        RTLC_FDE   <scan_out>  PCLK                 (+)     
24      ext_mode_chain3  grp1   /dut/gpio.gpio/GPIO_REGISTER/rtlcreg_rgpio_oe_24    -/-        RTLC_FDE   <scan_out>  PCLK                 (+)     
25      ext_mode_chain3  grp1   /dut/gpio.gpio/GPIO_REGISTER/rtlcreg_rgpio_oe_25    -/-        RTLC_FDE   <scan_out>  PCLK                 (+)     
26      ext_mode_chain3  grp1   /dut/gpio.gpio/GPIO_REGISTER/rtlcreg_rgpio_oe_26    -/-        RTLC_FDE   <scan_out>  PCLK                 (+)     
27      ext_mode_chain3  grp1   /dut/gpio.gpio/GPIO_REGISTER/rtlcreg_rgpio_oe_27    -/-        RTLC_FDE   <scan_out>  PCLK                 (+)     
28      ext_mode_chain3  grp1   /dut/gpio.gpio/GPIO_REGISTER/rtlcreg_rgpio_oe_28    -/-        RTLC_FDE   <scan_out>  PCLK                 (+)     
29      ext_mode_chain3  grp1   /dut/gpio.gpio/GPIO_REGISTER/rtlcreg_rgpio_oe_29    -/-        RTLC_FDE   <scan_out>  PCLK                 (+)     
30      ext_mode_chain3  grp1   /dut/gpio.gpio/GPIO_REGISTER/rtlcreg_rgpio_oe_30    -/-        RTLC_FDE   <scan_out>  PCLK                 (+)     
31      ext_mode_chain3  grp1   /dut/gpio.gpio/GPIO_REGISTER/rtlcreg_rgpio_oe_31    -/-        RTLC_FDE   <scan_out>  PCLK                 (+)     
32      ext_mode_chain3  grp1   /dut/gpio.gpio/GPIO_REGISTER/rtlcreg_rgpio_out_0    -/-        RTLC_FDE   <scan_out>  PCLK                 (+)     
33      ext_mode_chain3  grp1   /dut/gpio.gpio/GPIO_REGISTER/rtlcreg_rgpio_out_1    -/-        RTLC_FDE   <scan_out>  PCLK                 (+)     
34      ext_mode_chain3  grp1   /dut/gpio.gpio/GPIO_REGISTER/rtlcreg_rgpio_out_2    -/-        RTLC_FDE   <scan_out>  PCLK                 (+)     
35      ext_mode_chain3  grp1   /dut/gpio.gpio/GPIO_REGISTER/rtlcreg_rgpio_out_3    -/-        RTLC_FDE   <scan_out>  PCLK                 (+)     
36      ext_mode_chain3  grp1   /dut/gpio.gpio/GPIO_REGISTER/rtlcreg_rgpio_out_4    -/-        RTLC_FDE   <scan_out>  PCLK                 (+)     
37      ext_mode_chain3  grp1   /dut/gpio.gpio/GPIO_REGISTER/rtlcreg_rgpio_out_5    -/-        RTLC_FDE   <scan_out>  PCLK                 (+)     
38      ext_mode_chain3  grp1   /dut/gpio.gpio/GPIO_REGISTER/rtlcreg_rgpio_out_6    -/-        RTLC_FDE   <scan_out>  PCLK                 (+)     
39      ext_mode_chain3  grp1   /dut/gpio.gpio/GPIO_REGISTER/rtlcreg_rgpio_out_7    -/-        RTLC_FDE   <scan_out>  PCLK                 (+)     
40      ext_mode_chain3  grp1   /dut/gpio.gpio/GPIO_REGISTER/rtlcreg_rgpio_out_8    -/-        RTLC_FDE   <scan_out>  PCLK                 (+)     
41      ext_mode_chain3  grp1   /dut/gpio.gpio/GPIO_REGISTER/rtlcreg_rgpio_out_9    -/-        RTLC_FDE   <scan_out>  PCLK                 (+)     
42      ext_mode_chain3  grp1   /dut/gpio.gpio/GPIO_REGISTER/rtlcreg_rgpio_out_10   -/-        RTLC_FDE   <scan_out>  PCLK                 (+)     
43      ext_mode_chain3  grp1   /dut/gpio.gpio/GPIO_REGISTER/rtlcreg_rgpio_out_11   -/-        RTLC_FDE   <scan_out>  PCLK                 (+)     
44      ext_mode_chain3  grp1   /dut/gpio.gpio/GPIO_REGISTER/rtlcreg_rgpio_out_12   -/-        RTLC_FDE   <scan_out>  PCLK                 (+)     
45      ext_mode_chain3  grp1   /dut/gpio.gpio/GPIO_REGISTER/rtlcreg_rgpio_out_13   -/-        RTLC_FDE   <scan_out>  PCLK                 (+)     
46      ext_mode_chain3  grp1   /dut/gpio.gpio/GPIO_REGISTER/rtlcreg_rgpio_out_14   -/-        RTLC_FDE   <scan_out>  PCLK                 (+)     
47      ext_mode_chain3  grp1   /[pipeline-before-chain]                            -/-        [DFF]                  PCLK                 (+)     
-       ext_mode_chain4  grp1   /[lockup-after-chain]                               -/-        [LAT]                  PCLK                 (-)     
0       ext_mode_chain4  grp1   /dut/gpio.gpio/GPIO_REGISTER/rtlcreg_rgpio_in_13    -/-        RTLC_FD    Q           PCLK                 (+)     
1       ext_mode_chain4  grp1   /ts_0_dohw_2305smodp1_i                             -/-        (?)        SO          PCLK                 (+)     
2       ext_mode_chain4  grp1   /ts_0_dohw_2303smodp1_i                             -/-        (?)        SO          PCLK                 (+)     
3       ext_mode_chain4  grp1   /ts_0_dohw_2301smodp1_i                             -/-        (?)        SO          PCLK                 (+)     
4       ext_mode_chain4  grp1   /dut/ahbapbbridge/APB_MASTER/rtlcreg_s_write_reg    -/-        RTLC_FDCE  <scan_out>  PCLK                 (+)     
5       ext_mode_chain4  grp1   /dut/ahbapbbridge/APB_MASTER/rtlcreg_curr_state_0   -/-        RTLC_FDC   Q           PCLK                 (+)     
6       ext_mode_chain4  grp1   /dut/gpio.gpio/GPIO_REGISTER/rtlcreg_rgpio_aux_0    -/-        RTLC_FDE   <scan_out>  PCLK                 (+)     
7       ext_mode_chain4  grp1   /dut/gpio.gpio/GPIO_REGISTER/rtlcreg_rgpio_aux_1    -/-        RTLC_FDE   <scan_out>  PCLK                 (+)     
8       ext_mode_chain4  grp1   /dut/gpio.gpio/GPIO_REGISTER/rtlcreg_rgpio_aux_2    -/-        RTLC_FDE   <scan_out>  PCLK                 (+)     
9       ext_mode_chain4  grp1   /dut/gpio.gpio/GPIO_REGISTER/rtlcreg_rgpio_aux_3    -/-        RTLC_FDE   <scan_out>  PCLK                 (+)     
10      ext_mode_chain4  grp1   /dut/gpio.gpio/GPIO_REGISTER/rtlcreg_rgpio_aux_4    -/-        RTLC_FDE   <scan_out>  PCLK                 (+)     
11      ext_mode_chain4  grp1   /dut/gpio.gpio/GPIO_REGISTER/rtlcreg_rgpio_aux_5    -/-        RTLC_FDE   <scan_out>  PCLK                 (+)     
12      ext_mode_chain4  grp1   /dut/gpio.gpio/GPIO_REGISTER/rtlcreg_rgpio_aux_6    -/-        RTLC_FDE   <scan_out>  PCLK                 (+)     
13      ext_mode_chain4  grp1   /dut/gpio.gpio/GPIO_REGISTER/rtlcreg_rgpio_aux_7    -/-        RTLC_FDE   <scan_out>  PCLK                 (+)     
14      ext_mode_chain4  grp1   /dut/gpio.gpio/GPIO_REGISTER/rtlcreg_rgpio_aux_8    -/-        RTLC_FDE   <scan_out>  PCLK                 (+)     
15      ext_mode_chain4  grp1   /dut/gpio.gpio/GPIO_REGISTER/rtlcreg_rgpio_inte_0   -/-        RTLC_FDE   <scan_out>  PCLK                 (+)     
16      ext_mode_chain4  grp1   /dut/gpio.gpio/GPIO_REGISTER/rtlcreg_rgpio_inte_1   -/-        RTLC_FDE   <scan_out>  PCLK                 (+)     
17      ext_mode_chain4  grp1   /dut/gpio.gpio/GPIO_REGISTER/rtlcreg_rgpio_inte_2   -/-        RTLC_FDE   <scan_out>  PCLK                 (+)     
18      ext_mode_chain4  grp1   /dut/gpio.gpio/GPIO_REGISTER/rtlcreg_rgpio_inte_3   -/-        RTLC_FDE   <scan_out>  PCLK                 (+)     
19      ext_mode_chain4  grp1   /dut/gpio.gpio/GPIO_REGISTER/rtlcreg_rgpio_inte_4   -/-        RTLC_FDE   <scan_out>  PCLK                 (+)     
20      ext_mode_chain4  grp1   /dut/gpio.gpio/GPIO_REGISTER/rtlcreg_rgpio_inte_5   -/-        RTLC_FDE   <scan_out>  PCLK                 (+)     
21      ext_mode_chain4  grp1   /dut/gpio.gpio/GPIO_REGISTER/rtlcreg_rgpio_inte_6   -/-        RTLC_FDE   <scan_out>  PCLK                 (+)     
22      ext_mode_chain4  grp1   /dut/gpio.gpio/GPIO_REGISTER/rtlcreg_rgpio_inte_7   -/-        RTLC_FDE   <scan_out>  PCLK                 (+)     
23      ext_mode_chain4  grp1   /dut/gpio.gpio/GPIO_REGISTER/rtlcreg_rgpio_inte_8   -/-        RTLC_FDE   <scan_out>  PCLK                 (+)     
24      ext_mode_chain4  grp1   /dut/gpio.gpio/GPIO_REGISTER/rtlcreg_rgpio_inte_9   -/-        RTLC_FDE   <scan_out>  PCLK                 (+)     
25      ext_mode_chain4  grp1   /dut/gpio.gpio/GPIO_REGISTER/rtlcreg_rgpio_inte_10  -/-        RTLC_FDE   <scan_out>  PCLK                 (+)     
26      ext_mode_chain4  grp1   /dut/gpio.gpio/GPIO_REGISTER/rtlcreg_rgpio_inte_11  -/-        RTLC_FDE   <scan_out>  PCLK                 (+)     
27      ext_mode_chain4  grp1   /dut/gpio.gpio/GPIO_REGISTER/rtlcreg_rgpio_inte_12  -/-        RTLC_FDE   <scan_out>  PCLK                 (+)     
28      ext_mode_chain4  grp1   /dut/gpio.gpio/GPIO_REGISTER/rtlcreg_rgpio_inte_13  -/-        RTLC_FDE   <scan_out>  PCLK                 (+)     
29      ext_mode_chain4  grp1   /dut/gpio.gpio/GPIO_REGISTER/rtlcreg_rgpio_inte_14  -/-        RTLC_FDE   <scan_out>  PCLK                 (+)     
30      ext_mode_chain4  grp1   /dut/gpio.gpio/GPIO_REGISTER/rtlcreg_rgpio_inte_15  -/-        RTLC_FDE   <scan_out>  PCLK                 (+)     
31      ext_mode_chain4  grp1   /dut/gpio.gpio/GPIO_REGISTER/rtlcreg_rgpio_inte_16  -/-        RTLC_FDE   <scan_out>  PCLK                 (+)     
32      ext_mode_chain4  grp1   /dut/gpio.gpio/GPIO_REGISTER/rtlcreg_rgpio_inte_17  -/-        RTLC_FDE   <scan_out>  PCLK                 (+)     
33      ext_mode_chain4  grp1   /dut/gpio.gpio/GPIO_REGISTER/rtlcreg_rgpio_inte_18  -/-        RTLC_FDE   <scan_out>  PCLK                 (+)     
34      ext_mode_chain4  grp1   /dut/gpio.gpio/GPIO_REGISTER/rtlcreg_rgpio_inte_19  -/-        RTLC_FDE   <scan_out>  PCLK                 (+)     
35      ext_mode_chain4  grp1   /dut/gpio.gpio/GPIO_REGISTER/rtlcreg_rgpio_inte_20  -/-        RTLC_FDE   <scan_out>  PCLK                 (+)     
36      ext_mode_chain4  grp1   /dut/gpio.gpio/GPIO_REGISTER/rtlcreg_rgpio_inte_21  -/-        RTLC_FDE   <scan_out>  PCLK                 (+)     
37      ext_mode_chain4  grp1   /dut/gpio.gpio/GPIO_REGISTER/rtlcreg_rgpio_inte_22  -/-        RTLC_FDE   <scan_out>  PCLK                 (+)     
38      ext_mode_chain4  grp1   /dut/gpio.gpio/GPIO_REGISTER/rtlcreg_rgpio_inte_23  -/-        RTLC_FDE   <scan_out>  PCLK                 (+)     
39      ext_mode_chain4  grp1   /dut/gpio.gpio/GPIO_REGISTER/rtlcreg_rgpio_inte_24  -/-        RTLC_FDE   <scan_out>  PCLK                 (+)     
40      ext_mode_chain4  grp1   /dut/gpio.gpio/GPIO_REGISTER/rtlcreg_rgpio_inte_25  -/-        RTLC_FDE   <scan_out>  PCLK                 (+)     
41      ext_mode_chain4  grp1   /dut/gpio.gpio/GPIO_REGISTER/rtlcreg_rgpio_inte_26  -/-        RTLC_FDE   <scan_out>  PCLK                 (+)     
42      ext_mode_chain4  grp1   /dut/gpio.gpio/GPIO_REGISTER/rtlcreg_rgpio_inte_27  -/-        RTLC_FDE   <scan_out>  PCLK                 (+)     
43      ext_mode_chain4  grp1   /dut/gpio.gpio/GPIO_REGISTER/rtlcreg_rgpio_inte_28  -/-        RTLC_FDE   <scan_out>  PCLK                 (+)     
44      ext_mode_chain4  grp1   /dut/gpio.gpio/GPIO_REGISTER/rtlcreg_rgpio_inte_29  -/-        RTLC_FDE   <scan_out>  PCLK                 (+)     
45      ext_mode_chain4  grp1   /dut/gpio.gpio/GPIO_REGISTER/rtlcreg_rgpio_inte_30  -/-        RTLC_FDE   <scan_out>  PCLK                 (+)     
46      ext_mode_chain4  grp1   /dut/gpio.gpio/GPIO_REGISTER/rtlcreg_rgpio_inte_31  -/-        RTLC_FDE   <scan_out>  PCLK                 (+)     
47      ext_mode_chain4  grp1   /[pipeline-before-chain]                            -/-        [DFF]                  PCLK                 (+)     
-       ext_mode_chain5  grp1   /[lockup-after-chain]                               -/-        [LAT]                  PCLK                 (-)     
0       ext_mode_chain5  grp1   /dut/gpio.gpio/GPIO_REGISTER/rtlcreg_rgpio_ints_21  -/-        RTLC_FDE   <scan_out>  PCLK                 (+)     
1       ext_mode_chain5  grp1   /dut/gpio.gpio/GPIO_REGISTER/rtlcreg_rgpio_ints_22  -/-        RTLC_FDE   <scan_out>  PCLK                 (+)     
2       ext_mode_chain5  grp1   /dut/gpio.gpio/GPIO_REGISTER/rtlcreg_rgpio_ints_23  -/-        RTLC_FDE   <scan_out>  PCLK                 (+)     
3       ext_mode_chain5  grp1   /dut/gpio.gpio/GPIO_REGISTER/rtlcreg_rgpio_ints_24  -/-        RTLC_FDE   <scan_out>  PCLK                 (+)     
4       ext_mode_chain5  grp1   /dut/gpio.gpio/GPIO_REGISTER/rtlcreg_rgpio_ints_25  -/-        RTLC_FDE   <scan_out>  PCLK                 (+)     
5       ext_mode_chain5  grp1   /dut/gpio.gpio/GPIO_REGISTER/rtlcreg_rgpio_ints_26  -/-        RTLC_FDE   <scan_out>  PCLK                 (+)     
6       ext_mode_chain5  grp1   /dut/gpio.gpio/GPIO_REGISTER/rtlcreg_rgpio_ints_27  -/-        RTLC_FDE   <scan_out>  PCLK                 (+)     
7       ext_mode_chain5  grp1   /dut/gpio.gpio/GPIO_REGISTER/rtlcreg_rgpio_ints_28  -/-        RTLC_FDE   <scan_out>  PCLK                 (+)     
8       ext_mode_chain5  grp1   /dut/gpio.gpio/GPIO_REGISTER/rtlcreg_rgpio_ints_29  -/-        RTLC_FDE   <scan_out>  PCLK                 (+)     
-       ext_mode_chain5  grp1   /[lockup]                                           -/-        [LAT]                  inferred_occ_clock0  (-)     
9       ext_mode_chain5  grp1   /dut/hseldelayreg/rtlcreg_q_0                       -/-        RTLC_FDE   <scan_out>  inferred_occ_clock0  (+)     
10      ext_mode_chain5  grp1   /dut/hseldelayreg/rtlcreg_q_3                       -/-        RTLC_FDE   <scan_out>  inferred_occ_clock0  (+)     
11      ext_mode_chain5  grp1   /dut/hseldelayreg/rtlcreg_q_4                       -/-        RTLC_FDE   <scan_out>  inferred_occ_clock0  (+)     
12      ext_mode_chain5  grp1   /dut/hseldelayreg/rtlcreg_q_5                       -/-        RTLC_FDE   <scan_out>  inferred_occ_clock0  (+)     
13      ext_mode_chain5  grp1   /dut/hseldelayreg/rtlcreg_q_10                      -/-        RTLC_FDE   <scan_out>  inferred_occ_clock0  (+)     
14      ext_mode_chain5  grp1   /dut/hseldelayreg/rtlcreg_q_12                      -/-        RTLC_FDE   <scan_out>  inferred_occ_clock0  (+)     
15      ext_mode_chain5  grp1   /dut/hselbridgedelayreg/rtlcreg_q_0                 -/-        RTLC_FDE   <scan_out>  inferred_occ_clock0  (+)     
16      ext_mode_chain5  grp1   /dut/ahbapbbridge/SYNCHRONIZER2/rtlcreg_sync_reg_2  -/-        RTLC_FDCE  <scan_out>  inferred_occ_clock0  (+)     
17      ext_mode_chain5  grp1   /dut/ahbapbbridge/AHB_SLAVE/rtlcreg_HRDATA_0        -/-        RTLC_FDC   Q           inferred_occ_clock0  (+)     
18      ext_mode_chain5  grp1   /dut/ahbapbbridge/AHB_SLAVE/rtlcreg_HRDATA_1        -/-        RTLC_FDC   Q           inferred_occ_clock0  (+)     
19      ext_mode_chain5  grp1   /dut/ahbapbbridge/AHB_SLAVE/rtlcreg_HRDATA_2        -/-        RTLC_FDC   Q           inferred_occ_clock0  (+)     
20      ext_mode_chain5  grp1   /dut/ahbapbbridge/AHB_SLAVE/rtlcreg_HRDATA_3        -/-        RTLC_FDC   Q           inferred_occ_clock0  (+)     
21      ext_mode_chain5  grp1   /dut/ahbapbbridge/AHB_SLAVE/rtlcreg_HRDATA_4        -/-        RTLC_FDC   Q           inferred_occ_clock0  (+)     
22      ext_mode_chain5  grp1   /dut/ahbapbbridge/AHB_SLAVE/rtlcreg_HRDATA_5        -/-        RTLC_FDC   Q           inferred_occ_clock0  (+)     
23      ext_mode_chain5  grp1   /dut/ahbapbbridge/AHB_SLAVE/rtlcreg_HRDATA_6        -/-        RTLC_FDC   Q           inferred_occ_clock0  (+)     
24      ext_mode_chain5  grp1   /dut/ahbapbbridge/AHB_SLAVE/rtlcreg_HRDATA_7        -/-        RTLC_FDC   Q           inferred_occ_clock0  (+)     
25      ext_mode_chain5  grp1   /dut/ahbapbbridge/AHB_SLAVE/rtlcreg_HRDATA_8        -/-        RTLC_FDC   Q           inferred_occ_clock0  (+)     
26      ext_mode_chain5  grp1   /dut/ahbapbbridge/AHB_SLAVE/rtlcreg_HRDATA_9        -/-        RTLC_FDC   Q           inferred_occ_clock0  (+)     
27      ext_mode_chain5  grp1   /dut/ahbapbbridge/AHB_SLAVE/rtlcreg_HRDATA_10       -/-        RTLC_FDC   Q           inferred_occ_clock0  (+)     
28      ext_mode_chain5  grp1   /dut/ahbapbbridge/AHB_SLAVE/rtlcreg_HRDATA_11       -/-        RTLC_FDC   Q           inferred_occ_clock0  (+)     
29      ext_mode_chain5  grp1   /dut/ahbapbbridge/AHB_SLAVE/rtlcreg_HRDATA_12       -/-        RTLC_FDC   Q           inferred_occ_clock0  (+)     
30      ext_mode_chain5  grp1   /dut/ahbapbbridge/AHB_SLAVE/rtlcreg_HRDATA_13       -/-        RTLC_FDC   Q           inferred_occ_clock0  (+)     
31      ext_mode_chain5  grp1   /dut/ahbapbbridge/AHB_SLAVE/rtlcreg_HRDATA_14       -/-        RTLC_FDC   Q           inferred_occ_clock0  (+)     
32      ext_mode_chain5  grp1   /dut/ahbapbbridge/AHB_SLAVE/rtlcreg_HRDATA_15       -/-        RTLC_FDC   Q           inferred_occ_clock0  (+)     
33      ext_mode_chain5  grp1   /dut/ahbapbbridge/AHB_SLAVE/rtlcreg_HRDATA_16       -/-        RTLC_FDC   Q           inferred_occ_clock0  (+)     
34      ext_mode_chain5  grp1   /dut/ahbapbbridge/AHB_SLAVE/rtlcreg_HRDATA_17       -/-        RTLC_FDC   Q           inferred_occ_clock0  (+)     
35      ext_mode_chain5  grp1   /dut/ahbapbbridge/AHB_SLAVE/rtlcreg_HRDATA_18       -/-        RTLC_FDC   Q           inferred_occ_clock0  (+)     
36      ext_mode_chain5  grp1   /dut/ahbapbbridge/AHB_SLAVE/rtlcreg_HRDATA_19       -/-        RTLC_FDC   Q           inferred_occ_clock0  (+)     
37      ext_mode_chain5  grp1   /dut/ahbapbbridge/AHB_SLAVE/rtlcreg_HRDATA_20       -/-        RTLC_FDC   Q           inferred_occ_clock0  (+)     
38      ext_mode_chain5  grp1   /dut/ahbapbbridge/AHB_SLAVE/rtlcreg_HRDATA_21       -/-        RTLC_FDC   Q           inferred_occ_clock0  (+)     
-       ext_mode_chain5  grp1   /[lockup]                                           -/-        [LAT]                  PCLK                 (-)     
39      ext_mode_chain5  grp1   /dut/gpio.gpio/GPIO_REGISTER/rtlcreg_rgpio_ints_30  -/-        RTLC_FDE   <scan_out>  PCLK                 (+)     
40      ext_mode_chain5  grp1   /dut/gpio.gpio/GPIO_REGISTER/rtlcreg_rgpio_ints_31  -/-        RTLC_FDE   <scan_out>  PCLK                 (+)     
41      ext_mode_chain5  grp1   /dut/gpio.gpio/GPIO_REGISTER/rtlcreg_rgpio_in_0     -/-        RTLC_FD    Q           PCLK                 (+)     
42      ext_mode_chain5  grp1   /dut/gpio.gpio/GPIO_REGISTER/rtlcreg_rgpio_in_1     -/-        RTLC_FD    Q           PCLK                 (+)     
43      ext_mode_chain5  grp1   /dut/gpio.gpio/GPIO_REGISTER/rtlcreg_rgpio_in_3     -/-        RTLC_FD    Q           PCLK                 (+)     
44      ext_mode_chain5  grp1   /dut/gpio.gpio/GPIO_REGISTER/rtlcreg_rgpio_in_4     -/-        RTLC_FD    Q           PCLK                 (+)     
45      ext_mode_chain5  grp1   /dut/gpio.gpio/GPIO_REGISTER/rtlcreg_rgpio_in_5     -/-        RTLC_FD    Q           PCLK                 (+)     
46      ext_mode_chain5  grp1   /dut/gpio.gpio/GPIO_REGISTER/rtlcreg_rgpio_in_6     -/-        RTLC_FD    Q           PCLK                 (+)     
47      ext_mode_chain5  grp1   /[pipeline-before-chain]                            -/-        [DFF]                  PCLK                 (+)     
-       ext_mode_chain6  grp1   /[lockup-after-chain]                               -/-        [LAT]                  inferred_occ_clock0  (-)     
0       ext_mode_chain6  grp1   /dut/ahbapbbridge/AHB_SLAVE/rtlcreg_s_wdata_34      -/-        RTLC_FDCE  <scan_out>  inferred_occ_clock0  (+)     
1       ext_mode_chain6  grp1   /dut/ahbapbbridge/AHB_SLAVE/rtlcreg_s_wdata_35      -/-        RTLC_FDCE  <scan_out>  inferred_occ_clock0  (+)     
2       ext_mode_chain6  grp1   /dut/ahbapbbridge/AHB_SLAVE/rtlcreg_s_wdata_36      -/-        RTLC_FDCE  <scan_out>  inferred_occ_clock0  (+)     
3       ext_mode_chain6  grp1   /dut/ahbapbbridge/AHB_SLAVE/rtlcreg_s_wdata_37      -/-        RTLC_FDCE  <scan_out>  inferred_occ_clock0  (+)     
4       ext_mode_chain6  grp1   /dut/ahbapbbridge/AHB_SLAVE/rtlcreg_s_wdata_38      -/-        RTLC_FDCE  <scan_out>  inferred_occ_clock0  (+)     
5       ext_mode_chain6  grp1   /dut/ahbapbbridge/AHB_SLAVE/rtlcreg_s_wdata_39      -/-        RTLC_FDCE  <scan_out>  inferred_occ_clock0  (+)     
6       ext_mode_chain6  grp1   /dut/ahbapbbridge/AHB_SLAVE/rtlcreg_s_wdata_40      -/-        RTLC_FDCE  <scan_out>  inferred_occ_clock0  (+)     
7       ext_mode_chain6  grp1   /dut/ahbapbbridge/AHB_SLAVE/rtlcreg_s_wdata_41      -/-        RTLC_FDCE  <scan_out>  inferred_occ_clock0  (+)     
8       ext_mode_chain6  grp1   /dut/ahbapbbridge/AHB_SLAVE/rtlcreg_s_wdata_42      -/-        RTLC_FDCE  <scan_out>  inferred_occ_clock0  (+)     
9       ext_mode_chain6  grp1   /dut/ahbapbbridge/AHB_SLAVE/rtlcreg_s_wdata_43      -/-        RTLC_FDCE  <scan_out>  inferred_occ_clock0  (+)     
10      ext_mode_chain6  grp1   /dut/ahbapbbridge/AHB_SLAVE/rtlcreg_s_wdata_44      -/-        RTLC_FDCE  <scan_out>  inferred_occ_clock0  (+)     
11      ext_mode_chain6  grp1   /dut/ahbapbbridge/AHB_SLAVE/rtlcreg_s_wdata_45      -/-        RTLC_FDCE  <scan_out>  inferred_occ_clock0  (+)     
12      ext_mode_chain6  grp1   /dut/ahbapbbridge/AHB_SLAVE/rtlcreg_s_wdata_46      -/-        RTLC_FDCE  <scan_out>  inferred_occ_clock0  (+)     
13      ext_mode_chain6  grp1   /dut/ahbapbbridge/AHB_SLAVE/rtlcreg_s_wdata_47      -/-        RTLC_FDCE  <scan_out>  inferred_occ_clock0  (+)     
14      ext_mode_chain6  grp1   /dut/ahbapbbridge/AHB_SLAVE/rtlcreg_s_wdata_48      -/-        RTLC_FDCE  <scan_out>  inferred_occ_clock0  (+)     
15      ext_mode_chain6  grp1   /dut/ahbapbbridge/AHB_SLAVE/rtlcreg_s_wdata_49      -/-        RTLC_FDCE  <scan_out>  inferred_occ_clock0  (+)     
16      ext_mode_chain6  grp1   /dut/ahbapbbridge/AHB_SLAVE/rtlcreg_s_wdata_50      -/-        RTLC_FDCE  <scan_out>  inferred_occ_clock0  (+)     
17      ext_mode_chain6  grp1   /dut/ahbapbbridge/AHB_SLAVE/rtlcreg_s_wdata_51      -/-        RTLC_FDCE  <scan_out>  inferred_occ_clock0  (+)     
18      ext_mode_chain6  grp1   /dut/ahbapbbridge/AHB_SLAVE/rtlcreg_s_wdata_52      -/-        RTLC_FDCE  <scan_out>  inferred_occ_clock0  (+)     
19      ext_mode_chain6  grp1   /dut/ahbapbbridge/AHB_SLAVE/rtlcreg_s_wdata_53      -/-        RTLC_FDCE  <scan_out>  inferred_occ_clock0  (+)     
20      ext_mode_chain6  grp1   /dut/ahbapbbridge/AHB_SLAVE/rtlcreg_s_wdata_54      -/-        RTLC_FDCE  <scan_out>  inferred_occ_clock0  (+)     
21      ext_mode_chain6  grp1   /dut/ahbapbbridge/AHB_SLAVE/rtlcreg_s_wdata_55      -/-        RTLC_FDCE  <scan_out>  inferred_occ_clock0  (+)     
22      ext_mode_chain6  grp1   /dut/ahbapbbridge/AHB_SLAVE/rtlcreg_s_wdata_56      -/-        RTLC_FDCE  <scan_out>  inferred_occ_clock0  (+)     
23      ext_mode_chain6  grp1   /dut/ahbapbbridge/AHB_SLAVE/rtlcreg_s_wdata_57      -/-        RTLC_FDCE  <scan_out>  inferred_occ_clock0  (+)     
24      ext_mode_chain6  grp1   /dut/ahbapbbridge/AHB_SLAVE/rtlcreg_s_wdata_58      -/-        RTLC_FDCE  <scan_out>  inferred_occ_clock0  (+)     
25      ext_mode_chain6  grp1   /dut/ahbapbbridge/AHB_SLAVE/rtlcreg_s_wdata_59      -/-        RTLC_FDCE  <scan_out>  inferred_occ_clock0  (+)     
26      ext_mode_chain6  grp1   /dut/ahbapbbridge/AHB_SLAVE/rtlcreg_s_wdata_60      -/-        RTLC_FDCE  <scan_out>  inferred_occ_clock0  (+)     
27      ext_mode_chain6  grp1   /dut/ahbapbbridge/AHB_SLAVE/rtlcreg_s_wdata_61      -/-        RTLC_FDCE  <scan_out>  inferred_occ_clock0  (+)     
28      ext_mode_chain6  grp1   /dut/ahbapbbridge/AHB_SLAVE/rtlcreg_s_wdata_62      -/-        RTLC_FDCE  <scan_out>  inferred_occ_clock0  (+)     
29      ext_mode_chain6  grp1   /dut/ahbapbbridge/AHB_SLAVE/rtlcreg_s_wdata_63      -/-        RTLC_FDCE  <scan_out>  inferred_occ_clock0  (+)     
30      ext_mode_chain6  grp1   /dut/ahbapbbridge/AHB_SLAVE/rtlcreg_pstrb_reg_0     -/-        RTLC_FDCE  <scan_out>  inferred_occ_clock0  (+)     
31      ext_mode_chain6  grp1   /dut/ahbapbbridge/AHB_SLAVE/rtlcreg_pstrb_reg_1     -/-        RTLC_FDCE  <scan_out>  inferred_occ_clock0  (+)     
32      ext_mode_chain6  grp1   /dut/ahbapbbridge/AHB_SLAVE/rtlcreg_pstrb_reg_2     -/-        RTLC_FDCE  <scan_out>  inferred_occ_clock0  (+)     
33      ext_mode_chain6  grp1   /dut/ahbapbbridge/AHB_SLAVE/rtlcreg_pstrb_reg_3     -/-        RTLC_FDCE  <scan_out>  inferred_occ_clock0  (+)     
34      ext_mode_chain6  grp1   /dut/ahbapbbridge/AHB_SLAVE/rtlcreg_pstrb_reg_4     -/-        RTLC_FDCE  <scan_out>  inferred_occ_clock0  (+)     
35      ext_mode_chain6  grp1   /dut/ahbapbbridge/AHB_SLAVE/rtlcreg_pstrb_reg_5     -/-        RTLC_FDCE  <scan_out>  inferred_occ_clock0  (+)     
36      ext_mode_chain6  grp1   /dut/ahbapbbridge/AHB_SLAVE/rtlcreg_pstrb_reg_6     -/-        RTLC_FDCE  <scan_out>  inferred_occ_clock0  (+)     
37      ext_mode_chain6  grp1   /dut/ahbapbbridge/AHB_SLAVE/rtlcreg_pstrb_reg_7     -/-        RTLC_FDCE  <scan_out>  inferred_occ_clock0  (+)     
38      ext_mode_chain6  grp1   /dut/ahbapbbridge/AHB_SLAVE/rtlcreg_s_write         -/-        RTLC_FDCE  <scan_out>  inferred_occ_clock0  (+)     
39      ext_mode_chain6  grp1   /dut/ahbapbbridge/AHB_SLAVE/rtlcreg_s_addr_0        -/-        RTLC_FDCE  <scan_out>  inferred_occ_clock0  (+)     
40      ext_mode_chain6  grp1   /dut/ahbapbbridge/AHB_SLAVE/rtlcreg_s_addr_1        -/-        RTLC_FDCE  <scan_out>  inferred_occ_clock0  (+)     
41      ext_mode_chain6  grp1   /dut/ahbapbbridge/AHB_SLAVE/rtlcreg_s_addr_2        -/-        RTLC_FDCE  <scan_out>  inferred_occ_clock0  (+)     
42      ext_mode_chain6  grp1   /dut/bootrom.bootrom/readyreg/rtlcreg_q_0           -/-        RTLC_FD    Q           inferred_occ_clock0  (+)     
43      ext_mode_chain6  grp1   /dut/bootrom.bootrom/memwritereg/rtlcreg_q_0        -/-        RTLC_FDE   <scan_out>  inferred_occ_clock0  (+)     
44      ext_mode_chain6  grp1   /dut/bootrom.bootrom/haddrreg/rtlcreg_q_0           -/-        RTLC_FDE   <scan_out>  inferred_occ_clock0  (+)     
45      ext_mode_chain6  grp1   /dut/bootrom.bootrom/haddrreg/rtlcreg_q_1           -/-        RTLC_FDE   <scan_out>  inferred_occ_clock0  (+)     
46      ext_mode_chain6  grp1   /dut/bootrom.bootrom/haddrreg/rtlcreg_q_2           -/-        RTLC_FDE   <scan_out>  inferred_occ_clock0  (+)     
47      ext_mode_chain6  grp1   /[pipeline-before-chain]                            -/-        [DFF]                  inferred_occ_clock0  (+)     
-       ext_mode_chain7  grp1   /[lockup-after-chain]                               -/-        [LAT]                  inferred_occ_clock0  (-)     
0       ext_mode_chain7  grp1   /ts_0_dihw_2329smodp1_i                             -/-        (?)        SO          inferred_occ_clock0  (+)     
1       ext_mode_chain7  grp1   /ts_0_dihw_2327smodp1_i                             -/-        (?)        SO          inferred_occ_clock0  (+)     
2       ext_mode_chain7  grp1   /ts_0_dihw_2325smodp1_i                             -/-        (?)        SO          inferred_occ_clock0  (+)     
3       ext_mode_chain7  grp1   /ts_0_dihw_2323smodp1_i                             -/-        (?)        SO          inferred_occ_clock0  (+)     
4       ext_mode_chain7  grp1   /ts_0_dihw_2321smodp1_i                             -/-        (?)        SO          inferred_occ_clock0  (+)     
5       ext_mode_chain7  grp1   /ts_0_dihw_2319smodp1_i                             -/-        (?)        SO          inferred_occ_clock0  (+)     
6       ext_mode_chain7  grp1   /ts_0_dihw_2317smodp1_i                             -/-        (?)        SO          inferred_occ_clock0  (+)     
7       ext_mode_chain7  grp1   /ts_0_dihw_2315smodp1_i                             -/-        (?)        SO          inferred_occ_clock0  (+)     
8       ext_mode_chain7  grp1   /ts_0_dihw_2313smodp1_i                             -/-        (?)        SO          inferred_occ_clock0  (+)     
9       ext_mode_chain7  grp1   /ts_0_dihw_2311smodp1_i                             -/-        (?)        SO          inferred_occ_clock0  (+)     
10      ext_mode_chain7  grp1   /ts_0_dihw_2309smodp1_i                             -/-        (?)        SO          inferred_occ_clock0  (+)     
11      ext_mode_chain7  grp1   /dut/ahbapbbridge/AHB_SLAVE/rtlcreg_reg_s_req_h     -/-        RTLC_FDCE  <scan_out>  inferred_occ_clock0  (+)     
12      ext_mode_chain7  grp1   /dut/ahbapbbridge/AHB_SLAVE/rtlcreg_curr_state_0    -/-        RTLC_FDC   Q           inferred_occ_clock0  (+)     
13      ext_mode_chain7  grp1   /dut/ahbapbbridge/AHB_SLAVE/rtlcreg_s_wdata_0       -/-        RTLC_FDCE  <scan_out>  inferred_occ_clock0  (+)     
14      ext_mode_chain7  grp1   /dut/ahbapbbridge/AHB_SLAVE/rtlcreg_s_wdata_1       -/-        RTLC_FDCE  <scan_out>  inferred_occ_clock0  (+)     
15      ext_mode_chain7  grp1   /dut/ahbapbbridge/AHB_SLAVE/rtlcreg_s_wdata_2       -/-        RTLC_FDCE  <scan_out>  inferred_occ_clock0  (+)     
16      ext_mode_chain7  grp1   /dut/ahbapbbridge/AHB_SLAVE/rtlcreg_s_wdata_3       -/-        RTLC_FDCE  <scan_out>  inferred_occ_clock0  (+)     
17      ext_mode_chain7  grp1   /dut/ahbapbbridge/AHB_SLAVE/rtlcreg_s_wdata_4       -/-        RTLC_FDCE  <scan_out>  inferred_occ_clock0  (+)     
18      ext_mode_chain7  grp1   /dut/ahbapbbridge/AHB_SLAVE/rtlcreg_s_wdata_5       -/-        RTLC_FDCE  <scan_out>  inferred_occ_clock0  (+)     
19      ext_mode_chain7  grp1   /dut/ahbapbbridge/AHB_SLAVE/rtlcreg_s_wdata_6       -/-        RTLC_FDCE  <scan_out>  inferred_occ_clock0  (+)     
20      ext_mode_chain7  grp1   /dut/ahbapbbridge/AHB_SLAVE/rtlcreg_s_wdata_7       -/-        RTLC_FDCE  <scan_out>  inferred_occ_clock0  (+)     
21      ext_mode_chain7  grp1   /dut/ahbapbbridge/AHB_SLAVE/rtlcreg_s_wdata_8       -/-        RTLC_FDCE  <scan_out>  inferred_occ_clock0  (+)     
22      ext_mode_chain7  grp1   /dut/ahbapbbridge/AHB_SLAVE/rtlcreg_s_wdata_9       -/-        RTLC_FDCE  <scan_out>  inferred_occ_clock0  (+)     
23      ext_mode_chain7  grp1   /dut/ahbapbbridge/AHB_SLAVE/rtlcreg_s_wdata_10      -/-        RTLC_FDCE  <scan_out>  inferred_occ_clock0  (+)     
24      ext_mode_chain7  grp1   /dut/ahbapbbridge/AHB_SLAVE/rtlcreg_s_wdata_11      -/-        RTLC_FDCE  <scan_out>  inferred_occ_clock0  (+)     
25      ext_mode_chain7  grp1   /dut/ahbapbbridge/AHB_SLAVE/rtlcreg_s_wdata_12      -/-        RTLC_FDCE  <scan_out>  inferred_occ_clock0  (+)     
26      ext_mode_chain7  grp1   /dut/ahbapbbridge/AHB_SLAVE/rtlcreg_s_wdata_13      -/-        RTLC_FDCE  <scan_out>  inferred_occ_clock0  (+)     
27      ext_mode_chain7  grp1   /dut/ahbapbbridge/AHB_SLAVE/rtlcreg_s_wdata_14      -/-        RTLC_FDCE  <scan_out>  inferred_occ_clock0  (+)     
28      ext_mode_chain7  grp1   /dut/ahbapbbridge/AHB_SLAVE/rtlcreg_s_wdata_15      -/-        RTLC_FDCE  <scan_out>  inferred_occ_clock0  (+)     
29      ext_mode_chain7  grp1   /dut/ahbapbbridge/AHB_SLAVE/rtlcreg_s_wdata_16      -/-        RTLC_FDCE  <scan_out>  inferred_occ_clock0  (+)     
30      ext_mode_chain7  grp1   /dut/ahbapbbridge/AHB_SLAVE/rtlcreg_s_wdata_17      -/-        RTLC_FDCE  <scan_out>  inferred_occ_clock0  (+)     
31      ext_mode_chain7  grp1   /dut/ahbapbbridge/AHB_SLAVE/rtlcreg_s_wdata_18      -/-        RTLC_FDCE  <scan_out>  inferred_occ_clock0  (+)     
32      ext_mode_chain7  grp1   /dut/ahbapbbridge/AHB_SLAVE/rtlcreg_s_wdata_19      -/-        RTLC_FDCE  <scan_out>  inferred_occ_clock0  (+)     
33      ext_mode_chain7  grp1   /dut/ahbapbbridge/AHB_SLAVE/rtlcreg_s_wdata_20      -/-        RTLC_FDCE  <scan_out>  inferred_occ_clock0  (+)     
34      ext_mode_chain7  grp1   /dut/ahbapbbridge/AHB_SLAVE/rtlcreg_s_wdata_21      -/-        RTLC_FDCE  <scan_out>  inferred_occ_clock0  (+)     
35      ext_mode_chain7  grp1   /dut/ahbapbbridge/AHB_SLAVE/rtlcreg_s_wdata_22      -/-        RTLC_FDCE  <scan_out>  inferred_occ_clock0  (+)     
36      ext_mode_chain7  grp1   /dut/ahbapbbridge/AHB_SLAVE/rtlcreg_s_wdata_23      -/-        RTLC_FDCE  <scan_out>  inferred_occ_clock0  (+)     
37      ext_mode_chain7  grp1   /dut/ahbapbbridge/AHB_SLAVE/rtlcreg_s_wdata_24      -/-        RTLC_FDCE  <scan_out>  inferred_occ_clock0  (+)     
38      ext_mode_chain7  grp1   /dut/ahbapbbridge/AHB_SLAVE/rtlcreg_s_wdata_25      -/-        RTLC_FDCE  <scan_out>  inferred_occ_clock0  (+)     
39      ext_mode_chain7  grp1   /dut/ahbapbbridge/AHB_SLAVE/rtlcreg_s_wdata_26      -/-        RTLC_FDCE  <scan_out>  inferred_occ_clock0  (+)     
40      ext_mode_chain7  grp1   /dut/ahbapbbridge/AHB_SLAVE/rtlcreg_s_wdata_27      -/-        RTLC_FDCE  <scan_out>  inferred_occ_clock0  (+)     
41      ext_mode_chain7  grp1   /dut/ahbapbbridge/AHB_SLAVE/rtlcreg_s_wdata_28      -/-        RTLC_FDCE  <scan_out>  inferred_occ_clock0  (+)     
42      ext_mode_chain7  grp1   /dut/ahbapbbridge/AHB_SLAVE/rtlcreg_s_wdata_29      -/-        RTLC_FDCE  <scan_out>  inferred_occ_clock0  (+)     
43      ext_mode_chain7  grp1   /dut/ahbapbbridge/AHB_SLAVE/rtlcreg_s_wdata_30      -/-        RTLC_FDCE  <scan_out>  inferred_occ_clock0  (+)     
44      ext_mode_chain7  grp1   /dut/ahbapbbridge/AHB_SLAVE/rtlcreg_s_wdata_31      -/-        RTLC_FDCE  <scan_out>  inferred_occ_clock0  (+)     
45      ext_mode_chain7  grp1   /dut/ahbapbbridge/AHB_SLAVE/rtlcreg_s_wdata_32      -/-        RTLC_FDCE  <scan_out>  inferred_occ_clock0  (+)     
46      ext_mode_chain7  grp1   /dut/ahbapbbridge/AHB_SLAVE/rtlcreg_s_wdata_33      -/-        RTLC_FDCE  <scan_out>  inferred_occ_clock0  (+)     
47      ext_mode_chain7  grp1   /[pipeline-before-chain]                            -/-        [DFF]                  inferred_occ_clock0  (+)     
-       ext_mode_chain8  grp1   /[lockup-after-chain]                               -/-        [LAT]                  PCLK                 (-)     
0       ext_mode_chain8  grp1   /dut/gpio.gpio/GPIO_REGISTER/rtlcreg_rgpio_in_2     -/-        RTLC_FD    Q           PCLK                 (+)     
-       ext_mode_chain8  grp1   /[lockup]                                           -/-        [LAT]                  inferred_occ_clock0  (-)     
1       ext_mode_chain8  grp1   /ts_0_dihw_2423smodp1_i                             -/-        (?)        SO          inferred_occ_clock0  (+)     
2       ext_mode_chain8  grp1   /ts_0_dihw_2421smodp1_i                             -/-        (?)        SO          inferred_occ_clock0  (+)     
3       ext_mode_chain8  grp1   /ts_0_dihw_2419smodp1_i                             -/-        (?)        SO          inferred_occ_clock0  (+)     
4       ext_mode_chain8  grp1   /ts_0_dihw_2417smodp1_i                             -/-        (?)        SO          inferred_occ_clock0  (+)     
5       ext_mode_chain8  grp1   /ts_0_dihw_2415smodp1_i                             -/-        (?)        SO          inferred_occ_clock0  (+)     
6       ext_mode_chain8  grp1   /ts_0_dihw_2413smodp1_i                             -/-        (?)        SO          inferred_occ_clock0  (+)     
7       ext_mode_chain8  grp1   /ts_0_dihw_2411smodp1_i                             -/-        (?)        SO          inferred_occ_clock0  (+)     
8       ext_mode_chain8  grp1   /ts_0_dihw_2409smodp1_i                             -/-        (?)        SO          inferred_occ_clock0  (+)     
9       ext_mode_chain8  grp1   /ts_0_dihw_2407smodp1_i                             -/-        (?)        SO          inferred_occ_clock0  (+)     
10      ext_mode_chain8  grp1   /ts_0_dihw_2405smodp1_i                             -/-        (?)        SO          inferred_occ_clock0  (+)     
11      ext_mode_chain8  grp1   /ts_0_dihw_2403smodp1_i                             -/-        (?)        SO          inferred_occ_clock0  (+)     
12      ext_mode_chain8  grp1   /ts_0_dihw_2401smodp1_i                             -/-        (?)        SO          inferred_occ_clock0  (+)     
13      ext_mode_chain8  grp1   /ts_0_dihw_2399smodp1_i                             -/-        (?)        SO          inferred_occ_clock0  (+)     
14      ext_mode_chain8  grp1   /ts_0_dihw_2397smodp1_i                             -/-        (?)        SO          inferred_occ_clock0  (+)     
15      ext_mode_chain8  grp1   /ts_0_dihw_2395smodp1_i                             -/-        (?)        SO          inferred_occ_clock0  (+)     
16      ext_mode_chain8  grp1   /ts_0_dihw_2393smodp1_i                             -/-        (?)        SO          inferred_occ_clock0  (+)     
17      ext_mode_chain8  grp1   /ts_0_dihw_2391smodp1_i                             -/-        (?)        SO          inferred_occ_clock0  (+)     
18      ext_mode_chain8  grp1   /ts_0_dihw_2389smodp1_i                             -/-        (?)        SO          inferred_occ_clock0  (+)     
19      ext_mode_chain8  grp1   /ts_0_dihw_2387smodp1_i                             -/-        (?)        SO          inferred_occ_clock0  (+)     
20      ext_mode_chain8  grp1   /ts_0_dihw_2385smodp1_i                             -/-        (?)        SO          inferred_occ_clock0  (+)     
21      ext_mode_chain8  grp1   /ts_0_dihw_2383smodp1_i                             -/-        (?)        SO          inferred_occ_clock0  (+)     
22      ext_mode_chain8  grp1   /ts_0_dihw_2381smodp1_i                             -/-        (?)        SO          inferred_occ_clock0  (+)     
23      ext_mode_chain8  grp1   /ts_0_dihw_2379smodp1_i                             -/-        (?)        SO          inferred_occ_clock0  (+)     
24      ext_mode_chain8  grp1   /ts_0_dihw_2377smodp1_i                             -/-        (?)        SO          inferred_occ_clock0  (+)     
25      ext_mode_chain8  grp1   /ts_0_dihw_2375smodp1_i                             -/-        (?)        SO          inferred_occ_clock0  (+)     
26      ext_mode_chain8  grp1   /ts_0_dihw_2373smodp1_i                             -/-        (?)        SO          inferred_occ_clock0  (+)     
27      ext_mode_chain8  grp1   /ts_0_dihw_2371smodp1_i                             -/-        (?)        SO          inferred_occ_clock0  (+)     
28      ext_mode_chain8  grp1   /ts_0_dihw_2369smodp1_i                             -/-        (?)        SO          inferred_occ_clock0  (+)     
29      ext_mode_chain8  grp1   /ts_0_dihw_2367smodp1_i                             -/-        (?)        SO          inferred_occ_clock0  (+)     
30      ext_mode_chain8  grp1   /ts_0_dihw_2365smodp1_i                             -/-        (?)        SO          inferred_occ_clock0  (+)     
31      ext_mode_chain8  grp1   /ts_0_dihw_2363smodp1_i                             -/-        (?)        SO          inferred_occ_clock0  (+)     
32      ext_mode_chain8  grp1   /ts_0_dihw_2361smodp1_i                             -/-        (?)        SO          inferred_occ_clock0  (+)     
33      ext_mode_chain8  grp1   /ts_0_dihw_2359smodp1_i                             -/-        (?)        SO          inferred_occ_clock0  (+)     
34      ext_mode_chain8  grp1   /ts_0_dihw_2357smodp1_i                             -/-        (?)        SO          inferred_occ_clock0  (+)     
35      ext_mode_chain8  grp1   /ts_0_dihw_2355smodp1_i                             -/-        (?)        SO          inferred_occ_clock0  (+)     
36      ext_mode_chain8  grp1   /ts_0_dihw_2353smodp1_i                             -/-        (?)        SO          inferred_occ_clock0  (+)     
37      ext_mode_chain8  grp1   /ts_0_dihw_2351smodp1_i                             -/-        (?)        SO          inferred_occ_clock0  (+)     
38      ext_mode_chain8  grp1   /ts_0_dihw_2349smodp1_i                             -/-        (?)        SO          inferred_occ_clock0  (+)     
39      ext_mode_chain8  grp1   /ts_0_dihw_2347smodp1_i                             -/-        (?)        SO          inferred_occ_clock0  (+)     
40      ext_mode_chain8  grp1   /ts_0_dihw_2345smodp1_i                             -/-        (?)        SO          inferred_occ_clock0  (+)     
41      ext_mode_chain8  grp1   /ts_0_dihw_2343smodp1_i                             -/-        (?)        SO          inferred_occ_clock0  (+)     
42      ext_mode_chain8  grp1   /ts_0_dihw_2341smodp1_i                             -/-        (?)        SO          inferred_occ_clock0  (+)     
43      ext_mode_chain8  grp1   /ts_0_dihw_2339smodp1_i                             -/-        (?)        SO          inferred_occ_clock0  (+)     
44      ext_mode_chain8  grp1   /ts_0_dihw_2337smodp1_i                             -/-        (?)        SO          inferred_occ_clock0  (+)     
45      ext_mode_chain8  grp1   /ts_0_dihw_2335smodp1_i                             -/-        (?)        SO          inferred_occ_clock0  (+)     
46      ext_mode_chain8  grp1   /ts_0_dihw_2333smodp1_i                             -/-        (?)        SO          inferred_occ_clock0  (+)     
47      ext_mode_chain8  grp1   /ts_0_dihw_2331smodp1_i                             -/-        (?)        SO          inferred_occ_clock0  (+)     
48      ext_mode_chain8  grp1   /[pipeline-before-chain]                            -/-        [DFF]                  inferred_occ_clock0  (+)     
-       ext_mode_chain9  grp1   /[lockup-after-chain]                               -/-        [LAT]                  inferred_occ_clock0  (-)     
0       ext_mode_chain9  grp1   /dut/ahbapbbridge/AHB_SLAVE/rtlcreg_HRDATA_22       -/-        RTLC_FDC   Q           inferred_occ_clock0  (+)     
1       ext_mode_chain9  grp1   /dut/ahbapbbridge/AHB_SLAVE/rtlcreg_HRDATA_23       -/-        RTLC_FDC   Q           inferred_occ_clock0  (+)     
2       ext_mode_chain9  grp1   /dut/ahbapbbridge/AHB_SLAVE/rtlcreg_HRDATA_24       -/-        RTLC_FDC   Q           inferred_occ_clock0  (+)     
3       ext_mode_chain9  grp1   /dut/ahbapbbridge/AHB_SLAVE/rtlcreg_HRDATA_25       -/-        RTLC_FDC   Q           inferred_occ_clock0  (+)     
4       ext_mode_chain9  grp1   /dut/ahbapbbridge/AHB_SLAVE/rtlcreg_HRDATA_26       -/-        RTLC_FDC   Q           inferred_occ_clock0  (+)     
5       ext_mode_chain9  grp1   /dut/ahbapbbridge/AHB_SLAVE/rtlcreg_HRDATA_27       -/-        RTLC_FDC   Q           inferred_occ_clock0  (+)     
6       ext_mode_chain9  grp1   /dut/ahbapbbridge/AHB_SLAVE/rtlcreg_HRDATA_28       -/-        RTLC_FDC   Q           inferred_occ_clock0  (+)     
7       ext_mode_chain9  grp1   /dut/ahbapbbridge/AHB_SLAVE/rtlcreg_HRDATA_29       -/-        RTLC_FDC   Q           inferred_occ_clock0  (+)     
8       ext_mode_chain9  grp1   /dut/ahbapbbridge/AHB_SLAVE/rtlcreg_HRDATA_30       -/-        RTLC_FDC   Q           inferred_occ_clock0  (+)     
9       ext_mode_chain9  grp1   /dut/ahbapbbridge/AHB_SLAVE/rtlcreg_HRDATA_31       -/-        RTLC_FDC   Q           inferred_occ_clock0  (+)     
10      ext_mode_chain9  grp1   /dut/ahbapbbridge/AHB_SLAVE/rtlcreg_HRDATA_32       -/-        RTLC_FDC   Q           inferred_occ_clock0  (+)     
11      ext_mode_chain9  grp1   /dut/ahbapbbridge/AHB_SLAVE/rtlcreg_HRDATA_33       -/-        RTLC_FDC   Q           inferred_occ_clock0  (+)     
12      ext_mode_chain9  grp1   /dut/ahbapbbridge/AHB_SLAVE/rtlcreg_HRDATA_34       -/-        RTLC_FDC   Q           inferred_occ_clock0  (+)     
13      ext_mode_chain9  grp1   /dut/ahbapbbridge/AHB_SLAVE/rtlcreg_HRDATA_35       -/-        RTLC_FDC   Q           inferred_occ_clock0  (+)     
14      ext_mode_chain9  grp1   /dut/ahbapbbridge/AHB_SLAVE/rtlcreg_HRDATA_36       -/-        RTLC_FDC   Q           inferred_occ_clock0  (+)     
15      ext_mode_chain9  grp1   /dut/ahbapbbridge/AHB_SLAVE/rtlcreg_HRDATA_37       -/-        RTLC_FDC   Q           inferred_occ_clock0  (+)     
16      ext_mode_chain9  grp1   /dut/ahbapbbridge/AHB_SLAVE/rtlcreg_HRDATA_38       -/-        RTLC_FDC   Q           inferred_occ_clock0  (+)     
17      ext_mode_chain9  grp1   /dut/ahbapbbridge/AHB_SLAVE/rtlcreg_HRDATA_39       -/-        RTLC_FDC   Q           inferred_occ_clock0  (+)     
18      ext_mode_chain9  grp1   /dut/ahbapbbridge/AHB_SLAVE/rtlcreg_HRDATA_40       -/-        RTLC_FDC   Q           inferred_occ_clock0  (+)     
19      ext_mode_chain9  grp1   /dut/ahbapbbridge/AHB_SLAVE/rtlcreg_HRDATA_41       -/-        RTLC_FDC   Q           inferred_occ_clock0  (+)     
20      ext_mode_chain9  grp1   /dut/ahbapbbridge/AHB_SLAVE/rtlcreg_HRDATA_42       -/-        RTLC_FDC   Q           inferred_occ_clock0  (+)     
21      ext_mode_chain9  grp1   /dut/ahbapbbridge/AHB_SLAVE/rtlcreg_HRDATA_43       -/-        RTLC_FDC   Q           inferred_occ_clock0  (+)     
22      ext_mode_chain9  grp1   /dut/ahbapbbridge/AHB_SLAVE/rtlcreg_HRDATA_44       -/-        RTLC_FDC   Q           inferred_occ_clock0  (+)     
23      ext_mode_chain9  grp1   /dut/ahbapbbridge/AHB_SLAVE/rtlcreg_HRDATA_45       -/-        RTLC_FDC   Q           inferred_occ_clock0  (+)     
24      ext_mode_chain9  grp1   /dut/ahbapbbridge/AHB_SLAVE/rtlcreg_HRDATA_46       -/-        RTLC_FDC   Q           inferred_occ_clock0  (+)     
25      ext_mode_chain9  grp1   /dut/ahbapbbridge/AHB_SLAVE/rtlcreg_HRDATA_47       -/-        RTLC_FDC   Q           inferred_occ_clock0  (+)     
26      ext_mode_chain9  grp1   /dut/ahbapbbridge/AHB_SLAVE/rtlcreg_HRDATA_48       -/-        RTLC_FDC   Q           inferred_occ_clock0  (+)     
27      ext_mode_chain9  grp1   /dut/ahbapbbridge/AHB_SLAVE/rtlcreg_HRDATA_49       -/-        RTLC_FDC   Q           inferred_occ_clock0  (+)     
28      ext_mode_chain9  grp1   /dut/ahbapbbridge/AHB_SLAVE/rtlcreg_HRDATA_50       -/-        RTLC_FDC   Q           inferred_occ_clock0  (+)     
29      ext_mode_chain9  grp1   /dut/ahbapbbridge/AHB_SLAVE/rtlcreg_HRDATA_51       -/-        RTLC_FDC   Q           inferred_occ_clock0  (+)     
30      ext_mode_chain9  grp1   /dut/ahbapbbridge/AHB_SLAVE/rtlcreg_HRDATA_52       -/-        RTLC_FDC   Q           inferred_occ_clock0  (+)     
31      ext_mode_chain9  grp1   /dut/ahbapbbridge/AHB_SLAVE/rtlcreg_HRDATA_53       -/-        RTLC_FDC   Q           inferred_occ_clock0  (+)     
32      ext_mode_chain9  grp1   /dut/ahbapbbridge/AHB_SLAVE/rtlcreg_HRDATA_54       -/-        RTLC_FDC   Q           inferred_occ_clock0  (+)     
33      ext_mode_chain9  grp1   /dut/ahbapbbridge/AHB_SLAVE/rtlcreg_HRDATA_55       -/-        RTLC_FDC   Q           inferred_occ_clock0  (+)     
34      ext_mode_chain9  grp1   /dut/ahbapbbridge/AHB_SLAVE/rtlcreg_HRDATA_56       -/-        RTLC_FDC   Q           inferred_occ_clock0  (+)     
35      ext_mode_chain9  grp1   /dut/ahbapbbridge/AHB_SLAVE/rtlcreg_HRDATA_57       -/-        RTLC_FDC   Q           inferred_occ_clock0  (+)     
36      ext_mode_chain9  grp1   /dut/ahbapbbridge/AHB_SLAVE/rtlcreg_HRDATA_58       -/-        RTLC_FDC   Q           inferred_occ_clock0  (+)     
37      ext_mode_chain9  grp1   /dut/ahbapbbridge/AHB_SLAVE/rtlcreg_HRDATA_59       -/-        RTLC_FDC   Q           inferred_occ_clock0  (+)     
38      ext_mode_chain9  grp1   /dut/ahbapbbridge/AHB_SLAVE/rtlcreg_HRDATA_60       -/-        RTLC_FDC   Q           inferred_occ_clock0  (+)     
39      ext_mode_chain9  grp1   /dut/ahbapbbridge/AHB_SLAVE/rtlcreg_HRDATA_61       -/-        RTLC_FDC   Q           inferred_occ_clock0  (+)     
40      ext_mode_chain9  grp1   /dut/ahbapbbridge/AHB_SLAVE/rtlcreg_HRDATA_62       -/-        RTLC_FDC   Q           inferred_occ_clock0  (+)     
41      ext_mode_chain9  grp1   /dut/ahbapbbridge/AHB_SLAVE/rtlcreg_HRDATA_63       -/-        RTLC_FDC   Q           inferred_occ_clock0  (+)     
42      ext_mode_chain9  grp1   /dut/ahbapbbridge/AHB_SLAVE/rtlcreg_curr_state_1    -/-        RTLC_FDC   Q           inferred_occ_clock0  (+)     
43      ext_mode_chain9  grp1   /dut/ahbapbbridge/AHB_SLAVE/rtlcreg_s_addr_3        -/-        RTLC_FDCE  <scan_out>  inferred_occ_clock0  (+)     
44      ext_mode_chain9  grp1   /dut/ahbapbbridge/AHB_SLAVE/rtlcreg_s_addr_4        -/-        RTLC_FDCE  <scan_out>  inferred_occ_clock0  (+)     
45      ext_mode_chain9  grp1   /dut/ahbapbbridge/AHB_SLAVE/rtlcreg_s_addr_5        -/-        RTLC_FDCE  <scan_out>  inferred_occ_clock0  (+)     
46      ext_mode_chain9  grp1   /dut/ahbapbbridge/AHB_SLAVE/rtlcreg_s_addr_6        -/-        RTLC_FDCE  <scan_out>  inferred_occ_clock0  (+)     
47      ext_mode_chain9  grp1   /dut/ahbapbbridge/AHB_SLAVE/rtlcreg_s_addr_7        -/-        RTLC_FDCE  <scan_out>  inferred_occ_clock0  (+)     
48      ext_mode_chain9  grp1   /[pipeline-before-chain]                            -/-        [DFF]                  inferred_occ_clock0  (+)     
---------------------------------------------------------------------------------------------------------------------------------------------------

Scan mode 'int_mode' scan cells:
-------------------------------------------------------------------------------------------------------------------------------------------------------------------------------------------------------------------------------------------------------------
        Chain                                                                               Group                                                                                             ShiftReg   Library                Clock                Clock   
CellNo  Name                                                                                Name   Pathname                                                                                   ID/CellNo  ModelName  ScanOut     Pinname              Polarity
-------------------------------------------------------------------------------------------------------------------------------------------------------------------------------------------------------------------------------------------------------------
0       int_mode_chain0                                                                     grp1   /dut/spi.spi/controller/rtlcreg_ShiftEdge                                                  -/-        RTLC_FD    Q           PCLK                 (-)     
1       int_mode_chain0                                                                     grp1   /dut/spi.spi/controller/rtlcreg_SampleEdge                                                 -/-        RTLC_FD    Q           PCLK                 (-)     
2       int_mode_chain0                                                                     grp1   /dut/spi.spi/controller/rtlcreg_EndOfFrame                                                 -/-        RTLC_FD    Q           PCLK                 (-)     
-       int_mode_chain0                                                                     grp1   /[lockup]                                                                                  -/-        [LAT]                  PCLK                 (-)     
3       int_mode_chain0                                                                     grp1   /ts_0_dihw_2307smodp1_i                                                                    -/-        (?)        SO          PCLK                 (+)     
4       int_mode_chain0                                                                     grp1   /dut/uartgen.uart/uartPC/rtlcreg_SINd                                                      -/-        RTLC_FD    Q           PCLK                 (+)     
5       int_mode_chain0                                                                     grp1   /dut/gpio.gpio/GPIO_REGISTER/rtlcreg_rgpio_ints_0                                          -/-        RTLC_FDE   <scan_out>  PCLK                 (+)     
6       int_mode_chain0                                                                     grp1   /dut/gpio.gpio/GPIO_REGISTER/rtlcreg_rgpio_ints_1                                          -/-        RTLC_FDE   <scan_out>  PCLK                 (+)     
7       int_mode_chain0                                                                     grp1   /dut/gpio.gpio/GPIO_REGISTER/rtlcreg_rgpio_ints_2                                          -/-        RTLC_FDE   <scan_out>  PCLK                 (+)     
8       int_mode_chain0                                                                     grp1   /dut/gpio.gpio/GPIO_REGISTER/rtlcreg_rgpio_ints_3                                          -/-        RTLC_FDE   <scan_out>  PCLK                 (+)     
9       int_mode_chain0                                                                     grp1   /dut/gpio.gpio/GPIO_REGISTER/rtlcreg_rgpio_ints_4                                          -/-        RTLC_FDE   <scan_out>  PCLK                 (+)     
10      int_mode_chain0                                                                     grp1   /dut/gpio.gpio/GPIO_REGISTER/rtlcreg_rgpio_ints_5                                          -/-        RTLC_FDE   <scan_out>  PCLK                 (+)     
11      int_mode_chain0                                                                     grp1   /dut/gpio.gpio/GPIO_REGISTER/rtlcreg_rgpio_ints_6                                          -/-        RTLC_FDE   <scan_out>  PCLK                 (+)     
12      int_mode_chain0                                                                     grp1   /dut/gpio.gpio/GPIO_REGISTER/rtlcreg_rgpio_ints_7                                          -/-        RTLC_FDE   <scan_out>  PCLK                 (+)     
13      int_mode_chain0                                                                     grp1   /dut/gpio.gpio/GPIO_REGISTER/rtlcreg_rgpio_ints_8                                          -/-        RTLC_FDE   <scan_out>  PCLK                 (+)     
14      int_mode_chain0                                                                     grp1   /dut/gpio.gpio/GPIO_REGISTER/rtlcreg_rgpio_ints_9                                          -/-        RTLC_FDE   <scan_out>  PCLK                 (+)     
15      int_mode_chain0                                                                     grp1   /dut/gpio.gpio/GPIO_REGISTER/rtlcreg_rgpio_ints_10                                         -/-        RTLC_FDE   <scan_out>  PCLK                 (+)     
16      int_mode_chain0                                                                     grp1   /dut/gpio.gpio/GPIO_REGISTER/rtlcreg_rgpio_ints_11                                         -/-        RTLC_FDE   <scan_out>  PCLK                 (+)     
17      int_mode_chain0                                                                     grp1   /dut/gpio.gpio/GPIO_REGISTER/rtlcreg_rgpio_ints_12                                         -/-        RTLC_FDE   <scan_out>  PCLK                 (+)     
18      int_mode_chain0                                                                     grp1   /dut/gpio.gpio/GPIO_REGISTER/rtlcreg_rgpio_ints_13                                         -/-        RTLC_FDE   <scan_out>  PCLK                 (+)     
19      int_mode_chain0                                                                     grp1   /dut/gpio.gpio/GPIO_REGISTER/rtlcreg_rgpio_ints_14                                         -/-        RTLC_FDE   <scan_out>  PCLK                 (+)     
20      int_mode_chain0                                                                     grp1   /dut/gpio.gpio/GPIO_REGISTER/rtlcreg_rgpio_ints_15                                         -/-        RTLC_FDE   <scan_out>  PCLK                 (+)     
21      int_mode_chain0                                                                     grp1   /dut/gpio.gpio/GPIO_REGISTER/rtlcreg_rgpio_ints_16                                         -/-        RTLC_FDE   <scan_out>  PCLK                 (+)     
22      int_mode_chain0                                                                     grp1   /dut/gpio.gpio/GPIO_REGISTER/rtlcreg_rgpio_ints_17                                         -/-        RTLC_FDE   <scan_out>  PCLK                 (+)     
23      int_mode_chain0                                                                     grp1   /dut/gpio.gpio/GPIO_REGISTER/rtlcreg_rgpio_ints_18                                         -/-        RTLC_FDE   <scan_out>  PCLK                 (+)     
24      int_mode_chain0                                                                     grp1   /dut/gpio.gpio/GPIO_REGISTER/rtlcreg_rgpio_ints_19                                         -/-        RTLC_FDE   <scan_out>  PCLK                 (+)     
25      int_mode_chain0                                                                     grp1   /dut/gpio.gpio/GPIO_REGISTER/rtlcreg_rgpio_ints_20                                         -/-        RTLC_FDE   <scan_out>  PCLK                 (+)     
-       int_mode_chain0 (/msrv_soc_uncorewrapper_pass2_rtl_tessent_occ_PCLK_inst/scan_out)         /msrv_soc_uncorewrapper_pass2_rtl_tessent_occ_PCLK_inst/occ_control/rtlcreg_scan_out       -/-        RTLC_FD    Q           shift_capture_clock  (-)     
26      int_mode_chain0 (/msrv_soc_uncorewrapper_pass2_rtl_tessent_occ_PCLK_inst/scan_out)  grp1   /msrv_soc_uncorewrapper_pass2_rtl_tessent_occ_PCLK_inst/occ_control/ShiftReg/rtlcreg_FF_0  -/-        RTLC_FD    Q           shift_capture_clock  (+)     
27      int_mode_chain0 (/msrv_soc_uncorewrapper_pass2_rtl_tessent_occ_PCLK_inst/scan_out)  grp1   /msrv_soc_uncorewrapper_pass2_rtl_tessent_occ_PCLK_inst/occ_control/ShiftReg/rtlcreg_FF_1  -/-        RTLC_FD    Q           shift_capture_clock  (+)     
28      int_mode_chain0 (/msrv_soc_uncorewrapper_pass2_rtl_tessent_occ_PCLK_inst/scan_out)  grp1   /msrv_soc_uncorewrapper_pass2_rtl_tessent_occ_PCLK_inst/occ_control/ShiftReg/rtlcreg_FF_2  -/-        RTLC_FD    Q           shift_capture_clock  (+)     
-       int_mode_chain1                                                                     grp1   /[lockup-after-chain]                                                                      -/-        [LAT]                  PCLK                 (-)     
0       int_mode_chain1                                                                     grp1   /dut/clint.clint/rtlcreg_PRDATA_35                                                         -/-        RTLC_FD    Q           PCLK                 (+)     
1       int_mode_chain1                                                                     grp1   /dut/clint.clint/rtlcreg_PRDATA_36                                                         -/-        RTLC_FD    Q           PCLK                 (+)     
2       int_mode_chain1                                                                     grp1   /dut/clint.clint/rtlcreg_PRDATA_37                                                         -/-        RTLC_FD    Q           PCLK                 (+)     
3       int_mode_chain1                                                                     grp1   /dut/clint.clint/rtlcreg_PRDATA_38                                                         -/-        RTLC_FD    Q           PCLK                 (+)     
4       int_mode_chain1                                                                     grp1   /dut/clint.clint/rtlcreg_PRDATA_39                                                         -/-        RTLC_FD    Q           PCLK                 (+)     
5       int_mode_chain1                                                                     grp1   /dut/clint.clint/rtlcreg_PRDATA_40                                                         -/-        RTLC_FD    Q           PCLK                 (+)     
6       int_mode_chain1                                                                     grp1   /dut/clint.clint/rtlcreg_PRDATA_41                                                         -/-        RTLC_FD    Q           PCLK                 (+)     
7       int_mode_chain1                                                                     grp1   /dut/clint.clint/rtlcreg_PRDATA_42                                                         -/-        RTLC_FD    Q           PCLK                 (+)     
8       int_mode_chain1                                                                     grp1   /dut/clint.clint/rtlcreg_PRDATA_43                                                         -/-        RTLC_FD    Q           PCLK                 (+)     
9       int_mode_chain1                                                                     grp1   /dut/clint.clint/rtlcreg_PRDATA_44                                                         -/-        RTLC_FD    Q           PCLK                 (+)     
10      int_mode_chain1                                                                     grp1   /dut/clint.clint/rtlcreg_PRDATA_45                                                         -/-        RTLC_FD    Q           PCLK                 (+)     
11      int_mode_chain1                                                                     grp1   /dut/clint.clint/rtlcreg_PRDATA_46                                                         -/-        RTLC_FD    Q           PCLK                 (+)     
12      int_mode_chain1                                                                     grp1   /dut/clint.clint/rtlcreg_PRDATA_47                                                         -/-        RTLC_FD    Q           PCLK                 (+)     
13      int_mode_chain1                                                                     grp1   /dut/clint.clint/rtlcreg_PRDATA_48                                                         -/-        RTLC_FD    Q           PCLK                 (+)     
14      int_mode_chain1                                                                     grp1   /dut/clint.clint/rtlcreg_PRDATA_49                                                         -/-        RTLC_FD    Q           PCLK                 (+)     
15      int_mode_chain1                                                                     grp1   /dut/clint.clint/rtlcreg_PRDATA_50                                                         -/-        RTLC_FD    Q           PCLK                 (+)     
16      int_mode_chain1                                                                     grp1   /dut/clint.clint/rtlcreg_PRDATA_51                                                         -/-        RTLC_FD    Q           PCLK                 (+)     
17      int_mode_chain1                                                                     grp1   /dut/clint.clint/rtlcreg_PRDATA_52                                                         -/-        RTLC_FD    Q           PCLK                 (+)     
18      int_mode_chain1                                                                     grp1   /dut/clint.clint/rtlcreg_PRDATA_53                                                         -/-        RTLC_FD    Q           PCLK                 (+)     
19      int_mode_chain1                                                                     grp1   /dut/clint.clint/rtlcreg_PRDATA_54                                                         -/-        RTLC_FD    Q           PCLK                 (+)     
20      int_mode_chain1                                                                     grp1   /dut/clint.clint/rtlcreg_PRDATA_55                                                         -/-        RTLC_FD    Q           PCLK                 (+)     
21      int_mode_chain1                                                                     grp1   /dut/clint.clint/rtlcreg_PRDATA_56                                                         -/-        RTLC_FD    Q           PCLK                 (+)     
22      int_mode_chain1                                                                     grp1   /dut/clint.clint/rtlcreg_PRDATA_57                                                         -/-        RTLC_FD    Q           PCLK                 (+)     
23      int_mode_chain1                                                                     grp1   /dut/clint.clint/rtlcreg_PRDATA_58                                                         -/-        RTLC_FD    Q           PCLK                 (+)     
24      int_mode_chain1                                                                     grp1   /dut/clint.clint/rtlcreg_PRDATA_59                                                         -/-        RTLC_FD    Q           PCLK                 (+)     
25      int_mode_chain1                                                                     grp1   /dut/clint.clint/rtlcreg_PRDATA_60                                                         -/-        RTLC_FD    Q           PCLK                 (+)     
26      int_mode_chain1                                                                     grp1   /dut/clint.clint/rtlcreg_PRDATA_61                                                         -/-        RTLC_FD    Q           PCLK                 (+)     
27      int_mode_chain1                                                                     grp1   /dut/clint.clint/rtlcreg_PRDATA_62                                                         -/-        RTLC_FD    Q           PCLK                 (+)     
28      int_mode_chain1                                                                     grp1   /dut/clint.clint/rtlcreg_PRDATA_63                                                         -/-        RTLC_FD    Q           PCLK                 (+)     
-       int_mode_chain2                                                                     grp1   /[lockup-after-chain]                                                                      -/-        [LAT]                  PCLK                 (-)     
0       int_mode_chain2                                                                     grp1   /dut/clint.clint/rtlcreg_PRDATA_6                                                          -/-        RTLC_FD    Q           PCLK                 (+)     
1       int_mode_chain2                                                                     grp1   /dut/clint.clint/rtlcreg_PRDATA_7                                                          -/-        RTLC_FD    Q           PCLK                 (+)     
2       int_mode_chain2                                                                     grp1   /dut/clint.clint/rtlcreg_PRDATA_8                                                          -/-        RTLC_FD    Q           PCLK                 (+)     
3       int_mode_chain2                                                                     grp1   /dut/clint.clint/rtlcreg_PRDATA_9                                                          -/-        RTLC_FD    Q           PCLK                 (+)     
4       int_mode_chain2                                                                     grp1   /dut/clint.clint/rtlcreg_PRDATA_10                                                         -/-        RTLC_FD    Q           PCLK                 (+)     
5       int_mode_chain2                                                                     grp1   /dut/clint.clint/rtlcreg_PRDATA_11                                                         -/-        RTLC_FD    Q           PCLK                 (+)     
6       int_mode_chain2                                                                     grp1   /dut/clint.clint/rtlcreg_PRDATA_12                                                         -/-        RTLC_FD    Q           PCLK                 (+)     
7       int_mode_chain2                                                                     grp1   /dut/clint.clint/rtlcreg_PRDATA_13                                                         -/-        RTLC_FD    Q           PCLK                 (+)     
8       int_mode_chain2                                                                     grp1   /dut/clint.clint/rtlcreg_PRDATA_14                                                         -/-        RTLC_FD    Q           PCLK                 (+)     
9       int_mode_chain2                                                                     grp1   /dut/clint.clint/rtlcreg_PRDATA_15                                                         -/-        RTLC_FD    Q           PCLK                 (+)     
10      int_mode_chain2                                                                     grp1   /dut/clint.clint/rtlcreg_PRDATA_16                                                         -/-        RTLC_FD    Q           PCLK                 (+)     
11      int_mode_chain2                                                                     grp1   /dut/clint.clint/rtlcreg_PRDATA_17                                                         -/-        RTLC_FD    Q           PCLK                 (+)     
12      int_mode_chain2                                                                     grp1   /dut/clint.clint/rtlcreg_PRDATA_18                                                         -/-        RTLC_FD    Q           PCLK                 (+)     
13      int_mode_chain2                                                                     grp1   /dut/clint.clint/rtlcreg_PRDATA_19                                                         -/-        RTLC_FD    Q           PCLK                 (+)     
14      int_mode_chain2                                                                     grp1   /dut/clint.clint/rtlcreg_PRDATA_20                                                         -/-        RTLC_FD    Q           PCLK                 (+)     
15      int_mode_chain2                                                                     grp1   /dut/clint.clint/rtlcreg_PRDATA_21                                                         -/-        RTLC_FD    Q           PCLK                 (+)     
16      int_mode_chain2                                                                     grp1   /dut/clint.clint/rtlcreg_PRDATA_22                                                         -/-        RTLC_FD    Q           PCLK                 (+)     
17      int_mode_chain2                                                                     grp1   /dut/clint.clint/rtlcreg_PRDATA_23                                                         -/-        RTLC_FD    Q           PCLK                 (+)     
18      int_mode_chain2                                                                     grp1   /dut/clint.clint/rtlcreg_PRDATA_24                                                         -/-        RTLC_FD    Q           PCLK                 (+)     
19      int_mode_chain2                                                                     grp1   /dut/clint.clint/rtlcreg_PRDATA_25                                                         -/-        RTLC_FD    Q           PCLK                 (+)     
20      int_mode_chain2                                                                     grp1   /dut/clint.clint/rtlcreg_PRDATA_26                                                         -/-        RTLC_FD    Q           PCLK                 (+)     
21      int_mode_chain2                                                                     grp1   /dut/clint.clint/rtlcreg_PRDATA_27                                                         -/-        RTLC_FD    Q           PCLK                 (+)     
22      int_mode_chain2                                                                     grp1   /dut/clint.clint/rtlcreg_PRDATA_28                                                         -/-        RTLC_FD    Q           PCLK                 (+)     
23      int_mode_chain2                                                                     grp1   /dut/clint.clint/rtlcreg_PRDATA_29                                                         -/-        RTLC_FD    Q           PCLK                 (+)     
24      int_mode_chain2                                                                     grp1   /dut/clint.clint/rtlcreg_PRDATA_30                                                         -/-        RTLC_FD    Q           PCLK                 (+)     
25      int_mode_chain2                                                                     grp1   /dut/clint.clint/rtlcreg_PRDATA_31                                                         -/-        RTLC_FD    Q           PCLK                 (+)     
26      int_mode_chain2                                                                     grp1   /dut/clint.clint/rtlcreg_PRDATA_32                                                         -/-        RTLC_FD    Q           PCLK                 (+)     
27      int_mode_chain2                                                                     grp1   /dut/clint.clint/rtlcreg_PRDATA_33                                                         -/-        RTLC_FD    Q           PCLK                 (+)     
28      int_mode_chain2                                                                     grp1   /dut/clint.clint/rtlcreg_PRDATA_34                                                         -/-        RTLC_FD    Q           PCLK                 (+)     
-       int_mode_chain3                                                                     grp1   /[lockup-after-chain]                                                                      -/-        [LAT]                  PCLK                 (-)     
0       int_mode_chain3                                                                     grp1   /dut/clint.clint/rtlcreg_MTIMECMP_41                                                       -/-        RTLC_FDE   <scan_out>  PCLK                 (+)     
1       int_mode_chain3                                                                     grp1   /dut/clint.clint/rtlcreg_MTIMECMP_42                                                       -/-        RTLC_FDE   <scan_out>  PCLK                 (+)     
2       int_mode_chain3                                                                     grp1   /dut/clint.clint/rtlcreg_MTIMECMP_43                                                       -/-        RTLC_FDE   <scan_out>  PCLK                 (+)     
3       int_mode_chain3                                                                     grp1   /dut/clint.clint/rtlcreg_MTIMECMP_44                                                       -/-        RTLC_FDE   <scan_out>  PCLK                 (+)     
4       int_mode_chain3                                                                     grp1   /dut/clint.clint/rtlcreg_MTIMECMP_45                                                       -/-        RTLC_FDE   <scan_out>  PCLK                 (+)     
5       int_mode_chain3                                                                     grp1   /dut/clint.clint/rtlcreg_MTIMECMP_46                                                       -/-        RTLC_FDE   <scan_out>  PCLK                 (+)     
6       int_mode_chain3                                                                     grp1   /dut/clint.clint/rtlcreg_MTIMECMP_47                                                       -/-        RTLC_FDE   <scan_out>  PCLK                 (+)     
7       int_mode_chain3                                                                     grp1   /dut/clint.clint/rtlcreg_MTIMECMP_48                                                       -/-        RTLC_FDE   <scan_out>  PCLK                 (+)     
8       int_mode_chain3                                                                     grp1   /dut/clint.clint/rtlcreg_MTIMECMP_49                                                       -/-        RTLC_FDE   <scan_out>  PCLK                 (+)     
9       int_mode_chain3                                                                     grp1   /dut/clint.clint/rtlcreg_MTIMECMP_50                                                       -/-        RTLC_FDE   <scan_out>  PCLK                 (+)     
10      int_mode_chain3                                                                     grp1   /dut/clint.clint/rtlcreg_MTIMECMP_51                                                       -/-        RTLC_FDE   <scan_out>  PCLK                 (+)     
11      int_mode_chain3                                                                     grp1   /dut/clint.clint/rtlcreg_MTIMECMP_52                                                       -/-        RTLC_FDE   <scan_out>  PCLK                 (+)     
12      int_mode_chain3                                                                     grp1   /dut/clint.clint/rtlcreg_MTIMECMP_53                                                       -/-        RTLC_FDE   <scan_out>  PCLK                 (+)     
13      int_mode_chain3                                                                     grp1   /dut/clint.clint/rtlcreg_MTIMECMP_54                                                       -/-        RTLC_FDE   <scan_out>  PCLK                 (+)     
14      int_mode_chain3                                                                     grp1   /dut/clint.clint/rtlcreg_MTIMECMP_55                                                       -/-        RTLC_FDE   <scan_out>  PCLK                 (+)     
15      int_mode_chain3                                                                     grp1   /dut/clint.clint/rtlcreg_MTIMECMP_56                                                       -/-        RTLC_FDE   <scan_out>  PCLK                 (+)     
16      int_mode_chain3                                                                     grp1   /dut/clint.clint/rtlcreg_MTIMECMP_57                                                       -/-        RTLC_FDE   <scan_out>  PCLK                 (+)     
17      int_mode_chain3                                                                     grp1   /dut/clint.clint/rtlcreg_MTIMECMP_58                                                       -/-        RTLC_FDE   <scan_out>  PCLK                 (+)     
18      int_mode_chain3                                                                     grp1   /dut/clint.clint/rtlcreg_MTIMECMP_59                                                       -/-        RTLC_FDE   <scan_out>  PCLK                 (+)     
19      int_mode_chain3                                                                     grp1   /dut/clint.clint/rtlcreg_MTIMECMP_60                                                       -/-        RTLC_FDE   <scan_out>  PCLK                 (+)     
20      int_mode_chain3                                                                     grp1   /dut/clint.clint/rtlcreg_MTIMECMP_61                                                       -/-        RTLC_FDE   <scan_out>  PCLK                 (+)     
21      int_mode_chain3                                                                     grp1   /dut/clint.clint/rtlcreg_MTIMECMP_62                                                       -/-        RTLC_FDE   <scan_out>  PCLK                 (+)     
22      int_mode_chain3                                                                     grp1   /dut/clint.clint/rtlcreg_MTIMECMP_63                                                       -/-        RTLC_FDE   <scan_out>  PCLK                 (+)     
23      int_mode_chain3                                                                     grp1   /dut/clint.clint/rtlcreg_PRDATA_0                                                          -/-        RTLC_FD    Q           PCLK                 (+)     
24      int_mode_chain3                                                                     grp1   /dut/clint.clint/rtlcreg_PRDATA_1                                                          -/-        RTLC_FD    Q           PCLK                 (+)     
25      int_mode_chain3                                                                     grp1   /dut/clint.clint/rtlcreg_PRDATA_2                                                          -/-        RTLC_FD    Q           PCLK                 (+)     
26      int_mode_chain3                                                                     grp1   /dut/clint.clint/rtlcreg_PRDATA_3                                                          -/-        RTLC_FD    Q           PCLK                 (+)     
27      int_mode_chain3                                                                     grp1   /dut/clint.clint/rtlcreg_PRDATA_4                                                          -/-        RTLC_FD    Q           PCLK                 (+)     
28      int_mode_chain3                                                                     grp1   /dut/clint.clint/rtlcreg_PRDATA_5                                                          -/-        RTLC_FD    Q           PCLK                 (+)     
-       int_mode_chain4                                                                     grp1   /[lockup-after-chain]                                                                      -/-        [LAT]                  PCLK                 (-)     
0       int_mode_chain4                                                                     grp1   /dut/clint.clint/rtlcreg_MTIMECMP_12                                                       -/-        RTLC_FDE   <scan_out>  PCLK                 (+)     
1       int_mode_chain4                                                                     grp1   /dut/clint.clint/rtlcreg_MTIMECMP_13                                                       -/-        RTLC_FDE   <scan_out>  PCLK                 (+)     
2       int_mode_chain4                                                                     grp1   /dut/clint.clint/rtlcreg_MTIMECMP_14                                                       -/-        RTLC_FDE   <scan_out>  PCLK                 (+)     
3       int_mode_chain4                                                                     grp1   /dut/clint.clint/rtlcreg_MTIMECMP_15                                                       -/-        RTLC_FDE   <scan_out>  PCLK                 (+)     
4       int_mode_chain4                                                                     grp1   /dut/clint.clint/rtlcreg_MTIMECMP_16                                                       -/-        RTLC_FDE   <scan_out>  PCLK                 (+)     
5       int_mode_chain4                                                                     grp1   /dut/clint.clint/rtlcreg_MTIMECMP_17                                                       -/-        RTLC_FDE   <scan_out>  PCLK                 (+)     
6       int_mode_chain4                                                                     grp1   /dut/clint.clint/rtlcreg_MTIMECMP_18                                                       -/-        RTLC_FDE   <scan_out>  PCLK                 (+)     
7       int_mode_chain4                                                                     grp1   /dut/clint.clint/rtlcreg_MTIMECMP_19                                                       -/-        RTLC_FDE   <scan_out>  PCLK                 (+)     
8       int_mode_chain4                                                                     grp1   /dut/clint.clint/rtlcreg_MTIMECMP_20                                                       -/-        RTLC_FDE   <scan_out>  PCLK                 (+)     
9       int_mode_chain4                                                                     grp1   /dut/clint.clint/rtlcreg_MTIMECMP_21                                                       -/-        RTLC_FDE   <scan_out>  PCLK                 (+)     
10      int_mode_chain4                                                                     grp1   /dut/clint.clint/rtlcreg_MTIMECMP_22                                                       -/-        RTLC_FDE   <scan_out>  PCLK                 (+)     
11      int_mode_chain4                                                                     grp1   /dut/clint.clint/rtlcreg_MTIMECMP_23                                                       -/-        RTLC_FDE   <scan_out>  PCLK                 (+)     
12      int_mode_chain4                                                                     grp1   /dut/clint.clint/rtlcreg_MTIMECMP_24                                                       -/-        RTLC_FDE   <scan_out>  PCLK                 (+)     
13      int_mode_chain4                                                                     grp1   /dut/clint.clint/rtlcreg_MTIMECMP_25                                                       -/-        RTLC_FDE   <scan_out>  PCLK                 (+)     
14      int_mode_chain4                                                                     grp1   /dut/clint.clint/rtlcreg_MTIMECMP_26                                                       -/-        RTLC_FDE   <scan_out>  PCLK                 (+)     
15      int_mode_chain4                                                                     grp1   /dut/clint.clint/rtlcreg_MTIMECMP_27                                                       -/-        RTLC_FDE   <scan_out>  PCLK                 (+)     
16      int_mode_chain4                                                                     grp1   /dut/clint.clint/rtlcreg_MTIMECMP_28                                                       -/-        RTLC_FDE   <scan_out>  PCLK                 (+)     
17      int_mode_chain4                                                                     grp1   /dut/clint.clint/rtlcreg_MTIMECMP_29                                                       -/-        RTLC_FDE   <scan_out>  PCLK                 (+)     
18      int_mode_chain4                                                                     grp1   /dut/clint.clint/rtlcreg_MTIMECMP_30                                                       -/-        RTLC_FDE   <scan_out>  PCLK                 (+)     
19      int_mode_chain4                                                                     grp1   /dut/clint.clint/rtlcreg_MTIMECMP_31                                                       -/-        RTLC_FDE   <scan_out>  PCLK                 (+)     
20      int_mode_chain4                                                                     grp1   /dut/clint.clint/rtlcreg_MTIMECMP_32                                                       -/-        RTLC_FDE   <scan_out>  PCLK                 (+)     
21      int_mode_chain4                                                                     grp1   /dut/clint.clint/rtlcreg_MTIMECMP_33                                                       -/-        RTLC_FDE   <scan_out>  PCLK                 (+)     
22      int_mode_chain4                                                                     grp1   /dut/clint.clint/rtlcreg_MTIMECMP_34                                                       -/-        RTLC_FDE   <scan_out>  PCLK                 (+)     
23      int_mode_chain4                                                                     grp1   /dut/clint.clint/rtlcreg_MTIMECMP_35                                                       -/-        RTLC_FDE   <scan_out>  PCLK                 (+)     
24      int_mode_chain4                                                                     grp1   /dut/clint.clint/rtlcreg_MTIMECMP_36                                                       -/-        RTLC_FDE   <scan_out>  PCLK                 (+)     
25      int_mode_chain4                                                                     grp1   /dut/clint.clint/rtlcreg_MTIMECMP_37                                                       -/-        RTLC_FDE   <scan_out>  PCLK                 (+)     
26      int_mode_chain4                                                                     grp1   /dut/clint.clint/rtlcreg_MTIMECMP_38                                                       -/-        RTLC_FDE   <scan_out>  PCLK                 (+)     
27      int_mode_chain4                                                                     grp1   /dut/clint.clint/rtlcreg_MTIMECMP_39                                                       -/-        RTLC_FDE   <scan_out>  PCLK                 (+)     
28      int_mode_chain4                                                                     grp1   /dut/clint.clint/rtlcreg_MTIMECMP_40                                                       -/-        RTLC_FDE   <scan_out>  PCLK                 (+)     
-       int_mode_chain5                                                                     grp1   /[lockup-after-chain]                                                                      -/-        [LAT]                  PCLK                 (-)     
0       int_mode_chain5                                                                     grp1   /dut/gpio.gpio/GPIO_REGISTER/rtlcreg_gpio_dat_o_16                                         -/-        RTLC_FD    Q           PCLK                 (+)     
1       int_mode_chain5                                                                     grp1   /dut/gpio.gpio/GPIO_REGISTER/rtlcreg_gpio_dat_o_17                                         -/-        RTLC_FD    Q           PCLK                 (+)     
2       int_mode_chain5                                                                     grp1   /dut/gpio.gpio/GPIO_REGISTER/rtlcreg_gpio_dat_o_18                                         -/-        RTLC_FD    Q           PCLK                 (+)     
3       int_mode_chain5                                                                     grp1   /dut/gpio.gpio/GPIO_REGISTER/rtlcreg_gpio_dat_o_19                                         -/-        RTLC_FD    Q           PCLK                 (+)     
4       int_mode_chain5                                                                     grp1   /dut/gpio.gpio/GPIO_REGISTER/rtlcreg_gpio_dat_o_20                                         -/-        RTLC_FD    Q           PCLK                 (+)     
5       int_mode_chain5                                                                     grp1   /dut/gpio.gpio/GPIO_REGISTER/rtlcreg_gpio_dat_o_21                                         -/-        RTLC_FD    Q           PCLK                 (+)     
6       int_mode_chain5                                                                     grp1   /dut/gpio.gpio/GPIO_REGISTER/rtlcreg_gpio_dat_o_22                                         -/-        RTLC_FD    Q           PCLK                 (+)     
7       int_mode_chain5                                                                     grp1   /dut/gpio.gpio/GPIO_REGISTER/rtlcreg_gpio_dat_o_23                                         -/-        RTLC_FD    Q           PCLK                 (+)     
8       int_mode_chain5                                                                     grp1   /dut/gpio.gpio/GPIO_REGISTER/rtlcreg_gpio_dat_o_24                                         -/-        RTLC_FD    Q           PCLK                 (+)     
9       int_mode_chain5                                                                     grp1   /dut/gpio.gpio/GPIO_REGISTER/rtlcreg_gpio_dat_o_25                                         -/-        RTLC_FD    Q           PCLK                 (+)     
10      int_mode_chain5                                                                     grp1   /dut/gpio.gpio/GPIO_REGISTER/rtlcreg_gpio_dat_o_26                                         -/-        RTLC_FD    Q           PCLK                 (+)     
11      int_mode_chain5                                                                     grp1   /dut/gpio.gpio/GPIO_REGISTER/rtlcreg_gpio_dat_o_27                                         -/-        RTLC_FD    Q           PCLK                 (+)     
12      int_mode_chain5                                                                     grp1   /dut/gpio.gpio/GPIO_REGISTER/rtlcreg_gpio_dat_o_28                                         -/-        RTLC_FD    Q           PCLK                 (+)     
13      int_mode_chain5                                                                     grp1   /dut/gpio.gpio/GPIO_REGISTER/rtlcreg_gpio_dat_o_29                                         -/-        RTLC_FD    Q           PCLK                 (+)     
14      int_mode_chain5                                                                     grp1   /dut/gpio.gpio/GPIO_REGISTER/rtlcreg_gpio_dat_o_30                                         -/-        RTLC_FD    Q           PCLK                 (+)     
15      int_mode_chain5                                                                     grp1   /dut/gpio.gpio/GPIO_REGISTER/rtlcreg_gpio_dat_o_31                                         -/-        RTLC_FD    Q           PCLK                 (+)     
16      int_mode_chain5                                                                     grp1   /dut/gpio.gpio/GPIO_REGISTER/rtlcreg_rgpio_ctrl_1                                          -/-        RTLC_FDE   <scan_out>  PCLK                 (+)     
17      int_mode_chain5                                                                     grp1   /dut/clint.clint/rtlcreg_MTIMECMP_0                                                        -/-        RTLC_FDE   <scan_out>  PCLK                 (+)     
18      int_mode_chain5                                                                     grp1   /dut/clint.clint/rtlcreg_MTIMECMP_1                                                        -/-        RTLC_FDE   <scan_out>  PCLK                 (+)     
19      int_mode_chain5                                                                     grp1   /dut/clint.clint/rtlcreg_MTIMECMP_2                                                        -/-        RTLC_FDE   <scan_out>  PCLK                 (+)     
20      int_mode_chain5                                                                     grp1   /dut/clint.clint/rtlcreg_MTIMECMP_3                                                        -/-        RTLC_FDE   <scan_out>  PCLK                 (+)     
21      int_mode_chain5                                                                     grp1   /dut/clint.clint/rtlcreg_MTIMECMP_4                                                        -/-        RTLC_FDE   <scan_out>  PCLK                 (+)     
22      int_mode_chain5                                                                     grp1   /dut/clint.clint/rtlcreg_MTIMECMP_5                                                        -/-        RTLC_FDE   <scan_out>  PCLK                 (+)     
23      int_mode_chain5                                                                     grp1   /dut/clint.clint/rtlcreg_MTIMECMP_6                                                        -/-        RTLC_FDE   <scan_out>  PCLK                 (+)     
24      int_mode_chain5                                                                     grp1   /dut/clint.clint/rtlcreg_MTIMECMP_7                                                        -/-        RTLC_FDE   <scan_out>  PCLK                 (+)     
25      int_mode_chain5                                                                     grp1   /dut/clint.clint/rtlcreg_MTIMECMP_8                                                        -/-        RTLC_FDE   <scan_out>  PCLK                 (+)     
26      int_mode_chain5                                                                     grp1   /dut/clint.clint/rtlcreg_MTIMECMP_9                                                        -/-        RTLC_FDE   <scan_out>  PCLK                 (+)     
27      int_mode_chain5                                                                     grp1   /dut/clint.clint/rtlcreg_MTIMECMP_10                                                       -/-        RTLC_FDE   <scan_out>  PCLK                 (+)     
28      int_mode_chain5                                                                     grp1   /dut/clint.clint/rtlcreg_MTIMECMP_11                                                       -/-        RTLC_FDE   <scan_out>  PCLK                 (+)     
-       int_mode_chain6                                                                     grp1   /[lockup-after-chain]                                                                      -/-        [LAT]                  PCLK                 (-)     
0       int_mode_chain6                                                                     grp1   /dut/plic.plic/rtlcreg_Dout_19                                                             -/-        RTLC_FDE   <scan_out>  PCLK                 (+)     
1       int_mode_chain6                                                                     grp1   /dut/plic.plic/rtlcreg_Dout_20                                                             -/-        RTLC_FDE   <scan_out>  PCLK                 (+)     
2       int_mode_chain6                                                                     grp1   /dut/plic.plic/rtlcreg_Dout_21                                                             -/-        RTLC_FDE   <scan_out>  PCLK                 (+)     
3       int_mode_chain6                                                                     grp1   /dut/plic.plic/rtlcreg_Dout_22                                                             -/-        RTLC_FDE   <scan_out>  PCLK                 (+)     
4       int_mode_chain6                                                                     grp1   /dut/plic.plic/rtlcreg_Dout_23                                                             -/-        RTLC_FDE   <scan_out>  PCLK                 (+)     
5       int_mode_chain6                                                                     grp1   /dut/plic.plic/rtlcreg_Dout_24                                                             -/-        RTLC_FDE   <scan_out>  PCLK                 (+)     
6       int_mode_chain6                                                                     grp1   /dut/plic.plic/rtlcreg_Dout_25                                                             -/-        RTLC_FDE   <scan_out>  PCLK                 (+)     
7       int_mode_chain6                                                                     grp1   /dut/plic.plic/rtlcreg_Dout_26                                                             -/-        RTLC_FDE   <scan_out>  PCLK                 (+)     
8       int_mode_chain6                                                                     grp1   /dut/plic.plic/rtlcreg_Dout_27                                                             -/-        RTLC_FDE   <scan_out>  PCLK                 (+)     
9       int_mode_chain6                                                                     grp1   /dut/plic.plic/rtlcreg_Dout_28                                                             -/-        RTLC_FDE   <scan_out>  PCLK                 (+)     
10      int_mode_chain6                                                                     grp1   /dut/plic.plic/rtlcreg_Dout_29                                                             -/-        RTLC_FDE   <scan_out>  PCLK                 (+)     
11      int_mode_chain6                                                                     grp1   /dut/plic.plic/rtlcreg_Dout_30                                                             -/-        RTLC_FDE   <scan_out>  PCLK                 (+)     
12      int_mode_chain6                                                                     grp1   /dut/plic.plic/rtlcreg_Dout_31                                                             -/-        RTLC_FDE   <scan_out>  PCLK                 (+)     
13      int_mode_chain6                                                                     grp1   /dut/gpio.gpio/GPIO_REGISTER/rtlcreg_gpio_dat_o_0                                          -/-        RTLC_FD    Q           PCLK                 (+)     
14      int_mode_chain6                                                                     grp1   /dut/gpio.gpio/GPIO_REGISTER/rtlcreg_gpio_dat_o_1                                          -/-        RTLC_FD    Q           PCLK                 (+)     
15      int_mode_chain6                                                                     grp1   /dut/gpio.gpio/GPIO_REGISTER/rtlcreg_gpio_dat_o_2                                          -/-        RTLC_FD    Q           PCLK                 (+)     
16      int_mode_chain6                                                                     grp1   /dut/gpio.gpio/GPIO_REGISTER/rtlcreg_gpio_dat_o_3                                          -/-        RTLC_FD    Q           PCLK                 (+)     
17      int_mode_chain6                                                                     grp1   /dut/gpio.gpio/GPIO_REGISTER/rtlcreg_gpio_dat_o_4                                          -/-        RTLC_FD    Q           PCLK                 (+)     
18      int_mode_chain6                                                                     grp1   /dut/gpio.gpio/GPIO_REGISTER/rtlcreg_gpio_dat_o_5                                          -/-        RTLC_FD    Q           PCLK                 (+)     
19      int_mode_chain6                                                                     grp1   /dut/gpio.gpio/GPIO_REGISTER/rtlcreg_gpio_dat_o_6                                          -/-        RTLC_FD    Q           PCLK                 (+)     
20      int_mode_chain6                                                                     grp1   /dut/gpio.gpio/GPIO_REGISTER/rtlcreg_gpio_dat_o_7                                          -/-        RTLC_FD    Q           PCLK                 (+)     
21      int_mode_chain6                                                                     grp1   /dut/gpio.gpio/GPIO_REGISTER/rtlcreg_gpio_dat_o_8                                          -/-        RTLC_FD    Q           PCLK                 (+)     
22      int_mode_chain6                                                                     grp1   /dut/gpio.gpio/GPIO_REGISTER/rtlcreg_gpio_dat_o_9                                          -/-        RTLC_FD    Q           PCLK                 (+)     
23      int_mode_chain6                                                                     grp1   /dut/gpio.gpio/GPIO_REGISTER/rtlcreg_gpio_dat_o_10                                         -/-        RTLC_FD    Q           PCLK                 (+)     
24      int_mode_chain6                                                                     grp1   /dut/gpio.gpio/GPIO_REGISTER/rtlcreg_gpio_dat_o_11                                         -/-        RTLC_FD    Q           PCLK                 (+)     
25      int_mode_chain6                                                                     grp1   /dut/gpio.gpio/GPIO_REGISTER/rtlcreg_gpio_dat_o_12                                         -/-        RTLC_FD    Q           PCLK                 (+)     
26      int_mode_chain6                                                                     grp1   /dut/gpio.gpio/GPIO_REGISTER/rtlcreg_gpio_dat_o_13                                         -/-        RTLC_FD    Q           PCLK                 (+)     
27      int_mode_chain6                                                                     grp1   /dut/gpio.gpio/GPIO_REGISTER/rtlcreg_gpio_dat_o_14                                         -/-        RTLC_FD    Q           PCLK                 (+)     
28      int_mode_chain6                                                                     grp1   /dut/gpio.gpio/GPIO_REGISTER/rtlcreg_gpio_dat_o_15                                         -/-        RTLC_FD    Q           PCLK                 (+)     
-       int_mode_chain7                                                                     grp1   /[lockup-after-chain]                                                                      -/-        [LAT]                  PCLK                 (-)     
0       int_mode_chain7                                                                     grp1   /dut/plic.plic/rtlcreg_intInProgress_1                                                     -/-        RTLC_FDE   <scan_out>  PCLK                 (+)     
1       int_mode_chain7                                                                     grp1   /dut/plic.plic/rtlcreg_intInProgress_2                                                     -/-        RTLC_FDE   <scan_out>  PCLK                 (+)     
2       int_mode_chain7                                                                     grp1   /dut/plic.plic/rtlcreg_intInProgress_3                                                     -/-        RTLC_FDE   <scan_out>  PCLK                 (+)     
3       int_mode_chain7                                                                     grp1   /dut/plic.plic/rtlcreg_intInProgress_4                                                     -/-        RTLC_FDE   <scan_out>  PCLK                 (+)     
4       int_mode_chain7                                                                     grp1   /dut/plic.plic/rtlcreg_intInProgress_5                                                     -/-        RTLC_FDE   <scan_out>  PCLK                 (+)     
5       int_mode_chain7                                                                     grp1   /dut/plic.plic/rtlcreg_intInProgress_6                                                     -/-        RTLC_FDE   <scan_out>  PCLK                 (+)     
6       int_mode_chain7                                                                     grp1   /dut/plic.plic/rtlcreg_intInProgress_7                                                     -/-        RTLC_FDE   <scan_out>  PCLK                 (+)     
7       int_mode_chain7                                                                     grp1   /dut/plic.plic/rtlcreg_intInProgress_8                                                     -/-        RTLC_FDE   <scan_out>  PCLK                 (+)     
8       int_mode_chain7                                                                     grp1   /dut/plic.plic/rtlcreg_intInProgress_9                                                     -/-        RTLC_FDE   <scan_out>  PCLK                 (+)     
9       int_mode_chain7                                                                     grp1   /dut/plic.plic/rtlcreg_intInProgress_10                                                    -/-        RTLC_FDE   <scan_out>  PCLK                 (+)     
10      int_mode_chain7                                                                     grp1   /dut/plic.plic/rtlcreg_Dout_0                                                              -/-        RTLC_FDE   <scan_out>  PCLK                 (+)     
11      int_mode_chain7                                                                     grp1   /dut/plic.plic/rtlcreg_Dout_1                                                              -/-        RTLC_FDE   <scan_out>  PCLK                 (+)     
12      int_mode_chain7                                                                     grp1   /dut/plic.plic/rtlcreg_Dout_2                                                              -/-        RTLC_FDE   <scan_out>  PCLK                 (+)     
13      int_mode_chain7                                                                     grp1   /dut/plic.plic/rtlcreg_Dout_3                                                              -/-        RTLC_FDE   <scan_out>  PCLK                 (+)     
14      int_mode_chain7                                                                     grp1   /dut/plic.plic/rtlcreg_Dout_4                                                              -/-        RTLC_FDE   <scan_out>  PCLK                 (+)     
15      int_mode_chain7                                                                     grp1   /dut/plic.plic/rtlcreg_Dout_5                                                              -/-        RTLC_FDE   <scan_out>  PCLK                 (+)     
16      int_mode_chain7                                                                     grp1   /dut/plic.plic/rtlcreg_Dout_6                                                              -/-        RTLC_FDE   <scan_out>  PCLK                 (+)     
17      int_mode_chain7                                                                     grp1   /dut/plic.plic/rtlcreg_Dout_7                                                              -/-        RTLC_FDE   <scan_out>  PCLK                 (+)     
18      int_mode_chain7                                                                     grp1   /dut/plic.plic/rtlcreg_Dout_8                                                              -/-        RTLC_FDE   <scan_out>  PCLK                 (+)     
19      int_mode_chain7                                                                     grp1   /dut/plic.plic/rtlcreg_Dout_9                                                              -/-        RTLC_FDE   <scan_out>  PCLK                 (+)     
20      int_mode_chain7                                                                     grp1   /dut/plic.plic/rtlcreg_Dout_10                                                             -/-        RTLC_FDE   <scan_out>  PCLK                 (+)     
21      int_mode_chain7                                                                     grp1   /dut/plic.plic/rtlcreg_Dout_11                                                             -/-        RTLC_FDE   <scan_out>  PCLK                 (+)     
22      int_mode_chain7                                                                     grp1   /dut/plic.plic/rtlcreg_Dout_12                                                             -/-        RTLC_FDE   <scan_out>  PCLK                 (+)     
23      int_mode_chain7                                                                     grp1   /dut/plic.plic/rtlcreg_Dout_13                                                             -/-        RTLC_FDE   <scan_out>  PCLK                 (+)     
24      int_mode_chain7                                                                     grp1   /dut/plic.plic/rtlcreg_Dout_14                                                             -/-        RTLC_FDE   <scan_out>  PCLK                 (+)     
25      int_mode_chain7                                                                     grp1   /dut/plic.plic/rtlcreg_Dout_15                                                             -/-        RTLC_FDE   <scan_out>  PCLK                 (+)     
26      int_mode_chain7                                                                     grp1   /dut/plic.plic/rtlcreg_Dout_16                                                             -/-        RTLC_FDE   <scan_out>  PCLK                 (+)     
27      int_mode_chain7                                                                     grp1   /dut/plic.plic/rtlcreg_Dout_17                                                             -/-        RTLC_FDE   <scan_out>  PCLK                 (+)     
28      int_mode_chain7                                                                     grp1   /dut/plic.plic/rtlcreg_Dout_18                                                             -/-        RTLC_FDE   <scan_out>  PCLK                 (+)     
-       int_mode_chain8                                                                     grp1   /[lockup-after-chain]                                                                      -/-        [LAT]                  PCLK                 (-)     
0       int_mode_chain8                                                                     grp1   /dut/plic.plic/rtlcreg_intPriority_27                                                      -/-        RTLC_FDE   <scan_out>  PCLK                 (+)     
1       int_mode_chain8                                                                     grp1   /dut/plic.plic/rtlcreg_intPriority_28                                                      -/-        RTLC_FDE   <scan_out>  PCLK                 (+)     
2       int_mode_chain8                                                                     grp1   /dut/plic.plic/rtlcreg_intPriority_29                                                      -/-        RTLC_FDE   <scan_out>  PCLK                 (+)     
3       int_mode_chain8                                                                     grp1   /dut/plic.plic/rtlcreg_intEn_0                                                             -/-        RTLC_FDE   <scan_out>  PCLK                 (+)     
4       int_mode_chain8                                                                     grp1   /dut/plic.plic/rtlcreg_intEn_1                                                             -/-        RTLC_FDE   <scan_out>  PCLK                 (+)     
5       int_mode_chain8                                                                     grp1   /dut/plic.plic/rtlcreg_intEn_2                                                             -/-        RTLC_FDE   <scan_out>  PCLK                 (+)     
6       int_mode_chain8                                                                     grp1   /dut/plic.plic/rtlcreg_intEn_3                                                             -/-        RTLC_FDE   <scan_out>  PCLK                 (+)     
7       int_mode_chain8                                                                     grp1   /dut/plic.plic/rtlcreg_intEn_4                                                             -/-        RTLC_FDE   <scan_out>  PCLK                 (+)     
8       int_mode_chain8                                                                     grp1   /dut/plic.plic/rtlcreg_intEn_5                                                             -/-        RTLC_FDE   <scan_out>  PCLK                 (+)     
9       int_mode_chain8                                                                     grp1   /dut/plic.plic/rtlcreg_intEn_6                                                             -/-        RTLC_FDE   <scan_out>  PCLK                 (+)     
10      int_mode_chain8                                                                     grp1   /dut/plic.plic/rtlcreg_intEn_7                                                             -/-        RTLC_FDE   <scan_out>  PCLK                 (+)     
11      int_mode_chain8                                                                     grp1   /dut/plic.plic/rtlcreg_intEn_8                                                             -/-        RTLC_FDE   <scan_out>  PCLK                 (+)     
12      int_mode_chain8                                                                     grp1   /dut/plic.plic/rtlcreg_intEn_9                                                             -/-        RTLC_FDE   <scan_out>  PCLK                 (+)     
13      int_mode_chain8                                                                     grp1   /dut/plic.plic/rtlcreg_intEn_10                                                            -/-        RTLC_FDE   <scan_out>  PCLK                 (+)     
14      int_mode_chain8                                                                     grp1   /dut/plic.plic/rtlcreg_intEn_11                                                            -/-        RTLC_FDE   <scan_out>  PCLK                 (+)     
15      int_mode_chain8                                                                     grp1   /dut/plic.plic/rtlcreg_intEn_12                                                            -/-        RTLC_FDE   <scan_out>  PCLK                 (+)     
16      int_mode_chain8                                                                     grp1   /dut/plic.plic/rtlcreg_intEn_13                                                            -/-        RTLC_FDE   <scan_out>  PCLK                 (+)     
17      int_mode_chain8                                                                     grp1   /dut/plic.plic/rtlcreg_intEn_14                                                            -/-        RTLC_FDE   <scan_out>  PCLK                 (+)     
18      int_mode_chain8                                                                     grp1   /dut/plic.plic/rtlcreg_intEn_15                                                            -/-        RTLC_FDE   <scan_out>  PCLK                 (+)     
19      int_mode_chain8                                                                     grp1   /dut/plic.plic/rtlcreg_intEn_16                                                            -/-        RTLC_FDE   <scan_out>  PCLK                 (+)     
20      int_mode_chain8                                                                     grp1   /dut/plic.plic/rtlcreg_intEn_17                                                            -/-        RTLC_FDE   <scan_out>  PCLK                 (+)     
21      int_mode_chain8                                                                     grp1   /dut/plic.plic/rtlcreg_intEn_18                                                            -/-        RTLC_FDE   <scan_out>  PCLK                 (+)     
22      int_mode_chain8                                                                     grp1   /dut/plic.plic/rtlcreg_intEn_19                                                            -/-        RTLC_FDE   <scan_out>  PCLK                 (+)     
23      int_mode_chain8                                                                     grp1   /dut/plic.plic/rtlcreg_intThreshold_0                                                      -/-        RTLC_FDE   <scan_out>  PCLK                 (+)     
24      int_mode_chain8                                                                     grp1   /dut/plic.plic/rtlcreg_intThreshold_1                                                      -/-        RTLC_FDE   <scan_out>  PCLK                 (+)     
25      int_mode_chain8                                                                     grp1   /dut/plic.plic/rtlcreg_intThreshold_2                                                      -/-        RTLC_FDE   <scan_out>  PCLK                 (+)     
26      int_mode_chain8                                                                     grp1   /dut/plic.plic/rtlcreg_intThreshold_3                                                      -/-        RTLC_FDE   <scan_out>  PCLK                 (+)     
27      int_mode_chain8                                                                     grp1   /dut/plic.plic/rtlcreg_intThreshold_4                                                      -/-        RTLC_FDE   <scan_out>  PCLK                 (+)     
28      int_mode_chain8                                                                     grp1   /dut/plic.plic/rtlcreg_intThreshold_5                                                      -/-        RTLC_FDE   <scan_out>  PCLK                 (+)     
-       int_mode_chain9                                                                     grp1   /[lockup-after-chain]                                                                      -/-        [LAT]                  PCLK                 (-)     
0       int_mode_chain9                                                                     grp1   /dut/plic.plic/intPendingFlop/rtlcreg_q_8                                                  -/-        RTLC_FD    Q           PCLK                 (+)     
1       int_mode_chain9                                                                     grp1   /dut/plic.plic/intPendingFlop/rtlcreg_q_9                                                  -/-        RTLC_FD    Q           PCLK                 (+)     
2       int_mode_chain9                                                                     grp1   /dut/plic.plic/rtlcreg_intPriority_0                                                       -/-        RTLC_FDE   <scan_out>  PCLK                 (+)     
3       int_mode_chain9                                                                     grp1   /dut/plic.plic/rtlcreg_intPriority_1                                                       -/-        RTLC_FDE   <scan_out>  PCLK                 (+)     
4       int_mode_chain9                                                                     grp1   /dut/plic.plic/rtlcreg_intPriority_2                                                       -/-        RTLC_FDE   <scan_out>  PCLK                 (+)     
5       int_mode_chain9                                                                     grp1   /dut/plic.plic/rtlcreg_intPriority_3                                                       -/-        RTLC_FDE   <scan_out>  PCLK                 (+)     
6       int_mode_chain9                                                                     grp1   /dut/plic.plic/rtlcreg_intPriority_4                                                       -/-        RTLC_FDE   <scan_out>  PCLK                 (+)     
7       int_mode_chain9                                                                     grp1   /dut/plic.plic/rtlcreg_intPriority_5                                                       -/-        RTLC_FDE   <scan_out>  PCLK                 (+)     
8       int_mode_chain9                                                                     grp1   /dut/plic.plic/rtlcreg_intPriority_6                                                       -/-        RTLC_FDE   <scan_out>  PCLK                 (+)     
9       int_mode_chain9                                                                     grp1   /dut/plic.plic/rtlcreg_intPriority_7                                                       -/-        RTLC_FDE   <scan_out>  PCLK                 (+)     
10      int_mode_chain9                                                                     grp1   /dut/plic.plic/rtlcreg_intPriority_8                                                       -/-        RTLC_FDE   <scan_out>  PCLK                 (+)     
11      int_mode_chain9                                                                     grp1   /dut/plic.plic/rtlcreg_intPriority_9                                                       -/-        RTLC_FDE   <scan_out>  PCLK                 (+)     
12      int_mode_chain9                                                                     grp1   /dut/plic.plic/rtlcreg_intPriority_10                                                      -/-        RTLC_FDE   <scan_out>  PCLK                 (+)     
13      int_mode_chain9                                                                     grp1   /dut/plic.plic/rtlcreg_intPriority_11                                                      -/-        RTLC_FDE   <scan_out>  PCLK                 (+)     
14      int_mode_chain9                                                                     grp1   /dut/plic.plic/rtlcreg_intPriority_12                                                      -/-        RTLC_FDE   <scan_out>  PCLK                 (+)     
15      int_mode_chain9                                                                     grp1   /dut/plic.plic/rtlcreg_intPriority_13                                                      -/-        RTLC_FDE   <scan_out>  PCLK                 (+)     
16      int_mode_chain9                                                                     grp1   /dut/plic.plic/rtlcreg_intPriority_14                                                      -/-        RTLC_FDE   <scan_out>  PCLK                 (+)     
17      int_mode_chain9                                                                     grp1   /dut/plic.plic/rtlcreg_intPriority_15                                                      -/-        RTLC_FDE   <scan_out>  PCLK                 (+)     
18      int_mode_chain9                                                                     grp1   /dut/plic.plic/rtlcreg_intPriority_16                                                      -/-        RTLC_FDE   <scan_out>  PCLK                 (+)     
19      int_mode_chain9                                                                     grp1   /dut/plic.plic/rtlcreg_intPriority_17                                                      -/-        RTLC_FDE   <scan_out>  PCLK                 (+)     
20      int_mode_chain9                                                                     grp1   /dut/plic.plic/rtlcreg_intPriority_18                                                      -/-        RTLC_FDE   <scan_out>  PCLK                 (+)     
21      int_mode_chain9                                                                     grp1   /dut/plic.plic/rtlcreg_intPriority_19                                                      -/-        RTLC_FDE   <scan_out>  PCLK                 (+)     
22      int_mode_chain9                                                                     grp1   /dut/plic.plic/rtlcreg_intPriority_20                                                      -/-        RTLC_FDE   <scan_out>  PCLK                 (+)     
23      int_mode_chain9                                                                     grp1   /dut/plic.plic/rtlcreg_intPriority_21                                                      -/-        RTLC_FDE   <scan_out>  PCLK                 (+)     
24      int_mode_chain9                                                                     grp1   /dut/plic.plic/rtlcreg_intPriority_22                                                      -/-        RTLC_FDE   <scan_out>  PCLK                 (+)     
25      int_mode_chain9                                                                     grp1   /dut/plic.plic/rtlcreg_intPriority_23                                                      -/-        RTLC_FDE   <scan_out>  PCLK                 (+)     
26      int_mode_chain9                                                                     grp1   /dut/plic.plic/rtlcreg_intPriority_24                                                      -/-        RTLC_FDE   <scan_out>  PCLK                 (+)     
27      int_mode_chain9                                                                     grp1   /dut/plic.plic/rtlcreg_intPriority_25                                                      -/-        RTLC_FDE   <scan_out>  PCLK                 (+)     
28      int_mode_chain9                                                                     grp1   /dut/plic.plic/rtlcreg_intPriority_26                                                      -/-        RTLC_FDE   <scan_out>  PCLK                 (+)     
-       int_mode_chain10                                                                    grp1   /[lockup-after-chain]                                                                      -/-        [LAT]                  PCLK                 (-)     
0       int_mode_chain10                                                                    grp1   /dut/spi.spi/rtlcreg_Dout_11                                                               -/-        RTLC_FDE   <scan_out>  PCLK                 (+)     
1       int_mode_chain10                                                                    grp1   /dut/spi.spi/rtlcreg_Dout_12                                                               -/-        RTLC_FDE   <scan_out>  PCLK                 (+)     
2       int_mode_chain10                                                                    grp1   /dut/spi.spi/rtlcreg_Dout_13                                                               -/-        RTLC_FDE   <scan_out>  PCLK                 (+)     
3       int_mode_chain10                                                                    grp1   /dut/spi.spi/rtlcreg_Dout_14                                                               -/-        RTLC_FDE   <scan_out>  PCLK                 (+)     
4       int_mode_chain10                                                                    grp1   /dut/spi.spi/rtlcreg_Dout_15                                                               -/-        RTLC_FDE   <scan_out>  PCLK                 (+)     
5       int_mode_chain10                                                                    grp1   /dut/spi.spi/rtlcreg_Dout_16                                                               -/-        RTLC_FDE   <scan_out>  PCLK                 (+)     
6       int_mode_chain10                                                                    grp1   /dut/spi.spi/rtlcreg_Dout_17                                                               -/-        RTLC_FDE   <scan_out>  PCLK                 (+)     
7       int_mode_chain10                                                                    grp1   /dut/spi.spi/rtlcreg_Dout_18                                                               -/-        RTLC_FDE   <scan_out>  PCLK                 (+)     
8       int_mode_chain10                                                                    grp1   /dut/spi.spi/rtlcreg_Dout_19                                                               -/-        RTLC_FDE   <scan_out>  PCLK                 (+)     
9       int_mode_chain10                                                                    grp1   /dut/spi.spi/rtlcreg_Dout_20                                                               -/-        RTLC_FDE   <scan_out>  PCLK                 (+)     
10      int_mode_chain10                                                                    grp1   /dut/spi.spi/rtlcreg_Dout_21                                                               -/-        RTLC_FDE   <scan_out>  PCLK                 (+)     
11      int_mode_chain10                                                                    grp1   /dut/spi.spi/rtlcreg_Dout_22                                                               -/-        RTLC_FDE   <scan_out>  PCLK                 (+)     
12      int_mode_chain10                                                                    grp1   /dut/spi.spi/rtlcreg_Dout_23                                                               -/-        RTLC_FDE   <scan_out>  PCLK                 (+)     
13      int_mode_chain10                                                                    grp1   /dut/spi.spi/rtlcreg_Dout_24                                                               -/-        RTLC_FDE   <scan_out>  PCLK                 (+)     
14      int_mode_chain10                                                                    grp1   /dut/spi.spi/rtlcreg_Dout_25                                                               -/-        RTLC_FDE   <scan_out>  PCLK                 (+)     
15      int_mode_chain10                                                                    grp1   /dut/spi.spi/rtlcreg_Dout_26                                                               -/-        RTLC_FDE   <scan_out>  PCLK                 (+)     
16      int_mode_chain10                                                                    grp1   /dut/spi.spi/rtlcreg_Dout_27                                                               -/-        RTLC_FDE   <scan_out>  PCLK                 (+)     
17      int_mode_chain10                                                                    grp1   /dut/spi.spi/rtlcreg_Dout_28                                                               -/-        RTLC_FDE   <scan_out>  PCLK                 (+)     
18      int_mode_chain10                                                                    grp1   /dut/spi.spi/rtlcreg_Dout_29                                                               -/-        RTLC_FDE   <scan_out>  PCLK                 (+)     
19      int_mode_chain10                                                                    grp1   /dut/spi.spi/rtlcreg_Dout_30                                                               -/-        RTLC_FDE   <scan_out>  PCLK                 (+)     
20      int_mode_chain10                                                                    grp1   /dut/spi.spi/rtlcreg_Dout_31                                                               -/-        RTLC_FDE   <scan_out>  PCLK                 (+)     
21      int_mode_chain10                                                                    grp1   /dut/plic.plic/intPendingFlop/rtlcreg_q_0                                                  -/-        RTLC_FD    Q           PCLK                 (+)     
22      int_mode_chain10                                                                    grp1   /dut/plic.plic/intPendingFlop/rtlcreg_q_1                                                  -/-        RTLC_FD    Q           PCLK                 (+)     
23      int_mode_chain10                                                                    grp1   /dut/plic.plic/intPendingFlop/rtlcreg_q_2                                                  -/-        RTLC_FD    Q           PCLK                 (+)     
24      int_mode_chain10                                                                    grp1   /dut/plic.plic/intPendingFlop/rtlcreg_q_3                                                  -/-        RTLC_FD    Q           PCLK                 (+)     
25      int_mode_chain10                                                                    grp1   /dut/plic.plic/intPendingFlop/rtlcreg_q_4                                                  -/-        RTLC_FD    Q           PCLK                 (+)     
26      int_mode_chain10                                                                    grp1   /dut/plic.plic/intPendingFlop/rtlcreg_q_5                                                  -/-        RTLC_FD    Q           PCLK                 (+)     
27      int_mode_chain10                                                                    grp1   /dut/plic.plic/intPendingFlop/rtlcreg_q_6                                                  -/-        RTLC_FD    Q           PCLK                 (+)     
28      int_mode_chain10                                                                    grp1   /dut/plic.plic/intPendingFlop/rtlcreg_q_7                                                  -/-        RTLC_FD    Q           PCLK                 (+)     
-       int_mode_chain11                                                                    grp1   /[lockup-after-chain]                                                                      -/-        [LAT]                  PCLK                 (-)     
0       int_mode_chain11                                                                    grp1   /dut/spi.spi/rtlcreg_TransmitData_1                                                        -/-        RTLC_FDE   <scan_out>  PCLK                 (+)     
1       int_mode_chain11                                                                    grp1   /dut/spi.spi/rtlcreg_TransmitData_2                                                        -/-        RTLC_FDE   <scan_out>  PCLK                 (+)     
2       int_mode_chain11                                                                    grp1   /dut/spi.spi/rtlcreg_TransmitData_3                                                        -/-        RTLC_FDE   <scan_out>  PCLK                 (+)     
3       int_mode_chain11                                                                    grp1   /dut/spi.spi/rtlcreg_TransmitData_4                                                        -/-        RTLC_FDE   <scan_out>  PCLK                 (+)     
4       int_mode_chain11                                                                    grp1   /dut/spi.spi/rtlcreg_TransmitData_5                                                        -/-        RTLC_FDE   <scan_out>  PCLK                 (+)     
5       int_mode_chain11                                                                    grp1   /dut/spi.spi/rtlcreg_TransmitData_6                                                        -/-        RTLC_FDE   <scan_out>  PCLK                 (+)     
6       int_mode_chain11                                                                    grp1   /dut/spi.spi/rtlcreg_TransmitData_7                                                        -/-        RTLC_FDE   <scan_out>  PCLK                 (+)     
7       int_mode_chain11                                                                    grp1   /dut/spi.spi/rtlcreg_TransmitData_8                                                        -/-        RTLC_FDE   <scan_out>  PCLK                 (+)     
8       int_mode_chain11                                                                    grp1   /dut/spi.spi/rtlcreg_TransmitWatermark_0                                                   -/-        RTLC_FDE   <scan_out>  PCLK                 (+)     
9       int_mode_chain11                                                                    grp1   /dut/spi.spi/rtlcreg_TransmitWatermark_1                                                   -/-        RTLC_FDE   <scan_out>  PCLK                 (+)     
10      int_mode_chain11                                                                    grp1   /dut/spi.spi/rtlcreg_TransmitWatermark_2                                                   -/-        RTLC_FDE   <scan_out>  PCLK                 (+)     
11      int_mode_chain11                                                                    grp1   /dut/spi.spi/rtlcreg_ReceiveWatermark_0                                                    -/-        RTLC_FDE   <scan_out>  PCLK                 (+)     
12      int_mode_chain11                                                                    grp1   /dut/spi.spi/rtlcreg_ReceiveWatermark_1                                                    -/-        RTLC_FDE   <scan_out>  PCLK                 (+)     
13      int_mode_chain11                                                                    grp1   /dut/spi.spi/rtlcreg_ReceiveWatermark_2                                                    -/-        RTLC_FDE   <scan_out>  PCLK                 (+)     
14      int_mode_chain11                                                                    grp1   /dut/spi.spi/rtlcreg_InterruptEnable_0                                                     -/-        RTLC_FDE   <scan_out>  PCLK                 (+)     
15      int_mode_chain11                                                                    grp1   /dut/spi.spi/rtlcreg_InterruptEnable_1                                                     -/-        RTLC_FDE   <scan_out>  PCLK                 (+)     
16      int_mode_chain11                                                                    grp1   /dut/spi.spi/rtlcreg_InterruptPending_0                                                    -/-        RTLC_FD    Q           PCLK                 (+)     
17      int_mode_chain11                                                                    grp1   /dut/spi.spi/rtlcreg_InterruptPending_1                                                    -/-        RTLC_FD    Q           PCLK                 (+)     
18      int_mode_chain11                                                                    grp1   /dut/spi.spi/rtlcreg_Dout_0                                                                -/-        RTLC_FDE   <scan_out>  PCLK                 (+)     
19      int_mode_chain11                                                                    grp1   /dut/spi.spi/rtlcreg_Dout_1                                                                -/-        RTLC_FDE   <scan_out>  PCLK                 (+)     
20      int_mode_chain11                                                                    grp1   /dut/spi.spi/rtlcreg_Dout_2                                                                -/-        RTLC_FDE   <scan_out>  PCLK                 (+)     
21      int_mode_chain11                                                                    grp1   /dut/spi.spi/rtlcreg_Dout_3                                                                -/-        RTLC_FDE   <scan_out>  PCLK                 (+)     
22      int_mode_chain11                                                                    grp1   /dut/spi.spi/rtlcreg_Dout_4                                                                -/-        RTLC_FDE   <scan_out>  PCLK                 (+)     
23      int_mode_chain11                                                                    grp1   /dut/spi.spi/rtlcreg_Dout_5                                                                -/-        RTLC_FDE   <scan_out>  PCLK                 (+)     
24      int_mode_chain11                                                                    grp1   /dut/spi.spi/rtlcreg_Dout_6                                                                -/-        RTLC_FDE   <scan_out>  PCLK                 (+)     
25      int_mode_chain11                                                                    grp1   /dut/spi.spi/rtlcreg_Dout_7                                                                -/-        RTLC_FDE   <scan_out>  PCLK                 (+)     
26      int_mode_chain11                                                                    grp1   /dut/spi.spi/rtlcreg_Dout_8                                                                -/-        RTLC_FDE   <scan_out>  PCLK                 (+)     
27      int_mode_chain11                                                                    grp1   /dut/spi.spi/rtlcreg_Dout_9                                                                -/-        RTLC_FDE   <scan_out>  PCLK                 (+)     
28      int_mode_chain11                                                                    grp1   /dut/spi.spi/rtlcreg_Dout_10                                                               -/-        RTLC_FDE   <scan_out>  PCLK                 (+)     
-       int_mode_chain12                                                                    grp1   /[lockup-after-chain]                                                                      -/-        [LAT]                  PCLK                 (-)     
0       int_mode_chain12                                                                    grp1   /dut/spi.spi/rtlcreg_Delay0_9                                                              -/-        RTLC_FDE   <scan_out>  PCLK                 (+)     
1       int_mode_chain12                                                                    grp1   /dut/spi.spi/rtlcreg_Delay0_10                                                             -/-        RTLC_FDE   <scan_out>  PCLK                 (+)     
2       int_mode_chain12                                                                    grp1   /dut/spi.spi/rtlcreg_Delay0_11                                                             -/-        RTLC_FDE   <scan_out>  PCLK                 (+)     
3       int_mode_chain12                                                                    grp1   /dut/spi.spi/rtlcreg_Delay0_12                                                             -/-        RTLC_FDE   <scan_out>  PCLK                 (+)     
4       int_mode_chain12                                                                    grp1   /dut/spi.spi/rtlcreg_Delay0_13                                                             -/-        RTLC_FDE   <scan_out>  PCLK                 (+)     
5       int_mode_chain12                                                                    grp1   /dut/spi.spi/rtlcreg_Delay0_14                                                             -/-        RTLC_FDE   <scan_out>  PCLK                 (+)     
6       int_mode_chain12                                                                    grp1   /dut/spi.spi/rtlcreg_Delay0_15                                                             -/-        RTLC_FDE   <scan_out>  PCLK                 (+)     
7       int_mode_chain12                                                                    grp1   /dut/spi.spi/rtlcreg_Delay1_0                                                              -/-        RTLC_FDE   <scan_out>  PCLK                 (+)     
8       int_mode_chain12                                                                    grp1   /dut/spi.spi/rtlcreg_Delay1_1                                                              -/-        RTLC_FDE   <scan_out>  PCLK                 (+)     
9       int_mode_chain12                                                                    grp1   /dut/spi.spi/rtlcreg_Delay1_2                                                              -/-        RTLC_FDE   <scan_out>  PCLK                 (+)     
10      int_mode_chain12                                                                    grp1   /dut/spi.spi/rtlcreg_Delay1_3                                                              -/-        RTLC_FDE   <scan_out>  PCLK                 (+)     
11      int_mode_chain12                                                                    grp1   /dut/spi.spi/rtlcreg_Delay1_4                                                              -/-        RTLC_FDE   <scan_out>  PCLK                 (+)     
12      int_mode_chain12                                                                    grp1   /dut/spi.spi/rtlcreg_Delay1_5                                                              -/-        RTLC_FDE   <scan_out>  PCLK                 (+)     
13      int_mode_chain12                                                                    grp1   /dut/spi.spi/rtlcreg_Delay1_6                                                              -/-        RTLC_FDE   <scan_out>  PCLK                 (+)     
14      int_mode_chain12                                                                    grp1   /dut/spi.spi/rtlcreg_Delay1_7                                                              -/-        RTLC_FDE   <scan_out>  PCLK                 (+)     
15      int_mode_chain12                                                                    grp1   /dut/spi.spi/rtlcreg_Delay1_8                                                              -/-        RTLC_FDE   <scan_out>  PCLK                 (+)     
16      int_mode_chain12                                                                    grp1   /dut/spi.spi/rtlcreg_Delay1_9                                                              -/-        RTLC_FDE   <scan_out>  PCLK                 (+)     
17      int_mode_chain12                                                                    grp1   /dut/spi.spi/rtlcreg_Delay1_10                                                             -/-        RTLC_FDE   <scan_out>  PCLK                 (+)     
18      int_mode_chain12                                                                    grp1   /dut/spi.spi/rtlcreg_Delay1_11                                                             -/-        RTLC_FDE   <scan_out>  PCLK                 (+)     
19      int_mode_chain12                                                                    grp1   /dut/spi.spi/rtlcreg_Delay1_12                                                             -/-        RTLC_FDE   <scan_out>  PCLK                 (+)     
20      int_mode_chain12                                                                    grp1   /dut/spi.spi/rtlcreg_Delay1_13                                                             -/-        RTLC_FDE   <scan_out>  PCLK                 (+)     
21      int_mode_chain12                                                                    grp1   /dut/spi.spi/rtlcreg_Delay1_14                                                             -/-        RTLC_FDE   <scan_out>  PCLK                 (+)     
22      int_mode_chain12                                                                    grp1   /dut/spi.spi/rtlcreg_Delay1_15                                                             -/-        RTLC_FDE   <scan_out>  PCLK                 (+)     
23      int_mode_chain12                                                                    grp1   /dut/spi.spi/rtlcreg_Format_0                                                              -/-        RTLC_FDE   <scan_out>  PCLK                 (+)     
24      int_mode_chain12                                                                    grp1   /dut/spi.spi/rtlcreg_Format_1                                                              -/-        RTLC_FDE   <scan_out>  PCLK                 (+)     
25      int_mode_chain12                                                                    grp1   /dut/spi.spi/rtlcreg_Format_2                                                              -/-        RTLC_FDE   <scan_out>  PCLK                 (+)     
26      int_mode_chain12                                                                    grp1   /dut/spi.spi/rtlcreg_Format_3                                                              -/-        RTLC_FDE   <scan_out>  PCLK                 (+)     
27      int_mode_chain12                                                                    grp1   /dut/spi.spi/rtlcreg_Format_4                                                              -/-        RTLC_FDE   <scan_out>  PCLK                 (+)     
28      int_mode_chain12                                                                    grp1   /dut/spi.spi/rtlcreg_TransmitData_0                                                        -/-        RTLC_FDE   <scan_out>  PCLK                 (+)     
-       int_mode_chain13                                                                    grp1   /[lockup-after-chain]                                                                      -/-        [LAT]                  PCLK                 (-)     
0       int_mode_chain13                                                                    grp1   /dut/spi.spi/rtlcreg_SckDiv_2                                                              -/-        RTLC_FDE   <scan_out>  PCLK                 (+)     
1       int_mode_chain13                                                                    grp1   /dut/spi.spi/rtlcreg_SckDiv_3                                                              -/-        RTLC_FDE   <scan_out>  PCLK                 (+)     
2       int_mode_chain13                                                                    grp1   /dut/spi.spi/rtlcreg_SckDiv_4                                                              -/-        RTLC_FDE   <scan_out>  PCLK                 (+)     
3       int_mode_chain13                                                                    grp1   /dut/spi.spi/rtlcreg_SckDiv_5                                                              -/-        RTLC_FDE   <scan_out>  PCLK                 (+)     
4       int_mode_chain13                                                                    grp1   /dut/spi.spi/rtlcreg_SckDiv_6                                                              -/-        RTLC_FDE   <scan_out>  PCLK                 (+)     
5       int_mode_chain13                                                                    grp1   /dut/spi.spi/rtlcreg_SckDiv_7                                                              -/-        RTLC_FDE   <scan_out>  PCLK                 (+)     
6       int_mode_chain13                                                                    grp1   /dut/spi.spi/rtlcreg_SckDiv_8                                                              -/-        RTLC_FDE   <scan_out>  PCLK                 (+)     
7       int_mode_chain13                                                                    grp1   /dut/spi.spi/rtlcreg_SckDiv_9                                                              -/-        RTLC_FDE   <scan_out>  PCLK                 (+)     
8       int_mode_chain13                                                                    grp1   /dut/spi.spi/rtlcreg_SckDiv_10                                                             -/-        RTLC_FDE   <scan_out>  PCLK                 (+)     
9       int_mode_chain13                                                                    grp1   /dut/spi.spi/rtlcreg_SckDiv_11                                                             -/-        RTLC_FDE   <scan_out>  PCLK                 (+)     
10      int_mode_chain13                                                                    grp1   /dut/spi.spi/rtlcreg_SckMode_0                                                             -/-        RTLC_FDE   <scan_out>  PCLK                 (+)     
11      int_mode_chain13                                                                    grp1   /dut/spi.spi/rtlcreg_SckMode_1                                                             -/-        RTLC_FDE   <scan_out>  PCLK                 (+)     
12      int_mode_chain13                                                                    grp1   /dut/spi.spi/rtlcreg_ChipSelectID_0                                                        -/-        RTLC_FDE   <scan_out>  PCLK                 (+)     
13      int_mode_chain13                                                                    grp1   /dut/spi.spi/rtlcreg_ChipSelectID_1                                                        -/-        RTLC_FDE   <scan_out>  PCLK                 (+)     
14      int_mode_chain13                                                                    grp1   /dut/spi.spi/rtlcreg_ChipSelectDef_0                                                       -/-        RTLC_FDE   <scan_out>  PCLK                 (+)     
15      int_mode_chain13                                                                    grp1   /dut/spi.spi/rtlcreg_ChipSelectDef_1                                                       -/-        RTLC_FDE   <scan_out>  PCLK                 (+)     
16      int_mode_chain13                                                                    grp1   /dut/spi.spi/rtlcreg_ChipSelectDef_2                                                       -/-        RTLC_FDE   <scan_out>  PCLK                 (+)     
17      int_mode_chain13                                                                    grp1   /dut/spi.spi/rtlcreg_ChipSelectDef_3                                                       -/-        RTLC_FDE   <scan_out>  PCLK                 (+)     
18      int_mode_chain13                                                                    grp1   /dut/spi.spi/rtlcreg_ChipSelectMode_0                                                      -/-        RTLC_FDE   <scan_out>  PCLK                 (+)     
19      int_mode_chain13                                                                    grp1   /dut/spi.spi/rtlcreg_ChipSelectMode_1                                                      -/-        RTLC_FDE   <scan_out>  PCLK                 (+)     
20      int_mode_chain13                                                                    grp1   /dut/spi.spi/rtlcreg_Delay0_0                                                              -/-        RTLC_FDE   <scan_out>  PCLK                 (+)     
21      int_mode_chain13                                                                    grp1   /dut/spi.spi/rtlcreg_Delay0_1                                                              -/-        RTLC_FDE   <scan_out>  PCLK                 (+)     
22      int_mode_chain13                                                                    grp1   /dut/spi.spi/rtlcreg_Delay0_2                                                              -/-        RTLC_FDE   <scan_out>  PCLK                 (+)     
23      int_mode_chain13                                                                    grp1   /dut/spi.spi/rtlcreg_Delay0_3                                                              -/-        RTLC_FDE   <scan_out>  PCLK                 (+)     
24      int_mode_chain13                                                                    grp1   /dut/spi.spi/rtlcreg_Delay0_4                                                              -/-        RTLC_FDE   <scan_out>  PCLK                 (+)     
25      int_mode_chain13                                                                    grp1   /dut/spi.spi/rtlcreg_Delay0_5                                                              -/-        RTLC_FDE   <scan_out>  PCLK                 (+)     
26      int_mode_chain13                                                                    grp1   /dut/spi.spi/rtlcreg_Delay0_6                                                              -/-        RTLC_FDE   <scan_out>  PCLK                 (+)     
27      int_mode_chain13                                                                    grp1   /dut/spi.spi/rtlcreg_Delay0_7                                                              -/-        RTLC_FDE   <scan_out>  PCLK                 (+)     
28      int_mode_chain13                                                                    grp1   /dut/spi.spi/rtlcreg_Delay0_8                                                              -/-        RTLC_FDE   <scan_out>  PCLK                 (+)     
-       int_mode_chain14                                                                    grp1   /[lockup-after-chain]                                                                      -/-        [LAT]                  PCLK                 (-)     
0       int_mode_chain14                                                                    grp1   /dut/spi.spi/controller/rtlcreg_DelayCounter_1                                             -/-        RTLC_FDE   <scan_out>  PCLK                 (+)     
1       int_mode_chain14                                                                    grp1   /dut/spi.spi/controller/rtlcreg_DelayCounter_2                                             -/-        RTLC_FDE   <scan_out>  PCLK                 (+)     
2       int_mode_chain14                                                                    grp1   /dut/spi.spi/controller/rtlcreg_DelayCounter_3                                             -/-        RTLC_FDE   <scan_out>  PCLK                 (+)     
3       int_mode_chain14                                                                    grp1   /dut/spi.spi/controller/rtlcreg_DelayCounter_4                                             -/-        RTLC_FDE   <scan_out>  PCLK                 (+)     
4       int_mode_chain14                                                                    grp1   /dut/spi.spi/controller/rtlcreg_DelayCounter_5                                             -/-        RTLC_FDE   <scan_out>  PCLK                 (+)     
5       int_mode_chain14                                                                    grp1   /dut/spi.spi/controller/rtlcreg_DelayCounter_6                                             -/-        RTLC_FDE   <scan_out>  PCLK                 (+)     
6       int_mode_chain14                                                                    grp1   /dut/spi.spi/controller/rtlcreg_DelayCounter_7                                             -/-        RTLC_FDE   <scan_out>  PCLK                 (+)     
7       int_mode_chain14                                                                    grp1   /dut/spi.spi/rtlcreg_ReceiveShiftReg_0                                                     -/-        RTLC_FDE   <scan_out>  PCLK                 (+)     
8       int_mode_chain14                                                                    grp1   /dut/spi.spi/rtlcreg_ReceiveShiftReg_1                                                     -/-        RTLC_FDE   <scan_out>  PCLK                 (+)     
9       int_mode_chain14                                                                    grp1   /dut/spi.spi/rtlcreg_ReceiveShiftReg_2                                                     -/-        RTLC_FDE   <scan_out>  PCLK                 (+)     
10      int_mode_chain14                                                                    grp1   /dut/spi.spi/rtlcreg_ReceiveShiftReg_3                                                     -/-        RTLC_FDE   <scan_out>  PCLK                 (+)     
11      int_mode_chain14                                                                    grp1   /dut/spi.spi/rtlcreg_ReceiveShiftReg_4                                                     -/-        RTLC_FDE   <scan_out>  PCLK                 (+)     
12      int_mode_chain14                                                                    grp1   /dut/spi.spi/rtlcreg_ReceiveShiftReg_5                                                     -/-        RTLC_FDE   <scan_out>  PCLK                 (+)     
13      int_mode_chain14                                                                    grp1   /dut/spi.spi/rtlcreg_ReceiveShiftReg_6                                                     -/-        RTLC_FDE   <scan_out>  PCLK                 (+)     
14      int_mode_chain14                                                                    grp1   /dut/spi.spi/rtlcreg_ReceiveShiftReg_7                                                     -/-        RTLC_FDE   <scan_out>  PCLK                 (+)     
15      int_mode_chain14                                                                    grp1   /dut/spi.spi/rtlcreg_TransmitReg_0                                                         -/-        RTLC_FDE   <scan_out>  PCLK                 (+)     
16      int_mode_chain14                                                                    grp1   /dut/spi.spi/rtlcreg_TransmitReg_1                                                         -/-        RTLC_FDE   <scan_out>  PCLK                 (+)     
17      int_mode_chain14                                                                    grp1   /dut/spi.spi/rtlcreg_TransmitReg_2                                                         -/-        RTLC_FDE   <scan_out>  PCLK                 (+)     
18      int_mode_chain14                                                                    grp1   /dut/spi.spi/rtlcreg_TransmitReg_3                                                         -/-        RTLC_FDE   <scan_out>  PCLK                 (+)     
19      int_mode_chain14                                                                    grp1   /dut/spi.spi/rtlcreg_TransmitReg_4                                                         -/-        RTLC_FDE   <scan_out>  PCLK                 (+)     
20      int_mode_chain14                                                                    grp1   /dut/spi.spi/rtlcreg_TransmitReg_5                                                         -/-        RTLC_FDE   <scan_out>  PCLK                 (+)     
21      int_mode_chain14                                                                    grp1   /dut/spi.spi/rtlcreg_TransmitReg_6                                                         -/-        RTLC_FDE   <scan_out>  PCLK                 (+)     
22      int_mode_chain14                                                                    grp1   /dut/spi.spi/rtlcreg_TransmitReg_7                                                         -/-        RTLC_FDE   <scan_out>  PCLK                 (+)     
23      int_mode_chain14                                                                    grp1   /dut/spi.spi/rtlcreg_TransmitStartD                                                        -/-        RTLC_FDE   <scan_out>  PCLK                 (+)     
24      int_mode_chain14                                                                    grp1   /dut/spi.spi/rtlcreg_CurrState_0                                                           -/-        RTLC_FD    Q           PCLK                 (+)     
25      int_mode_chain14                                                                    grp1   /dut/spi.spi/rtlcreg_CurrState_1                                                           -/-        RTLC_FD    Q           PCLK                 (+)     
26      int_mode_chain14                                                                    grp1   /dut/spi.spi/rtlcreg_TransmitRegLoaded                                                     -/-        RTLC_FDE   <scan_out>  PCLK                 (+)     
27      int_mode_chain14                                                                    grp1   /dut/spi.spi/rtlcreg_SckDiv_0                                                              -/-        RTLC_FDE   <scan_out>  PCLK                 (+)     
28      int_mode_chain14                                                                    grp1   /dut/spi.spi/rtlcreg_SckDiv_1                                                              -/-        RTLC_FDE   <scan_out>  PCLK                 (+)     
-       int_mode_chain15                                                                    grp1   /[lockup-after-chain]                                                                      -/-        [LAT]                  PCLK                 (-)     
0       int_mode_chain15                                                                    grp1   /dut/spi.spi/rxFIFO/rtlcreg_rptr_3                                                         -/-        RTLC_FDE   <scan_out>  PCLK                 (+)     
1       int_mode_chain15                                                                    grp1   /dut/spi.spi/rxFIFO/rtlcreg_wptr_0                                                         -/-        RTLC_FDE   <scan_out>  PCLK                 (+)     
2       int_mode_chain15                                                                    grp1   /dut/spi.spi/rxFIFO/rtlcreg_wptr_1                                                         -/-        RTLC_FDE   <scan_out>  PCLK                 (+)     
3       int_mode_chain15                                                                    grp1   /dut/spi.spi/rxFIFO/rtlcreg_wptr_2                                                         -/-        RTLC_FDE   <scan_out>  PCLK                 (+)     
4       int_mode_chain15                                                                    grp1   /dut/spi.spi/rxFIFO/rtlcreg_wptr_3                                                         -/-        RTLC_FDE   <scan_out>  PCLK                 (+)     
5       int_mode_chain15                                                                    grp1   /dut/spi.spi/rxFIFO/rtlcreg_wfull                                                          -/-        RTLC_FDE   <scan_out>  PCLK                 (+)     
6       int_mode_chain15                                                                    grp1   /dut/spi.spi/rxFIFO/rtlcreg_rempty                                                         -/-        RTLC_FDE   <scan_out>  PCLK                 (+)     
7       int_mode_chain15                                                                    grp1   /dut/spi.spi/controller/rtlcreg_CurrState_0                                                -/-        RTLC_FDE   <scan_out>  PCLK                 (+)     
8       int_mode_chain15                                                                    grp1   /dut/spi.spi/controller/rtlcreg_CurrState_1                                                -/-        RTLC_FDE   <scan_out>  PCLK                 (+)     
9       int_mode_chain15                                                                    grp1   /dut/spi.spi/controller/rtlcreg_CurrState_2                                                -/-        RTLC_FDE   <scan_out>  PCLK                 (+)     
10      int_mode_chain15                                                                    grp1   /dut/spi.spi/controller/rtlcreg_DivCounter_0                                               -/-        RTLC_FD    Q           PCLK                 (+)     
11      int_mode_chain15                                                                    grp1   /dut/spi.spi/controller/rtlcreg_DivCounter_1                                               -/-        RTLC_FD    Q           PCLK                 (+)     
12      int_mode_chain15                                                                    grp1   /dut/spi.spi/controller/rtlcreg_DivCounter_2                                               -/-        RTLC_FD    Q           PCLK                 (+)     
13      int_mode_chain15                                                                    grp1   /dut/spi.spi/controller/rtlcreg_DivCounter_3                                               -/-        RTLC_FD    Q           PCLK                 (+)     
14      int_mode_chain15                                                                    grp1   /dut/spi.spi/controller/rtlcreg_DivCounter_4                                               -/-        RTLC_FD    Q           PCLK                 (+)     
15      int_mode_chain15                                                                    grp1   /dut/spi.spi/controller/rtlcreg_DivCounter_5                                               -/-        RTLC_FD    Q           PCLK                 (+)     
16      int_mode_chain15                                                                    grp1   /dut/spi.spi/controller/rtlcreg_DivCounter_6                                               -/-        RTLC_FD    Q           PCLK                 (+)     
17      int_mode_chain15                                                                    grp1   /dut/spi.spi/controller/rtlcreg_DivCounter_7                                               -/-        RTLC_FD    Q           PCLK                 (+)     
18      int_mode_chain15                                                                    grp1   /dut/spi.spi/controller/rtlcreg_DivCounter_8                                               -/-        RTLC_FD    Q           PCLK                 (+)     
19      int_mode_chain15                                                                    grp1   /dut/spi.spi/controller/rtlcreg_DivCounter_9                                               -/-        RTLC_FD    Q           PCLK                 (+)     
20      int_mode_chain15                                                                    grp1   /dut/spi.spi/controller/rtlcreg_DivCounter_10                                              -/-        RTLC_FD    Q           PCLK                 (+)     
21      int_mode_chain15                                                                    grp1   /dut/spi.spi/controller/rtlcreg_DivCounter_11                                              -/-        RTLC_FD    Q           PCLK                 (+)     
22      int_mode_chain15                                                                    grp1   /dut/spi.spi/controller/rtlcreg_SPICLK                                                     -/-        RTLC_FDE   <scan_out>  PCLK                 (+)     
23      int_mode_chain15                                                                    grp1   /dut/spi.spi/controller/rtlcreg_SCK                                                        -/-        RTLC_FDE   <scan_out>  PCLK                 (+)     
24      int_mode_chain15                                                                    grp1   /dut/spi.spi/controller/rtlcreg_BitNum_0                                                   -/-        RTLC_FDE   <scan_out>  PCLK                 (+)     
25      int_mode_chain15                                                                    grp1   /dut/spi.spi/controller/rtlcreg_BitNum_1                                                   -/-        RTLC_FDE   <scan_out>  PCLK                 (+)     
26      int_mode_chain15                                                                    grp1   /dut/spi.spi/controller/rtlcreg_BitNum_2                                                   -/-        RTLC_FDE   <scan_out>  PCLK                 (+)     
27      int_mode_chain15                                                                    grp1   /dut/spi.spi/controller/rtlcreg_BitNum_3                                                   -/-        RTLC_FDE   <scan_out>  PCLK                 (+)     
28      int_mode_chain15                                                                    grp1   /dut/spi.spi/controller/rtlcreg_DelayCounter_0                                             -/-        RTLC_FDE   <scan_out>  PCLK                 (+)     
-       int_mode_chain16                                                                    grp1   /[lockup-after-chain]                                                                      -/-        [LAT]                  PCLK                 (-)     
0       int_mode_chain16                                                                    grp1   /dut/spi.spi/rxFIFO/rtlcreg_mem_38                                                         -/-        RTLC_FDE   <scan_out>  PCLK                 (+)     
1       int_mode_chain16                                                                    grp1   /dut/spi.spi/rxFIFO/rtlcreg_mem_39                                                         -/-        RTLC_FDE   <scan_out>  PCLK                 (+)     
2       int_mode_chain16                                                                    grp1   /dut/spi.spi/rxFIFO/rtlcreg_mem_40                                                         -/-        RTLC_FDE   <scan_out>  PCLK                 (+)     
3       int_mode_chain16                                                                    grp1   /dut/spi.spi/rxFIFO/rtlcreg_mem_41                                                         -/-        RTLC_FDE   <scan_out>  PCLK                 (+)     
4       int_mode_chain16                                                                    grp1   /dut/spi.spi/rxFIFO/rtlcreg_mem_42                                                         -/-        RTLC_FDE   <scan_out>  PCLK                 (+)     
5       int_mode_chain16                                                                    grp1   /dut/spi.spi/rxFIFO/rtlcreg_mem_43                                                         -/-        RTLC_FDE   <scan_out>  PCLK                 (+)     
6       int_mode_chain16                                                                    grp1   /dut/spi.spi/rxFIFO/rtlcreg_mem_44                                                         -/-        RTLC_FDE   <scan_out>  PCLK                 (+)     
7       int_mode_chain16                                                                    grp1   /dut/spi.spi/rxFIFO/rtlcreg_mem_45                                                         -/-        RTLC_FDE   <scan_out>  PCLK                 (+)     
8       int_mode_chain16                                                                    grp1   /dut/spi.spi/rxFIFO/rtlcreg_mem_46                                                         -/-        RTLC_FDE   <scan_out>  PCLK                 (+)     
9       int_mode_chain16                                                                    grp1   /dut/spi.spi/rxFIFO/rtlcreg_mem_47                                                         -/-        RTLC_FDE   <scan_out>  PCLK                 (+)     
10      int_mode_chain16                                                                    grp1   /dut/spi.spi/rxFIFO/rtlcreg_mem_48                                                         -/-        RTLC_FDE   <scan_out>  PCLK                 (+)     
11      int_mode_chain16                                                                    grp1   /dut/spi.spi/rxFIFO/rtlcreg_mem_49                                                         -/-        RTLC_FDE   <scan_out>  PCLK                 (+)     
12      int_mode_chain16                                                                    grp1   /dut/spi.spi/rxFIFO/rtlcreg_mem_50                                                         -/-        RTLC_FDE   <scan_out>  PCLK                 (+)     
13      int_mode_chain16                                                                    grp1   /dut/spi.spi/rxFIFO/rtlcreg_mem_51                                                         -/-        RTLC_FDE   <scan_out>  PCLK                 (+)     
14      int_mode_chain16                                                                    grp1   /dut/spi.spi/rxFIFO/rtlcreg_mem_52                                                         -/-        RTLC_FDE   <scan_out>  PCLK                 (+)     
15      int_mode_chain16                                                                    grp1   /dut/spi.spi/rxFIFO/rtlcreg_mem_53                                                         -/-        RTLC_FDE   <scan_out>  PCLK                 (+)     
16      int_mode_chain16                                                                    grp1   /dut/spi.spi/rxFIFO/rtlcreg_mem_54                                                         -/-        RTLC_FDE   <scan_out>  PCLK                 (+)     
17      int_mode_chain16                                                                    grp1   /dut/spi.spi/rxFIFO/rtlcreg_mem_55                                                         -/-        RTLC_FDE   <scan_out>  PCLK                 (+)     
18      int_mode_chain16                                                                    grp1   /dut/spi.spi/rxFIFO/rtlcreg_mem_56                                                         -/-        RTLC_FDE   <scan_out>  PCLK                 (+)     
19      int_mode_chain16                                                                    grp1   /dut/spi.spi/rxFIFO/rtlcreg_mem_57                                                         -/-        RTLC_FDE   <scan_out>  PCLK                 (+)     
20      int_mode_chain16                                                                    grp1   /dut/spi.spi/rxFIFO/rtlcreg_mem_58                                                         -/-        RTLC_FDE   <scan_out>  PCLK                 (+)     
21      int_mode_chain16                                                                    grp1   /dut/spi.spi/rxFIFO/rtlcreg_mem_59                                                         -/-        RTLC_FDE   <scan_out>  PCLK                 (+)     
22      int_mode_chain16                                                                    grp1   /dut/spi.spi/rxFIFO/rtlcreg_mem_60                                                         -/-        RTLC_FDE   <scan_out>  PCLK                 (+)     
23      int_mode_chain16                                                                    grp1   /dut/spi.spi/rxFIFO/rtlcreg_mem_61                                                         -/-        RTLC_FDE   <scan_out>  PCLK                 (+)     
24      int_mode_chain16                                                                    grp1   /dut/spi.spi/rxFIFO/rtlcreg_mem_62                                                         -/-        RTLC_FDE   <scan_out>  PCLK                 (+)     
25      int_mode_chain16                                                                    grp1   /dut/spi.spi/rxFIFO/rtlcreg_mem_63                                                         -/-        RTLC_FDE   <scan_out>  PCLK                 (+)     
26      int_mode_chain16                                                                    grp1   /dut/spi.spi/rxFIFO/rtlcreg_rptr_0                                                         -/-        RTLC_FDE   <scan_out>  PCLK                 (+)     
27      int_mode_chain16                                                                    grp1   /dut/spi.spi/rxFIFO/rtlcreg_rptr_1                                                         -/-        RTLC_FDE   <scan_out>  PCLK                 (+)     
28      int_mode_chain16                                                                    grp1   /dut/spi.spi/rxFIFO/rtlcreg_rptr_2                                                         -/-        RTLC_FDE   <scan_out>  PCLK                 (+)     
-       int_mode_chain17                                                                    grp1   /[lockup-after-chain]                                                                      -/-        [LAT]                  PCLK                 (-)     
0       int_mode_chain17                                                                    grp1   /dut/spi.spi/rxFIFO/rtlcreg_mem_9                                                          -/-        RTLC_FDE   <scan_out>  PCLK                 (+)     
1       int_mode_chain17                                                                    grp1   /dut/spi.spi/rxFIFO/rtlcreg_mem_10                                                         -/-        RTLC_FDE   <scan_out>  PCLK                 (+)     
2       int_mode_chain17                                                                    grp1   /dut/spi.spi/rxFIFO/rtlcreg_mem_11                                                         -/-        RTLC_FDE   <scan_out>  PCLK                 (+)     
3       int_mode_chain17                                                                    grp1   /dut/spi.spi/rxFIFO/rtlcreg_mem_12                                                         -/-        RTLC_FDE   <scan_out>  PCLK                 (+)     
4       int_mode_chain17                                                                    grp1   /dut/spi.spi/rxFIFO/rtlcreg_mem_13                                                         -/-        RTLC_FDE   <scan_out>  PCLK                 (+)     
5       int_mode_chain17                                                                    grp1   /dut/spi.spi/rxFIFO/rtlcreg_mem_14                                                         -/-        RTLC_FDE   <scan_out>  PCLK                 (+)     
6       int_mode_chain17                                                                    grp1   /dut/spi.spi/rxFIFO/rtlcreg_mem_15                                                         -/-        RTLC_FDE   <scan_out>  PCLK                 (+)     
7       int_mode_chain17                                                                    grp1   /dut/spi.spi/rxFIFO/rtlcreg_mem_16                                                         -/-        RTLC_FDE   <scan_out>  PCLK                 (+)     
8       int_mode_chain17                                                                    grp1   /dut/spi.spi/rxFIFO/rtlcreg_mem_17                                                         -/-        RTLC_FDE   <scan_out>  PCLK                 (+)     
9       int_mode_chain17                                                                    grp1   /dut/spi.spi/rxFIFO/rtlcreg_mem_18                                                         -/-        RTLC_FDE   <scan_out>  PCLK                 (+)     
10      int_mode_chain17                                                                    grp1   /dut/spi.spi/rxFIFO/rtlcreg_mem_19                                                         -/-        RTLC_FDE   <scan_out>  PCLK                 (+)     
11      int_mode_chain17                                                                    grp1   /dut/spi.spi/rxFIFO/rtlcreg_mem_20                                                         -/-        RTLC_FDE   <scan_out>  PCLK                 (+)     
12      int_mode_chain17                                                                    grp1   /dut/spi.spi/rxFIFO/rtlcreg_mem_21                                                         -/-        RTLC_FDE   <scan_out>  PCLK                 (+)     
13      int_mode_chain17                                                                    grp1   /dut/spi.spi/rxFIFO/rtlcreg_mem_22                                                         -/-        RTLC_FDE   <scan_out>  PCLK                 (+)     
14      int_mode_chain17                                                                    grp1   /dut/spi.spi/rxFIFO/rtlcreg_mem_23                                                         -/-        RTLC_FDE   <scan_out>  PCLK                 (+)     
15      int_mode_chain17                                                                    grp1   /dut/spi.spi/rxFIFO/rtlcreg_mem_24                                                         -/-        RTLC_FDE   <scan_out>  PCLK                 (+)     
16      int_mode_chain17                                                                    grp1   /dut/spi.spi/rxFIFO/rtlcreg_mem_25                                                         -/-        RTLC_FDE   <scan_out>  PCLK                 (+)     
17      int_mode_chain17                                                                    grp1   /dut/spi.spi/rxFIFO/rtlcreg_mem_26                                                         -/-        RTLC_FDE   <scan_out>  PCLK                 (+)     
18      int_mode_chain17                                                                    grp1   /dut/spi.spi/rxFIFO/rtlcreg_mem_27                                                         -/-        RTLC_FDE   <scan_out>  PCLK                 (+)     
19      int_mode_chain17                                                                    grp1   /dut/spi.spi/rxFIFO/rtlcreg_mem_28                                                         -/-        RTLC_FDE   <scan_out>  PCLK                 (+)     
20      int_mode_chain17                                                                    grp1   /dut/spi.spi/rxFIFO/rtlcreg_mem_29                                                         -/-        RTLC_FDE   <scan_out>  PCLK                 (+)     
21      int_mode_chain17                                                                    grp1   /dut/spi.spi/rxFIFO/rtlcreg_mem_30                                                         -/-        RTLC_FDE   <scan_out>  PCLK                 (+)     
22      int_mode_chain17                                                                    grp1   /dut/spi.spi/rxFIFO/rtlcreg_mem_31                                                         -/-        RTLC_FDE   <scan_out>  PCLK                 (+)     
23      int_mode_chain17                                                                    grp1   /dut/spi.spi/rxFIFO/rtlcreg_mem_32                                                         -/-        RTLC_FDE   <scan_out>  PCLK                 (+)     
24      int_mode_chain17                                                                    grp1   /dut/spi.spi/rxFIFO/rtlcreg_mem_33                                                         -/-        RTLC_FDE   <scan_out>  PCLK                 (+)     
25      int_mode_chain17                                                                    grp1   /dut/spi.spi/rxFIFO/rtlcreg_mem_34                                                         -/-        RTLC_FDE   <scan_out>  PCLK                 (+)     
26      int_mode_chain17                                                                    grp1   /dut/spi.spi/rxFIFO/rtlcreg_mem_35                                                         -/-        RTLC_FDE   <scan_out>  PCLK                 (+)     
27      int_mode_chain17                                                                    grp1   /dut/spi.spi/rxFIFO/rtlcreg_mem_36                                                         -/-        RTLC_FDE   <scan_out>  PCLK                 (+)     
28      int_mode_chain17                                                                    grp1   /dut/spi.spi/rxFIFO/rtlcreg_mem_37                                                         -/-        RTLC_FDE   <scan_out>  PCLK                 (+)     
-       int_mode_chain18                                                                    grp1   /[lockup-after-chain]                                                                      -/-        [LAT]                  PCLK                 (-)     
0       int_mode_chain18                                                                    grp1   /dut/spi.spi/txFIFO/rtlcreg_mem_56                                                         -/-        RTLC_FDE   <scan_out>  PCLK                 (+)     
1       int_mode_chain18                                                                    grp1   /dut/spi.spi/txFIFO/rtlcreg_mem_57                                                         -/-        RTLC_FDE   <scan_out>  PCLK                 (+)     
2       int_mode_chain18                                                                    grp1   /dut/spi.spi/txFIFO/rtlcreg_mem_58                                                         -/-        RTLC_FDE   <scan_out>  PCLK                 (+)     
3       int_mode_chain18                                                                    grp1   /dut/spi.spi/txFIFO/rtlcreg_mem_59                                                         -/-        RTLC_FDE   <scan_out>  PCLK                 (+)     
4       int_mode_chain18                                                                    grp1   /dut/spi.spi/txFIFO/rtlcreg_mem_60                                                         -/-        RTLC_FDE   <scan_out>  PCLK                 (+)     
5       int_mode_chain18                                                                    grp1   /dut/spi.spi/txFIFO/rtlcreg_mem_61                                                         -/-        RTLC_FDE   <scan_out>  PCLK                 (+)     
6       int_mode_chain18                                                                    grp1   /dut/spi.spi/txFIFO/rtlcreg_mem_62                                                         -/-        RTLC_FDE   <scan_out>  PCLK                 (+)     
7       int_mode_chain18                                                                    grp1   /dut/spi.spi/txFIFO/rtlcreg_mem_63                                                         -/-        RTLC_FDE   <scan_out>  PCLK                 (+)     
8       int_mode_chain18                                                                    grp1   /dut/spi.spi/txFIFO/rtlcreg_rptr_0                                                         -/-        RTLC_FDE   <scan_out>  PCLK                 (+)     
9       int_mode_chain18                                                                    grp1   /dut/spi.spi/txFIFO/rtlcreg_rptr_1                                                         -/-        RTLC_FDE   <scan_out>  PCLK                 (+)     
10      int_mode_chain18                                                                    grp1   /dut/spi.spi/txFIFO/rtlcreg_rptr_2                                                         -/-        RTLC_FDE   <scan_out>  PCLK                 (+)     
11      int_mode_chain18                                                                    grp1   /dut/spi.spi/txFIFO/rtlcreg_rptr_3                                                         -/-        RTLC_FDE   <scan_out>  PCLK                 (+)     
12      int_mode_chain18                                                                    grp1   /dut/spi.spi/txFIFO/rtlcreg_wptr_0                                                         -/-        RTLC_FDE   <scan_out>  PCLK                 (+)     
13      int_mode_chain18                                                                    grp1   /dut/spi.spi/txFIFO/rtlcreg_wptr_1                                                         -/-        RTLC_FDE   <scan_out>  PCLK                 (+)     
14      int_mode_chain18                                                                    grp1   /dut/spi.spi/txFIFO/rtlcreg_wptr_2                                                         -/-        RTLC_FDE   <scan_out>  PCLK                 (+)     
15      int_mode_chain18                                                                    grp1   /dut/spi.spi/txFIFO/rtlcreg_wptr_3                                                         -/-        RTLC_FDE   <scan_out>  PCLK                 (+)     
16      int_mode_chain18                                                                    grp1   /dut/spi.spi/txFIFO/rtlcreg_wfull                                                          -/-        RTLC_FDE   <scan_out>  PCLK                 (+)     
17      int_mode_chain18                                                                    grp1   /dut/spi.spi/txFIFO/rtlcreg_rempty                                                         -/-        RTLC_FDE   <scan_out>  PCLK                 (+)     
18      int_mode_chain18                                                                    grp1   /dut/spi.spi/rxfifowincreg/rtlcreg_q_0                                                     -/-        RTLC_FDE   <scan_out>  PCLK                 (+)     
19      int_mode_chain18                                                                    grp1   /dut/spi.spi/rxfiforincreg/rtlcreg_q_0                                                     -/-        RTLC_FD    Q           PCLK                 (+)     
20      int_mode_chain18                                                                    grp1   /dut/spi.spi/rxFIFO/rtlcreg_mem_0                                                          -/-        RTLC_FDE   <scan_out>  PCLK                 (+)     
21      int_mode_chain18                                                                    grp1   /dut/spi.spi/rxFIFO/rtlcreg_mem_1                                                          -/-        RTLC_FDE   <scan_out>  PCLK                 (+)     
22      int_mode_chain18                                                                    grp1   /dut/spi.spi/rxFIFO/rtlcreg_mem_2                                                          -/-        RTLC_FDE   <scan_out>  PCLK                 (+)     
23      int_mode_chain18                                                                    grp1   /dut/spi.spi/rxFIFO/rtlcreg_mem_3                                                          -/-        RTLC_FDE   <scan_out>  PCLK                 (+)     
24      int_mode_chain18                                                                    grp1   /dut/spi.spi/rxFIFO/rtlcreg_mem_4                                                          -/-        RTLC_FDE   <scan_out>  PCLK                 (+)     
25      int_mode_chain18                                                                    grp1   /dut/spi.spi/rxFIFO/rtlcreg_mem_5                                                          -/-        RTLC_FDE   <scan_out>  PCLK                 (+)     
26      int_mode_chain18                                                                    grp1   /dut/spi.spi/rxFIFO/rtlcreg_mem_6                                                          -/-        RTLC_FDE   <scan_out>  PCLK                 (+)     
27      int_mode_chain18                                                                    grp1   /dut/spi.spi/rxFIFO/rtlcreg_mem_7                                                          -/-        RTLC_FDE   <scan_out>  PCLK                 (+)     
28      int_mode_chain18                                                                    grp1   /dut/spi.spi/rxFIFO/rtlcreg_mem_8                                                          -/-        RTLC_FDE   <scan_out>  PCLK                 (+)     
-       int_mode_chain19                                                                    grp1   /[lockup-after-chain]                                                                      -/-        [LAT]                  PCLK                 (-)     
0       int_mode_chain19                                                                    grp1   /dut/spi.spi/txFIFO/rtlcreg_mem_27                                                         -/-        RTLC_FDE   <scan_out>  PCLK                 (+)     
1       int_mode_chain19                                                                    grp1   /dut/spi.spi/txFIFO/rtlcreg_mem_28                                                         -/-        RTLC_FDE   <scan_out>  PCLK                 (+)     
2       int_mode_chain19                                                                    grp1   /dut/spi.spi/txFIFO/rtlcreg_mem_29                                                         -/-        RTLC_FDE   <scan_out>  PCLK                 (+)     
3       int_mode_chain19                                                                    grp1   /dut/spi.spi/txFIFO/rtlcreg_mem_30                                                         -/-        RTLC_FDE   <scan_out>  PCLK                 (+)     
4       int_mode_chain19                                                                    grp1   /dut/spi.spi/txFIFO/rtlcreg_mem_31                                                         -/-        RTLC_FDE   <scan_out>  PCLK                 (+)     
5       int_mode_chain19                                                                    grp1   /dut/spi.spi/txFIFO/rtlcreg_mem_32                                                         -/-        RTLC_FDE   <scan_out>  PCLK                 (+)     
6       int_mode_chain19                                                                    grp1   /dut/spi.spi/txFIFO/rtlcreg_mem_33                                                         -/-        RTLC_FDE   <scan_out>  PCLK                 (+)     
7       int_mode_chain19                                                                    grp1   /dut/spi.spi/txFIFO/rtlcreg_mem_34                                                         -/-        RTLC_FDE   <scan_out>  PCLK                 (+)     
8       int_mode_chain19                                                                    grp1   /dut/spi.spi/txFIFO/rtlcreg_mem_35                                                         -/-        RTLC_FDE   <scan_out>  PCLK                 (+)     
9       int_mode_chain19                                                                    grp1   /dut/spi.spi/txFIFO/rtlcreg_mem_36                                                         -/-        RTLC_FDE   <scan_out>  PCLK                 (+)     
10      int_mode_chain19                                                                    grp1   /dut/spi.spi/txFIFO/rtlcreg_mem_37                                                         -/-        RTLC_FDE   <scan_out>  PCLK                 (+)     
11      int_mode_chain19                                                                    grp1   /dut/spi.spi/txFIFO/rtlcreg_mem_38                                                         -/-        RTLC_FDE   <scan_out>  PCLK                 (+)     
12      int_mode_chain19                                                                    grp1   /dut/spi.spi/txFIFO/rtlcreg_mem_39                                                         -/-        RTLC_FDE   <scan_out>  PCLK                 (+)     
13      int_mode_chain19                                                                    grp1   /dut/spi.spi/txFIFO/rtlcreg_mem_40                                                         -/-        RTLC_FDE   <scan_out>  PCLK                 (+)     
14      int_mode_chain19                                                                    grp1   /dut/spi.spi/txFIFO/rtlcreg_mem_41                                                         -/-        RTLC_FDE   <scan_out>  PCLK                 (+)     
15      int_mode_chain19                                                                    grp1   /dut/spi.spi/txFIFO/rtlcreg_mem_42                                                         -/-        RTLC_FDE   <scan_out>  PCLK                 (+)     
16      int_mode_chain19                                                                    grp1   /dut/spi.spi/txFIFO/rtlcreg_mem_43                                                         -/-        RTLC_FDE   <scan_out>  PCLK                 (+)     
17      int_mode_chain19                                                                    grp1   /dut/spi.spi/txFIFO/rtlcreg_mem_44                                                         -/-        RTLC_FDE   <scan_out>  PCLK                 (+)     
18      int_mode_chain19                                                                    grp1   /dut/spi.spi/txFIFO/rtlcreg_mem_45                                                         -/-        RTLC_FDE   <scan_out>  PCLK                 (+)     
19      int_mode_chain19                                                                    grp1   /dut/spi.spi/txFIFO/rtlcreg_mem_46                                                         -/-        RTLC_FDE   <scan_out>  PCLK                 (+)     
20      int_mode_chain19                                                                    grp1   /dut/spi.spi/txFIFO/rtlcreg_mem_47                                                         -/-        RTLC_FDE   <scan_out>  PCLK                 (+)     
21      int_mode_chain19                                                                    grp1   /dut/spi.spi/txFIFO/rtlcreg_mem_48                                                         -/-        RTLC_FDE   <scan_out>  PCLK                 (+)     
22      int_mode_chain19                                                                    grp1   /dut/spi.spi/txFIFO/rtlcreg_mem_49                                                         -/-        RTLC_FDE   <scan_out>  PCLK                 (+)     
23      int_mode_chain19                                                                    grp1   /dut/spi.spi/txFIFO/rtlcreg_mem_50                                                         -/-        RTLC_FDE   <scan_out>  PCLK                 (+)     
24      int_mode_chain19                                                                    grp1   /dut/spi.spi/txFIFO/rtlcreg_mem_51                                                         -/-        RTLC_FDE   <scan_out>  PCLK                 (+)     
25      int_mode_chain19                                                                    grp1   /dut/spi.spi/txFIFO/rtlcreg_mem_52                                                         -/-        RTLC_FDE   <scan_out>  PCLK                 (+)     
26      int_mode_chain19                                                                    grp1   /dut/spi.spi/txFIFO/rtlcreg_mem_53                                                         -/-        RTLC_FDE   <scan_out>  PCLK                 (+)     
27      int_mode_chain19                                                                    grp1   /dut/spi.spi/txFIFO/rtlcreg_mem_54                                                         -/-        RTLC_FDE   <scan_out>  PCLK                 (+)     
28      int_mode_chain19                                                                    grp1   /dut/spi.spi/txFIFO/rtlcreg_mem_55                                                         -/-        RTLC_FDE   <scan_out>  PCLK                 (+)     
-       int_mode_chain20                                                                    grp1   /[lockup-after-chain]                                                                      -/-        [LAT]                  PCLK                 (-)     
0       int_mode_chain20                                                                    grp1   /dut/spi.spi/txwincreg/rtlcreg_q_0                                                         -/-        RTLC_FD    Q           PCLK                 (+)     
1       int_mode_chain20                                                                    grp1   /dut/spi.spi/txrincreg/rtlcreg_q_0                                                         -/-        RTLC_FDE   <scan_out>  PCLK                 (+)     
2       int_mode_chain20                                                                    grp1   /dut/spi.spi/txFIFO/rtlcreg_mem_0                                                          -/-        RTLC_FDE   <scan_out>  PCLK                 (+)     
3       int_mode_chain20                                                                    grp1   /dut/spi.spi/txFIFO/rtlcreg_mem_1                                                          -/-        RTLC_FDE   <scan_out>  PCLK                 (+)     
4       int_mode_chain20                                                                    grp1   /dut/spi.spi/txFIFO/rtlcreg_mem_2                                                          -/-        RTLC_FDE   <scan_out>  PCLK                 (+)     
5       int_mode_chain20                                                                    grp1   /dut/spi.spi/txFIFO/rtlcreg_mem_3                                                          -/-        RTLC_FDE   <scan_out>  PCLK                 (+)     
6       int_mode_chain20                                                                    grp1   /dut/spi.spi/txFIFO/rtlcreg_mem_4                                                          -/-        RTLC_FDE   <scan_out>  PCLK                 (+)     
7       int_mode_chain20                                                                    grp1   /dut/spi.spi/txFIFO/rtlcreg_mem_5                                                          -/-        RTLC_FDE   <scan_out>  PCLK                 (+)     
8       int_mode_chain20                                                                    grp1   /dut/spi.spi/txFIFO/rtlcreg_mem_6                                                          -/-        RTLC_FDE   <scan_out>  PCLK                 (+)     
9       int_mode_chain20                                                                    grp1   /dut/spi.spi/txFIFO/rtlcreg_mem_7                                                          -/-        RTLC_FDE   <scan_out>  PCLK                 (+)     
10      int_mode_chain20                                                                    grp1   /dut/spi.spi/txFIFO/rtlcreg_mem_8                                                          -/-        RTLC_FDE   <scan_out>  PCLK                 (+)     
11      int_mode_chain20                                                                    grp1   /dut/spi.spi/txFIFO/rtlcreg_mem_9                                                          -/-        RTLC_FDE   <scan_out>  PCLK                 (+)     
12      int_mode_chain20                                                                    grp1   /dut/spi.spi/txFIFO/rtlcreg_mem_10                                                         -/-        RTLC_FDE   <scan_out>  PCLK                 (+)     
13      int_mode_chain20                                                                    grp1   /dut/spi.spi/txFIFO/rtlcreg_mem_11                                                         -/-        RTLC_FDE   <scan_out>  PCLK                 (+)     
14      int_mode_chain20                                                                    grp1   /dut/spi.spi/txFIFO/rtlcreg_mem_12                                                         -/-        RTLC_FDE   <scan_out>  PCLK                 (+)     
15      int_mode_chain20                                                                    grp1   /dut/spi.spi/txFIFO/rtlcreg_mem_13                                                         -/-        RTLC_FDE   <scan_out>  PCLK                 (+)     
16      int_mode_chain20                                                                    grp1   /dut/spi.spi/txFIFO/rtlcreg_mem_14                                                         -/-        RTLC_FDE   <scan_out>  PCLK                 (+)     
17      int_mode_chain20                                                                    grp1   /dut/spi.spi/txFIFO/rtlcreg_mem_15                                                         -/-        RTLC_FDE   <scan_out>  PCLK                 (+)     
18      int_mode_chain20                                                                    grp1   /dut/spi.spi/txFIFO/rtlcreg_mem_16                                                         -/-        RTLC_FDE   <scan_out>  PCLK                 (+)     
19      int_mode_chain20                                                                    grp1   /dut/spi.spi/txFIFO/rtlcreg_mem_17                                                         -/-        RTLC_FDE   <scan_out>  PCLK                 (+)     
20      int_mode_chain20                                                                    grp1   /dut/spi.spi/txFIFO/rtlcreg_mem_18                                                         -/-        RTLC_FDE   <scan_out>  PCLK                 (+)     
21      int_mode_chain20                                                                    grp1   /dut/spi.spi/txFIFO/rtlcreg_mem_19                                                         -/-        RTLC_FDE   <scan_out>  PCLK                 (+)     
22      int_mode_chain20                                                                    grp1   /dut/spi.spi/txFIFO/rtlcreg_mem_20                                                         -/-        RTLC_FDE   <scan_out>  PCLK                 (+)     
23      int_mode_chain20                                                                    grp1   /dut/spi.spi/txFIFO/rtlcreg_mem_21                                                         -/-        RTLC_FDE   <scan_out>  PCLK                 (+)     
24      int_mode_chain20                                                                    grp1   /dut/spi.spi/txFIFO/rtlcreg_mem_22                                                         -/-        RTLC_FDE   <scan_out>  PCLK                 (+)     
25      int_mode_chain20                                                                    grp1   /dut/spi.spi/txFIFO/rtlcreg_mem_23                                                         -/-        RTLC_FDE   <scan_out>  PCLK                 (+)     
26      int_mode_chain20                                                                    grp1   /dut/spi.spi/txFIFO/rtlcreg_mem_24                                                         -/-        RTLC_FDE   <scan_out>  PCLK                 (+)     
27      int_mode_chain20                                                                    grp1   /dut/spi.spi/txFIFO/rtlcreg_mem_25                                                         -/-        RTLC_FDE   <scan_out>  PCLK                 (+)     
28      int_mode_chain20                                                                    grp1   /dut/spi.spi/txFIFO/rtlcreg_mem_26                                                         -/-        RTLC_FDE   <scan_out>  PCLK                 (+)     
-       int_mode_chain21                                                                    grp1   /[lockup-after-chain]                                                                      -/-        [LAT]                  PCLK                 (-)     
0       int_mode_chain21                                                                    grp1   /dut/uartgen.uart/uartPC/rtlcreg_DLL_0                                                     -/-        RTLC_FDE   <scan_out>  PCLK                 (+)     
1       int_mode_chain21                                                                    grp1   /dut/uartgen.uart/uartPC/rtlcreg_DLL_1                                                     -/-        RTLC_FDE   <scan_out>  PCLK                 (+)     
2       int_mode_chain21                                                                    grp1   /dut/uartgen.uart/uartPC/rtlcreg_DLL_2                                                     -/-        RTLC_FDE   <scan_out>  PCLK                 (+)     
3       int_mode_chain21                                                                    grp1   /dut/uartgen.uart/uartPC/rtlcreg_DLL_3                                                     -/-        RTLC_FDE   <scan_out>  PCLK                 (+)     
4       int_mode_chain21                                                                    grp1   /dut/uartgen.uart/uartPC/rtlcreg_DLL_4                                                     -/-        RTLC_FDE   <scan_out>  PCLK                 (+)     
5       int_mode_chain21                                                                    grp1   /dut/uartgen.uart/uartPC/rtlcreg_DLL_5                                                     -/-        RTLC_FDE   <scan_out>  PCLK                 (+)     
6       int_mode_chain21                                                                    grp1   /dut/uartgen.uart/uartPC/rtlcreg_DLL_6                                                     -/-        RTLC_FDE   <scan_out>  PCLK                 (+)     
7       int_mode_chain21                                                                    grp1   /dut/uartgen.uart/uartPC/rtlcreg_DLL_7                                                     -/-        RTLC_FDE   <scan_out>  PCLK                 (+)     
8       int_mode_chain21                                                                    grp1   /dut/uartgen.uart/uartPC/rtlcreg_DLM_0                                                     -/-        RTLC_FDE   <scan_out>  PCLK                 (+)     
9       int_mode_chain21                                                                    grp1   /dut/uartgen.uart/uartPC/rtlcreg_DLM_1                                                     -/-        RTLC_FDE   <scan_out>  PCLK                 (+)     
10      int_mode_chain21                                                                    grp1   /dut/uartgen.uart/uartPC/rtlcreg_DLM_2                                                     -/-        RTLC_FDE   <scan_out>  PCLK                 (+)     
11      int_mode_chain21                                                                    grp1   /dut/uartgen.uart/uartPC/rtlcreg_DLM_3                                                     -/-        RTLC_FDE   <scan_out>  PCLK                 (+)     
12      int_mode_chain21                                                                    grp1   /dut/uartgen.uart/uartPC/rtlcreg_DLM_4                                                     -/-        RTLC_FDE   <scan_out>  PCLK                 (+)     
13      int_mode_chain21                                                                    grp1   /dut/uartgen.uart/uartPC/rtlcreg_DLM_5                                                     -/-        RTLC_FDE   <scan_out>  PCLK                 (+)     
14      int_mode_chain21                                                                    grp1   /dut/uartgen.uart/uartPC/rtlcreg_DLM_6                                                     -/-        RTLC_FDE   <scan_out>  PCLK                 (+)     
15      int_mode_chain21                                                                    grp1   /dut/uartgen.uart/uartPC/rtlcreg_DLM_7                                                     -/-        RTLC_FDE   <scan_out>  PCLK                 (+)     
16      int_mode_chain21                                                                    grp1   /dut/uartgen.uart/uartPC/rtlcreg_SCR_0                                                     -/-        RTLC_FDE   <scan_out>  PCLK                 (+)     
17      int_mode_chain21                                                                    grp1   /dut/uartgen.uart/uartPC/rtlcreg_SCR_1                                                     -/-        RTLC_FDE   <scan_out>  PCLK                 (+)     
18      int_mode_chain21                                                                    grp1   /dut/uartgen.uart/uartPC/rtlcreg_SCR_2                                                     -/-        RTLC_FDE   <scan_out>  PCLK                 (+)     
19      int_mode_chain21                                                                    grp1   /dut/uartgen.uart/uartPC/rtlcreg_SCR_3                                                     -/-        RTLC_FDE   <scan_out>  PCLK                 (+)     
20      int_mode_chain21                                                                    grp1   /dut/uartgen.uart/uartPC/rtlcreg_SCR_4                                                     -/-        RTLC_FDE   <scan_out>  PCLK                 (+)     
21      int_mode_chain21                                                                    grp1   /dut/uartgen.uart/uartPC/rtlcreg_SCR_5                                                     -/-        RTLC_FDE   <scan_out>  PCLK                 (+)     
22      int_mode_chain21                                                                    grp1   /dut/uartgen.uart/uartPC/rtlcreg_SCR_6                                                     -/-        RTLC_FDE   <scan_out>  PCLK                 (+)     
23      int_mode_chain21                                                                    grp1   /dut/uartgen.uart/uartPC/rtlcreg_SCR_7                                                     -/-        RTLC_FDE   <scan_out>  PCLK                 (+)     
24      int_mode_chain21                                                                    grp1   /dut/uartgen.uart/uartPC/rtlcreg_RIbd                                                      -/-        RTLC_FD    Q           PCLK                 (+)     
25      int_mode_chain21                                                                    grp1   /dut/uartgen.uart/uartPC/rtlcreg_CTSbd                                                     -/-        RTLC_FD    Q           PCLK                 (+)     
26      int_mode_chain21                                                                    grp1   /dut/uartgen.uart/uartPC/rtlcreg_DCDbd                                                     -/-        RTLC_FD    Q           PCLK                 (+)     
27      int_mode_chain21                                                                    grp1   /dut/uartgen.uart/uartPC/rtlcreg_DSRbd                                                     -/-        RTLC_FD    Q           PCLK                 (+)     
28      int_mode_chain21                                                                    grp1   /dut/uartgen.uart/uartPC/rtlcreg_SINsync                                                   -/-        RTLC_FD    Q           PCLK                 (+)     
-       int_mode_chain22                                                                    grp1   /[lockup-after-chain]                                                                      -/-        [LAT]                  PCLK                 (-)     
0       int_mode_chain22                                                                    grp1   /dut/uartgen.uart/uartPC/rtlcreg_FCR_4                                                     -/-        RTLC_FDE   <scan_out>  PCLK                 (+)     
1       int_mode_chain22                                                                    grp1   /dut/uartgen.uart/uartPC/rtlcreg_FCR_5                                                     -/-        RTLC_FDE   <scan_out>  PCLK                 (+)     
2       int_mode_chain22                                                                    grp1   /dut/uartgen.uart/uartPC/rtlcreg_FCR_6                                                     -/-        RTLC_FDE   <scan_out>  PCLK                 (+)     
3       int_mode_chain22                                                                    grp1   /dut/uartgen.uart/uartPC/rtlcreg_FCR_7                                                     -/-        RTLC_FDE   <scan_out>  PCLK                 (+)     
4       int_mode_chain22                                                                    grp1   /dut/uartgen.uart/uartPC/rtlcreg_LCR_0                                                     -/-        RTLC_FDE   <scan_out>  PCLK                 (+)     
5       int_mode_chain22                                                                    grp1   /dut/uartgen.uart/uartPC/rtlcreg_LCR_1                                                     -/-        RTLC_FDE   <scan_out>  PCLK                 (+)     
6       int_mode_chain22                                                                    grp1   /dut/uartgen.uart/uartPC/rtlcreg_LCR_2                                                     -/-        RTLC_FDE   <scan_out>  PCLK                 (+)     
7       int_mode_chain22                                                                    grp1   /dut/uartgen.uart/uartPC/rtlcreg_LCR_3                                                     -/-        RTLC_FDE   <scan_out>  PCLK                 (+)     
8       int_mode_chain22                                                                    grp1   /dut/uartgen.uart/uartPC/rtlcreg_LCR_4                                                     -/-        RTLC_FDE   <scan_out>  PCLK                 (+)     
9       int_mode_chain22                                                                    grp1   /dut/uartgen.uart/uartPC/rtlcreg_LCR_5                                                     -/-        RTLC_FDE   <scan_out>  PCLK                 (+)     
10      int_mode_chain22                                                                    grp1   /dut/uartgen.uart/uartPC/rtlcreg_LCR_6                                                     -/-        RTLC_FDE   <scan_out>  PCLK                 (+)     
11      int_mode_chain22                                                                    grp1   /dut/uartgen.uart/uartPC/rtlcreg_LCR_7                                                     -/-        RTLC_FDE   <scan_out>  PCLK                 (+)     
12      int_mode_chain22                                                                    grp1   /dut/uartgen.uart/uartPC/rtlcreg_MCR_0                                                     -/-        RTLC_FDE   <scan_out>  PCLK                 (+)     
13      int_mode_chain22                                                                    grp1   /dut/uartgen.uart/uartPC/rtlcreg_MCR_1                                                     -/-        RTLC_FDE   <scan_out>  PCLK                 (+)     
14      int_mode_chain22                                                                    grp1   /dut/uartgen.uart/uartPC/rtlcreg_MCR_2                                                     -/-        RTLC_FDE   <scan_out>  PCLK                 (+)     
15      int_mode_chain22                                                                    grp1   /dut/uartgen.uart/uartPC/rtlcreg_MCR_3                                                     -/-        RTLC_FDE   <scan_out>  PCLK                 (+)     
16      int_mode_chain22                                                                    grp1   /dut/uartgen.uart/uartPC/rtlcreg_MCR_4                                                     -/-        RTLC_FDE   <scan_out>  PCLK                 (+)     
17      int_mode_chain22                                                                    grp1   /dut/uartgen.uart/uartPC/rtlcreg_LSR_0                                                     -/-        RTLC_FDE   <scan_out>  PCLK                 (+)     
18      int_mode_chain22                                                                    grp1   /dut/uartgen.uart/uartPC/rtlcreg_LSR_1                                                     -/-        RTLC_FD    Q           PCLK                 (+)     
19      int_mode_chain22                                                                    grp1   /dut/uartgen.uart/uartPC/rtlcreg_LSR_2                                                     -/-        RTLC_FD    Q           PCLK                 (+)     
20      int_mode_chain22                                                                    grp1   /dut/uartgen.uart/uartPC/rtlcreg_LSR_3                                                     -/-        RTLC_FD    Q           PCLK                 (+)     
21      int_mode_chain22                                                                    grp1   /dut/uartgen.uart/uartPC/rtlcreg_LSR_4                                                     -/-        RTLC_FD    Q           PCLK                 (+)     
22      int_mode_chain22                                                                    grp1   /dut/uartgen.uart/uartPC/rtlcreg_LSR_5                                                     -/-        RTLC_FD    Q           PCLK                 (+)     
23      int_mode_chain22                                                                    grp1   /dut/uartgen.uart/uartPC/rtlcreg_LSR_6                                                     -/-        RTLC_FD    Q           PCLK                 (+)     
24      int_mode_chain22                                                                    grp1   /dut/uartgen.uart/uartPC/rtlcreg_LSR_7                                                     -/-        RTLC_FDE   <scan_out>  PCLK                 (+)     
25      int_mode_chain22                                                                    grp1   /dut/uartgen.uart/uartPC/rtlcreg_MSR_0                                                     -/-        RTLC_FD    Q           PCLK                 (+)     
26      int_mode_chain22                                                                    grp1   /dut/uartgen.uart/uartPC/rtlcreg_MSR_1                                                     -/-        RTLC_FD    Q           PCLK                 (+)     
27      int_mode_chain22                                                                    grp1   /dut/uartgen.uart/uartPC/rtlcreg_MSR_2                                                     -/-        RTLC_FD    Q           PCLK                 (+)     
28      int_mode_chain22                                                                    grp1   /dut/uartgen.uart/uartPC/rtlcreg_MSR_3                                                     -/-        RTLC_FD    Q           PCLK                 (+)     
-       int_mode_chain23                                                                    grp1   /[lockup-after-chain]                                                                      -/-        [LAT]                  PCLK                 (-)     
0       int_mode_chain23                                                                    grp1   /dut/uartgen.uart/uartPC/rtlcreg_rxtimeoutcnt_7                                            -/-        RTLC_FDE   <scan_out>  PCLK                 (+)     
1       int_mode_chain23                                                                    grp1   /dut/uartgen.uart/uartPC/rtlcreg_rxtimeoutcnt_8                                            -/-        RTLC_FDE   <scan_out>  PCLK                 (+)     
2       int_mode_chain23                                                                    grp1   /dut/uartgen.uart/uartPC/rtlcreg_rxtimeoutcnt_9                                            -/-        RTLC_FDE   <scan_out>  PCLK                 (+)     
3       int_mode_chain23                                                                    grp1   /dut/uartgen.uart/uartPC/rtlcreg_baudcount_0                                               -/-        RTLC_FD    Q           PCLK                 (+)     
4       int_mode_chain23                                                                    grp1   /dut/uartgen.uart/uartPC/rtlcreg_baudcount_1                                               -/-        RTLC_FD    Q           PCLK                 (+)     
5       int_mode_chain23                                                                    grp1   /dut/uartgen.uart/uartPC/rtlcreg_baudcount_2                                               -/-        RTLC_FD    Q           PCLK                 (+)     
6       int_mode_chain23                                                                    grp1   /dut/uartgen.uart/uartPC/rtlcreg_baudcount_3                                               -/-        RTLC_FD    Q           PCLK                 (+)     
7       int_mode_chain23                                                                    grp1   /dut/uartgen.uart/uartPC/rtlcreg_baudcount_4                                               -/-        RTLC_FD    Q           PCLK                 (+)     
8       int_mode_chain23                                                                    grp1   /dut/uartgen.uart/uartPC/rtlcreg_baudcount_5                                               -/-        RTLC_FD    Q           PCLK                 (+)     
9       int_mode_chain23                                                                    grp1   /dut/uartgen.uart/uartPC/rtlcreg_baudcount_6                                               -/-        RTLC_FD    Q           PCLK                 (+)     
10      int_mode_chain23                                                                    grp1   /dut/uartgen.uart/uartPC/rtlcreg_baudcount_7                                               -/-        RTLC_FD    Q           PCLK                 (+)     
11      int_mode_chain23                                                                    grp1   /dut/uartgen.uart/uartPC/rtlcreg_baudcount_8                                               -/-        RTLC_FD    Q           PCLK                 (+)     
12      int_mode_chain23                                                                    grp1   /dut/uartgen.uart/uartPC/rtlcreg_baudcount_9                                               -/-        RTLC_FD    Q           PCLK                 (+)     
13      int_mode_chain23                                                                    grp1   /dut/uartgen.uart/uartPC/rtlcreg_baudcount_10                                              -/-        RTLC_FD    Q           PCLK                 (+)     
14      int_mode_chain23                                                                    grp1   /dut/uartgen.uart/uartPC/rtlcreg_baudcount_11                                              -/-        RTLC_FD    Q           PCLK                 (+)     
15      int_mode_chain23                                                                    grp1   /dut/uartgen.uart/uartPC/rtlcreg_baudcount_12                                              -/-        RTLC_FD    Q           PCLK                 (+)     
16      int_mode_chain23                                                                    grp1   /dut/uartgen.uart/uartPC/rtlcreg_baudcount_13                                              -/-        RTLC_FD    Q           PCLK                 (+)     
17      int_mode_chain23                                                                    grp1   /dut/uartgen.uart/uartPC/rtlcreg_baudcount_14                                              -/-        RTLC_FD    Q           PCLK                 (+)     
18      int_mode_chain23                                                                    grp1   /dut/uartgen.uart/uartPC/rtlcreg_baudcount_15                                              -/-        RTLC_FD    Q           PCLK                 (+)     
19      int_mode_chain23                                                                    grp1   /dut/uartgen.uart/uartPC/rtlcreg_baudcount_16                                              -/-        RTLC_FD    Q           PCLK                 (+)     
20      int_mode_chain23                                                                    grp1   /dut/uartgen.uart/uartPC/rtlcreg_baudpulse                                                 -/-        RTLC_FDE   <scan_out>  PCLK                 (+)     
21      int_mode_chain23                                                                    grp1   /dut/uartgen.uart/uartPC/rtlcreg_IER_0                                                     -/-        RTLC_FDE   <scan_out>  PCLK                 (+)     
22      int_mode_chain23                                                                    grp1   /dut/uartgen.uart/uartPC/rtlcreg_IER_1                                                     -/-        RTLC_FDE   <scan_out>  PCLK                 (+)     
23      int_mode_chain23                                                                    grp1   /dut/uartgen.uart/uartPC/rtlcreg_IER_2                                                     -/-        RTLC_FDE   <scan_out>  PCLK                 (+)     
24      int_mode_chain23                                                                    grp1   /dut/uartgen.uart/uartPC/rtlcreg_IER_3                                                     -/-        RTLC_FDE   <scan_out>  PCLK                 (+)     
25      int_mode_chain23                                                                    grp1   /dut/uartgen.uart/uartPC/rtlcreg_FCR_0                                                     -/-        RTLC_FDE   <scan_out>  PCLK                 (+)     
26      int_mode_chain23                                                                    grp1   /dut/uartgen.uart/uartPC/rtlcreg_FCR_1                                                     -/-        RTLC_FDE   <scan_out>  PCLK                 (+)     
27      int_mode_chain23                                                                    grp1   /dut/uartgen.uart/uartPC/rtlcreg_FCR_2                                                     -/-        RTLC_FDE   <scan_out>  PCLK                 (+)     
28      int_mode_chain23                                                                    grp1   /dut/uartgen.uart/uartPC/rtlcreg_FCR_3                                                     -/-        RTLC_FDE   <scan_out>  PCLK                 (+)     
-       int_mode_chain24                                                                    grp1   /[lockup-after-chain]                                                                      -/-        [LAT]                  PCLK                 (-)     
0       int_mode_chain24                                                                    grp1   /dut/uartgen.uart/uartPC/rtlcreg_RXBR_9                                                    -/-        RTLC_FDE   <scan_out>  PCLK                 (+)     
1       int_mode_chain24                                                                    grp1   /dut/uartgen.uart/uartPC/rtlcreg_RXBR_10                                                   -/-        RTLC_FDE   <scan_out>  PCLK                 (+)     
2       int_mode_chain24                                                                    grp1   /dut/uartgen.uart/uartPC/rtlcreg_rxshiftreg_0                                              -/-        RTLC_FDE   <scan_out>  PCLK                 (+)     
3       int_mode_chain24                                                                    grp1   /dut/uartgen.uart/uartPC/rtlcreg_rxshiftreg_1                                              -/-        RTLC_FDE   <scan_out>  PCLK                 (+)     
4       int_mode_chain24                                                                    grp1   /dut/uartgen.uart/uartPC/rtlcreg_rxshiftreg_2                                              -/-        RTLC_FDE   <scan_out>  PCLK                 (+)     
5       int_mode_chain24                                                                    grp1   /dut/uartgen.uart/uartPC/rtlcreg_rxshiftreg_3                                              -/-        RTLC_FDE   <scan_out>  PCLK                 (+)     
6       int_mode_chain24                                                                    grp1   /dut/uartgen.uart/uartPC/rtlcreg_rxshiftreg_4                                              -/-        RTLC_FDE   <scan_out>  PCLK                 (+)     
7       int_mode_chain24                                                                    grp1   /dut/uartgen.uart/uartPC/rtlcreg_rxshiftreg_5                                              -/-        RTLC_FDE   <scan_out>  PCLK                 (+)     
8       int_mode_chain24                                                                    grp1   /dut/uartgen.uart/uartPC/rtlcreg_rxshiftreg_6                                              -/-        RTLC_FDE   <scan_out>  PCLK                 (+)     
9       int_mode_chain24                                                                    grp1   /dut/uartgen.uart/uartPC/rtlcreg_rxshiftreg_7                                              -/-        RTLC_FDE   <scan_out>  PCLK                 (+)     
10      int_mode_chain24                                                                    grp1   /dut/uartgen.uart/uartPC/rtlcreg_rxshiftreg_8                                              -/-        RTLC_FDE   <scan_out>  PCLK                 (+)     
11      int_mode_chain24                                                                    grp1   /dut/uartgen.uart/uartPC/rtlcreg_rxshiftreg_9                                              -/-        RTLC_FDE   <scan_out>  PCLK                 (+)     
12      int_mode_chain24                                                                    grp1   /dut/uartgen.uart/uartPC/rtlcreg_rxoversampledcnt_0                                        -/-        RTLC_FDE   <scan_out>  PCLK                 (+)     
13      int_mode_chain24                                                                    grp1   /dut/uartgen.uart/uartPC/rtlcreg_rxoversampledcnt_1                                        -/-        RTLC_FDE   <scan_out>  PCLK                 (+)     
14      int_mode_chain24                                                                    grp1   /dut/uartgen.uart/uartPC/rtlcreg_rxoversampledcnt_2                                        -/-        RTLC_FDE   <scan_out>  PCLK                 (+)     
15      int_mode_chain24                                                                    grp1   /dut/uartgen.uart/uartPC/rtlcreg_rxoversampledcnt_3                                        -/-        RTLC_FDE   <scan_out>  PCLK                 (+)     
16      int_mode_chain24                                                                    grp1   /dut/uartgen.uart/uartPC/rtlcreg_rxstate_0                                                 -/-        RTLC_FDE   <scan_out>  PCLK                 (+)     
17      int_mode_chain24                                                                    grp1   /dut/uartgen.uart/uartPC/rtlcreg_rxstate_1                                                 -/-        RTLC_FDE   <scan_out>  PCLK                 (+)     
18      int_mode_chain24                                                                    grp1   /dut/uartgen.uart/uartPC/rtlcreg_rxbitsreceived_0                                          -/-        RTLC_FDE   <scan_out>  PCLK                 (+)     
19      int_mode_chain24                                                                    grp1   /dut/uartgen.uart/uartPC/rtlcreg_rxbitsreceived_1                                          -/-        RTLC_FDE   <scan_out>  PCLK                 (+)     
20      int_mode_chain24                                                                    grp1   /dut/uartgen.uart/uartPC/rtlcreg_rxbitsreceived_2                                          -/-        RTLC_FDE   <scan_out>  PCLK                 (+)     
21      int_mode_chain24                                                                    grp1   /dut/uartgen.uart/uartPC/rtlcreg_rxbitsreceived_3                                          -/-        RTLC_FDE   <scan_out>  PCLK                 (+)     
22      int_mode_chain24                                                                    grp1   /dut/uartgen.uart/uartPC/rtlcreg_rxtimeoutcnt_0                                            -/-        RTLC_FDE   <scan_out>  PCLK                 (+)     
23      int_mode_chain24                                                                    grp1   /dut/uartgen.uart/uartPC/rtlcreg_rxtimeoutcnt_1                                            -/-        RTLC_FDE   <scan_out>  PCLK                 (+)     
24      int_mode_chain24                                                                    grp1   /dut/uartgen.uart/uartPC/rtlcreg_rxtimeoutcnt_2                                            -/-        RTLC_FDE   <scan_out>  PCLK                 (+)     
25      int_mode_chain24                                                                    grp1   /dut/uartgen.uart/uartPC/rtlcreg_rxtimeoutcnt_3                                            -/-        RTLC_FDE   <scan_out>  PCLK                 (+)     
26      int_mode_chain24                                                                    grp1   /dut/uartgen.uart/uartPC/rtlcreg_rxtimeoutcnt_4                                            -/-        RTLC_FDE   <scan_out>  PCLK                 (+)     
27      int_mode_chain24                                                                    grp1   /dut/uartgen.uart/uartPC/rtlcreg_rxtimeoutcnt_5                                            -/-        RTLC_FDE   <scan_out>  PCLK                 (+)     
28      int_mode_chain24                                                                    grp1   /dut/uartgen.uart/uartPC/rtlcreg_rxtimeoutcnt_6                                            -/-        RTLC_FDE   <scan_out>  PCLK                 (+)     
-       int_mode_chain25                                                                    grp1   /[lockup-after-chain]                                                                      -/-        [LAT]                  PCLK                 (-)     
0       int_mode_chain25                                                                    grp1   /dut/uartgen.uart/uartPC/rtlcreg_txoversampledcnt_0                                        -/-        RTLC_FDE   <scan_out>  PCLK                 (+)     
1       int_mode_chain25                                                                    grp1   /dut/uartgen.uart/uartPC/rtlcreg_txoversampledcnt_1                                        -/-        RTLC_FDE   <scan_out>  PCLK                 (+)     
2       int_mode_chain25                                                                    grp1   /dut/uartgen.uart/uartPC/rtlcreg_txoversampledcnt_2                                        -/-        RTLC_FDE   <scan_out>  PCLK                 (+)     
3       int_mode_chain25                                                                    grp1   /dut/uartgen.uart/uartPC/rtlcreg_txoversampledcnt_3                                        -/-        RTLC_FDE   <scan_out>  PCLK                 (+)     
4       int_mode_chain25                                                                    grp1   /dut/uartgen.uart/uartPC/rtlcreg_txstate_0                                                 -/-        RTLC_FDE   <scan_out>  PCLK                 (+)     
5       int_mode_chain25                                                                    grp1   /dut/uartgen.uart/uartPC/rtlcreg_txstate_1                                                 -/-        RTLC_FDE   <scan_out>  PCLK                 (+)     
6       int_mode_chain25                                                                    grp1   /dut/uartgen.uart/uartPC/rtlcreg_txbitssent_0                                              -/-        RTLC_FDE   <scan_out>  PCLK                 (+)     
7       int_mode_chain25                                                                    grp1   /dut/uartgen.uart/uartPC/rtlcreg_txbitssent_1                                              -/-        RTLC_FDE   <scan_out>  PCLK                 (+)     
8       int_mode_chain25                                                                    grp1   /dut/uartgen.uart/uartPC/rtlcreg_txbitssent_2                                              -/-        RTLC_FDE   <scan_out>  PCLK                 (+)     
9       int_mode_chain25                                                                    grp1   /dut/uartgen.uart/uartPC/rtlcreg_txbitssent_3                                              -/-        RTLC_FDE   <scan_out>  PCLK                 (+)     
10      int_mode_chain25                                                                    grp1   /dut/uartgen.uart/uartPC/rtlcreg_rxfifodmaready                                            -/-        RTLC_FDE   <scan_out>  PCLK                 (+)     
11      int_mode_chain25                                                                    grp1   /dut/uartgen.uart/uartPC/rtlcreg_rxfifohead_0                                              -/-        RTLC_FDE   <scan_out>  PCLK                 (+)     
12      int_mode_chain25                                                                    grp1   /dut/uartgen.uart/uartPC/rtlcreg_rxfifohead_1                                              -/-        RTLC_FDE   <scan_out>  PCLK                 (+)     
13      int_mode_chain25                                                                    grp1   /dut/uartgen.uart/uartPC/rtlcreg_rxfifohead_2                                              -/-        RTLC_FDE   <scan_out>  PCLK                 (+)     
14      int_mode_chain25                                                                    grp1   /dut/uartgen.uart/uartPC/rtlcreg_rxfifohead_3                                              -/-        RTLC_FDE   <scan_out>  PCLK                 (+)     
15      int_mode_chain25                                                                    grp1   /dut/uartgen.uart/uartPC/rtlcreg_rxfifotail_0                                              -/-        RTLC_FDE   <scan_out>  PCLK                 (+)     
16      int_mode_chain25                                                                    grp1   /dut/uartgen.uart/uartPC/rtlcreg_rxfifotail_1                                              -/-        RTLC_FDE   <scan_out>  PCLK                 (+)     
17      int_mode_chain25                                                                    grp1   /dut/uartgen.uart/uartPC/rtlcreg_rxfifotail_2                                              -/-        RTLC_FDE   <scan_out>  PCLK                 (+)     
18      int_mode_chain25                                                                    grp1   /dut/uartgen.uart/uartPC/rtlcreg_rxfifotail_3                                              -/-        RTLC_FDE   <scan_out>  PCLK                 (+)     
19      int_mode_chain25                                                                    grp1   /dut/uartgen.uart/uartPC/rtlcreg_rxdataready                                               -/-        RTLC_FDE   <scan_out>  PCLK                 (+)     
20      int_mode_chain25                                                                    grp1   /dut/uartgen.uart/uartPC/rtlcreg_RXBR_0                                                    -/-        RTLC_FDE   <scan_out>  PCLK                 (+)     
21      int_mode_chain25                                                                    grp1   /dut/uartgen.uart/uartPC/rtlcreg_RXBR_1                                                    -/-        RTLC_FDE   <scan_out>  PCLK                 (+)     
22      int_mode_chain25                                                                    grp1   /dut/uartgen.uart/uartPC/rtlcreg_RXBR_2                                                    -/-        RTLC_FDE   <scan_out>  PCLK                 (+)     
23      int_mode_chain25                                                                    grp1   /dut/uartgen.uart/uartPC/rtlcreg_RXBR_3                                                    -/-        RTLC_FDE   <scan_out>  PCLK                 (+)     
24      int_mode_chain25                                                                    grp1   /dut/uartgen.uart/uartPC/rtlcreg_RXBR_4                                                    -/-        RTLC_FDE   <scan_out>  PCLK                 (+)     
25      int_mode_chain25                                                                    grp1   /dut/uartgen.uart/uartPC/rtlcreg_RXBR_5                                                    -/-        RTLC_FDE   <scan_out>  PCLK                 (+)     
26      int_mode_chain25                                                                    grp1   /dut/uartgen.uart/uartPC/rtlcreg_RXBR_6                                                    -/-        RTLC_FDE   <scan_out>  PCLK                 (+)     
27      int_mode_chain25                                                                    grp1   /dut/uartgen.uart/uartPC/rtlcreg_RXBR_7                                                    -/-        RTLC_FDE   <scan_out>  PCLK                 (+)     
28      int_mode_chain25                                                                    grp1   /dut/uartgen.uart/uartPC/rtlcreg_RXBR_8                                                    -/-        RTLC_FDE   <scan_out>  PCLK                 (+)     
-       int_mode_chain26                                                                    grp1   /[lockup-after-chain]                                                                      -/-        [LAT]                  PCLK                 (-)     
0       int_mode_chain26                                                                    grp1   /dut/uartgen.uart/uartPC/rtlcreg_txfifohead_1                                              -/-        RTLC_FDE   <scan_out>  PCLK                 (+)     
1       int_mode_chain26                                                                    grp1   /dut/uartgen.uart/uartPC/rtlcreg_txfifohead_2                                              -/-        RTLC_FDE   <scan_out>  PCLK                 (+)     
2       int_mode_chain26                                                                    grp1   /dut/uartgen.uart/uartPC/rtlcreg_txfifohead_3                                              -/-        RTLC_FDE   <scan_out>  PCLK                 (+)     
3       int_mode_chain26                                                                    grp1   /dut/uartgen.uart/uartPC/rtlcreg_txfifotail_0                                              -/-        RTLC_FDE   <scan_out>  PCLK                 (+)     
4       int_mode_chain26                                                                    grp1   /dut/uartgen.uart/uartPC/rtlcreg_txfifotail_1                                              -/-        RTLC_FDE   <scan_out>  PCLK                 (+)     
5       int_mode_chain26                                                                    grp1   /dut/uartgen.uart/uartPC/rtlcreg_txfifotail_2                                              -/-        RTLC_FDE   <scan_out>  PCLK                 (+)     
6       int_mode_chain26                                                                    grp1   /dut/uartgen.uart/uartPC/rtlcreg_txfifotail_3                                              -/-        RTLC_FDE   <scan_out>  PCLK                 (+)     
7       int_mode_chain26                                                                    grp1   /dut/uartgen.uart/uartPC/rtlcreg_txhrfull                                                  -/-        RTLC_FDE   <scan_out>  PCLK                 (+)     
8       int_mode_chain26                                                                    grp1   /dut/uartgen.uart/uartPC/rtlcreg_txsrfull                                                  -/-        RTLC_FDE   <scan_out>  PCLK                 (+)     
9       int_mode_chain26                                                                    grp1   /dut/uartgen.uart/uartPC/rtlcreg_TXHR_0                                                    -/-        RTLC_FDE   <scan_out>  PCLK                 (+)     
10      int_mode_chain26                                                                    grp1   /dut/uartgen.uart/uartPC/rtlcreg_TXHR_1                                                    -/-        RTLC_FDE   <scan_out>  PCLK                 (+)     
11      int_mode_chain26                                                                    grp1   /dut/uartgen.uart/uartPC/rtlcreg_TXHR_2                                                    -/-        RTLC_FDE   <scan_out>  PCLK                 (+)     
12      int_mode_chain26                                                                    grp1   /dut/uartgen.uart/uartPC/rtlcreg_TXHR_3                                                    -/-        RTLC_FDE   <scan_out>  PCLK                 (+)     
13      int_mode_chain26                                                                    grp1   /dut/uartgen.uart/uartPC/rtlcreg_TXHR_4                                                    -/-        RTLC_FDE   <scan_out>  PCLK                 (+)     
14      int_mode_chain26                                                                    grp1   /dut/uartgen.uart/uartPC/rtlcreg_TXHR_5                                                    -/-        RTLC_FDE   <scan_out>  PCLK                 (+)     
15      int_mode_chain26                                                                    grp1   /dut/uartgen.uart/uartPC/rtlcreg_TXHR_6                                                    -/-        RTLC_FDE   <scan_out>  PCLK                 (+)     
16      int_mode_chain26                                                                    grp1   /dut/uartgen.uart/uartPC/rtlcreg_TXHR_7                                                    -/-        RTLC_FDE   <scan_out>  PCLK                 (+)     
17      int_mode_chain26                                                                    grp1   /dut/uartgen.uart/uartPC/rtlcreg_txsr_0                                                    -/-        RTLC_FDE   <scan_out>  PCLK                 (+)     
18      int_mode_chain26                                                                    grp1   /dut/uartgen.uart/uartPC/rtlcreg_txsr_1                                                    -/-        RTLC_FDE   <scan_out>  PCLK                 (+)     
19      int_mode_chain26                                                                    grp1   /dut/uartgen.uart/uartPC/rtlcreg_txsr_2                                                    -/-        RTLC_FDE   <scan_out>  PCLK                 (+)     
20      int_mode_chain26                                                                    grp1   /dut/uartgen.uart/uartPC/rtlcreg_txsr_3                                                    -/-        RTLC_FDE   <scan_out>  PCLK                 (+)     
21      int_mode_chain26                                                                    grp1   /dut/uartgen.uart/uartPC/rtlcreg_txsr_4                                                    -/-        RTLC_FDE   <scan_out>  PCLK                 (+)     
22      int_mode_chain26                                                                    grp1   /dut/uartgen.uart/uartPC/rtlcreg_txsr_5                                                    -/-        RTLC_FDE   <scan_out>  PCLK                 (+)     
23      int_mode_chain26                                                                    grp1   /dut/uartgen.uart/uartPC/rtlcreg_txsr_6                                                    -/-        RTLC_FDE   <scan_out>  PCLK                 (+)     
24      int_mode_chain26                                                                    grp1   /dut/uartgen.uart/uartPC/rtlcreg_txsr_7                                                    -/-        RTLC_FDE   <scan_out>  PCLK                 (+)     
25      int_mode_chain26                                                                    grp1   /dut/uartgen.uart/uartPC/rtlcreg_txsr_8                                                    -/-        RTLC_FDE   <scan_out>  PCLK                 (+)     
26      int_mode_chain26                                                                    grp1   /dut/uartgen.uart/uartPC/rtlcreg_txsr_9                                                    -/-        RTLC_FDE   <scan_out>  PCLK                 (+)     
27      int_mode_chain26                                                                    grp1   /dut/uartgen.uart/uartPC/rtlcreg_txsr_10                                                   -/-        RTLC_FDE   <scan_out>  PCLK                 (+)     
28      int_mode_chain26                                                                    grp1   /dut/uartgen.uart/uartPC/rtlcreg_txsr_11                                                   -/-        RTLC_FDE   <scan_out>  PCLK                 (+)     
-       int_mode_chain27                                                                    grp1   /[lockup-after-chain]                                                                      -/-        [LAT]                  PCLK                 (-)     
0       int_mode_chain27                                                                    grp1   /dut/uartgen.uart/uartPC/rtlcreg_rxfifo_151                                                -/-        RTLC_FDE   <scan_out>  PCLK                 (+)     
1       int_mode_chain27                                                                    grp1   /dut/uartgen.uart/uartPC/rtlcreg_rxfifo_152                                                -/-        RTLC_FDE   <scan_out>  PCLK                 (+)     
2       int_mode_chain27                                                                    grp1   /dut/uartgen.uart/uartPC/rtlcreg_rxfifo_153                                                -/-        RTLC_FDE   <scan_out>  PCLK                 (+)     
3       int_mode_chain27                                                                    grp1   /dut/uartgen.uart/uartPC/rtlcreg_rxfifo_154                                                -/-        RTLC_FDE   <scan_out>  PCLK                 (+)     
4       int_mode_chain27                                                                    grp1   /dut/uartgen.uart/uartPC/rtlcreg_rxfifo_155                                                -/-        RTLC_FDE   <scan_out>  PCLK                 (+)     
5       int_mode_chain27                                                                    grp1   /dut/uartgen.uart/uartPC/rtlcreg_rxfifo_156                                                -/-        RTLC_FDE   <scan_out>  PCLK                 (+)     
6       int_mode_chain27                                                                    grp1   /dut/uartgen.uart/uartPC/rtlcreg_rxfifo_157                                                -/-        RTLC_FDE   <scan_out>  PCLK                 (+)     
7       int_mode_chain27                                                                    grp1   /dut/uartgen.uart/uartPC/rtlcreg_rxfifo_158                                                -/-        RTLC_FDE   <scan_out>  PCLK                 (+)     
8       int_mode_chain27                                                                    grp1   /dut/uartgen.uart/uartPC/rtlcreg_rxfifo_159                                                -/-        RTLC_FDE   <scan_out>  PCLK                 (+)     
9       int_mode_chain27                                                                    grp1   /dut/uartgen.uart/uartPC/rtlcreg_rxfifo_160                                                -/-        RTLC_FDE   <scan_out>  PCLK                 (+)     
10      int_mode_chain27                                                                    grp1   /dut/uartgen.uart/uartPC/rtlcreg_rxfifo_161                                                -/-        RTLC_FDE   <scan_out>  PCLK                 (+)     
11      int_mode_chain27                                                                    grp1   /dut/uartgen.uart/uartPC/rtlcreg_rxfifo_162                                                -/-        RTLC_FDE   <scan_out>  PCLK                 (+)     
12      int_mode_chain27                                                                    grp1   /dut/uartgen.uart/uartPC/rtlcreg_rxfifo_163                                                -/-        RTLC_FDE   <scan_out>  PCLK                 (+)     
13      int_mode_chain27                                                                    grp1   /dut/uartgen.uart/uartPC/rtlcreg_rxfifo_164                                                -/-        RTLC_FDE   <scan_out>  PCLK                 (+)     
14      int_mode_chain27                                                                    grp1   /dut/uartgen.uart/uartPC/rtlcreg_rxfifo_165                                                -/-        RTLC_FDE   <scan_out>  PCLK                 (+)     
15      int_mode_chain27                                                                    grp1   /dut/uartgen.uart/uartPC/rtlcreg_rxfifo_166                                                -/-        RTLC_FDE   <scan_out>  PCLK                 (+)     
16      int_mode_chain27                                                                    grp1   /dut/uartgen.uart/uartPC/rtlcreg_rxfifo_167                                                -/-        RTLC_FDE   <scan_out>  PCLK                 (+)     
17      int_mode_chain27                                                                    grp1   /dut/uartgen.uart/uartPC/rtlcreg_rxfifo_168                                                -/-        RTLC_FDE   <scan_out>  PCLK                 (+)     
18      int_mode_chain27                                                                    grp1   /dut/uartgen.uart/uartPC/rtlcreg_rxfifo_169                                                -/-        RTLC_FDE   <scan_out>  PCLK                 (+)     
19      int_mode_chain27                                                                    grp1   /dut/uartgen.uart/uartPC/rtlcreg_rxfifo_170                                                -/-        RTLC_FDE   <scan_out>  PCLK                 (+)     
20      int_mode_chain27                                                                    grp1   /dut/uartgen.uart/uartPC/rtlcreg_rxfifo_171                                                -/-        RTLC_FDE   <scan_out>  PCLK                 (+)     
21      int_mode_chain27                                                                    grp1   /dut/uartgen.uart/uartPC/rtlcreg_rxfifo_172                                                -/-        RTLC_FDE   <scan_out>  PCLK                 (+)     
22      int_mode_chain27                                                                    grp1   /dut/uartgen.uart/uartPC/rtlcreg_rxfifo_173                                                -/-        RTLC_FDE   <scan_out>  PCLK                 (+)     
23      int_mode_chain27                                                                    grp1   /dut/uartgen.uart/uartPC/rtlcreg_rxfifo_174                                                -/-        RTLC_FDE   <scan_out>  PCLK                 (+)     
24      int_mode_chain27                                                                    grp1   /dut/uartgen.uart/uartPC/rtlcreg_rxfifo_175                                                -/-        RTLC_FDE   <scan_out>  PCLK                 (+)     
25      int_mode_chain27                                                                    grp1   /dut/uartgen.uart/uartPC/rtlcreg_INTR                                                      -/-        RTLC_FD    Q           PCLK                 (+)     
26      int_mode_chain27                                                                    grp1   /dut/uartgen.uart/uartPC/rtlcreg_txfifodmaready                                            -/-        RTLC_FDE   <scan_out>  PCLK                 (+)     
27      int_mode_chain27                                                                    grp1   /dut/uartgen.uart/uartPC/rtlcreg_HeadPointerLastMove                                       -/-        RTLC_FDE   <scan_out>  PCLK                 (+)     
28      int_mode_chain27                                                                    grp1   /dut/uartgen.uart/uartPC/rtlcreg_txfifohead_0                                              -/-        RTLC_FDE   <scan_out>  PCLK                 (+)     
-       int_mode_chain28                                                                    grp1   /[lockup-after-chain]                                                                      -/-        [LAT]                  PCLK                 (-)     
0       int_mode_chain28                                                                    grp1   /dut/uartgen.uart/uartPC/rtlcreg_rxfifo_122                                                -/-        RTLC_FDE   <scan_out>  PCLK                 (+)     
1       int_mode_chain28                                                                    grp1   /dut/uartgen.uart/uartPC/rtlcreg_rxfifo_123                                                -/-        RTLC_FDE   <scan_out>  PCLK                 (+)     
2       int_mode_chain28                                                                    grp1   /dut/uartgen.uart/uartPC/rtlcreg_rxfifo_124                                                -/-        RTLC_FDE   <scan_out>  PCLK                 (+)     
3       int_mode_chain28                                                                    grp1   /dut/uartgen.uart/uartPC/rtlcreg_rxfifo_125                                                -/-        RTLC_FDE   <scan_out>  PCLK                 (+)     
4       int_mode_chain28                                                                    grp1   /dut/uartgen.uart/uartPC/rtlcreg_rxfifo_126                                                -/-        RTLC_FDE   <scan_out>  PCLK                 (+)     
5       int_mode_chain28                                                                    grp1   /dut/uartgen.uart/uartPC/rtlcreg_rxfifo_127                                                -/-        RTLC_FDE   <scan_out>  PCLK                 (+)     
6       int_mode_chain28                                                                    grp1   /dut/uartgen.uart/uartPC/rtlcreg_rxfifo_128                                                -/-        RTLC_FDE   <scan_out>  PCLK                 (+)     
7       int_mode_chain28                                                                    grp1   /dut/uartgen.uart/uartPC/rtlcreg_rxfifo_129                                                -/-        RTLC_FDE   <scan_out>  PCLK                 (+)     
8       int_mode_chain28                                                                    grp1   /dut/uartgen.uart/uartPC/rtlcreg_rxfifo_130                                                -/-        RTLC_FDE   <scan_out>  PCLK                 (+)     
9       int_mode_chain28                                                                    grp1   /dut/uartgen.uart/uartPC/rtlcreg_rxfifo_131                                                -/-        RTLC_FDE   <scan_out>  PCLK                 (+)     
10      int_mode_chain28                                                                    grp1   /dut/uartgen.uart/uartPC/rtlcreg_rxfifo_132                                                -/-        RTLC_FDE   <scan_out>  PCLK                 (+)     
11      int_mode_chain28                                                                    grp1   /dut/uartgen.uart/uartPC/rtlcreg_rxfifo_133                                                -/-        RTLC_FDE   <scan_out>  PCLK                 (+)     
12      int_mode_chain28                                                                    grp1   /dut/uartgen.uart/uartPC/rtlcreg_rxfifo_134                                                -/-        RTLC_FDE   <scan_out>  PCLK                 (+)     
13      int_mode_chain28                                                                    grp1   /dut/uartgen.uart/uartPC/rtlcreg_rxfifo_135                                                -/-        RTLC_FDE   <scan_out>  PCLK                 (+)     
14      int_mode_chain28                                                                    grp1   /dut/uartgen.uart/uartPC/rtlcreg_rxfifo_136                                                -/-        RTLC_FDE   <scan_out>  PCLK                 (+)     
15      int_mode_chain28                                                                    grp1   /dut/uartgen.uart/uartPC/rtlcreg_rxfifo_137                                                -/-        RTLC_FDE   <scan_out>  PCLK                 (+)     
16      int_mode_chain28                                                                    grp1   /dut/uartgen.uart/uartPC/rtlcreg_rxfifo_138                                                -/-        RTLC_FDE   <scan_out>  PCLK                 (+)     
17      int_mode_chain28                                                                    grp1   /dut/uartgen.uart/uartPC/rtlcreg_rxfifo_139                                                -/-        RTLC_FDE   <scan_out>  PCLK                 (+)     
18      int_mode_chain28                                                                    grp1   /dut/uartgen.uart/uartPC/rtlcreg_rxfifo_140                                                -/-        RTLC_FDE   <scan_out>  PCLK                 (+)     
19      int_mode_chain28                                                                    grp1   /dut/uartgen.uart/uartPC/rtlcreg_rxfifo_141                                                -/-        RTLC_FDE   <scan_out>  PCLK                 (+)     
20      int_mode_chain28                                                                    grp1   /dut/uartgen.uart/uartPC/rtlcreg_rxfifo_142                                                -/-        RTLC_FDE   <scan_out>  PCLK                 (+)     
21      int_mode_chain28                                                                    grp1   /dut/uartgen.uart/uartPC/rtlcreg_rxfifo_143                                                -/-        RTLC_FDE   <scan_out>  PCLK                 (+)     
22      int_mode_chain28                                                                    grp1   /dut/uartgen.uart/uartPC/rtlcreg_rxfifo_144                                                -/-        RTLC_FDE   <scan_out>  PCLK                 (+)     
23      int_mode_chain28                                                                    grp1   /dut/uartgen.uart/uartPC/rtlcreg_rxfifo_145                                                -/-        RTLC_FDE   <scan_out>  PCLK                 (+)     
24      int_mode_chain28                                                                    grp1   /dut/uartgen.uart/uartPC/rtlcreg_rxfifo_146                                                -/-        RTLC_FDE   <scan_out>  PCLK                 (+)     
25      int_mode_chain28                                                                    grp1   /dut/uartgen.uart/uartPC/rtlcreg_rxfifo_147                                                -/-        RTLC_FDE   <scan_out>  PCLK                 (+)     
26      int_mode_chain28                                                                    grp1   /dut/uartgen.uart/uartPC/rtlcreg_rxfifo_148                                                -/-        RTLC_FDE   <scan_out>  PCLK                 (+)     
27      int_mode_chain28                                                                    grp1   /dut/uartgen.uart/uartPC/rtlcreg_rxfifo_149                                                -/-        RTLC_FDE   <scan_out>  PCLK                 (+)     
28      int_mode_chain28                                                                    grp1   /dut/uartgen.uart/uartPC/rtlcreg_rxfifo_150                                                -/-        RTLC_FDE   <scan_out>  PCLK                 (+)     
-       int_mode_chain29                                                                    grp1   /[lockup-after-chain]                                                                      -/-        [LAT]                  PCLK                 (-)     
0       int_mode_chain29                                                                    grp1   /dut/uartgen.uart/uartPC/rtlcreg_rxfifo_93                                                 -/-        RTLC_FDE   <scan_out>  PCLK                 (+)     
1       int_mode_chain29                                                                    grp1   /dut/uartgen.uart/uartPC/rtlcreg_rxfifo_94                                                 -/-        RTLC_FDE   <scan_out>  PCLK                 (+)     
2       int_mode_chain29                                                                    grp1   /dut/uartgen.uart/uartPC/rtlcreg_rxfifo_95                                                 -/-        RTLC_FDE   <scan_out>  PCLK                 (+)     
3       int_mode_chain29                                                                    grp1   /dut/uartgen.uart/uartPC/rtlcreg_rxfifo_96                                                 -/-        RTLC_FDE   <scan_out>  PCLK                 (+)     
4       int_mode_chain29                                                                    grp1   /dut/uartgen.uart/uartPC/rtlcreg_rxfifo_97                                                 -/-        RTLC_FDE   <scan_out>  PCLK                 (+)     
5       int_mode_chain29                                                                    grp1   /dut/uartgen.uart/uartPC/rtlcreg_rxfifo_98                                                 -/-        RTLC_FDE   <scan_out>  PCLK                 (+)     
6       int_mode_chain29                                                                    grp1   /dut/uartgen.uart/uartPC/rtlcreg_rxfifo_99                                                 -/-        RTLC_FDE   <scan_out>  PCLK                 (+)     
7       int_mode_chain29                                                                    grp1   /dut/uartgen.uart/uartPC/rtlcreg_rxfifo_100                                                -/-        RTLC_FDE   <scan_out>  PCLK                 (+)     
8       int_mode_chain29                                                                    grp1   /dut/uartgen.uart/uartPC/rtlcreg_rxfifo_101                                                -/-        RTLC_FDE   <scan_out>  PCLK                 (+)     
9       int_mode_chain29                                                                    grp1   /dut/uartgen.uart/uartPC/rtlcreg_rxfifo_102                                                -/-        RTLC_FDE   <scan_out>  PCLK                 (+)     
10      int_mode_chain29                                                                    grp1   /dut/uartgen.uart/uartPC/rtlcreg_rxfifo_103                                                -/-        RTLC_FDE   <scan_out>  PCLK                 (+)     
11      int_mode_chain29                                                                    grp1   /dut/uartgen.uart/uartPC/rtlcreg_rxfifo_104                                                -/-        RTLC_FDE   <scan_out>  PCLK                 (+)     
12      int_mode_chain29                                                                    grp1   /dut/uartgen.uart/uartPC/rtlcreg_rxfifo_105                                                -/-        RTLC_FDE   <scan_out>  PCLK                 (+)     
13      int_mode_chain29                                                                    grp1   /dut/uartgen.uart/uartPC/rtlcreg_rxfifo_106                                                -/-        RTLC_FDE   <scan_out>  PCLK                 (+)     
14      int_mode_chain29                                                                    grp1   /dut/uartgen.uart/uartPC/rtlcreg_rxfifo_107                                                -/-        RTLC_FDE   <scan_out>  PCLK                 (+)     
15      int_mode_chain29                                                                    grp1   /dut/uartgen.uart/uartPC/rtlcreg_rxfifo_108                                                -/-        RTLC_FDE   <scan_out>  PCLK                 (+)     
16      int_mode_chain29                                                                    grp1   /dut/uartgen.uart/uartPC/rtlcreg_rxfifo_109                                                -/-        RTLC_FDE   <scan_out>  PCLK                 (+)     
17      int_mode_chain29                                                                    grp1   /dut/uartgen.uart/uartPC/rtlcreg_rxfifo_110                                                -/-        RTLC_FDE   <scan_out>  PCLK                 (+)     
18      int_mode_chain29                                                                    grp1   /dut/uartgen.uart/uartPC/rtlcreg_rxfifo_111                                                -/-        RTLC_FDE   <scan_out>  PCLK                 (+)     
19      int_mode_chain29                                                                    grp1   /dut/uartgen.uart/uartPC/rtlcreg_rxfifo_112                                                -/-        RTLC_FDE   <scan_out>  PCLK                 (+)     
20      int_mode_chain29                                                                    grp1   /dut/uartgen.uart/uartPC/rtlcreg_rxfifo_113                                                -/-        RTLC_FDE   <scan_out>  PCLK                 (+)     
21      int_mode_chain29                                                                    grp1   /dut/uartgen.uart/uartPC/rtlcreg_rxfifo_114                                                -/-        RTLC_FDE   <scan_out>  PCLK                 (+)     
22      int_mode_chain29                                                                    grp1   /dut/uartgen.uart/uartPC/rtlcreg_rxfifo_115                                                -/-        RTLC_FDE   <scan_out>  PCLK                 (+)     
23      int_mode_chain29                                                                    grp1   /dut/uartgen.uart/uartPC/rtlcreg_rxfifo_116                                                -/-        RTLC_FDE   <scan_out>  PCLK                 (+)     
24      int_mode_chain29                                                                    grp1   /dut/uartgen.uart/uartPC/rtlcreg_rxfifo_117                                                -/-        RTLC_FDE   <scan_out>  PCLK                 (+)     
25      int_mode_chain29                                                                    grp1   /dut/uartgen.uart/uartPC/rtlcreg_rxfifo_118                                                -/-        RTLC_FDE   <scan_out>  PCLK                 (+)     
26      int_mode_chain29                                                                    grp1   /dut/uartgen.uart/uartPC/rtlcreg_rxfifo_119                                                -/-        RTLC_FDE   <scan_out>  PCLK                 (+)     
27      int_mode_chain29                                                                    grp1   /dut/uartgen.uart/uartPC/rtlcreg_rxfifo_120                                                -/-        RTLC_FDE   <scan_out>  PCLK                 (+)     
28      int_mode_chain29                                                                    grp1   /dut/uartgen.uart/uartPC/rtlcreg_rxfifo_121                                                -/-        RTLC_FDE   <scan_out>  PCLK                 (+)     
-       int_mode_chain30                                                                    grp1   /[lockup-after-chain]                                                                      -/-        [LAT]                  PCLK                 (-)     
0       int_mode_chain30                                                                    grp1   /dut/uartgen.uart/uartPC/rtlcreg_rxfifo_64                                                 -/-        RTLC_FDE   <scan_out>  PCLK                 (+)     
1       int_mode_chain30                                                                    grp1   /dut/uartgen.uart/uartPC/rtlcreg_rxfifo_65                                                 -/-        RTLC_FDE   <scan_out>  PCLK                 (+)     
2       int_mode_chain30                                                                    grp1   /dut/uartgen.uart/uartPC/rtlcreg_rxfifo_66                                                 -/-        RTLC_FDE   <scan_out>  PCLK                 (+)     
3       int_mode_chain30                                                                    grp1   /dut/uartgen.uart/uartPC/rtlcreg_rxfifo_67                                                 -/-        RTLC_FDE   <scan_out>  PCLK                 (+)     
4       int_mode_chain30                                                                    grp1   /dut/uartgen.uart/uartPC/rtlcreg_rxfifo_68                                                 -/-        RTLC_FDE   <scan_out>  PCLK                 (+)     
5       int_mode_chain30                                                                    grp1   /dut/uartgen.uart/uartPC/rtlcreg_rxfifo_69                                                 -/-        RTLC_FDE   <scan_out>  PCLK                 (+)     
6       int_mode_chain30                                                                    grp1   /dut/uartgen.uart/uartPC/rtlcreg_rxfifo_70                                                 -/-        RTLC_FDE   <scan_out>  PCLK                 (+)     
7       int_mode_chain30                                                                    grp1   /dut/uartgen.uart/uartPC/rtlcreg_rxfifo_71                                                 -/-        RTLC_FDE   <scan_out>  PCLK                 (+)     
8       int_mode_chain30                                                                    grp1   /dut/uartgen.uart/uartPC/rtlcreg_rxfifo_72                                                 -/-        RTLC_FDE   <scan_out>  PCLK                 (+)     
9       int_mode_chain30                                                                    grp1   /dut/uartgen.uart/uartPC/rtlcreg_rxfifo_73                                                 -/-        RTLC_FDE   <scan_out>  PCLK                 (+)     
10      int_mode_chain30                                                                    grp1   /dut/uartgen.uart/uartPC/rtlcreg_rxfifo_74                                                 -/-        RTLC_FDE   <scan_out>  PCLK                 (+)     
11      int_mode_chain30                                                                    grp1   /dut/uartgen.uart/uartPC/rtlcreg_rxfifo_75                                                 -/-        RTLC_FDE   <scan_out>  PCLK                 (+)     
12      int_mode_chain30                                                                    grp1   /dut/uartgen.uart/uartPC/rtlcreg_rxfifo_76                                                 -/-        RTLC_FDE   <scan_out>  PCLK                 (+)     
13      int_mode_chain30                                                                    grp1   /dut/uartgen.uart/uartPC/rtlcreg_rxfifo_77                                                 -/-        RTLC_FDE   <scan_out>  PCLK                 (+)     
14      int_mode_chain30                                                                    grp1   /dut/uartgen.uart/uartPC/rtlcreg_rxfifo_78                                                 -/-        RTLC_FDE   <scan_out>  PCLK                 (+)     
15      int_mode_chain30                                                                    grp1   /dut/uartgen.uart/uartPC/rtlcreg_rxfifo_79                                                 -/-        RTLC_FDE   <scan_out>  PCLK                 (+)     
16      int_mode_chain30                                                                    grp1   /dut/uartgen.uart/uartPC/rtlcreg_rxfifo_80                                                 -/-        RTLC_FDE   <scan_out>  PCLK                 (+)     
17      int_mode_chain30                                                                    grp1   /dut/uartgen.uart/uartPC/rtlcreg_rxfifo_81                                                 -/-        RTLC_FDE   <scan_out>  PCLK                 (+)     
18      int_mode_chain30                                                                    grp1   /dut/uartgen.uart/uartPC/rtlcreg_rxfifo_82                                                 -/-        RTLC_FDE   <scan_out>  PCLK                 (+)     
19      int_mode_chain30                                                                    grp1   /dut/uartgen.uart/uartPC/rtlcreg_rxfifo_83                                                 -/-        RTLC_FDE   <scan_out>  PCLK                 (+)     
20      int_mode_chain30                                                                    grp1   /dut/uartgen.uart/uartPC/rtlcreg_rxfifo_84                                                 -/-        RTLC_FDE   <scan_out>  PCLK                 (+)     
21      int_mode_chain30                                                                    grp1   /dut/uartgen.uart/uartPC/rtlcreg_rxfifo_85                                                 -/-        RTLC_FDE   <scan_out>  PCLK                 (+)     
22      int_mode_chain30                                                                    grp1   /dut/uartgen.uart/uartPC/rtlcreg_rxfifo_86                                                 -/-        RTLC_FDE   <scan_out>  PCLK                 (+)     
23      int_mode_chain30                                                                    grp1   /dut/uartgen.uart/uartPC/rtlcreg_rxfifo_87                                                 -/-        RTLC_FDE   <scan_out>  PCLK                 (+)     
24      int_mode_chain30                                                                    grp1   /dut/uartgen.uart/uartPC/rtlcreg_rxfifo_88                                                 -/-        RTLC_FDE   <scan_out>  PCLK                 (+)     
25      int_mode_chain30                                                                    grp1   /dut/uartgen.uart/uartPC/rtlcreg_rxfifo_89                                                 -/-        RTLC_FDE   <scan_out>  PCLK                 (+)     
26      int_mode_chain30                                                                    grp1   /dut/uartgen.uart/uartPC/rtlcreg_rxfifo_90                                                 -/-        RTLC_FDE   <scan_out>  PCLK                 (+)     
27      int_mode_chain30                                                                    grp1   /dut/uartgen.uart/uartPC/rtlcreg_rxfifo_91                                                 -/-        RTLC_FDE   <scan_out>  PCLK                 (+)     
28      int_mode_chain30                                                                    grp1   /dut/uartgen.uart/uartPC/rtlcreg_rxfifo_92                                                 -/-        RTLC_FDE   <scan_out>  PCLK                 (+)     
-       int_mode_chain31                                                                    grp1   /[lockup-after-chain]                                                                      -/-        [LAT]                  PCLK                 (-)     
0       int_mode_chain31                                                                    grp1   /dut/uartgen.uart/uartPC/rtlcreg_rxfifo_35                                                 -/-        RTLC_FDE   <scan_out>  PCLK                 (+)     
1       int_mode_chain31                                                                    grp1   /dut/uartgen.uart/uartPC/rtlcreg_rxfifo_36                                                 -/-        RTLC_FDE   <scan_out>  PCLK                 (+)     
2       int_mode_chain31                                                                    grp1   /dut/uartgen.uart/uartPC/rtlcreg_rxfifo_37                                                 -/-        RTLC_FDE   <scan_out>  PCLK                 (+)     
3       int_mode_chain31                                                                    grp1   /dut/uartgen.uart/uartPC/rtlcreg_rxfifo_38                                                 -/-        RTLC_FDE   <scan_out>  PCLK                 (+)     
4       int_mode_chain31                                                                    grp1   /dut/uartgen.uart/uartPC/rtlcreg_rxfifo_39                                                 -/-        RTLC_FDE   <scan_out>  PCLK                 (+)     
5       int_mode_chain31                                                                    grp1   /dut/uartgen.uart/uartPC/rtlcreg_rxfifo_40                                                 -/-        RTLC_FDE   <scan_out>  PCLK                 (+)     
6       int_mode_chain31                                                                    grp1   /dut/uartgen.uart/uartPC/rtlcreg_rxfifo_41                                                 -/-        RTLC_FDE   <scan_out>  PCLK                 (+)     
7       int_mode_chain31                                                                    grp1   /dut/uartgen.uart/uartPC/rtlcreg_rxfifo_42                                                 -/-        RTLC_FDE   <scan_out>  PCLK                 (+)     
8       int_mode_chain31                                                                    grp1   /dut/uartgen.uart/uartPC/rtlcreg_rxfifo_43                                                 -/-        RTLC_FDE   <scan_out>  PCLK                 (+)     
9       int_mode_chain31                                                                    grp1   /dut/uartgen.uart/uartPC/rtlcreg_rxfifo_44                                                 -/-        RTLC_FDE   <scan_out>  PCLK                 (+)     
10      int_mode_chain31                                                                    grp1   /dut/uartgen.uart/uartPC/rtlcreg_rxfifo_45                                                 -/-        RTLC_FDE   <scan_out>  PCLK                 (+)     
11      int_mode_chain31                                                                    grp1   /dut/uartgen.uart/uartPC/rtlcreg_rxfifo_46                                                 -/-        RTLC_FDE   <scan_out>  PCLK                 (+)     
12      int_mode_chain31                                                                    grp1   /dut/uartgen.uart/uartPC/rtlcreg_rxfifo_47                                                 -/-        RTLC_FDE   <scan_out>  PCLK                 (+)     
13      int_mode_chain31                                                                    grp1   /dut/uartgen.uart/uartPC/rtlcreg_rxfifo_48                                                 -/-        RTLC_FDE   <scan_out>  PCLK                 (+)     
14      int_mode_chain31                                                                    grp1   /dut/uartgen.uart/uartPC/rtlcreg_rxfifo_49                                                 -/-        RTLC_FDE   <scan_out>  PCLK                 (+)     
15      int_mode_chain31                                                                    grp1   /dut/uartgen.uart/uartPC/rtlcreg_rxfifo_50                                                 -/-        RTLC_FDE   <scan_out>  PCLK                 (+)     
16      int_mode_chain31                                                                    grp1   /dut/uartgen.uart/uartPC/rtlcreg_rxfifo_51                                                 -/-        RTLC_FDE   <scan_out>  PCLK                 (+)     
17      int_mode_chain31                                                                    grp1   /dut/uartgen.uart/uartPC/rtlcreg_rxfifo_52                                                 -/-        RTLC_FDE   <scan_out>  PCLK                 (+)     
18      int_mode_chain31                                                                    grp1   /dut/uartgen.uart/uartPC/rtlcreg_rxfifo_53                                                 -/-        RTLC_FDE   <scan_out>  PCLK                 (+)     
19      int_mode_chain31                                                                    grp1   /dut/uartgen.uart/uartPC/rtlcreg_rxfifo_54                                                 -/-        RTLC_FDE   <scan_out>  PCLK                 (+)     
20      int_mode_chain31                                                                    grp1   /dut/uartgen.uart/uartPC/rtlcreg_rxfifo_55                                                 -/-        RTLC_FDE   <scan_out>  PCLK                 (+)     
21      int_mode_chain31                                                                    grp1   /dut/uartgen.uart/uartPC/rtlcreg_rxfifo_56                                                 -/-        RTLC_FDE   <scan_out>  PCLK                 (+)     
22      int_mode_chain31                                                                    grp1   /dut/uartgen.uart/uartPC/rtlcreg_rxfifo_57                                                 -/-        RTLC_FDE   <scan_out>  PCLK                 (+)     
23      int_mode_chain31                                                                    grp1   /dut/uartgen.uart/uartPC/rtlcreg_rxfifo_58                                                 -/-        RTLC_FDE   <scan_out>  PCLK                 (+)     
24      int_mode_chain31                                                                    grp1   /dut/uartgen.uart/uartPC/rtlcreg_rxfifo_59                                                 -/-        RTLC_FDE   <scan_out>  PCLK                 (+)     
25      int_mode_chain31                                                                    grp1   /dut/uartgen.uart/uartPC/rtlcreg_rxfifo_60                                                 -/-        RTLC_FDE   <scan_out>  PCLK                 (+)     
26      int_mode_chain31                                                                    grp1   /dut/uartgen.uart/uartPC/rtlcreg_rxfifo_61                                                 -/-        RTLC_FDE   <scan_out>  PCLK                 (+)     
27      int_mode_chain31                                                                    grp1   /dut/uartgen.uart/uartPC/rtlcreg_rxfifo_62                                                 -/-        RTLC_FDE   <scan_out>  PCLK                 (+)     
28      int_mode_chain31                                                                    grp1   /dut/uartgen.uart/uartPC/rtlcreg_rxfifo_63                                                 -/-        RTLC_FDE   <scan_out>  PCLK                 (+)     
-       int_mode_chain32                                                                    grp1   /[lockup-after-chain]                                                                      -/-        [LAT]                  PCLK                 (-)     
0       int_mode_chain32                                                                    grp1   /dut/uartgen.uart/uartPC/rtlcreg_rxfifo_6                                                  -/-        RTLC_FDE   <scan_out>  PCLK                 (+)     
1       int_mode_chain32                                                                    grp1   /dut/uartgen.uart/uartPC/rtlcreg_rxfifo_7                                                  -/-        RTLC_FDE   <scan_out>  PCLK                 (+)     
2       int_mode_chain32                                                                    grp1   /dut/uartgen.uart/uartPC/rtlcreg_rxfifo_8                                                  -/-        RTLC_FDE   <scan_out>  PCLK                 (+)     
3       int_mode_chain32                                                                    grp1   /dut/uartgen.uart/uartPC/rtlcreg_rxfifo_9                                                  -/-        RTLC_FDE   <scan_out>  PCLK                 (+)     
4       int_mode_chain32                                                                    grp1   /dut/uartgen.uart/uartPC/rtlcreg_rxfifo_10                                                 -/-        RTLC_FDE   <scan_out>  PCLK                 (+)     
5       int_mode_chain32                                                                    grp1   /dut/uartgen.uart/uartPC/rtlcreg_rxfifo_11                                                 -/-        RTLC_FDE   <scan_out>  PCLK                 (+)     
6       int_mode_chain32                                                                    grp1   /dut/uartgen.uart/uartPC/rtlcreg_rxfifo_12                                                 -/-        RTLC_FDE   <scan_out>  PCLK                 (+)     
7       int_mode_chain32                                                                    grp1   /dut/uartgen.uart/uartPC/rtlcreg_rxfifo_13                                                 -/-        RTLC_FDE   <scan_out>  PCLK                 (+)     
8       int_mode_chain32                                                                    grp1   /dut/uartgen.uart/uartPC/rtlcreg_rxfifo_14                                                 -/-        RTLC_FDE   <scan_out>  PCLK                 (+)     
9       int_mode_chain32                                                                    grp1   /dut/uartgen.uart/uartPC/rtlcreg_rxfifo_15                                                 -/-        RTLC_FDE   <scan_out>  PCLK                 (+)     
10      int_mode_chain32                                                                    grp1   /dut/uartgen.uart/uartPC/rtlcreg_rxfifo_16                                                 -/-        RTLC_FDE   <scan_out>  PCLK                 (+)     
11      int_mode_chain32                                                                    grp1   /dut/uartgen.uart/uartPC/rtlcreg_rxfifo_17                                                 -/-        RTLC_FDE   <scan_out>  PCLK                 (+)     
12      int_mode_chain32                                                                    grp1   /dut/uartgen.uart/uartPC/rtlcreg_rxfifo_18                                                 -/-        RTLC_FDE   <scan_out>  PCLK                 (+)     
13      int_mode_chain32                                                                    grp1   /dut/uartgen.uart/uartPC/rtlcreg_rxfifo_19                                                 -/-        RTLC_FDE   <scan_out>  PCLK                 (+)     
14      int_mode_chain32                                                                    grp1   /dut/uartgen.uart/uartPC/rtlcreg_rxfifo_20                                                 -/-        RTLC_FDE   <scan_out>  PCLK                 (+)     
15      int_mode_chain32                                                                    grp1   /dut/uartgen.uart/uartPC/rtlcreg_rxfifo_21                                                 -/-        RTLC_FDE   <scan_out>  PCLK                 (+)     
16      int_mode_chain32                                                                    grp1   /dut/uartgen.uart/uartPC/rtlcreg_rxfifo_22                                                 -/-        RTLC_FDE   <scan_out>  PCLK                 (+)     
17      int_mode_chain32                                                                    grp1   /dut/uartgen.uart/uartPC/rtlcreg_rxfifo_23                                                 -/-        RTLC_FDE   <scan_out>  PCLK                 (+)     
18      int_mode_chain32                                                                    grp1   /dut/uartgen.uart/uartPC/rtlcreg_rxfifo_24                                                 -/-        RTLC_FDE   <scan_out>  PCLK                 (+)     
19      int_mode_chain32                                                                    grp1   /dut/uartgen.uart/uartPC/rtlcreg_rxfifo_25                                                 -/-        RTLC_FDE   <scan_out>  PCLK                 (+)     
20      int_mode_chain32                                                                    grp1   /dut/uartgen.uart/uartPC/rtlcreg_rxfifo_26                                                 -/-        RTLC_FDE   <scan_out>  PCLK                 (+)     
21      int_mode_chain32                                                                    grp1   /dut/uartgen.uart/uartPC/rtlcreg_rxfifo_27                                                 -/-        RTLC_FDE   <scan_out>  PCLK                 (+)     
22      int_mode_chain32                                                                    grp1   /dut/uartgen.uart/uartPC/rtlcreg_rxfifo_28                                                 -/-        RTLC_FDE   <scan_out>  PCLK                 (+)     
23      int_mode_chain32                                                                    grp1   /dut/uartgen.uart/uartPC/rtlcreg_rxfifo_29                                                 -/-        RTLC_FDE   <scan_out>  PCLK                 (+)     
24      int_mode_chain32                                                                    grp1   /dut/uartgen.uart/uartPC/rtlcreg_rxfifo_30                                                 -/-        RTLC_FDE   <scan_out>  PCLK                 (+)     
25      int_mode_chain32                                                                    grp1   /dut/uartgen.uart/uartPC/rtlcreg_rxfifo_31                                                 -/-        RTLC_FDE   <scan_out>  PCLK                 (+)     
26      int_mode_chain32                                                                    grp1   /dut/uartgen.uart/uartPC/rtlcreg_rxfifo_32                                                 -/-        RTLC_FDE   <scan_out>  PCLK                 (+)     
27      int_mode_chain32                                                                    grp1   /dut/uartgen.uart/uartPC/rtlcreg_rxfifo_33                                                 -/-        RTLC_FDE   <scan_out>  PCLK                 (+)     
28      int_mode_chain32                                                                    grp1   /dut/uartgen.uart/uartPC/rtlcreg_rxfifo_34                                                 -/-        RTLC_FDE   <scan_out>  PCLK                 (+)     
-       int_mode_chain33                                                                    grp1   /[lockup-after-chain]                                                                      -/-        [LAT]                  PCLK                 (-)     
0       int_mode_chain33                                                                    grp1   /dut/uartgen.uart/uartPC/rtlcreg_txfifo_105                                                -/-        RTLC_FDE   <scan_out>  PCLK                 (+)     
1       int_mode_chain33                                                                    grp1   /dut/uartgen.uart/uartPC/rtlcreg_txfifo_106                                                -/-        RTLC_FDE   <scan_out>  PCLK                 (+)     
2       int_mode_chain33                                                                    grp1   /dut/uartgen.uart/uartPC/rtlcreg_txfifo_107                                                -/-        RTLC_FDE   <scan_out>  PCLK                 (+)     
3       int_mode_chain33                                                                    grp1   /dut/uartgen.uart/uartPC/rtlcreg_txfifo_108                                                -/-        RTLC_FDE   <scan_out>  PCLK                 (+)     
4       int_mode_chain33                                                                    grp1   /dut/uartgen.uart/uartPC/rtlcreg_txfifo_109                                                -/-        RTLC_FDE   <scan_out>  PCLK                 (+)     
5       int_mode_chain33                                                                    grp1   /dut/uartgen.uart/uartPC/rtlcreg_txfifo_110                                                -/-        RTLC_FDE   <scan_out>  PCLK                 (+)     
6       int_mode_chain33                                                                    grp1   /dut/uartgen.uart/uartPC/rtlcreg_txfifo_111                                                -/-        RTLC_FDE   <scan_out>  PCLK                 (+)     
7       int_mode_chain33                                                                    grp1   /dut/uartgen.uart/uartPC/rtlcreg_txfifo_112                                                -/-        RTLC_FDE   <scan_out>  PCLK                 (+)     
8       int_mode_chain33                                                                    grp1   /dut/uartgen.uart/uartPC/rtlcreg_txfifo_113                                                -/-        RTLC_FDE   <scan_out>  PCLK                 (+)     
9       int_mode_chain33                                                                    grp1   /dut/uartgen.uart/uartPC/rtlcreg_txfifo_114                                                -/-        RTLC_FDE   <scan_out>  PCLK                 (+)     
10      int_mode_chain33                                                                    grp1   /dut/uartgen.uart/uartPC/rtlcreg_txfifo_115                                                -/-        RTLC_FDE   <scan_out>  PCLK                 (+)     
11      int_mode_chain33                                                                    grp1   /dut/uartgen.uart/uartPC/rtlcreg_txfifo_116                                                -/-        RTLC_FDE   <scan_out>  PCLK                 (+)     
12      int_mode_chain33                                                                    grp1   /dut/uartgen.uart/uartPC/rtlcreg_txfifo_117                                                -/-        RTLC_FDE   <scan_out>  PCLK                 (+)     
13      int_mode_chain33                                                                    grp1   /dut/uartgen.uart/uartPC/rtlcreg_txfifo_118                                                -/-        RTLC_FDE   <scan_out>  PCLK                 (+)     
14      int_mode_chain33                                                                    grp1   /dut/uartgen.uart/uartPC/rtlcreg_txfifo_119                                                -/-        RTLC_FDE   <scan_out>  PCLK                 (+)     
15      int_mode_chain33                                                                    grp1   /dut/uartgen.uart/uartPC/rtlcreg_txfifo_120                                                -/-        RTLC_FDE   <scan_out>  PCLK                 (+)     
16      int_mode_chain33                                                                    grp1   /dut/uartgen.uart/uartPC/rtlcreg_txfifo_121                                                -/-        RTLC_FDE   <scan_out>  PCLK                 (+)     
17      int_mode_chain33                                                                    grp1   /dut/uartgen.uart/uartPC/rtlcreg_txfifo_122                                                -/-        RTLC_FDE   <scan_out>  PCLK                 (+)     
18      int_mode_chain33                                                                    grp1   /dut/uartgen.uart/uartPC/rtlcreg_txfifo_123                                                -/-        RTLC_FDE   <scan_out>  PCLK                 (+)     
19      int_mode_chain33                                                                    grp1   /dut/uartgen.uart/uartPC/rtlcreg_txfifo_124                                                -/-        RTLC_FDE   <scan_out>  PCLK                 (+)     
20      int_mode_chain33                                                                    grp1   /dut/uartgen.uart/uartPC/rtlcreg_txfifo_125                                                -/-        RTLC_FDE   <scan_out>  PCLK                 (+)     
21      int_mode_chain33                                                                    grp1   /dut/uartgen.uart/uartPC/rtlcreg_txfifo_126                                                -/-        RTLC_FDE   <scan_out>  PCLK                 (+)     
22      int_mode_chain33                                                                    grp1   /dut/uartgen.uart/uartPC/rtlcreg_txfifo_127                                                -/-        RTLC_FDE   <scan_out>  PCLK                 (+)     
23      int_mode_chain33                                                                    grp1   /dut/uartgen.uart/uartPC/rtlcreg_rxfifo_0                                                  -/-        RTLC_FDE   <scan_out>  PCLK                 (+)     
24      int_mode_chain33                                                                    grp1   /dut/uartgen.uart/uartPC/rtlcreg_rxfifo_1                                                  -/-        RTLC_FDE   <scan_out>  PCLK                 (+)     
25      int_mode_chain33                                                                    grp1   /dut/uartgen.uart/uartPC/rtlcreg_rxfifo_2                                                  -/-        RTLC_FDE   <scan_out>  PCLK                 (+)     
26      int_mode_chain33                                                                    grp1   /dut/uartgen.uart/uartPC/rtlcreg_rxfifo_3                                                  -/-        RTLC_FDE   <scan_out>  PCLK                 (+)     
27      int_mode_chain33                                                                    grp1   /dut/uartgen.uart/uartPC/rtlcreg_rxfifo_4                                                  -/-        RTLC_FDE   <scan_out>  PCLK                 (+)     
28      int_mode_chain33                                                                    grp1   /dut/uartgen.uart/uartPC/rtlcreg_rxfifo_5                                                  -/-        RTLC_FDE   <scan_out>  PCLK                 (+)     
-       int_mode_chain34                                                                    grp1   /[lockup-after-chain]                                                                      -/-        [LAT]                  PCLK                 (-)     
0       int_mode_chain34                                                                    grp1   /dut/uartgen.uart/uartPC/rtlcreg_txfifo_76                                                 -/-        RTLC_FDE   <scan_out>  PCLK                 (+)     
1       int_mode_chain34                                                                    grp1   /dut/uartgen.uart/uartPC/rtlcreg_txfifo_77                                                 -/-        RTLC_FDE   <scan_out>  PCLK                 (+)     
2       int_mode_chain34                                                                    grp1   /dut/uartgen.uart/uartPC/rtlcreg_txfifo_78                                                 -/-        RTLC_FDE   <scan_out>  PCLK                 (+)     
3       int_mode_chain34                                                                    grp1   /dut/uartgen.uart/uartPC/rtlcreg_txfifo_79                                                 -/-        RTLC_FDE   <scan_out>  PCLK                 (+)     
4       int_mode_chain34                                                                    grp1   /dut/uartgen.uart/uartPC/rtlcreg_txfifo_80                                                 -/-        RTLC_FDE   <scan_out>  PCLK                 (+)     
5       int_mode_chain34                                                                    grp1   /dut/uartgen.uart/uartPC/rtlcreg_txfifo_81                                                 -/-        RTLC_FDE   <scan_out>  PCLK                 (+)     
6       int_mode_chain34                                                                    grp1   /dut/uartgen.uart/uartPC/rtlcreg_txfifo_82                                                 -/-        RTLC_FDE   <scan_out>  PCLK                 (+)     
7       int_mode_chain34                                                                    grp1   /dut/uartgen.uart/uartPC/rtlcreg_txfifo_83                                                 -/-        RTLC_FDE   <scan_out>  PCLK                 (+)     
8       int_mode_chain34                                                                    grp1   /dut/uartgen.uart/uartPC/rtlcreg_txfifo_84                                                 -/-        RTLC_FDE   <scan_out>  PCLK                 (+)     
9       int_mode_chain34                                                                    grp1   /dut/uartgen.uart/uartPC/rtlcreg_txfifo_85                                                 -/-        RTLC_FDE   <scan_out>  PCLK                 (+)     
10      int_mode_chain34                                                                    grp1   /dut/uartgen.uart/uartPC/rtlcreg_txfifo_86                                                 -/-        RTLC_FDE   <scan_out>  PCLK                 (+)     
11      int_mode_chain34                                                                    grp1   /dut/uartgen.uart/uartPC/rtlcreg_txfifo_87                                                 -/-        RTLC_FDE   <scan_out>  PCLK                 (+)     
12      int_mode_chain34                                                                    grp1   /dut/uartgen.uart/uartPC/rtlcreg_txfifo_88                                                 -/-        RTLC_FDE   <scan_out>  PCLK                 (+)     
13      int_mode_chain34                                                                    grp1   /dut/uartgen.uart/uartPC/rtlcreg_txfifo_89                                                 -/-        RTLC_FDE   <scan_out>  PCLK                 (+)     
14      int_mode_chain34                                                                    grp1   /dut/uartgen.uart/uartPC/rtlcreg_txfifo_90                                                 -/-        RTLC_FDE   <scan_out>  PCLK                 (+)     
15      int_mode_chain34                                                                    grp1   /dut/uartgen.uart/uartPC/rtlcreg_txfifo_91                                                 -/-        RTLC_FDE   <scan_out>  PCLK                 (+)     
16      int_mode_chain34                                                                    grp1   /dut/uartgen.uart/uartPC/rtlcreg_txfifo_92                                                 -/-        RTLC_FDE   <scan_out>  PCLK                 (+)     
17      int_mode_chain34                                                                    grp1   /dut/uartgen.uart/uartPC/rtlcreg_txfifo_93                                                 -/-        RTLC_FDE   <scan_out>  PCLK                 (+)     
18      int_mode_chain34                                                                    grp1   /dut/uartgen.uart/uartPC/rtlcreg_txfifo_94                                                 -/-        RTLC_FDE   <scan_out>  PCLK                 (+)     
19      int_mode_chain34                                                                    grp1   /dut/uartgen.uart/uartPC/rtlcreg_txfifo_95                                                 -/-        RTLC_FDE   <scan_out>  PCLK                 (+)     
20      int_mode_chain34                                                                    grp1   /dut/uartgen.uart/uartPC/rtlcreg_txfifo_96                                                 -/-        RTLC_FDE   <scan_out>  PCLK                 (+)     
21      int_mode_chain34                                                                    grp1   /dut/uartgen.uart/uartPC/rtlcreg_txfifo_97                                                 -/-        RTLC_FDE   <scan_out>  PCLK                 (+)     
22      int_mode_chain34                                                                    grp1   /dut/uartgen.uart/uartPC/rtlcreg_txfifo_98                                                 -/-        RTLC_FDE   <scan_out>  PCLK                 (+)     
23      int_mode_chain34                                                                    grp1   /dut/uartgen.uart/uartPC/rtlcreg_txfifo_99                                                 -/-        RTLC_FDE   <scan_out>  PCLK                 (+)     
24      int_mode_chain34                                                                    grp1   /dut/uartgen.uart/uartPC/rtlcreg_txfifo_100                                                -/-        RTLC_FDE   <scan_out>  PCLK                 (+)     
25      int_mode_chain34                                                                    grp1   /dut/uartgen.uart/uartPC/rtlcreg_txfifo_101                                                -/-        RTLC_FDE   <scan_out>  PCLK                 (+)     
26      int_mode_chain34                                                                    grp1   /dut/uartgen.uart/uartPC/rtlcreg_txfifo_102                                                -/-        RTLC_FDE   <scan_out>  PCLK                 (+)     
27      int_mode_chain34                                                                    grp1   /dut/uartgen.uart/uartPC/rtlcreg_txfifo_103                                                -/-        RTLC_FDE   <scan_out>  PCLK                 (+)     
28      int_mode_chain34                                                                    grp1   /dut/uartgen.uart/uartPC/rtlcreg_txfifo_104                                                -/-        RTLC_FDE   <scan_out>  PCLK                 (+)     
-       int_mode_chain35                                                                    grp1   /[lockup-after-chain]                                                                      -/-        [LAT]                  PCLK                 (-)     
0       int_mode_chain35                                                                    grp1   /dut/uartgen.uart/uartPC/rtlcreg_txfifo_47                                                 -/-        RTLC_FDE   <scan_out>  PCLK                 (+)     
1       int_mode_chain35                                                                    grp1   /dut/uartgen.uart/uartPC/rtlcreg_txfifo_48                                                 -/-        RTLC_FDE   <scan_out>  PCLK                 (+)     
2       int_mode_chain35                                                                    grp1   /dut/uartgen.uart/uartPC/rtlcreg_txfifo_49                                                 -/-        RTLC_FDE   <scan_out>  PCLK                 (+)     
3       int_mode_chain35                                                                    grp1   /dut/uartgen.uart/uartPC/rtlcreg_txfifo_50                                                 -/-        RTLC_FDE   <scan_out>  PCLK                 (+)     
4       int_mode_chain35                                                                    grp1   /dut/uartgen.uart/uartPC/rtlcreg_txfifo_51                                                 -/-        RTLC_FDE   <scan_out>  PCLK                 (+)     
5       int_mode_chain35                                                                    grp1   /dut/uartgen.uart/uartPC/rtlcreg_txfifo_52                                                 -/-        RTLC_FDE   <scan_out>  PCLK                 (+)     
6       int_mode_chain35                                                                    grp1   /dut/uartgen.uart/uartPC/rtlcreg_txfifo_53                                                 -/-        RTLC_FDE   <scan_out>  PCLK                 (+)     
7       int_mode_chain35                                                                    grp1   /dut/uartgen.uart/uartPC/rtlcreg_txfifo_54                                                 -/-        RTLC_FDE   <scan_out>  PCLK                 (+)     
8       int_mode_chain35                                                                    grp1   /dut/uartgen.uart/uartPC/rtlcreg_txfifo_55                                                 -/-        RTLC_FDE   <scan_out>  PCLK                 (+)     
9       int_mode_chain35                                                                    grp1   /dut/uartgen.uart/uartPC/rtlcreg_txfifo_56                                                 -/-        RTLC_FDE   <scan_out>  PCLK                 (+)     
10      int_mode_chain35                                                                    grp1   /dut/uartgen.uart/uartPC/rtlcreg_txfifo_57                                                 -/-        RTLC_FDE   <scan_out>  PCLK                 (+)     
11      int_mode_chain35                                                                    grp1   /dut/uartgen.uart/uartPC/rtlcreg_txfifo_58                                                 -/-        RTLC_FDE   <scan_out>  PCLK                 (+)     
12      int_mode_chain35                                                                    grp1   /dut/uartgen.uart/uartPC/rtlcreg_txfifo_59                                                 -/-        RTLC_FDE   <scan_out>  PCLK                 (+)     
13      int_mode_chain35                                                                    grp1   /dut/uartgen.uart/uartPC/rtlcreg_txfifo_60                                                 -/-        RTLC_FDE   <scan_out>  PCLK                 (+)     
14      int_mode_chain35                                                                    grp1   /dut/uartgen.uart/uartPC/rtlcreg_txfifo_61                                                 -/-        RTLC_FDE   <scan_out>  PCLK                 (+)     
15      int_mode_chain35                                                                    grp1   /dut/uartgen.uart/uartPC/rtlcreg_txfifo_62                                                 -/-        RTLC_FDE   <scan_out>  PCLK                 (+)     
16      int_mode_chain35                                                                    grp1   /dut/uartgen.uart/uartPC/rtlcreg_txfifo_63                                                 -/-        RTLC_FDE   <scan_out>  PCLK                 (+)     
17      int_mode_chain35                                                                    grp1   /dut/uartgen.uart/uartPC/rtlcreg_txfifo_64                                                 -/-        RTLC_FDE   <scan_out>  PCLK                 (+)     
18      int_mode_chain35                                                                    grp1   /dut/uartgen.uart/uartPC/rtlcreg_txfifo_65                                                 -/-        RTLC_FDE   <scan_out>  PCLK                 (+)     
19      int_mode_chain35                                                                    grp1   /dut/uartgen.uart/uartPC/rtlcreg_txfifo_66                                                 -/-        RTLC_FDE   <scan_out>  PCLK                 (+)     
20      int_mode_chain35                                                                    grp1   /dut/uartgen.uart/uartPC/rtlcreg_txfifo_67                                                 -/-        RTLC_FDE   <scan_out>  PCLK                 (+)     
21      int_mode_chain35                                                                    grp1   /dut/uartgen.uart/uartPC/rtlcreg_txfifo_68                                                 -/-        RTLC_FDE   <scan_out>  PCLK                 (+)     
22      int_mode_chain35                                                                    grp1   /dut/uartgen.uart/uartPC/rtlcreg_txfifo_69                                                 -/-        RTLC_FDE   <scan_out>  PCLK                 (+)     
23      int_mode_chain35                                                                    grp1   /dut/uartgen.uart/uartPC/rtlcreg_txfifo_70                                                 -/-        RTLC_FDE   <scan_out>  PCLK                 (+)     
24      int_mode_chain35                                                                    grp1   /dut/uartgen.uart/uartPC/rtlcreg_txfifo_71                                                 -/-        RTLC_FDE   <scan_out>  PCLK                 (+)     
25      int_mode_chain35                                                                    grp1   /dut/uartgen.uart/uartPC/rtlcreg_txfifo_72                                                 -/-        RTLC_FDE   <scan_out>  PCLK                 (+)     
26      int_mode_chain35                                                                    grp1   /dut/uartgen.uart/uartPC/rtlcreg_txfifo_73                                                 -/-        RTLC_FDE   <scan_out>  PCLK                 (+)     
27      int_mode_chain35                                                                    grp1   /dut/uartgen.uart/uartPC/rtlcreg_txfifo_74                                                 -/-        RTLC_FDE   <scan_out>  PCLK                 (+)     
28      int_mode_chain35                                                                    grp1   /dut/uartgen.uart/uartPC/rtlcreg_txfifo_75                                                 -/-        RTLC_FDE   <scan_out>  PCLK                 (+)     
-       int_mode_chain36                                                                    grp1   /[lockup-after-chain]                                                                      -/-        [LAT]                  PCLK                 (-)     
0       int_mode_chain36                                                                    grp1   /dut/uartgen.uart/uartPC/rtlcreg_txfifo_18                                                 -/-        RTLC_FDE   <scan_out>  PCLK                 (+)     
1       int_mode_chain36                                                                    grp1   /dut/uartgen.uart/uartPC/rtlcreg_txfifo_19                                                 -/-        RTLC_FDE   <scan_out>  PCLK                 (+)     
2       int_mode_chain36                                                                    grp1   /dut/uartgen.uart/uartPC/rtlcreg_txfifo_20                                                 -/-        RTLC_FDE   <scan_out>  PCLK                 (+)     
3       int_mode_chain36                                                                    grp1   /dut/uartgen.uart/uartPC/rtlcreg_txfifo_21                                                 -/-        RTLC_FDE   <scan_out>  PCLK                 (+)     
4       int_mode_chain36                                                                    grp1   /dut/uartgen.uart/uartPC/rtlcreg_txfifo_22                                                 -/-        RTLC_FDE   <scan_out>  PCLK                 (+)     
5       int_mode_chain36                                                                    grp1   /dut/uartgen.uart/uartPC/rtlcreg_txfifo_23                                                 -/-        RTLC_FDE   <scan_out>  PCLK                 (+)     
6       int_mode_chain36                                                                    grp1   /dut/uartgen.uart/uartPC/rtlcreg_txfifo_24                                                 -/-        RTLC_FDE   <scan_out>  PCLK                 (+)     
7       int_mode_chain36                                                                    grp1   /dut/uartgen.uart/uartPC/rtlcreg_txfifo_25                                                 -/-        RTLC_FDE   <scan_out>  PCLK                 (+)     
8       int_mode_chain36                                                                    grp1   /dut/uartgen.uart/uartPC/rtlcreg_txfifo_26                                                 -/-        RTLC_FDE   <scan_out>  PCLK                 (+)     
9       int_mode_chain36                                                                    grp1   /dut/uartgen.uart/uartPC/rtlcreg_txfifo_27                                                 -/-        RTLC_FDE   <scan_out>  PCLK                 (+)     
10      int_mode_chain36                                                                    grp1   /dut/uartgen.uart/uartPC/rtlcreg_txfifo_28                                                 -/-        RTLC_FDE   <scan_out>  PCLK                 (+)     
11      int_mode_chain36                                                                    grp1   /dut/uartgen.uart/uartPC/rtlcreg_txfifo_29                                                 -/-        RTLC_FDE   <scan_out>  PCLK                 (+)     
12      int_mode_chain36                                                                    grp1   /dut/uartgen.uart/uartPC/rtlcreg_txfifo_30                                                 -/-        RTLC_FDE   <scan_out>  PCLK                 (+)     
13      int_mode_chain36                                                                    grp1   /dut/uartgen.uart/uartPC/rtlcreg_txfifo_31                                                 -/-        RTLC_FDE   <scan_out>  PCLK                 (+)     
14      int_mode_chain36                                                                    grp1   /dut/uartgen.uart/uartPC/rtlcreg_txfifo_32                                                 -/-        RTLC_FDE   <scan_out>  PCLK                 (+)     
15      int_mode_chain36                                                                    grp1   /dut/uartgen.uart/uartPC/rtlcreg_txfifo_33                                                 -/-        RTLC_FDE   <scan_out>  PCLK                 (+)     
16      int_mode_chain36                                                                    grp1   /dut/uartgen.uart/uartPC/rtlcreg_txfifo_34                                                 -/-        RTLC_FDE   <scan_out>  PCLK                 (+)     
17      int_mode_chain36                                                                    grp1   /dut/uartgen.uart/uartPC/rtlcreg_txfifo_35                                                 -/-        RTLC_FDE   <scan_out>  PCLK                 (+)     
18      int_mode_chain36                                                                    grp1   /dut/uartgen.uart/uartPC/rtlcreg_txfifo_36                                                 -/-        RTLC_FDE   <scan_out>  PCLK                 (+)     
19      int_mode_chain36                                                                    grp1   /dut/uartgen.uart/uartPC/rtlcreg_txfifo_37                                                 -/-        RTLC_FDE   <scan_out>  PCLK                 (+)     
20      int_mode_chain36                                                                    grp1   /dut/uartgen.uart/uartPC/rtlcreg_txfifo_38                                                 -/-        RTLC_FDE   <scan_out>  PCLK                 (+)     
21      int_mode_chain36                                                                    grp1   /dut/uartgen.uart/uartPC/rtlcreg_txfifo_39                                                 -/-        RTLC_FDE   <scan_out>  PCLK                 (+)     
22      int_mode_chain36                                                                    grp1   /dut/uartgen.uart/uartPC/rtlcreg_txfifo_40                                                 -/-        RTLC_FDE   <scan_out>  PCLK                 (+)     
23      int_mode_chain36                                                                    grp1   /dut/uartgen.uart/uartPC/rtlcreg_txfifo_41                                                 -/-        RTLC_FDE   <scan_out>  PCLK                 (+)     
24      int_mode_chain36                                                                    grp1   /dut/uartgen.uart/uartPC/rtlcreg_txfifo_42                                                 -/-        RTLC_FDE   <scan_out>  PCLK                 (+)     
25      int_mode_chain36                                                                    grp1   /dut/uartgen.uart/uartPC/rtlcreg_txfifo_43                                                 -/-        RTLC_FDE   <scan_out>  PCLK                 (+)     
26      int_mode_chain36                                                                    grp1   /dut/uartgen.uart/uartPC/rtlcreg_txfifo_44                                                 -/-        RTLC_FDE   <scan_out>  PCLK                 (+)     
27      int_mode_chain36                                                                    grp1   /dut/uartgen.uart/uartPC/rtlcreg_txfifo_45                                                 -/-        RTLC_FDE   <scan_out>  PCLK                 (+)     
28      int_mode_chain36                                                                    grp1   /dut/uartgen.uart/uartPC/rtlcreg_txfifo_46                                                 -/-        RTLC_FDE   <scan_out>  PCLK                 (+)     
-       int_mode_chain37                                                                    grp1   /[lockup-after-chain]                                                                      -/-        [LAT]                  PCLK                 (-)     
0       int_mode_chain37                                                                    grp1   /dut/ahbapbbridge/APB_MASTER/rtlcreg_s_trans_valid_reg                                     -/-        RTLC_FDCE  <scan_out>  PCLK                 (+)     
1       int_mode_chain37                                                                    grp1   /dut/uartgen.uart/uartPC/squashTHRE_IPreg/rtlcreg_q_0                                      -/-        RTLC_FD    Q           PCLK                 (+)     
2       int_mode_chain37                                                                    grp1   /dut/uartgen.uart/uartPC/squashRXerrIPreg/rtlcreg_q_0                                      -/-        RTLC_FD    Q           PCLK                 (+)     
3       int_mode_chain37                                                                    grp1   /dut/uartgen.uart/uartPC/rtlcreg_RIb2                                                      5/2        RTLC_FD    Q           PCLK                 (+)     
4       int_mode_chain37                                                                    grp1   /dut/uartgen.uart/uartPC/rtlcreg_RIbsync                                                   5/1        RTLC_FD    Q           PCLK                 (+)     
5       int_mode_chain37                                                                    grp1   /dut/uartgen.uart/uartPC/rtlcreg_DSRb2                                                     2/2        RTLC_FD    Q           PCLK                 (+)     
6       int_mode_chain37                                                                    grp1   /dut/uartgen.uart/uartPC/rtlcreg_DSRbsync                                                  2/1        RTLC_FD    Q           PCLK                 (+)     
7       int_mode_chain37                                                                    grp1   /dut/uartgen.uart/uartPC/rtlcreg_DCDb2                                                     3/2        RTLC_FD    Q           PCLK                 (+)     
8       int_mode_chain37                                                                    grp1   /dut/uartgen.uart/uartPC/rtlcreg_DCDbsync                                                  3/1        RTLC_FD    Q           PCLK                 (+)     
9       int_mode_chain37                                                                    grp1   /dut/uartgen.uart/uartPC/rtlcreg_CTSb2                                                     4/2        RTLC_FD    Q           PCLK                 (+)     
10      int_mode_chain37                                                                    grp1   /dut/uartgen.uart/uartPC/rtlcreg_CTSbsync                                                  4/1        RTLC_FD    Q           PCLK                 (+)     
11      int_mode_chain37                                                                    grp1   /dut/uartgen.uart/uartPC/rtlcreg_txfifo_0                                                  -/-        RTLC_FDE   <scan_out>  PCLK                 (+)     
12      int_mode_chain37                                                                    grp1   /dut/uartgen.uart/uartPC/rtlcreg_txfifo_1                                                  -/-        RTLC_FDE   <scan_out>  PCLK                 (+)     
13      int_mode_chain37                                                                    grp1   /dut/uartgen.uart/uartPC/rtlcreg_txfifo_2                                                  -/-        RTLC_FDE   <scan_out>  PCLK                 (+)     
14      int_mode_chain37                                                                    grp1   /dut/uartgen.uart/uartPC/rtlcreg_txfifo_3                                                  -/-        RTLC_FDE   <scan_out>  PCLK                 (+)     
15      int_mode_chain37                                                                    grp1   /dut/uartgen.uart/uartPC/rtlcreg_txfifo_4                                                  -/-        RTLC_FDE   <scan_out>  PCLK                 (+)     
16      int_mode_chain37                                                                    grp1   /dut/uartgen.uart/uartPC/rtlcreg_txfifo_5                                                  -/-        RTLC_FDE   <scan_out>  PCLK                 (+)     
17      int_mode_chain37                                                                    grp1   /dut/uartgen.uart/uartPC/rtlcreg_txfifo_6                                                  -/-        RTLC_FDE   <scan_out>  PCLK                 (+)     
18      int_mode_chain37                                                                    grp1   /dut/uartgen.uart/uartPC/rtlcreg_txfifo_7                                                  -/-        RTLC_FDE   <scan_out>  PCLK                 (+)     
19      int_mode_chain37                                                                    grp1   /dut/uartgen.uart/uartPC/rtlcreg_txfifo_8                                                  -/-        RTLC_FDE   <scan_out>  PCLK                 (+)     
20      int_mode_chain37                                                                    grp1   /dut/uartgen.uart/uartPC/rtlcreg_txfifo_9                                                  -/-        RTLC_FDE   <scan_out>  PCLK                 (+)     
21      int_mode_chain37                                                                    grp1   /dut/uartgen.uart/uartPC/rtlcreg_txfifo_10                                                 -/-        RTLC_FDE   <scan_out>  PCLK                 (+)     
22      int_mode_chain37                                                                    grp1   /dut/uartgen.uart/uartPC/rtlcreg_txfifo_11                                                 -/-        RTLC_FDE   <scan_out>  PCLK                 (+)     
23      int_mode_chain37                                                                    grp1   /dut/uartgen.uart/uartPC/rtlcreg_txfifo_12                                                 -/-        RTLC_FDE   <scan_out>  PCLK                 (+)     
24      int_mode_chain37                                                                    grp1   /dut/uartgen.uart/uartPC/rtlcreg_txfifo_13                                                 -/-        RTLC_FDE   <scan_out>  PCLK                 (+)     
25      int_mode_chain37                                                                    grp1   /dut/uartgen.uart/uartPC/rtlcreg_txfifo_14                                                 -/-        RTLC_FDE   <scan_out>  PCLK                 (+)     
26      int_mode_chain37                                                                    grp1   /dut/uartgen.uart/uartPC/rtlcreg_txfifo_15                                                 -/-        RTLC_FDE   <scan_out>  PCLK                 (+)     
27      int_mode_chain37                                                                    grp1   /dut/uartgen.uart/uartPC/rtlcreg_txfifo_16                                                 -/-        RTLC_FDE   <scan_out>  PCLK                 (+)     
28      int_mode_chain37                                                                    grp1   /dut/uartgen.uart/uartPC/rtlcreg_txfifo_17                                                 -/-        RTLC_FDE   <scan_out>  PCLK                 (+)     
-       int_mode_chain38                                                                    grp1   /[lockup-after-chain]                                                                      -/-        [LAT]                  PCLK                 (-)     
0       int_mode_chain38                                                                    grp1   /dut/ahbapbbridge/APB_MASTER/rtlcreg_s_rdata_36                                            -/-        RTLC_FDCE  <scan_out>  PCLK                 (+)     
1       int_mode_chain38                                                                    grp1   /dut/ahbapbbridge/APB_MASTER/rtlcreg_s_rdata_37                                            -/-        RTLC_FDCE  <scan_out>  PCLK                 (+)     
2       int_mode_chain38                                                                    grp1   /dut/ahbapbbridge/APB_MASTER/rtlcreg_s_rdata_38                                            -/-        RTLC_FDCE  <scan_out>  PCLK                 (+)     
3       int_mode_chain38                                                                    grp1   /dut/ahbapbbridge/APB_MASTER/rtlcreg_s_rdata_39                                            -/-        RTLC_FDCE  <scan_out>  PCLK                 (+)     
4       int_mode_chain38                                                                    grp1   /dut/ahbapbbridge/APB_MASTER/rtlcreg_s_rdata_40                                            -/-        RTLC_FDCE  <scan_out>  PCLK                 (+)     
5       int_mode_chain38                                                                    grp1   /dut/ahbapbbridge/APB_MASTER/rtlcreg_s_rdata_41                                            -/-        RTLC_FDCE  <scan_out>  PCLK                 (+)     
6       int_mode_chain38                                                                    grp1   /dut/ahbapbbridge/APB_MASTER/rtlcreg_s_rdata_42                                            -/-        RTLC_FDCE  <scan_out>  PCLK                 (+)     
7       int_mode_chain38                                                                    grp1   /dut/ahbapbbridge/APB_MASTER/rtlcreg_s_rdata_43                                            -/-        RTLC_FDCE  <scan_out>  PCLK                 (+)     
8       int_mode_chain38                                                                    grp1   /dut/ahbapbbridge/APB_MASTER/rtlcreg_s_rdata_44                                            -/-        RTLC_FDCE  <scan_out>  PCLK                 (+)     
9       int_mode_chain38                                                                    grp1   /dut/ahbapbbridge/APB_MASTER/rtlcreg_s_rdata_45                                            -/-        RTLC_FDCE  <scan_out>  PCLK                 (+)     
10      int_mode_chain38                                                                    grp1   /dut/ahbapbbridge/APB_MASTER/rtlcreg_s_rdata_46                                            -/-        RTLC_FDCE  <scan_out>  PCLK                 (+)     
11      int_mode_chain38                                                                    grp1   /dut/ahbapbbridge/APB_MASTER/rtlcreg_s_rdata_47                                            -/-        RTLC_FDCE  <scan_out>  PCLK                 (+)     
12      int_mode_chain38                                                                    grp1   /dut/ahbapbbridge/APB_MASTER/rtlcreg_s_rdata_48                                            -/-        RTLC_FDCE  <scan_out>  PCLK                 (+)     
13      int_mode_chain38                                                                    grp1   /dut/ahbapbbridge/APB_MASTER/rtlcreg_s_rdata_49                                            -/-        RTLC_FDCE  <scan_out>  PCLK                 (+)     
14      int_mode_chain38                                                                    grp1   /dut/ahbapbbridge/APB_MASTER/rtlcreg_s_rdata_50                                            -/-        RTLC_FDCE  <scan_out>  PCLK                 (+)     
15      int_mode_chain38                                                                    grp1   /dut/ahbapbbridge/APB_MASTER/rtlcreg_s_rdata_51                                            -/-        RTLC_FDCE  <scan_out>  PCLK                 (+)     
16      int_mode_chain38                                                                    grp1   /dut/ahbapbbridge/APB_MASTER/rtlcreg_s_rdata_52                                            -/-        RTLC_FDCE  <scan_out>  PCLK                 (+)     
17      int_mode_chain38                                                                    grp1   /dut/ahbapbbridge/APB_MASTER/rtlcreg_s_rdata_53                                            -/-        RTLC_FDCE  <scan_out>  PCLK                 (+)     
18      int_mode_chain38                                                                    grp1   /dut/ahbapbbridge/APB_MASTER/rtlcreg_s_rdata_54                                            -/-        RTLC_FDCE  <scan_out>  PCLK                 (+)     
19      int_mode_chain38                                                                    grp1   /dut/ahbapbbridge/APB_MASTER/rtlcreg_s_rdata_55                                            -/-        RTLC_FDCE  <scan_out>  PCLK                 (+)     
20      int_mode_chain38                                                                    grp1   /dut/ahbapbbridge/APB_MASTER/rtlcreg_s_rdata_56                                            -/-        RTLC_FDCE  <scan_out>  PCLK                 (+)     
21      int_mode_chain38                                                                    grp1   /dut/ahbapbbridge/APB_MASTER/rtlcreg_s_rdata_57                                            -/-        RTLC_FDCE  <scan_out>  PCLK                 (+)     
22      int_mode_chain38                                                                    grp1   /dut/ahbapbbridge/APB_MASTER/rtlcreg_s_rdata_58                                            -/-        RTLC_FDCE  <scan_out>  PCLK                 (+)     
23      int_mode_chain38                                                                    grp1   /dut/ahbapbbridge/APB_MASTER/rtlcreg_s_rdata_59                                            -/-        RTLC_FDCE  <scan_out>  PCLK                 (+)     
24      int_mode_chain38                                                                    grp1   /dut/ahbapbbridge/APB_MASTER/rtlcreg_s_rdata_60                                            -/-        RTLC_FDCE  <scan_out>  PCLK                 (+)     
25      int_mode_chain38                                                                    grp1   /dut/ahbapbbridge/APB_MASTER/rtlcreg_s_rdata_61                                            -/-        RTLC_FDCE  <scan_out>  PCLK                 (+)     
26      int_mode_chain38                                                                    grp1   /dut/ahbapbbridge/APB_MASTER/rtlcreg_s_rdata_62                                            -/-        RTLC_FDCE  <scan_out>  PCLK                 (+)     
27      int_mode_chain38                                                                    grp1   /dut/ahbapbbridge/APB_MASTER/rtlcreg_s_rdata_63                                            -/-        RTLC_FDCE  <scan_out>  PCLK                 (+)     
28      int_mode_chain38                                                                    grp1   /dut/ahbapbbridge/APB_MASTER/rtlcreg_curr_state_1                                          -/-        RTLC_FDC   Q           PCLK                 (+)     
-       int_mode_chain39                                                                    grp1   /[lockup-after-chain]                                                                      -/-        [LAT]                  PCLK                 (-)     
0       int_mode_chain39                                                                    grp1   /dut/ahbapbbridge/APB_MASTER/rtlcreg_s_rdata_7                                             -/-        RTLC_FDCE  <scan_out>  PCLK                 (+)     
1       int_mode_chain39                                                                    grp1   /dut/ahbapbbridge/APB_MASTER/rtlcreg_s_rdata_8                                             -/-        RTLC_FDCE  <scan_out>  PCLK                 (+)     
2       int_mode_chain39                                                                    grp1   /dut/ahbapbbridge/APB_MASTER/rtlcreg_s_rdata_9                                             -/-        RTLC_FDCE  <scan_out>  PCLK                 (+)     
3       int_mode_chain39                                                                    grp1   /dut/ahbapbbridge/APB_MASTER/rtlcreg_s_rdata_10                                            -/-        RTLC_FDCE  <scan_out>  PCLK                 (+)     
4       int_mode_chain39                                                                    grp1   /dut/ahbapbbridge/APB_MASTER/rtlcreg_s_rdata_11                                            -/-        RTLC_FDCE  <scan_out>  PCLK                 (+)     
5       int_mode_chain39                                                                    grp1   /dut/ahbapbbridge/APB_MASTER/rtlcreg_s_rdata_12                                            -/-        RTLC_FDCE  <scan_out>  PCLK                 (+)     
6       int_mode_chain39                                                                    grp1   /dut/ahbapbbridge/APB_MASTER/rtlcreg_s_rdata_13                                            -/-        RTLC_FDCE  <scan_out>  PCLK                 (+)     
7       int_mode_chain39                                                                    grp1   /dut/ahbapbbridge/APB_MASTER/rtlcreg_s_rdata_14                                            -/-        RTLC_FDCE  <scan_out>  PCLK                 (+)     
8       int_mode_chain39                                                                    grp1   /dut/ahbapbbridge/APB_MASTER/rtlcreg_s_rdata_15                                            -/-        RTLC_FDCE  <scan_out>  PCLK                 (+)     
9       int_mode_chain39                                                                    grp1   /dut/ahbapbbridge/APB_MASTER/rtlcreg_s_rdata_16                                            -/-        RTLC_FDCE  <scan_out>  PCLK                 (+)     
10      int_mode_chain39                                                                    grp1   /dut/ahbapbbridge/APB_MASTER/rtlcreg_s_rdata_17                                            -/-        RTLC_FDCE  <scan_out>  PCLK                 (+)     
11      int_mode_chain39                                                                    grp1   /dut/ahbapbbridge/APB_MASTER/rtlcreg_s_rdata_18                                            -/-        RTLC_FDCE  <scan_out>  PCLK                 (+)     
12      int_mode_chain39                                                                    grp1   /dut/ahbapbbridge/APB_MASTER/rtlcreg_s_rdata_19                                            -/-        RTLC_FDCE  <scan_out>  PCLK                 (+)     
13      int_mode_chain39                                                                    grp1   /dut/ahbapbbridge/APB_MASTER/rtlcreg_s_rdata_20                                            -/-        RTLC_FDCE  <scan_out>  PCLK                 (+)     
14      int_mode_chain39                                                                    grp1   /dut/ahbapbbridge/APB_MASTER/rtlcreg_s_rdata_21                                            -/-        RTLC_FDCE  <scan_out>  PCLK                 (+)     
15      int_mode_chain39                                                                    grp1   /dut/ahbapbbridge/APB_MASTER/rtlcreg_s_rdata_22                                            -/-        RTLC_FDCE  <scan_out>  PCLK                 (+)     
16      int_mode_chain39                                                                    grp1   /dut/ahbapbbridge/APB_MASTER/rtlcreg_s_rdata_23                                            -/-        RTLC_FDCE  <scan_out>  PCLK                 (+)     
17      int_mode_chain39                                                                    grp1   /dut/ahbapbbridge/APB_MASTER/rtlcreg_s_rdata_24                                            -/-        RTLC_FDCE  <scan_out>  PCLK                 (+)     
18      int_mode_chain39                                                                    grp1   /dut/ahbapbbridge/APB_MASTER/rtlcreg_s_rdata_25                                            -/-        RTLC_FDCE  <scan_out>  PCLK                 (+)     
19      int_mode_chain39                                                                    grp1   /dut/ahbapbbridge/APB_MASTER/rtlcreg_s_rdata_26                                            -/-        RTLC_FDCE  <scan_out>  PCLK                 (+)     
20      int_mode_chain39                                                                    grp1   /dut/ahbapbbridge/APB_MASTER/rtlcreg_s_rdata_27                                            -/-        RTLC_FDCE  <scan_out>  PCLK                 (+)     
21      int_mode_chain39                                                                    grp1   /dut/ahbapbbridge/APB_MASTER/rtlcreg_s_rdata_28                                            -/-        RTLC_FDCE  <scan_out>  PCLK                 (+)     
22      int_mode_chain39                                                                    grp1   /dut/ahbapbbridge/APB_MASTER/rtlcreg_s_rdata_29                                            -/-        RTLC_FDCE  <scan_out>  PCLK                 (+)     
23      int_mode_chain39                                                                    grp1   /dut/ahbapbbridge/APB_MASTER/rtlcreg_s_rdata_30                                            -/-        RTLC_FDCE  <scan_out>  PCLK                 (+)     
24      int_mode_chain39                                                                    grp1   /dut/ahbapbbridge/APB_MASTER/rtlcreg_s_rdata_31                                            -/-        RTLC_FDCE  <scan_out>  PCLK                 (+)     
25      int_mode_chain39                                                                    grp1   /dut/ahbapbbridge/APB_MASTER/rtlcreg_s_rdata_32                                            -/-        RTLC_FDCE  <scan_out>  PCLK                 (+)     
26      int_mode_chain39                                                                    grp1   /dut/ahbapbbridge/APB_MASTER/rtlcreg_s_rdata_33                                            -/-        RTLC_FDCE  <scan_out>  PCLK                 (+)     
27      int_mode_chain39                                                                    grp1   /dut/ahbapbbridge/APB_MASTER/rtlcreg_s_rdata_34                                            -/-        RTLC_FDCE  <scan_out>  PCLK                 (+)     
28      int_mode_chain39                                                                    grp1   /dut/ahbapbbridge/APB_MASTER/rtlcreg_s_rdata_35                                            -/-        RTLC_FDCE  <scan_out>  PCLK                 (+)     
-       int_mode_chain40                                                                    grp1   /[lockup-after-chain]                                                                      -/-        [LAT]                  PCLK                 (-)     
0       int_mode_chain40                                                                    grp1   /dut/gpio.gpio/GPIO_REGISTER/rtlcreg_rgpio_in_14                                           -/-        RTLC_FD    Q           PCLK                 (+)     
1       int_mode_chain40                                                                    grp1   /dut/gpio.gpio/GPIO_REGISTER/rtlcreg_rgpio_in_15                                           -/-        RTLC_FD    Q           PCLK                 (+)     
2       int_mode_chain40                                                                    grp1   /dut/gpio.gpio/GPIO_REGISTER/rtlcreg_rgpio_in_16                                           -/-        RTLC_FD    Q           PCLK                 (+)     
3       int_mode_chain40                                                                    grp1   /dut/gpio.gpio/GPIO_REGISTER/rtlcreg_rgpio_in_17                                           -/-        RTLC_FD    Q           PCLK                 (+)     
4       int_mode_chain40                                                                    grp1   /dut/gpio.gpio/GPIO_REGISTER/rtlcreg_rgpio_in_18                                           -/-        RTLC_FD    Q           PCLK                 (+)     
5       int_mode_chain40                                                                    grp1   /dut/gpio.gpio/GPIO_REGISTER/rtlcreg_rgpio_in_19                                           -/-        RTLC_FD    Q           PCLK                 (+)     
6       int_mode_chain40                                                                    grp1   /dut/gpio.gpio/GPIO_REGISTER/rtlcreg_rgpio_in_20                                           -/-        RTLC_FD    Q           PCLK                 (+)     
7       int_mode_chain40                                                                    grp1   /dut/gpio.gpio/GPIO_REGISTER/rtlcreg_rgpio_in_21                                           -/-        RTLC_FD    Q           PCLK                 (+)     
8       int_mode_chain40                                                                    grp1   /dut/gpio.gpio/GPIO_REGISTER/rtlcreg_rgpio_in_22                                           -/-        RTLC_FD    Q           PCLK                 (+)     
9       int_mode_chain40                                                                    grp1   /dut/gpio.gpio/GPIO_REGISTER/rtlcreg_rgpio_in_23                                           -/-        RTLC_FD    Q           PCLK                 (+)     
10      int_mode_chain40                                                                    grp1   /dut/gpio.gpio/GPIO_REGISTER/rtlcreg_rgpio_in_24                                           -/-        RTLC_FD    Q           PCLK                 (+)     
11      int_mode_chain40                                                                    grp1   /dut/gpio.gpio/GPIO_REGISTER/rtlcreg_rgpio_in_25                                           -/-        RTLC_FD    Q           PCLK                 (+)     
12      int_mode_chain40                                                                    grp1   /dut/gpio.gpio/GPIO_REGISTER/rtlcreg_rgpio_in_26                                           -/-        RTLC_FD    Q           PCLK                 (+)     
13      int_mode_chain40                                                                    grp1   /dut/gpio.gpio/GPIO_REGISTER/rtlcreg_rgpio_in_27                                           -/-        RTLC_FD    Q           PCLK                 (+)     
14      int_mode_chain40                                                                    grp1   /dut/gpio.gpio/GPIO_REGISTER/rtlcreg_rgpio_in_28                                           -/-        RTLC_FD    Q           PCLK                 (+)     
15      int_mode_chain40                                                                    grp1   /dut/gpio.gpio/GPIO_REGISTER/rtlcreg_rgpio_in_29                                           -/-        RTLC_FD    Q           PCLK                 (+)     
16      int_mode_chain40                                                                    grp1   /dut/gpio.gpio/GPIO_REGISTER/rtlcreg_rgpio_in_30                                           -/-        RTLC_FD    Q           PCLK                 (+)     
17      int_mode_chain40                                                                    grp1   /dut/gpio.gpio/GPIO_REGISTER/rtlcreg_rgpio_in_31                                           -/-        RTLC_FD    Q           PCLK                 (+)     
18      int_mode_chain40                                                                    grp1   /dut/ahbapbbridge/APB_MASTER/rtlcreg_last_s_req_p                                          1/4        RTLC_FDC   Q           PCLK                 (+)     
19      int_mode_chain40                                                                    grp1   /dut/ahbapbbridge/SYNCHRONIZER1/rtlcreg_sync_reg_2                                         1/2        RTLC_FDCE  Q           PCLK                 (+)     
20      int_mode_chain40                                                                    grp1   /dut/ahbapbbridge/SYNCHRONIZER1/rtlcreg_sync_reg_1                                         1/1        RTLC_FDCE  Q           PCLK                 (+)     
21      int_mode_chain40                                                                    grp1   /dut/ahbapbbridge/APB_MASTER/rtlcreg_reg_s_ack_p                                           -/-        RTLC_FDC   Q           PCLK                 (+)     
22      int_mode_chain40                                                                    grp1   /dut/ahbapbbridge/APB_MASTER/rtlcreg_s_rdata_0                                             -/-        RTLC_FDCE  <scan_out>  PCLK                 (+)     
23      int_mode_chain40                                                                    grp1   /dut/ahbapbbridge/APB_MASTER/rtlcreg_s_rdata_1                                             -/-        RTLC_FDCE  <scan_out>  PCLK                 (+)     
24      int_mode_chain40                                                                    grp1   /dut/ahbapbbridge/APB_MASTER/rtlcreg_s_rdata_2                                             -/-        RTLC_FDCE  <scan_out>  PCLK                 (+)     
25      int_mode_chain40                                                                    grp1   /dut/ahbapbbridge/APB_MASTER/rtlcreg_s_rdata_3                                             -/-        RTLC_FDCE  <scan_out>  PCLK                 (+)     
26      int_mode_chain40                                                                    grp1   /dut/ahbapbbridge/APB_MASTER/rtlcreg_s_rdata_4                                             -/-        RTLC_FDCE  <scan_out>  PCLK                 (+)     
27      int_mode_chain40                                                                    grp1   /dut/ahbapbbridge/APB_MASTER/rtlcreg_s_rdata_5                                             -/-        RTLC_FDCE  <scan_out>  PCLK                 (+)     
28      int_mode_chain40                                                                    grp1   /dut/ahbapbbridge/APB_MASTER/rtlcreg_s_rdata_6                                             -/-        RTLC_FDCE  <scan_out>  PCLK                 (+)     
-       int_mode_chain41                                                                    grp1   /[lockup-after-chain]                                                                      -/-        [LAT]                  PCLK                 (-)     
0       int_mode_chain41                                                                    grp1   /dut/clint.clint/rtlcreg_MTIME_37                                                          -/-        RTLC_FDE   <scan_out>  PCLK                 (+)     
1       int_mode_chain41                                                                    grp1   /dut/clint.clint/rtlcreg_MTIME_38                                                          -/-        RTLC_FDE   <scan_out>  PCLK                 (+)     
2       int_mode_chain41                                                                    grp1   /dut/clint.clint/rtlcreg_MTIME_39                                                          -/-        RTLC_FDE   <scan_out>  PCLK                 (+)     
3       int_mode_chain41                                                                    grp1   /dut/clint.clint/rtlcreg_MTIME_40                                                          -/-        RTLC_FDE   <scan_out>  PCLK                 (+)     
4       int_mode_chain41                                                                    grp1   /dut/clint.clint/rtlcreg_MTIME_41                                                          -/-        RTLC_FDE   <scan_out>  PCLK                 (+)     
5       int_mode_chain41                                                                    grp1   /dut/clint.clint/rtlcreg_MTIME_42                                                          -/-        RTLC_FDE   <scan_out>  PCLK                 (+)     
6       int_mode_chain41                                                                    grp1   /dut/clint.clint/rtlcreg_MTIME_43                                                          -/-        RTLC_FDE   <scan_out>  PCLK                 (+)     
7       int_mode_chain41                                                                    grp1   /dut/clint.clint/rtlcreg_MTIME_44                                                          -/-        RTLC_FDE   <scan_out>  PCLK                 (+)     
8       int_mode_chain41                                                                    grp1   /dut/clint.clint/rtlcreg_MTIME_45                                                          -/-        RTLC_FDE   <scan_out>  PCLK                 (+)     
9       int_mode_chain41                                                                    grp1   /dut/clint.clint/rtlcreg_MTIME_46                                                          -/-        RTLC_FDE   <scan_out>  PCLK                 (+)     
10      int_mode_chain41                                                                    grp1   /dut/clint.clint/rtlcreg_MTIME_47                                                          -/-        RTLC_FDE   <scan_out>  PCLK                 (+)     
11      int_mode_chain41                                                                    grp1   /dut/clint.clint/rtlcreg_MTIME_48                                                          -/-        RTLC_FDE   <scan_out>  PCLK                 (+)     
12      int_mode_chain41                                                                    grp1   /dut/clint.clint/rtlcreg_MTIME_49                                                          -/-        RTLC_FDE   <scan_out>  PCLK                 (+)     
13      int_mode_chain41                                                                    grp1   /dut/clint.clint/rtlcreg_MTIME_50                                                          -/-        RTLC_FDE   <scan_out>  PCLK                 (+)     
14      int_mode_chain41                                                                    grp1   /dut/clint.clint/rtlcreg_MTIME_51                                                          -/-        RTLC_FDE   <scan_out>  PCLK                 (+)     
15      int_mode_chain41                                                                    grp1   /dut/clint.clint/rtlcreg_MTIME_52                                                          -/-        RTLC_FDE   <scan_out>  PCLK                 (+)     
16      int_mode_chain41                                                                    grp1   /dut/clint.clint/rtlcreg_MTIME_53                                                          -/-        RTLC_FDE   <scan_out>  PCLK                 (+)     
17      int_mode_chain41                                                                    grp1   /dut/clint.clint/rtlcreg_MTIME_54                                                          -/-        RTLC_FDE   <scan_out>  PCLK                 (+)     
18      int_mode_chain41                                                                    grp1   /dut/clint.clint/rtlcreg_MTIME_55                                                          -/-        RTLC_FDE   <scan_out>  PCLK                 (+)     
19      int_mode_chain41                                                                    grp1   /dut/clint.clint/rtlcreg_MTIME_56                                                          -/-        RTLC_FDE   <scan_out>  PCLK                 (+)     
20      int_mode_chain41                                                                    grp1   /dut/clint.clint/rtlcreg_MTIME_57                                                          -/-        RTLC_FDE   <scan_out>  PCLK                 (+)     
21      int_mode_chain41                                                                    grp1   /dut/clint.clint/rtlcreg_MTIME_58                                                          -/-        RTLC_FDE   <scan_out>  PCLK                 (+)     
22      int_mode_chain41                                                                    grp1   /dut/clint.clint/rtlcreg_MTIME_59                                                          -/-        RTLC_FDE   <scan_out>  PCLK                 (+)     
23      int_mode_chain41                                                                    grp1   /dut/clint.clint/rtlcreg_MTIME_60                                                          -/-        RTLC_FDE   <scan_out>  PCLK                 (+)     
24      int_mode_chain41                                                                    grp1   /dut/clint.clint/rtlcreg_MTIME_61                                                          -/-        RTLC_FDE   <scan_out>  PCLK                 (+)     
25      int_mode_chain41                                                                    grp1   /dut/clint.clint/rtlcreg_MTIME_62                                                          -/-        RTLC_FDE   <scan_out>  PCLK                 (+)     
26      int_mode_chain41                                                                    grp1   /dut/clint.clint/rtlcreg_MTIME_63                                                          -/-        RTLC_FDE   <scan_out>  PCLK                 (+)     
27      int_mode_chain41                                                                    grp1   /dut/clint.clint/rtlcreg_MSIP                                                              -/-        RTLC_FDE   <scan_out>  PCLK                 (+)     
28      int_mode_chain41                                                                    grp1   /[pipeline-before-chain]                                                                   -/-        [DFF]                  PCLK                 (+)     
-       int_mode_chain42                                                                    grp1   /[lockup-after-chain]                                                                      -/-        [LAT]                  PCLK                 (-)     
0       int_mode_chain42                                                                    grp1   /dut/clint.clint/rtlcreg_MTIME_9                                                           -/-        RTLC_FDE   <scan_out>  PCLK                 (+)     
1       int_mode_chain42                                                                    grp1   /dut/clint.clint/rtlcreg_MTIME_10                                                          -/-        RTLC_FDE   <scan_out>  PCLK                 (+)     
2       int_mode_chain42                                                                    grp1   /dut/clint.clint/rtlcreg_MTIME_11                                                          -/-        RTLC_FDE   <scan_out>  PCLK                 (+)     
3       int_mode_chain42                                                                    grp1   /dut/clint.clint/rtlcreg_MTIME_12                                                          -/-        RTLC_FDE   <scan_out>  PCLK                 (+)     
4       int_mode_chain42                                                                    grp1   /dut/clint.clint/rtlcreg_MTIME_13                                                          -/-        RTLC_FDE   <scan_out>  PCLK                 (+)     
5       int_mode_chain42                                                                    grp1   /dut/clint.clint/rtlcreg_MTIME_14                                                          -/-        RTLC_FDE   <scan_out>  PCLK                 (+)     
6       int_mode_chain42                                                                    grp1   /dut/clint.clint/rtlcreg_MTIME_15                                                          -/-        RTLC_FDE   <scan_out>  PCLK                 (+)     
7       int_mode_chain42                                                                    grp1   /dut/clint.clint/rtlcreg_MTIME_16                                                          -/-        RTLC_FDE   <scan_out>  PCLK                 (+)     
8       int_mode_chain42                                                                    grp1   /dut/clint.clint/rtlcreg_MTIME_17                                                          -/-        RTLC_FDE   <scan_out>  PCLK                 (+)     
9       int_mode_chain42                                                                    grp1   /dut/clint.clint/rtlcreg_MTIME_18                                                          -/-        RTLC_FDE   <scan_out>  PCLK                 (+)     
10      int_mode_chain42                                                                    grp1   /dut/clint.clint/rtlcreg_MTIME_19                                                          -/-        RTLC_FDE   <scan_out>  PCLK                 (+)     
11      int_mode_chain42                                                                    grp1   /dut/clint.clint/rtlcreg_MTIME_20                                                          -/-        RTLC_FDE   <scan_out>  PCLK                 (+)     
12      int_mode_chain42                                                                    grp1   /dut/clint.clint/rtlcreg_MTIME_21                                                          -/-        RTLC_FDE   <scan_out>  PCLK                 (+)     
13      int_mode_chain42                                                                    grp1   /dut/clint.clint/rtlcreg_MTIME_22                                                          -/-        RTLC_FDE   <scan_out>  PCLK                 (+)     
14      int_mode_chain42                                                                    grp1   /dut/clint.clint/rtlcreg_MTIME_23                                                          -/-        RTLC_FDE   <scan_out>  PCLK                 (+)     
15      int_mode_chain42                                                                    grp1   /dut/clint.clint/rtlcreg_MTIME_24                                                          -/-        RTLC_FDE   <scan_out>  PCLK                 (+)     
16      int_mode_chain42                                                                    grp1   /dut/clint.clint/rtlcreg_MTIME_25                                                          -/-        RTLC_FDE   <scan_out>  PCLK                 (+)     
17      int_mode_chain42                                                                    grp1   /dut/clint.clint/rtlcreg_MTIME_26                                                          -/-        RTLC_FDE   <scan_out>  PCLK                 (+)     
18      int_mode_chain42                                                                    grp1   /dut/clint.clint/rtlcreg_MTIME_27                                                          -/-        RTLC_FDE   <scan_out>  PCLK                 (+)     
19      int_mode_chain42                                                                    grp1   /dut/clint.clint/rtlcreg_MTIME_28                                                          -/-        RTLC_FDE   <scan_out>  PCLK                 (+)     
20      int_mode_chain42                                                                    grp1   /dut/clint.clint/rtlcreg_MTIME_29                                                          -/-        RTLC_FDE   <scan_out>  PCLK                 (+)     
21      int_mode_chain42                                                                    grp1   /dut/clint.clint/rtlcreg_MTIME_30                                                          -/-        RTLC_FDE   <scan_out>  PCLK                 (+)     
22      int_mode_chain42                                                                    grp1   /dut/clint.clint/rtlcreg_MTIME_31                                                          -/-        RTLC_FDE   <scan_out>  PCLK                 (+)     
23      int_mode_chain42                                                                    grp1   /dut/clint.clint/rtlcreg_MTIME_32                                                          -/-        RTLC_FDE   <scan_out>  PCLK                 (+)     
24      int_mode_chain42                                                                    grp1   /dut/clint.clint/rtlcreg_MTIME_33                                                          -/-        RTLC_FDE   <scan_out>  PCLK                 (+)     
25      int_mode_chain42                                                                    grp1   /dut/clint.clint/rtlcreg_MTIME_34                                                          -/-        RTLC_FDE   <scan_out>  PCLK                 (+)     
26      int_mode_chain42                                                                    grp1   /dut/clint.clint/rtlcreg_MTIME_35                                                          -/-        RTLC_FDE   <scan_out>  PCLK                 (+)     
27      int_mode_chain42                                                                    grp1   /dut/clint.clint/rtlcreg_MTIME_36                                                          -/-        RTLC_FDE   <scan_out>  PCLK                 (+)     
28      int_mode_chain42                                                                    grp1   /[pipeline-before-chain]                                                                   -/-        [DFF]                  PCLK                 (+)     
-       int_mode_chain43                                                                    grp1   /[lockup-after-chain]                                                                      -/-        [LAT]                  PCLK                 (-)     
0       int_mode_chain43                                                                    grp1   /dut/gpio.gpio/GPIO_REGISTER/rtlcreg_rgpio_out_25                                          -/-        RTLC_FDE   <scan_out>  PCLK                 (+)     
1       int_mode_chain43                                                                    grp1   /dut/gpio.gpio/GPIO_REGISTER/rtlcreg_rgpio_out_26                                          -/-        RTLC_FDE   <scan_out>  PCLK                 (+)     
2       int_mode_chain43                                                                    grp1   /dut/gpio.gpio/GPIO_REGISTER/rtlcreg_rgpio_out_27                                          -/-        RTLC_FDE   <scan_out>  PCLK                 (+)     
3       int_mode_chain43                                                                    grp1   /dut/gpio.gpio/GPIO_REGISTER/rtlcreg_rgpio_out_28                                          -/-        RTLC_FDE   <scan_out>  PCLK                 (+)     
4       int_mode_chain43                                                                    grp1   /dut/gpio.gpio/GPIO_REGISTER/rtlcreg_rgpio_out_29                                          -/-        RTLC_FDE   <scan_out>  PCLK                 (+)     
5       int_mode_chain43                                                                    grp1   /dut/gpio.gpio/GPIO_REGISTER/rtlcreg_rgpio_out_30                                          -/-        RTLC_FDE   <scan_out>  PCLK                 (+)     
6       int_mode_chain43                                                                    grp1   /dut/gpio.gpio/GPIO_REGISTER/rtlcreg_rgpio_out_31                                          -/-        RTLC_FDE   <scan_out>  PCLK                 (+)     
7       int_mode_chain43                                                                    grp1   /dut/gpio.gpio/GPIO_REGISTER/rtlcreg_rgpio_ctrl_0                                          -/-        RTLC_FDE   <scan_out>  PCLK                 (+)     
8       int_mode_chain43                                                                    grp1   /dut/gpio.gpio/AUX_INTERFACE/rtlcreg_aux_i_0                                               -/-        RTLC_FD    Q           PCLK                 (+)     
9       int_mode_chain43                                                                    grp1   /dut/gpio.gpio/AUX_INTERFACE/rtlcreg_aux_i_1                                               -/-        RTLC_FD    Q           PCLK                 (+)     
10      int_mode_chain43                                                                    grp1   /dut/gpio.gpio/AUX_INTERFACE/rtlcreg_aux_i_2                                               -/-        RTLC_FD    Q           PCLK                 (+)     
11      int_mode_chain43                                                                    grp1   /dut/gpio.gpio/AUX_INTERFACE/rtlcreg_aux_i_3                                               -/-        RTLC_FD    Q           PCLK                 (+)     
12      int_mode_chain43                                                                    grp1   /dut/gpio.gpio/AUX_INTERFACE/rtlcreg_aux_i_4                                               -/-        RTLC_FD    Q           PCLK                 (+)     
13      int_mode_chain43                                                                    grp1   /dut/gpio.gpio/AUX_INTERFACE/rtlcreg_aux_i_5                                               -/-        RTLC_FD    Q           PCLK                 (+)     
14      int_mode_chain43                                                                    grp1   /dut/gpio.gpio/AUX_INTERFACE/rtlcreg_aux_i_6                                               -/-        RTLC_FD    Q           PCLK                 (+)     
15      int_mode_chain43                                                                    grp1   /dut/gpio.gpio/AUX_INTERFACE/rtlcreg_aux_i_7                                               -/-        RTLC_FD    Q           PCLK                 (+)     
16      int_mode_chain43                                                                    grp1   /dut/gpio.gpio/AUX_INTERFACE/rtlcreg_aux_i_8                                               -/-        RTLC_FD    Q           PCLK                 (+)     
17      int_mode_chain43                                                                    grp1   /dut/gpio.gpio/APB_INTERFACE/rtlcreg_STATE_0                                               -/-        RTLC_FD    Q           PCLK                 (+)     
18      int_mode_chain43                                                                    grp1   /dut/gpio.gpio/APB_INTERFACE/rtlcreg_STATE_1                                               -/-        RTLC_FD    Q           PCLK                 (+)     
19      int_mode_chain43                                                                    grp1   /dut/clint.clint/rtlcreg_MTIME_0                                                           -/-        RTLC_FDE   <scan_out>  PCLK                 (+)     
20      int_mode_chain43                                                                    grp1   /dut/clint.clint/rtlcreg_MTIME_1                                                           -/-        RTLC_FDE   <scan_out>  PCLK                 (+)     
21      int_mode_chain43                                                                    grp1   /dut/clint.clint/rtlcreg_MTIME_2                                                           -/-        RTLC_FDE   <scan_out>  PCLK                 (+)     
22      int_mode_chain43                                                                    grp1   /dut/clint.clint/rtlcreg_MTIME_3                                                           -/-        RTLC_FDE   <scan_out>  PCLK                 (+)     
23      int_mode_chain43                                                                    grp1   /dut/clint.clint/rtlcreg_MTIME_4                                                           -/-        RTLC_FDE   <scan_out>  PCLK                 (+)     
24      int_mode_chain43                                                                    grp1   /dut/clint.clint/rtlcreg_MTIME_5                                                           -/-        RTLC_FDE   <scan_out>  PCLK                 (+)     
25      int_mode_chain43                                                                    grp1   /dut/clint.clint/rtlcreg_MTIME_6                                                           -/-        RTLC_FDE   <scan_out>  PCLK                 (+)     
26      int_mode_chain43                                                                    grp1   /dut/clint.clint/rtlcreg_MTIME_7                                                           -/-        RTLC_FDE   <scan_out>  PCLK                 (+)     
27      int_mode_chain43                                                                    grp1   /dut/clint.clint/rtlcreg_MTIME_8                                                           -/-        RTLC_FDE   <scan_out>  PCLK                 (+)     
28      int_mode_chain43                                                                    grp1   /[pipeline-before-chain]                                                                   -/-        [DFF]                  PCLK                 (+)     
-       int_mode_chain44                                                                    grp1   /[lockup-after-chain]                                                                      -/-        [LAT]                  PCLK                 (-)     
0       int_mode_chain44                                                                    grp1   /dut/gpio.gpio/GPIO_REGISTER/rtlcreg_rgpio_oe_29                                           -/-        RTLC_FDE   <scan_out>  PCLK                 (+)     
1       int_mode_chain44                                                                    grp1   /dut/gpio.gpio/GPIO_REGISTER/rtlcreg_rgpio_oe_30                                           -/-        RTLC_FDE   <scan_out>  PCLK                 (+)     
2       int_mode_chain44                                                                    grp1   /dut/gpio.gpio/GPIO_REGISTER/rtlcreg_rgpio_oe_31                                           -/-        RTLC_FDE   <scan_out>  PCLK                 (+)     
3       int_mode_chain44                                                                    grp1   /dut/gpio.gpio/GPIO_REGISTER/rtlcreg_rgpio_out_0                                           -/-        RTLC_FDE   <scan_out>  PCLK                 (+)     
4       int_mode_chain44                                                                    grp1   /dut/gpio.gpio/GPIO_REGISTER/rtlcreg_rgpio_out_1                                           -/-        RTLC_FDE   <scan_out>  PCLK                 (+)     
5       int_mode_chain44                                                                    grp1   /dut/gpio.gpio/GPIO_REGISTER/rtlcreg_rgpio_out_2                                           -/-        RTLC_FDE   <scan_out>  PCLK                 (+)     
6       int_mode_chain44                                                                    grp1   /dut/gpio.gpio/GPIO_REGISTER/rtlcreg_rgpio_out_3                                           -/-        RTLC_FDE   <scan_out>  PCLK                 (+)     
7       int_mode_chain44                                                                    grp1   /dut/gpio.gpio/GPIO_REGISTER/rtlcreg_rgpio_out_4                                           -/-        RTLC_FDE   <scan_out>  PCLK                 (+)     
8       int_mode_chain44                                                                    grp1   /dut/gpio.gpio/GPIO_REGISTER/rtlcreg_rgpio_out_5                                           -/-        RTLC_FDE   <scan_out>  PCLK                 (+)     
9       int_mode_chain44                                                                    grp1   /dut/gpio.gpio/GPIO_REGISTER/rtlcreg_rgpio_out_6                                           -/-        RTLC_FDE   <scan_out>  PCLK                 (+)     
10      int_mode_chain44                                                                    grp1   /dut/gpio.gpio/GPIO_REGISTER/rtlcreg_rgpio_out_7                                           -/-        RTLC_FDE   <scan_out>  PCLK                 (+)     
11      int_mode_chain44                                                                    grp1   /dut/gpio.gpio/GPIO_REGISTER/rtlcreg_rgpio_out_8                                           -/-        RTLC_FDE   <scan_out>  PCLK                 (+)     
12      int_mode_chain44                                                                    grp1   /dut/gpio.gpio/GPIO_REGISTER/rtlcreg_rgpio_out_9                                           -/-        RTLC_FDE   <scan_out>  PCLK                 (+)     
13      int_mode_chain44                                                                    grp1   /dut/gpio.gpio/GPIO_REGISTER/rtlcreg_rgpio_out_10                                          -/-        RTLC_FDE   <scan_out>  PCLK                 (+)     
14      int_mode_chain44                                                                    grp1   /dut/gpio.gpio/GPIO_REGISTER/rtlcreg_rgpio_out_11                                          -/-        RTLC_FDE   <scan_out>  PCLK                 (+)     
15      int_mode_chain44                                                                    grp1   /dut/gpio.gpio/GPIO_REGISTER/rtlcreg_rgpio_out_12                                          -/-        RTLC_FDE   <scan_out>  PCLK                 (+)     
16      int_mode_chain44                                                                    grp1   /dut/gpio.gpio/GPIO_REGISTER/rtlcreg_rgpio_out_13                                          -/-        RTLC_FDE   <scan_out>  PCLK                 (+)     
17      int_mode_chain44                                                                    grp1   /dut/gpio.gpio/GPIO_REGISTER/rtlcreg_rgpio_out_14                                          -/-        RTLC_FDE   <scan_out>  PCLK                 (+)     
18      int_mode_chain44                                                                    grp1   /dut/gpio.gpio/GPIO_REGISTER/rtlcreg_rgpio_out_15                                          -/-        RTLC_FDE   <scan_out>  PCLK                 (+)     
19      int_mode_chain44                                                                    grp1   /dut/gpio.gpio/GPIO_REGISTER/rtlcreg_rgpio_out_16                                          -/-        RTLC_FDE   <scan_out>  PCLK                 (+)     
20      int_mode_chain44                                                                    grp1   /dut/gpio.gpio/GPIO_REGISTER/rtlcreg_rgpio_out_17                                          -/-        RTLC_FDE   <scan_out>  PCLK                 (+)     
21      int_mode_chain44                                                                    grp1   /dut/gpio.gpio/GPIO_REGISTER/rtlcreg_rgpio_out_18                                          -/-        RTLC_FDE   <scan_out>  PCLK                 (+)     
22      int_mode_chain44                                                                    grp1   /dut/gpio.gpio/GPIO_REGISTER/rtlcreg_rgpio_out_19                                          -/-        RTLC_FDE   <scan_out>  PCLK                 (+)     
23      int_mode_chain44                                                                    grp1   /dut/gpio.gpio/GPIO_REGISTER/rtlcreg_rgpio_out_20                                          -/-        RTLC_FDE   <scan_out>  PCLK                 (+)     
24      int_mode_chain44                                                                    grp1   /dut/gpio.gpio/GPIO_REGISTER/rtlcreg_rgpio_out_21                                          -/-        RTLC_FDE   <scan_out>  PCLK                 (+)     
25      int_mode_chain44                                                                    grp1   /dut/gpio.gpio/GPIO_REGISTER/rtlcreg_rgpio_out_22                                          -/-        RTLC_FDE   <scan_out>  PCLK                 (+)     
26      int_mode_chain44                                                                    grp1   /dut/gpio.gpio/GPIO_REGISTER/rtlcreg_rgpio_out_23                                          -/-        RTLC_FDE   <scan_out>  PCLK                 (+)     
27      int_mode_chain44                                                                    grp1   /dut/gpio.gpio/GPIO_REGISTER/rtlcreg_rgpio_out_24                                          -/-        RTLC_FDE   <scan_out>  PCLK                 (+)     
28      int_mode_chain44                                                                    grp1   /[pipeline-before-chain]                                                                   -/-        [DFF]                  PCLK                 (+)     
-       int_mode_chain45                                                                    grp1   /[lockup-after-chain]                                                                      -/-        [LAT]                  PCLK                 (-)     
0       int_mode_chain45                                                                    grp1   /dut/gpio.gpio/GPIO_REGISTER/rtlcreg_rgpio_oe_1                                            -/-        RTLC_FDE   <scan_out>  PCLK                 (+)     
1       int_mode_chain45                                                                    grp1   /dut/gpio.gpio/GPIO_REGISTER/rtlcreg_rgpio_oe_2                                            -/-        RTLC_FDE   <scan_out>  PCLK                 (+)     
2       int_mode_chain45                                                                    grp1   /dut/gpio.gpio/GPIO_REGISTER/rtlcreg_rgpio_oe_3                                            -/-        RTLC_FDE   <scan_out>  PCLK                 (+)     
3       int_mode_chain45                                                                    grp1   /dut/gpio.gpio/GPIO_REGISTER/rtlcreg_rgpio_oe_4                                            -/-        RTLC_FDE   <scan_out>  PCLK                 (+)     
4       int_mode_chain45                                                                    grp1   /dut/gpio.gpio/GPIO_REGISTER/rtlcreg_rgpio_oe_5                                            -/-        RTLC_FDE   <scan_out>  PCLK                 (+)     
5       int_mode_chain45                                                                    grp1   /dut/gpio.gpio/GPIO_REGISTER/rtlcreg_rgpio_oe_6                                            -/-        RTLC_FDE   <scan_out>  PCLK                 (+)     
6       int_mode_chain45                                                                    grp1   /dut/gpio.gpio/GPIO_REGISTER/rtlcreg_rgpio_oe_7                                            -/-        RTLC_FDE   <scan_out>  PCLK                 (+)     
7       int_mode_chain45                                                                    grp1   /dut/gpio.gpio/GPIO_REGISTER/rtlcreg_rgpio_oe_8                                            -/-        RTLC_FDE   <scan_out>  PCLK                 (+)     
8       int_mode_chain45                                                                    grp1   /dut/gpio.gpio/GPIO_REGISTER/rtlcreg_rgpio_oe_9                                            -/-        RTLC_FDE   <scan_out>  PCLK                 (+)     
9       int_mode_chain45                                                                    grp1   /dut/gpio.gpio/GPIO_REGISTER/rtlcreg_rgpio_oe_10                                           -/-        RTLC_FDE   <scan_out>  PCLK                 (+)     
10      int_mode_chain45                                                                    grp1   /dut/gpio.gpio/GPIO_REGISTER/rtlcreg_rgpio_oe_11                                           -/-        RTLC_FDE   <scan_out>  PCLK                 (+)     
11      int_mode_chain45                                                                    grp1   /dut/gpio.gpio/GPIO_REGISTER/rtlcreg_rgpio_oe_12                                           -/-        RTLC_FDE   <scan_out>  PCLK                 (+)     
12      int_mode_chain45                                                                    grp1   /dut/gpio.gpio/GPIO_REGISTER/rtlcreg_rgpio_oe_13                                           -/-        RTLC_FDE   <scan_out>  PCLK                 (+)     
13      int_mode_chain45                                                                    grp1   /dut/gpio.gpio/GPIO_REGISTER/rtlcreg_rgpio_oe_14                                           -/-        RTLC_FDE   <scan_out>  PCLK                 (+)     
14      int_mode_chain45                                                                    grp1   /dut/gpio.gpio/GPIO_REGISTER/rtlcreg_rgpio_oe_15                                           -/-        RTLC_FDE   <scan_out>  PCLK                 (+)     
15      int_mode_chain45                                                                    grp1   /dut/gpio.gpio/GPIO_REGISTER/rtlcreg_rgpio_oe_16                                           -/-        RTLC_FDE   <scan_out>  PCLK                 (+)     
16      int_mode_chain45                                                                    grp1   /dut/gpio.gpio/GPIO_REGISTER/rtlcreg_rgpio_oe_17                                           -/-        RTLC_FDE   <scan_out>  PCLK                 (+)     
17      int_mode_chain45                                                                    grp1   /dut/gpio.gpio/GPIO_REGISTER/rtlcreg_rgpio_oe_18                                           -/-        RTLC_FDE   <scan_out>  PCLK                 (+)     
18      int_mode_chain45                                                                    grp1   /dut/gpio.gpio/GPIO_REGISTER/rtlcreg_rgpio_oe_19                                           -/-        RTLC_FDE   <scan_out>  PCLK                 (+)     
19      int_mode_chain45                                                                    grp1   /dut/gpio.gpio/GPIO_REGISTER/rtlcreg_rgpio_oe_20                                           -/-        RTLC_FDE   <scan_out>  PCLK                 (+)     
20      int_mode_chain45                                                                    grp1   /dut/gpio.gpio/GPIO_REGISTER/rtlcreg_rgpio_oe_21                                           -/-        RTLC_FDE   <scan_out>  PCLK                 (+)     
21      int_mode_chain45                                                                    grp1   /dut/gpio.gpio/GPIO_REGISTER/rtlcreg_rgpio_oe_22                                           -/-        RTLC_FDE   <scan_out>  PCLK                 (+)     
22      int_mode_chain45                                                                    grp1   /dut/gpio.gpio/GPIO_REGISTER/rtlcreg_rgpio_oe_23                                           -/-        RTLC_FDE   <scan_out>  PCLK                 (+)     
23      int_mode_chain45                                                                    grp1   /dut/gpio.gpio/GPIO_REGISTER/rtlcreg_rgpio_oe_24                                           -/-        RTLC_FDE   <scan_out>  PCLK                 (+)     
24      int_mode_chain45                                                                    grp1   /dut/gpio.gpio/GPIO_REGISTER/rtlcreg_rgpio_oe_25                                           -/-        RTLC_FDE   <scan_out>  PCLK                 (+)     
25      int_mode_chain45                                                                    grp1   /dut/gpio.gpio/GPIO_REGISTER/rtlcreg_rgpio_oe_26                                           -/-        RTLC_FDE   <scan_out>  PCLK                 (+)     
26      int_mode_chain45                                                                    grp1   /dut/gpio.gpio/GPIO_REGISTER/rtlcreg_rgpio_oe_27                                           -/-        RTLC_FDE   <scan_out>  PCLK                 (+)     
27      int_mode_chain45                                                                    grp1   /dut/gpio.gpio/GPIO_REGISTER/rtlcreg_rgpio_oe_28                                           -/-        RTLC_FDE   <scan_out>  PCLK                 (+)     
28      int_mode_chain45                                                                    grp1   /[pipeline-before-chain]                                                                   -/-        [DFF]                  PCLK                 (+)     
-       int_mode_chain46                                                                    grp1   /[lockup-after-chain]                                                                      -/-        [LAT]                  PCLK                 (-)     
0       int_mode_chain46                                                                    grp1   /dut/gpio.gpio/GPIO_REGISTER/rtlcreg_rgpio_inte_4                                          -/-        RTLC_FDE   <scan_out>  PCLK                 (+)     
1       int_mode_chain46                                                                    grp1   /dut/gpio.gpio/GPIO_REGISTER/rtlcreg_rgpio_inte_5                                          -/-        RTLC_FDE   <scan_out>  PCLK                 (+)     
2       int_mode_chain46                                                                    grp1   /dut/gpio.gpio/GPIO_REGISTER/rtlcreg_rgpio_inte_6                                          -/-        RTLC_FDE   <scan_out>  PCLK                 (+)     
3       int_mode_chain46                                                                    grp1   /dut/gpio.gpio/GPIO_REGISTER/rtlcreg_rgpio_inte_7                                          -/-        RTLC_FDE   <scan_out>  PCLK                 (+)     
4       int_mode_chain46                                                                    grp1   /dut/gpio.gpio/GPIO_REGISTER/rtlcreg_rgpio_inte_8                                          -/-        RTLC_FDE   <scan_out>  PCLK                 (+)     
5       int_mode_chain46                                                                    grp1   /dut/gpio.gpio/GPIO_REGISTER/rtlcreg_rgpio_inte_9                                          -/-        RTLC_FDE   <scan_out>  PCLK                 (+)     
6       int_mode_chain46                                                                    grp1   /dut/gpio.gpio/GPIO_REGISTER/rtlcreg_rgpio_inte_10                                         -/-        RTLC_FDE   <scan_out>  PCLK                 (+)     
7       int_mode_chain46                                                                    grp1   /dut/gpio.gpio/GPIO_REGISTER/rtlcreg_rgpio_inte_11                                         -/-        RTLC_FDE   <scan_out>  PCLK                 (+)     
8       int_mode_chain46                                                                    grp1   /dut/gpio.gpio/GPIO_REGISTER/rtlcreg_rgpio_inte_12                                         -/-        RTLC_FDE   <scan_out>  PCLK                 (+)     
9       int_mode_chain46                                                                    grp1   /dut/gpio.gpio/GPIO_REGISTER/rtlcreg_rgpio_inte_13                                         -/-        RTLC_FDE   <scan_out>  PCLK                 (+)     
10      int_mode_chain46                                                                    grp1   /dut/gpio.gpio/GPIO_REGISTER/rtlcreg_rgpio_inte_14                                         -/-        RTLC_FDE   <scan_out>  PCLK                 (+)     
11      int_mode_chain46                                                                    grp1   /dut/gpio.gpio/GPIO_REGISTER/rtlcreg_rgpio_inte_15                                         -/-        RTLC_FDE   <scan_out>  PCLK                 (+)     
12      int_mode_chain46                                                                    grp1   /dut/gpio.gpio/GPIO_REGISTER/rtlcreg_rgpio_inte_16                                         -/-        RTLC_FDE   <scan_out>  PCLK                 (+)     
13      int_mode_chain46                                                                    grp1   /dut/gpio.gpio/GPIO_REGISTER/rtlcreg_rgpio_inte_17                                         -/-        RTLC_FDE   <scan_out>  PCLK                 (+)     
14      int_mode_chain46                                                                    grp1   /dut/gpio.gpio/GPIO_REGISTER/rtlcreg_rgpio_inte_18                                         -/-        RTLC_FDE   <scan_out>  PCLK                 (+)     
15      int_mode_chain46                                                                    grp1   /dut/gpio.gpio/GPIO_REGISTER/rtlcreg_rgpio_inte_19                                         -/-        RTLC_FDE   <scan_out>  PCLK                 (+)     
16      int_mode_chain46                                                                    grp1   /dut/gpio.gpio/GPIO_REGISTER/rtlcreg_rgpio_inte_20                                         -/-        RTLC_FDE   <scan_out>  PCLK                 (+)     
17      int_mode_chain46                                                                    grp1   /dut/gpio.gpio/GPIO_REGISTER/rtlcreg_rgpio_inte_21                                         -/-        RTLC_FDE   <scan_out>  PCLK                 (+)     
18      int_mode_chain46                                                                    grp1   /dut/gpio.gpio/GPIO_REGISTER/rtlcreg_rgpio_inte_22                                         -/-        RTLC_FDE   <scan_out>  PCLK                 (+)     
19      int_mode_chain46                                                                    grp1   /dut/gpio.gpio/GPIO_REGISTER/rtlcreg_rgpio_inte_23                                         -/-        RTLC_FDE   <scan_out>  PCLK                 (+)     
20      int_mode_chain46                                                                    grp1   /dut/gpio.gpio/GPIO_REGISTER/rtlcreg_rgpio_inte_24                                         -/-        RTLC_FDE   <scan_out>  PCLK                 (+)     
21      int_mode_chain46                                                                    grp1   /dut/gpio.gpio/GPIO_REGISTER/rtlcreg_rgpio_inte_25                                         -/-        RTLC_FDE   <scan_out>  PCLK                 (+)     
22      int_mode_chain46                                                                    grp1   /dut/gpio.gpio/GPIO_REGISTER/rtlcreg_rgpio_inte_26                                         -/-        RTLC_FDE   <scan_out>  PCLK                 (+)     
23      int_mode_chain46                                                                    grp1   /dut/gpio.gpio/GPIO_REGISTER/rtlcreg_rgpio_inte_27                                         -/-        RTLC_FDE   <scan_out>  PCLK                 (+)     
24      int_mode_chain46                                                                    grp1   /dut/gpio.gpio/GPIO_REGISTER/rtlcreg_rgpio_inte_28                                         -/-        RTLC_FDE   <scan_out>  PCLK                 (+)     
25      int_mode_chain46                                                                    grp1   /dut/gpio.gpio/GPIO_REGISTER/rtlcreg_rgpio_inte_29                                         -/-        RTLC_FDE   <scan_out>  PCLK                 (+)     
26      int_mode_chain46                                                                    grp1   /dut/gpio.gpio/GPIO_REGISTER/rtlcreg_rgpio_inte_30                                         -/-        RTLC_FDE   <scan_out>  PCLK                 (+)     
27      int_mode_chain46                                                                    grp1   /dut/gpio.gpio/GPIO_REGISTER/rtlcreg_rgpio_inte_31                                         -/-        RTLC_FDE   <scan_out>  PCLK                 (+)     
28      int_mode_chain46                                                                    grp1   /dut/gpio.gpio/GPIO_REGISTER/rtlcreg_rgpio_oe_0                                            -/-        RTLC_FDE   <scan_out>  PCLK                 (+)     
29      int_mode_chain46                                                                    grp1   /[pipeline-before-chain]                                                                   -/-        [DFF]                  PCLK                 (+)     
-       int_mode_chain47                                                                    grp1   /[lockup-after-chain]                                                                      -/-        [LAT]                  PCLK                 (-)     
0       int_mode_chain47                                                                    grp1   /dut/gpio.gpio/GPIO_REGISTER/rtlcreg_rgpio_in_3                                            -/-        RTLC_FD    Q           PCLK                 (+)     
1       int_mode_chain47                                                                    grp1   /dut/gpio.gpio/GPIO_REGISTER/rtlcreg_rgpio_in_4                                            -/-        RTLC_FD    Q           PCLK                 (+)     
2       int_mode_chain47                                                                    grp1   /dut/gpio.gpio/GPIO_REGISTER/rtlcreg_rgpio_in_5                                            -/-        RTLC_FD    Q           PCLK                 (+)     
3       int_mode_chain47                                                                    grp1   /dut/gpio.gpio/GPIO_REGISTER/rtlcreg_rgpio_in_6                                            -/-        RTLC_FD    Q           PCLK                 (+)     
4       int_mode_chain47                                                                    grp1   /dut/gpio.gpio/GPIO_REGISTER/rtlcreg_rgpio_in_7                                            -/-        RTLC_FD    Q           PCLK                 (+)     
5       int_mode_chain47                                                                    grp1   /dut/gpio.gpio/GPIO_REGISTER/rtlcreg_rgpio_in_8                                            -/-        RTLC_FD    Q           PCLK                 (+)     
6       int_mode_chain47                                                                    grp1   /dut/gpio.gpio/GPIO_REGISTER/rtlcreg_rgpio_in_9                                            -/-        RTLC_FD    Q           PCLK                 (+)     
7       int_mode_chain47                                                                    grp1   /dut/gpio.gpio/GPIO_REGISTER/rtlcreg_rgpio_in_10                                           -/-        RTLC_FD    Q           PCLK                 (+)     
8       int_mode_chain47                                                                    grp1   /dut/gpio.gpio/GPIO_REGISTER/rtlcreg_rgpio_in_11                                           -/-        RTLC_FD    Q           PCLK                 (+)     
9       int_mode_chain47                                                                    grp1   /dut/gpio.gpio/GPIO_REGISTER/rtlcreg_rgpio_in_12                                           -/-        RTLC_FD    Q           PCLK                 (+)     
10      int_mode_chain47                                                                    grp1   /dut/gpio.gpio/GPIO_REGISTER/rtlcreg_rgpio_in_13                                           -/-        RTLC_FD    Q           PCLK                 (+)     
11      int_mode_chain47                                                                    grp1   /ts_0_dohw_2305smodp1_i                                                                    -/-        (?)        SO          PCLK                 (+)     
12      int_mode_chain47                                                                    grp1   /ts_0_dohw_2303smodp1_i                                                                    -/-        (?)        SO          PCLK                 (+)     
13      int_mode_chain47                                                                    grp1   /ts_0_dohw_2301smodp1_i                                                                    -/-        (?)        SO          PCLK                 (+)     
14      int_mode_chain47                                                                    grp1   /dut/ahbapbbridge/APB_MASTER/rtlcreg_s_write_reg                                           -/-        RTLC_FDCE  <scan_out>  PCLK                 (+)     
15      int_mode_chain47                                                                    grp1   /dut/ahbapbbridge/APB_MASTER/rtlcreg_curr_state_0                                          -/-        RTLC_FDC   Q           PCLK                 (+)     
16      int_mode_chain47                                                                    grp1   /dut/gpio.gpio/GPIO_REGISTER/rtlcreg_rgpio_aux_0                                           -/-        RTLC_FDE   <scan_out>  PCLK                 (+)     
17      int_mode_chain47                                                                    grp1   /dut/gpio.gpio/GPIO_REGISTER/rtlcreg_rgpio_aux_1                                           -/-        RTLC_FDE   <scan_out>  PCLK                 (+)     
18      int_mode_chain47                                                                    grp1   /dut/gpio.gpio/GPIO_REGISTER/rtlcreg_rgpio_aux_2                                           -/-        RTLC_FDE   <scan_out>  PCLK                 (+)     
19      int_mode_chain47                                                                    grp1   /dut/gpio.gpio/GPIO_REGISTER/rtlcreg_rgpio_aux_3                                           -/-        RTLC_FDE   <scan_out>  PCLK                 (+)     
20      int_mode_chain47                                                                    grp1   /dut/gpio.gpio/GPIO_REGISTER/rtlcreg_rgpio_aux_4                                           -/-        RTLC_FDE   <scan_out>  PCLK                 (+)     
21      int_mode_chain47                                                                    grp1   /dut/gpio.gpio/GPIO_REGISTER/rtlcreg_rgpio_aux_5                                           -/-        RTLC_FDE   <scan_out>  PCLK                 (+)     
22      int_mode_chain47                                                                    grp1   /dut/gpio.gpio/GPIO_REGISTER/rtlcreg_rgpio_aux_6                                           -/-        RTLC_FDE   <scan_out>  PCLK                 (+)     
23      int_mode_chain47                                                                    grp1   /dut/gpio.gpio/GPIO_REGISTER/rtlcreg_rgpio_aux_7                                           -/-        RTLC_FDE   <scan_out>  PCLK                 (+)     
24      int_mode_chain47                                                                    grp1   /dut/gpio.gpio/GPIO_REGISTER/rtlcreg_rgpio_aux_8                                           -/-        RTLC_FDE   <scan_out>  PCLK                 (+)     
25      int_mode_chain47                                                                    grp1   /dut/gpio.gpio/GPIO_REGISTER/rtlcreg_rgpio_inte_0                                          -/-        RTLC_FDE   <scan_out>  PCLK                 (+)     
26      int_mode_chain47                                                                    grp1   /dut/gpio.gpio/GPIO_REGISTER/rtlcreg_rgpio_inte_1                                          -/-        RTLC_FDE   <scan_out>  PCLK                 (+)     
27      int_mode_chain47                                                                    grp1   /dut/gpio.gpio/GPIO_REGISTER/rtlcreg_rgpio_inte_2                                          -/-        RTLC_FDE   <scan_out>  PCLK                 (+)     
28      int_mode_chain47                                                                    grp1   /dut/gpio.gpio/GPIO_REGISTER/rtlcreg_rgpio_inte_3                                          -/-        RTLC_FDE   <scan_out>  PCLK                 (+)     
29      int_mode_chain47                                                                    grp1   /[pipeline-before-chain]                                                                   -/-        [DFF]                  PCLK                 (+)     
-       int_mode_chain48                                                                    grp1   /[lockup-after-chain]                                                                      -/-        [LAT]                  inferred_occ_clock0  (-)     
0       int_mode_chain48                                                                    grp1   /dut/ahbapbbridge/AHB_SLAVE/rtlcreg_s_wdata_52                                             -/-        RTLC_FDCE  <scan_out>  inferred_occ_clock0  (+)     
1       int_mode_chain48                                                                    grp1   /dut/ahbapbbridge/AHB_SLAVE/rtlcreg_s_wdata_53                                             -/-        RTLC_FDCE  <scan_out>  inferred_occ_clock0  (+)     
2       int_mode_chain48                                                                    grp1   /dut/ahbapbbridge/AHB_SLAVE/rtlcreg_s_wdata_54                                             -/-        RTLC_FDCE  <scan_out>  inferred_occ_clock0  (+)     
3       int_mode_chain48                                                                    grp1   /dut/ahbapbbridge/AHB_SLAVE/rtlcreg_s_wdata_55                                             -/-        RTLC_FDCE  <scan_out>  inferred_occ_clock0  (+)     
4       int_mode_chain48                                                                    grp1   /dut/ahbapbbridge/AHB_SLAVE/rtlcreg_s_wdata_56                                             -/-        RTLC_FDCE  <scan_out>  inferred_occ_clock0  (+)     
5       int_mode_chain48                                                                    grp1   /dut/ahbapbbridge/AHB_SLAVE/rtlcreg_s_wdata_57                                             -/-        RTLC_FDCE  <scan_out>  inferred_occ_clock0  (+)     
6       int_mode_chain48                                                                    grp1   /dut/ahbapbbridge/AHB_SLAVE/rtlcreg_s_wdata_58                                             -/-        RTLC_FDCE  <scan_out>  inferred_occ_clock0  (+)     
7       int_mode_chain48                                                                    grp1   /dut/ahbapbbridge/AHB_SLAVE/rtlcreg_s_wdata_59                                             -/-        RTLC_FDCE  <scan_out>  inferred_occ_clock0  (+)     
8       int_mode_chain48                                                                    grp1   /dut/ahbapbbridge/AHB_SLAVE/rtlcreg_s_wdata_60                                             -/-        RTLC_FDCE  <scan_out>  inferred_occ_clock0  (+)     
9       int_mode_chain48                                                                    grp1   /dut/ahbapbbridge/AHB_SLAVE/rtlcreg_s_wdata_61                                             -/-        RTLC_FDCE  <scan_out>  inferred_occ_clock0  (+)     
10      int_mode_chain48                                                                    grp1   /dut/ahbapbbridge/AHB_SLAVE/rtlcreg_s_wdata_62                                             -/-        RTLC_FDCE  <scan_out>  inferred_occ_clock0  (+)     
11      int_mode_chain48                                                                    grp1   /dut/ahbapbbridge/AHB_SLAVE/rtlcreg_s_wdata_63                                             -/-        RTLC_FDCE  <scan_out>  inferred_occ_clock0  (+)     
12      int_mode_chain48                                                                    grp1   /dut/ahbapbbridge/AHB_SLAVE/rtlcreg_pstrb_reg_0                                            -/-        RTLC_FDCE  <scan_out>  inferred_occ_clock0  (+)     
13      int_mode_chain48                                                                    grp1   /dut/ahbapbbridge/AHB_SLAVE/rtlcreg_pstrb_reg_1                                            -/-        RTLC_FDCE  <scan_out>  inferred_occ_clock0  (+)     
14      int_mode_chain48                                                                    grp1   /dut/ahbapbbridge/AHB_SLAVE/rtlcreg_pstrb_reg_2                                            -/-        RTLC_FDCE  <scan_out>  inferred_occ_clock0  (+)     
15      int_mode_chain48                                                                    grp1   /dut/ahbapbbridge/AHB_SLAVE/rtlcreg_pstrb_reg_3                                            -/-        RTLC_FDCE  <scan_out>  inferred_occ_clock0  (+)     
16      int_mode_chain48                                                                    grp1   /dut/ahbapbbridge/AHB_SLAVE/rtlcreg_pstrb_reg_4                                            -/-        RTLC_FDCE  <scan_out>  inferred_occ_clock0  (+)     
17      int_mode_chain48                                                                    grp1   /dut/ahbapbbridge/AHB_SLAVE/rtlcreg_pstrb_reg_5                                            -/-        RTLC_FDCE  <scan_out>  inferred_occ_clock0  (+)     
18      int_mode_chain48                                                                    grp1   /dut/ahbapbbridge/AHB_SLAVE/rtlcreg_pstrb_reg_6                                            -/-        RTLC_FDCE  <scan_out>  inferred_occ_clock0  (+)     
19      int_mode_chain48                                                                    grp1   /dut/ahbapbbridge/AHB_SLAVE/rtlcreg_pstrb_reg_7                                            -/-        RTLC_FDCE  <scan_out>  inferred_occ_clock0  (+)     
20      int_mode_chain48                                                                    grp1   /dut/ahbapbbridge/AHB_SLAVE/rtlcreg_s_write                                                -/-        RTLC_FDCE  <scan_out>  inferred_occ_clock0  (+)     
21      int_mode_chain48                                                                    grp1   /dut/ahbapbbridge/AHB_SLAVE/rtlcreg_s_addr_0                                               -/-        RTLC_FDCE  <scan_out>  inferred_occ_clock0  (+)     
22      int_mode_chain48                                                                    grp1   /dut/ahbapbbridge/AHB_SLAVE/rtlcreg_s_addr_1                                               -/-        RTLC_FDCE  <scan_out>  inferred_occ_clock0  (+)     
23      int_mode_chain48                                                                    grp1   /dut/ahbapbbridge/AHB_SLAVE/rtlcreg_s_addr_2                                               -/-        RTLC_FDCE  <scan_out>  inferred_occ_clock0  (+)     
24      int_mode_chain48                                                                    grp1   /dut/bootrom.bootrom/readyreg/rtlcreg_q_0                                                  -/-        RTLC_FD    Q           inferred_occ_clock0  (+)     
25      int_mode_chain48                                                                    grp1   /dut/bootrom.bootrom/memwritereg/rtlcreg_q_0                                               -/-        RTLC_FDE   <scan_out>  inferred_occ_clock0  (+)     
26      int_mode_chain48                                                                    grp1   /dut/bootrom.bootrom/haddrreg/rtlcreg_q_0                                                  -/-        RTLC_FDE   <scan_out>  inferred_occ_clock0  (+)     
27      int_mode_chain48                                                                    grp1   /dut/bootrom.bootrom/haddrreg/rtlcreg_q_1                                                  -/-        RTLC_FDE   <scan_out>  inferred_occ_clock0  (+)     
28      int_mode_chain48                                                                    grp1   /dut/bootrom.bootrom/haddrreg/rtlcreg_q_2                                                  -/-        RTLC_FDE   <scan_out>  inferred_occ_clock0  (+)     
29      int_mode_chain48                                                                    grp1   /[pipeline-before-chain]                                                                   -/-        [DFF]                  inferred_occ_clock0  (+)     
-       int_mode_chain49                                                                    grp1   /[lockup-after-chain]                                                                      -/-        [LAT]                  inferred_occ_clock0  (-)     
0       int_mode_chain49                                                                    grp1   /dut/ahbapbbridge/AHB_SLAVE/rtlcreg_s_wdata_23                                             -/-        RTLC_FDCE  <scan_out>  inferred_occ_clock0  (+)     
1       int_mode_chain49                                                                    grp1   /dut/ahbapbbridge/AHB_SLAVE/rtlcreg_s_wdata_24                                             -/-        RTLC_FDCE  <scan_out>  inferred_occ_clock0  (+)     
2       int_mode_chain49                                                                    grp1   /dut/ahbapbbridge/AHB_SLAVE/rtlcreg_s_wdata_25                                             -/-        RTLC_FDCE  <scan_out>  inferred_occ_clock0  (+)     
3       int_mode_chain49                                                                    grp1   /dut/ahbapbbridge/AHB_SLAVE/rtlcreg_s_wdata_26                                             -/-        RTLC_FDCE  <scan_out>  inferred_occ_clock0  (+)     
4       int_mode_chain49                                                                    grp1   /dut/ahbapbbridge/AHB_SLAVE/rtlcreg_s_wdata_27                                             -/-        RTLC_FDCE  <scan_out>  inferred_occ_clock0  (+)     
5       int_mode_chain49                                                                    grp1   /dut/ahbapbbridge/AHB_SLAVE/rtlcreg_s_wdata_28                                             -/-        RTLC_FDCE  <scan_out>  inferred_occ_clock0  (+)     
6       int_mode_chain49                                                                    grp1   /dut/ahbapbbridge/AHB_SLAVE/rtlcreg_s_wdata_29                                             -/-        RTLC_FDCE  <scan_out>  inferred_occ_clock0  (+)     
7       int_mode_chain49                                                                    grp1   /dut/ahbapbbridge/AHB_SLAVE/rtlcreg_s_wdata_30                                             -/-        RTLC_FDCE  <scan_out>  inferred_occ_clock0  (+)     
8       int_mode_chain49                                                                    grp1   /dut/ahbapbbridge/AHB_SLAVE/rtlcreg_s_wdata_31                                             -/-        RTLC_FDCE  <scan_out>  inferred_occ_clock0  (+)     
9       int_mode_chain49                                                                    grp1   /dut/ahbapbbridge/AHB_SLAVE/rtlcreg_s_wdata_32                                             -/-        RTLC_FDCE  <scan_out>  inferred_occ_clock0  (+)     
10      int_mode_chain49                                                                    grp1   /dut/ahbapbbridge/AHB_SLAVE/rtlcreg_s_wdata_33                                             -/-        RTLC_FDCE  <scan_out>  inferred_occ_clock0  (+)     
11      int_mode_chain49                                                                    grp1   /dut/ahbapbbridge/AHB_SLAVE/rtlcreg_s_wdata_34                                             -/-        RTLC_FDCE  <scan_out>  inferred_occ_clock0  (+)     
12      int_mode_chain49                                                                    grp1   /dut/ahbapbbridge/AHB_SLAVE/rtlcreg_s_wdata_35                                             -/-        RTLC_FDCE  <scan_out>  inferred_occ_clock0  (+)     
13      int_mode_chain49                                                                    grp1   /dut/ahbapbbridge/AHB_SLAVE/rtlcreg_s_wdata_36                                             -/-        RTLC_FDCE  <scan_out>  inferred_occ_clock0  (+)     
14      int_mode_chain49                                                                    grp1   /dut/ahbapbbridge/AHB_SLAVE/rtlcreg_s_wdata_37                                             -/-        RTLC_FDCE  <scan_out>  inferred_occ_clock0  (+)     
15      int_mode_chain49                                                                    grp1   /dut/ahbapbbridge/AHB_SLAVE/rtlcreg_s_wdata_38                                             -/-        RTLC_FDCE  <scan_out>  inferred_occ_clock0  (+)     
16      int_mode_chain49                                                                    grp1   /dut/ahbapbbridge/AHB_SLAVE/rtlcreg_s_wdata_39                                             -/-        RTLC_FDCE  <scan_out>  inferred_occ_clock0  (+)     
17      int_mode_chain49                                                                    grp1   /dut/ahbapbbridge/AHB_SLAVE/rtlcreg_s_wdata_40                                             -/-        RTLC_FDCE  <scan_out>  inferred_occ_clock0  (+)     
18      int_mode_chain49                                                                    grp1   /dut/ahbapbbridge/AHB_SLAVE/rtlcreg_s_wdata_41                                             -/-        RTLC_FDCE  <scan_out>  inferred_occ_clock0  (+)     
19      int_mode_chain49                                                                    grp1   /dut/ahbapbbridge/AHB_SLAVE/rtlcreg_s_wdata_42                                             -/-        RTLC_FDCE  <scan_out>  inferred_occ_clock0  (+)     
20      int_mode_chain49                                                                    grp1   /dut/ahbapbbridge/AHB_SLAVE/rtlcreg_s_wdata_43                                             -/-        RTLC_FDCE  <scan_out>  inferred_occ_clock0  (+)     
21      int_mode_chain49                                                                    grp1   /dut/ahbapbbridge/AHB_SLAVE/rtlcreg_s_wdata_44                                             -/-        RTLC_FDCE  <scan_out>  inferred_occ_clock0  (+)     
22      int_mode_chain49                                                                    grp1   /dut/ahbapbbridge/AHB_SLAVE/rtlcreg_s_wdata_45                                             -/-        RTLC_FDCE  <scan_out>  inferred_occ_clock0  (+)     
23      int_mode_chain49                                                                    grp1   /dut/ahbapbbridge/AHB_SLAVE/rtlcreg_s_wdata_46                                             -/-        RTLC_FDCE  <scan_out>  inferred_occ_clock0  (+)     
24      int_mode_chain49                                                                    grp1   /dut/ahbapbbridge/AHB_SLAVE/rtlcreg_s_wdata_47                                             -/-        RTLC_FDCE  <scan_out>  inferred_occ_clock0  (+)     
25      int_mode_chain49                                                                    grp1   /dut/ahbapbbridge/AHB_SLAVE/rtlcreg_s_wdata_48                                             -/-        RTLC_FDCE  <scan_out>  inferred_occ_clock0  (+)     
26      int_mode_chain49                                                                    grp1   /dut/ahbapbbridge/AHB_SLAVE/rtlcreg_s_wdata_49                                             -/-        RTLC_FDCE  <scan_out>  inferred_occ_clock0  (+)     
27      int_mode_chain49                                                                    grp1   /dut/ahbapbbridge/AHB_SLAVE/rtlcreg_s_wdata_50                                             -/-        RTLC_FDCE  <scan_out>  inferred_occ_clock0  (+)     
28      int_mode_chain49                                                                    grp1   /dut/ahbapbbridge/AHB_SLAVE/rtlcreg_s_wdata_51                                             -/-        RTLC_FDCE  <scan_out>  inferred_occ_clock0  (+)     
29      int_mode_chain49                                                                    grp1   /[pipeline-before-chain]                                                                   -/-        [DFF]                  inferred_occ_clock0  (+)     
-       int_mode_chain50                                                                    grp1   /[lockup-after-chain]                                                                      -/-        [LAT]                  inferred_occ_clock0  (-)     
0       int_mode_chain50                                                                    grp1   /ts_0_dihw_2315smodp1_i                                                                    -/-        (?)        SO          inferred_occ_clock0  (+)     
1       int_mode_chain50                                                                    grp1   /ts_0_dihw_2313smodp1_i                                                                    -/-        (?)        SO          inferred_occ_clock0  (+)     
2       int_mode_chain50                                                                    grp1   /ts_0_dihw_2311smodp1_i                                                                    -/-        (?)        SO          inferred_occ_clock0  (+)     
3       int_mode_chain50                                                                    grp1   /ts_0_dihw_2309smodp1_i                                                                    -/-        (?)        SO          inferred_occ_clock0  (+)     
4       int_mode_chain50                                                                    grp1   /dut/ahbapbbridge/AHB_SLAVE/rtlcreg_reg_s_req_h                                            -/-        RTLC_FDCE  <scan_out>  inferred_occ_clock0  (+)     
5       int_mode_chain50                                                                    grp1   /dut/ahbapbbridge/AHB_SLAVE/rtlcreg_curr_state_0                                           -/-        RTLC_FDC   Q           inferred_occ_clock0  (+)     
6       int_mode_chain50                                                                    grp1   /dut/ahbapbbridge/AHB_SLAVE/rtlcreg_s_wdata_0                                              -/-        RTLC_FDCE  <scan_out>  inferred_occ_clock0  (+)     
7       int_mode_chain50                                                                    grp1   /dut/ahbapbbridge/AHB_SLAVE/rtlcreg_s_wdata_1                                              -/-        RTLC_FDCE  <scan_out>  inferred_occ_clock0  (+)     
8       int_mode_chain50                                                                    grp1   /dut/ahbapbbridge/AHB_SLAVE/rtlcreg_s_wdata_2                                              -/-        RTLC_FDCE  <scan_out>  inferred_occ_clock0  (+)     
9       int_mode_chain50                                                                    grp1   /dut/ahbapbbridge/AHB_SLAVE/rtlcreg_s_wdata_3                                              -/-        RTLC_FDCE  <scan_out>  inferred_occ_clock0  (+)     
10      int_mode_chain50                                                                    grp1   /dut/ahbapbbridge/AHB_SLAVE/rtlcreg_s_wdata_4                                              -/-        RTLC_FDCE  <scan_out>  inferred_occ_clock0  (+)     
11      int_mode_chain50                                                                    grp1   /dut/ahbapbbridge/AHB_SLAVE/rtlcreg_s_wdata_5                                              -/-        RTLC_FDCE  <scan_out>  inferred_occ_clock0  (+)     
12      int_mode_chain50                                                                    grp1   /dut/ahbapbbridge/AHB_SLAVE/rtlcreg_s_wdata_6                                              -/-        RTLC_FDCE  <scan_out>  inferred_occ_clock0  (+)     
13      int_mode_chain50                                                                    grp1   /dut/ahbapbbridge/AHB_SLAVE/rtlcreg_s_wdata_7                                              -/-        RTLC_FDCE  <scan_out>  inferred_occ_clock0  (+)     
14      int_mode_chain50                                                                    grp1   /dut/ahbapbbridge/AHB_SLAVE/rtlcreg_s_wdata_8                                              -/-        RTLC_FDCE  <scan_out>  inferred_occ_clock0  (+)     
15      int_mode_chain50                                                                    grp1   /dut/ahbapbbridge/AHB_SLAVE/rtlcreg_s_wdata_9                                              -/-        RTLC_FDCE  <scan_out>  inferred_occ_clock0  (+)     
16      int_mode_chain50                                                                    grp1   /dut/ahbapbbridge/AHB_SLAVE/rtlcreg_s_wdata_10                                             -/-        RTLC_FDCE  <scan_out>  inferred_occ_clock0  (+)     
17      int_mode_chain50                                                                    grp1   /dut/ahbapbbridge/AHB_SLAVE/rtlcreg_s_wdata_11                                             -/-        RTLC_FDCE  <scan_out>  inferred_occ_clock0  (+)     
18      int_mode_chain50                                                                    grp1   /dut/ahbapbbridge/AHB_SLAVE/rtlcreg_s_wdata_12                                             -/-        RTLC_FDCE  <scan_out>  inferred_occ_clock0  (+)     
19      int_mode_chain50                                                                    grp1   /dut/ahbapbbridge/AHB_SLAVE/rtlcreg_s_wdata_13                                             -/-        RTLC_FDCE  <scan_out>  inferred_occ_clock0  (+)     
20      int_mode_chain50                                                                    grp1   /dut/ahbapbbridge/AHB_SLAVE/rtlcreg_s_wdata_14                                             -/-        RTLC_FDCE  <scan_out>  inferred_occ_clock0  (+)     
21      int_mode_chain50                                                                    grp1   /dut/ahbapbbridge/AHB_SLAVE/rtlcreg_s_wdata_15                                             -/-        RTLC_FDCE  <scan_out>  inferred_occ_clock0  (+)     
22      int_mode_chain50                                                                    grp1   /dut/ahbapbbridge/AHB_SLAVE/rtlcreg_s_wdata_16                                             -/-        RTLC_FDCE  <scan_out>  inferred_occ_clock0  (+)     
23      int_mode_chain50                                                                    grp1   /dut/ahbapbbridge/AHB_SLAVE/rtlcreg_s_wdata_17                                             -/-        RTLC_FDCE  <scan_out>  inferred_occ_clock0  (+)     
24      int_mode_chain50                                                                    grp1   /dut/ahbapbbridge/AHB_SLAVE/rtlcreg_s_wdata_18                                             -/-        RTLC_FDCE  <scan_out>  inferred_occ_clock0  (+)     
25      int_mode_chain50                                                                    grp1   /dut/ahbapbbridge/AHB_SLAVE/rtlcreg_s_wdata_19                                             -/-        RTLC_FDCE  <scan_out>  inferred_occ_clock0  (+)     
26      int_mode_chain50                                                                    grp1   /dut/ahbapbbridge/AHB_SLAVE/rtlcreg_s_wdata_20                                             -/-        RTLC_FDCE  <scan_out>  inferred_occ_clock0  (+)     
27      int_mode_chain50                                                                    grp1   /dut/ahbapbbridge/AHB_SLAVE/rtlcreg_s_wdata_21                                             -/-        RTLC_FDCE  <scan_out>  inferred_occ_clock0  (+)     
28      int_mode_chain50                                                                    grp1   /dut/ahbapbbridge/AHB_SLAVE/rtlcreg_s_wdata_22                                             -/-        RTLC_FDCE  <scan_out>  inferred_occ_clock0  (+)     
29      int_mode_chain50                                                                    grp1   /[pipeline-before-chain]                                                                   -/-        [DFF]                  inferred_occ_clock0  (+)     
-       int_mode_chain51                                                                    grp1   /[lockup-after-chain]                                                                      -/-        [LAT]                  inferred_occ_clock0  (-)     
0       int_mode_chain51                                                                    grp1   /ts_0_dihw_2373smodp1_i                                                                    -/-        (?)        SO          inferred_occ_clock0  (+)     
1       int_mode_chain51                                                                    grp1   /ts_0_dihw_2371smodp1_i                                                                    -/-        (?)        SO          inferred_occ_clock0  (+)     
2       int_mode_chain51                                                                    grp1   /ts_0_dihw_2369smodp1_i                                                                    -/-        (?)        SO          inferred_occ_clock0  (+)     
3       int_mode_chain51                                                                    grp1   /ts_0_dihw_2367smodp1_i                                                                    -/-        (?)        SO          inferred_occ_clock0  (+)     
4       int_mode_chain51                                                                    grp1   /ts_0_dihw_2365smodp1_i                                                                    -/-        (?)        SO          inferred_occ_clock0  (+)     
5       int_mode_chain51                                                                    grp1   /ts_0_dihw_2363smodp1_i                                                                    -/-        (?)        SO          inferred_occ_clock0  (+)     
6       int_mode_chain51                                                                    grp1   /ts_0_dihw_2361smodp1_i                                                                    -/-        (?)        SO          inferred_occ_clock0  (+)     
7       int_mode_chain51                                                                    grp1   /ts_0_dihw_2359smodp1_i                                                                    -/-        (?)        SO          inferred_occ_clock0  (+)     
8       int_mode_chain51                                                                    grp1   /ts_0_dihw_2357smodp1_i                                                                    -/-        (?)        SO          inferred_occ_clock0  (+)     
9       int_mode_chain51                                                                    grp1   /ts_0_dihw_2355smodp1_i                                                                    -/-        (?)        SO          inferred_occ_clock0  (+)     
10      int_mode_chain51                                                                    grp1   /ts_0_dihw_2353smodp1_i                                                                    -/-        (?)        SO          inferred_occ_clock0  (+)     
11      int_mode_chain51                                                                    grp1   /ts_0_dihw_2351smodp1_i                                                                    -/-        (?)        SO          inferred_occ_clock0  (+)     
12      int_mode_chain51                                                                    grp1   /ts_0_dihw_2349smodp1_i                                                                    -/-        (?)        SO          inferred_occ_clock0  (+)     
13      int_mode_chain51                                                                    grp1   /ts_0_dihw_2347smodp1_i                                                                    -/-        (?)        SO          inferred_occ_clock0  (+)     
14      int_mode_chain51                                                                    grp1   /ts_0_dihw_2345smodp1_i                                                                    -/-        (?)        SO          inferred_occ_clock0  (+)     
15      int_mode_chain51                                                                    grp1   /ts_0_dihw_2343smodp1_i                                                                    -/-        (?)        SO          inferred_occ_clock0  (+)     
16      int_mode_chain51                                                                    grp1   /ts_0_dihw_2341smodp1_i                                                                    -/-        (?)        SO          inferred_occ_clock0  (+)     
17      int_mode_chain51                                                                    grp1   /ts_0_dihw_2339smodp1_i                                                                    -/-        (?)        SO          inferred_occ_clock0  (+)     
18      int_mode_chain51                                                                    grp1   /ts_0_dihw_2337smodp1_i                                                                    -/-        (?)        SO          inferred_occ_clock0  (+)     
19      int_mode_chain51                                                                    grp1   /ts_0_dihw_2335smodp1_i                                                                    -/-        (?)        SO          inferred_occ_clock0  (+)     
20      int_mode_chain51                                                                    grp1   /ts_0_dihw_2333smodp1_i                                                                    -/-        (?)        SO          inferred_occ_clock0  (+)     
21      int_mode_chain51                                                                    grp1   /ts_0_dihw_2331smodp1_i                                                                    -/-        (?)        SO          inferred_occ_clock0  (+)     
22      int_mode_chain51                                                                    grp1   /ts_0_dihw_2329smodp1_i                                                                    -/-        (?)        SO          inferred_occ_clock0  (+)     
23      int_mode_chain51                                                                    grp1   /ts_0_dihw_2327smodp1_i                                                                    -/-        (?)        SO          inferred_occ_clock0  (+)     
24      int_mode_chain51                                                                    grp1   /ts_0_dihw_2325smodp1_i                                                                    -/-        (?)        SO          inferred_occ_clock0  (+)     
25      int_mode_chain51                                                                    grp1   /ts_0_dihw_2323smodp1_i                                                                    -/-        (?)        SO          inferred_occ_clock0  (+)     
26      int_mode_chain51                                                                    grp1   /ts_0_dihw_2321smodp1_i                                                                    -/-        (?)        SO          inferred_occ_clock0  (+)     
27      int_mode_chain51                                                                    grp1   /ts_0_dihw_2319smodp1_i                                                                    -/-        (?)        SO          inferred_occ_clock0  (+)     
28      int_mode_chain51                                                                    grp1   /ts_0_dihw_2317smodp1_i                                                                    -/-        (?)        SO          inferred_occ_clock0  (+)     
29      int_mode_chain51                                                                    grp1   /[pipeline-before-chain]                                                                   -/-        [DFF]                  inferred_occ_clock0  (+)     
-       int_mode_chain52                                                                    grp1   /[lockup-after-chain]                                                                      -/-        [LAT]                  PCLK                 (-)     
0       int_mode_chain52                                                                    grp1   /dut/gpio.gpio/GPIO_REGISTER/rtlcreg_rgpio_ints_31                                         -/-        RTLC_FDE   <scan_out>  PCLK                 (+)     
1       int_mode_chain52                                                                    grp1   /dut/gpio.gpio/GPIO_REGISTER/rtlcreg_rgpio_in_0                                            -/-        RTLC_FD    Q           PCLK                 (+)     
2       int_mode_chain52                                                                    grp1   /dut/gpio.gpio/GPIO_REGISTER/rtlcreg_rgpio_in_1                                            -/-        RTLC_FD    Q           PCLK                 (+)     
3       int_mode_chain52                                                                    grp1   /dut/gpio.gpio/GPIO_REGISTER/rtlcreg_rgpio_in_2                                            -/-        RTLC_FD    Q           PCLK                 (+)     
-       int_mode_chain52                                                                    grp1   /[lockup]                                                                                  -/-        [LAT]                  inferred_occ_clock0  (-)     
4       int_mode_chain52                                                                    grp1   /ts_0_dihw_2423smodp1_i                                                                    -/-        (?)        SO          inferred_occ_clock0  (+)     
5       int_mode_chain52                                                                    grp1   /ts_0_dihw_2421smodp1_i                                                                    -/-        (?)        SO          inferred_occ_clock0  (+)     
6       int_mode_chain52                                                                    grp1   /ts_0_dihw_2419smodp1_i                                                                    -/-        (?)        SO          inferred_occ_clock0  (+)     
7       int_mode_chain52                                                                    grp1   /ts_0_dihw_2417smodp1_i                                                                    -/-        (?)        SO          inferred_occ_clock0  (+)     
8       int_mode_chain52                                                                    grp1   /ts_0_dihw_2415smodp1_i                                                                    -/-        (?)        SO          inferred_occ_clock0  (+)     
9       int_mode_chain52                                                                    grp1   /ts_0_dihw_2413smodp1_i                                                                    -/-        (?)        SO          inferred_occ_clock0  (+)     
10      int_mode_chain52                                                                    grp1   /ts_0_dihw_2411smodp1_i                                                                    -/-        (?)        SO          inferred_occ_clock0  (+)     
11      int_mode_chain52                                                                    grp1   /ts_0_dihw_2409smodp1_i                                                                    -/-        (?)        SO          inferred_occ_clock0  (+)     
12      int_mode_chain52                                                                    grp1   /ts_0_dihw_2407smodp1_i                                                                    -/-        (?)        SO          inferred_occ_clock0  (+)     
13      int_mode_chain52                                                                    grp1   /ts_0_dihw_2405smodp1_i                                                                    -/-        (?)        SO          inferred_occ_clock0  (+)     
14      int_mode_chain52                                                                    grp1   /ts_0_dihw_2403smodp1_i                                                                    -/-        (?)        SO          inferred_occ_clock0  (+)     
15      int_mode_chain52                                                                    grp1   /ts_0_dihw_2401smodp1_i                                                                    -/-        (?)        SO          inferred_occ_clock0  (+)     
16      int_mode_chain52                                                                    grp1   /ts_0_dihw_2399smodp1_i                                                                    -/-        (?)        SO          inferred_occ_clock0  (+)     
17      int_mode_chain52                                                                    grp1   /ts_0_dihw_2397smodp1_i                                                                    -/-        (?)        SO          inferred_occ_clock0  (+)     
18      int_mode_chain52                                                                    grp1   /ts_0_dihw_2395smodp1_i                                                                    -/-        (?)        SO          inferred_occ_clock0  (+)     
19      int_mode_chain52                                                                    grp1   /ts_0_dihw_2393smodp1_i                                                                    -/-        (?)        SO          inferred_occ_clock0  (+)     
20      int_mode_chain52                                                                    grp1   /ts_0_dihw_2391smodp1_i                                                                    -/-        (?)        SO          inferred_occ_clock0  (+)     
21      int_mode_chain52                                                                    grp1   /ts_0_dihw_2389smodp1_i                                                                    -/-        (?)        SO          inferred_occ_clock0  (+)     
22      int_mode_chain52                                                                    grp1   /ts_0_dihw_2387smodp1_i                                                                    -/-        (?)        SO          inferred_occ_clock0  (+)     
23      int_mode_chain52                                                                    grp1   /ts_0_dihw_2385smodp1_i                                                                    -/-        (?)        SO          inferred_occ_clock0  (+)     
24      int_mode_chain52                                                                    grp1   /ts_0_dihw_2383smodp1_i                                                                    -/-        (?)        SO          inferred_occ_clock0  (+)     
25      int_mode_chain52                                                                    grp1   /ts_0_dihw_2381smodp1_i                                                                    -/-        (?)        SO          inferred_occ_clock0  (+)     
26      int_mode_chain52                                                                    grp1   /ts_0_dihw_2379smodp1_i                                                                    -/-        (?)        SO          inferred_occ_clock0  (+)     
27      int_mode_chain52                                                                    grp1   /ts_0_dihw_2377smodp1_i                                                                    -/-        (?)        SO          inferred_occ_clock0  (+)     
28      int_mode_chain52                                                                    grp1   /ts_0_dihw_2375smodp1_i                                                                    -/-        (?)        SO          inferred_occ_clock0  (+)     
29      int_mode_chain52                                                                    grp1   /[pipeline-before-chain]                                                                   -/-        [DFF]                  inferred_occ_clock0  (+)     
-       int_mode_chain53                                                                    grp1   /[lockup-after-chain]                                                                      -/-        [LAT]                  inferred_occ_clock0  (-)     
0       int_mode_chain53                                                                    grp1   /dut/bootrom.bootrom/haddrreg/rtlcreg_q_27                                                 -/-        RTLC_FDE   <scan_out>  inferred_occ_clock0  (+)     
1       int_mode_chain53                                                                    grp1   /dut/bootrom.bootrom/haddrreg/rtlcreg_q_28                                                 -/-        RTLC_FDE   <scan_out>  inferred_occ_clock0  (+)     
2       int_mode_chain53                                                                    grp1   /dut/bootrom.bootrom/haddrreg/rtlcreg_q_29                                                 -/-        RTLC_FDE   <scan_out>  inferred_occ_clock0  (+)     
3       int_mode_chain53                                                                    grp1   /dut/bootrom.bootrom/haddrreg/rtlcreg_q_30                                                 -/-        RTLC_FDE   <scan_out>  inferred_occ_clock0  (+)     
4       int_mode_chain53                                                                    grp1   /dut/bootrom.bootrom/haddrreg/rtlcreg_q_31                                                 -/-        RTLC_FDE   <scan_out>  inferred_occ_clock0  (+)     
5       int_mode_chain53                                                                    grp1   /dut/bootrom.bootrom/haddrreg/rtlcreg_q_32                                                 -/-        RTLC_FDE   <scan_out>  inferred_occ_clock0  (+)     
6       int_mode_chain53                                                                    grp1   /dut/bootrom.bootrom/haddrreg/rtlcreg_q_33                                                 -/-        RTLC_FDE   <scan_out>  inferred_occ_clock0  (+)     
7       int_mode_chain53                                                                    grp1   /dut/bootrom.bootrom/haddrreg/rtlcreg_q_34                                                 -/-        RTLC_FDE   <scan_out>  inferred_occ_clock0  (+)     
8       int_mode_chain53                                                                    grp1   /dut/bootrom.bootrom/haddrreg/rtlcreg_q_35                                                 -/-        RTLC_FDE   <scan_out>  inferred_occ_clock0  (+)     
9       int_mode_chain53                                                                    grp1   /dut/bootrom.bootrom/haddrreg/rtlcreg_q_36                                                 -/-        RTLC_FDE   <scan_out>  inferred_occ_clock0  (+)     
10      int_mode_chain53                                                                    grp1   /dut/bootrom.bootrom/haddrreg/rtlcreg_q_37                                                 -/-        RTLC_FDE   <scan_out>  inferred_occ_clock0  (+)     
11      int_mode_chain53                                                                    grp1   /dut/bootrom.bootrom/haddrreg/rtlcreg_q_38                                                 -/-        RTLC_FDE   <scan_out>  inferred_occ_clock0  (+)     
12      int_mode_chain53                                                                    grp1   /dut/bootrom.bootrom/haddrreg/rtlcreg_q_39                                                 -/-        RTLC_FDE   <scan_out>  inferred_occ_clock0  (+)     
13      int_mode_chain53                                                                    grp1   /dut/bootrom.bootrom/haddrreg/rtlcreg_q_40                                                 -/-        RTLC_FDE   <scan_out>  inferred_occ_clock0  (+)     
14      int_mode_chain53                                                                    grp1   /dut/bootrom.bootrom/haddrreg/rtlcreg_q_41                                                 -/-        RTLC_FDE   <scan_out>  inferred_occ_clock0  (+)     
15      int_mode_chain53                                                                    grp1   /dut/bootrom.bootrom/haddrreg/rtlcreg_q_42                                                 -/-        RTLC_FDE   <scan_out>  inferred_occ_clock0  (+)     
16      int_mode_chain53                                                                    grp1   /dut/bootrom.bootrom/haddrreg/rtlcreg_q_43                                                 -/-        RTLC_FDE   <scan_out>  inferred_occ_clock0  (+)     
17      int_mode_chain53                                                                    grp1   /dut/bootrom.bootrom/haddrreg/rtlcreg_q_44                                                 -/-        RTLC_FDE   <scan_out>  inferred_occ_clock0  (+)     
18      int_mode_chain53                                                                    grp1   /dut/bootrom.bootrom/haddrreg/rtlcreg_q_45                                                 -/-        RTLC_FDE   <scan_out>  inferred_occ_clock0  (+)     
19      int_mode_chain53                                                                    grp1   /dut/bootrom.bootrom/haddrreg/rtlcreg_q_46                                                 -/-        RTLC_FDE   <scan_out>  inferred_occ_clock0  (+)     
20      int_mode_chain53                                                                    grp1   /dut/bootrom.bootrom/haddrreg/rtlcreg_q_47                                                 -/-        RTLC_FDE   <scan_out>  inferred_occ_clock0  (+)     
21      int_mode_chain53                                                                    grp1   /dut/bootrom.bootrom/haddrreg/rtlcreg_q_48                                                 -/-        RTLC_FDE   <scan_out>  inferred_occ_clock0  (+)     
22      int_mode_chain53                                                                    grp1   /dut/bootrom.bootrom/haddrreg/rtlcreg_q_49                                                 -/-        RTLC_FDE   <scan_out>  inferred_occ_clock0  (+)     
23      int_mode_chain53                                                                    grp1   /dut/bootrom.bootrom/haddrreg/rtlcreg_q_50                                                 -/-        RTLC_FDE   <scan_out>  inferred_occ_clock0  (+)     
24      int_mode_chain53                                                                    grp1   /dut/bootrom.bootrom/haddrreg/rtlcreg_q_51                                                 -/-        RTLC_FDE   <scan_out>  inferred_occ_clock0  (+)     
25      int_mode_chain53                                                                    grp1   /dut/bootrom.bootrom/haddrreg/rtlcreg_q_52                                                 -/-        RTLC_FDE   <scan_out>  inferred_occ_clock0  (+)     
26      int_mode_chain53                                                                    grp1   /dut/bootrom.bootrom/haddrreg/rtlcreg_q_53                                                 -/-        RTLC_FDE   <scan_out>  inferred_occ_clock0  (+)     
27      int_mode_chain53                                                                    grp1   /dut/bootrom.bootrom/haddrreg/rtlcreg_q_54                                                 -/-        RTLC_FDE   <scan_out>  inferred_occ_clock0  (+)     
28      int_mode_chain53                                                                    grp1   /dut/bootrom.bootrom/haddrreg/rtlcreg_q_55                                                 -/-        RTLC_FDE   <scan_out>  inferred_occ_clock0  (+)     
-       int_mode_chain54                                                                    grp1   /[lockup-after-chain]                                                                      -/-        [LAT]                  inferred_occ_clock0  (-)     
0       int_mode_chain54                                                                    grp1   /dut/ahbapbbridge/AHB_SLAVE/rtlcreg_s_addr_51                                              -/-        RTLC_FDCE  <scan_out>  inferred_occ_clock0  (+)     
1       int_mode_chain54                                                                    grp1   /dut/ahbapbbridge/AHB_SLAVE/rtlcreg_s_addr_52                                              -/-        RTLC_FDCE  <scan_out>  inferred_occ_clock0  (+)     
2       int_mode_chain54                                                                    grp1   /dut/ahbapbbridge/AHB_SLAVE/rtlcreg_s_addr_53                                              -/-        RTLC_FDCE  <scan_out>  inferred_occ_clock0  (+)     
3       int_mode_chain54                                                                    grp1   /dut/ahbapbbridge/AHB_SLAVE/rtlcreg_s_addr_54                                              -/-        RTLC_FDCE  <scan_out>  inferred_occ_clock0  (+)     
4       int_mode_chain54                                                                    grp1   /dut/ahbapbbridge/AHB_SLAVE/rtlcreg_s_addr_55                                              -/-        RTLC_FDCE  <scan_out>  inferred_occ_clock0  (+)     
5       int_mode_chain54                                                                    grp1   /dut/bootrom.bootrom/haddrreg/rtlcreg_q_3                                                  -/-        RTLC_FDE   <scan_out>  inferred_occ_clock0  (+)     
6       int_mode_chain54                                                                    grp1   /dut/bootrom.bootrom/haddrreg/rtlcreg_q_4                                                  -/-        RTLC_FDE   <scan_out>  inferred_occ_clock0  (+)     
7       int_mode_chain54                                                                    grp1   /dut/bootrom.bootrom/haddrreg/rtlcreg_q_5                                                  -/-        RTLC_FDE   <scan_out>  inferred_occ_clock0  (+)     
8       int_mode_chain54                                                                    grp1   /dut/bootrom.bootrom/haddrreg/rtlcreg_q_6                                                  -/-        RTLC_FDE   <scan_out>  inferred_occ_clock0  (+)     
9       int_mode_chain54                                                                    grp1   /dut/bootrom.bootrom/haddrreg/rtlcreg_q_7                                                  -/-        RTLC_FDE   <scan_out>  inferred_occ_clock0  (+)     
10      int_mode_chain54                                                                    grp1   /dut/bootrom.bootrom/haddrreg/rtlcreg_q_8                                                  -/-        RTLC_FDE   <scan_out>  inferred_occ_clock0  (+)     
11      int_mode_chain54                                                                    grp1   /dut/bootrom.bootrom/haddrreg/rtlcreg_q_9                                                  -/-        RTLC_FDE   <scan_out>  inferred_occ_clock0  (+)     
12      int_mode_chain54                                                                    grp1   /dut/bootrom.bootrom/haddrreg/rtlcreg_q_10                                                 -/-        RTLC_FDE   <scan_out>  inferred_occ_clock0  (+)     
13      int_mode_chain54                                                                    grp1   /dut/bootrom.bootrom/haddrreg/rtlcreg_q_11                                                 -/-        RTLC_FDE   <scan_out>  inferred_occ_clock0  (+)     
14      int_mode_chain54                                                                    grp1   /dut/bootrom.bootrom/haddrreg/rtlcreg_q_12                                                 -/-        RTLC_FDE   <scan_out>  inferred_occ_clock0  (+)     
15      int_mode_chain54                                                                    grp1   /dut/bootrom.bootrom/haddrreg/rtlcreg_q_13                                                 -/-        RTLC_FDE   <scan_out>  inferred_occ_clock0  (+)     
16      int_mode_chain54                                                                    grp1   /dut/bootrom.bootrom/haddrreg/rtlcreg_q_14                                                 -/-        RTLC_FDE   <scan_out>  inferred_occ_clock0  (+)     
17      int_mode_chain54                                                                    grp1   /dut/bootrom.bootrom/haddrreg/rtlcreg_q_15                                                 -/-        RTLC_FDE   <scan_out>  inferred_occ_clock0  (+)     
18      int_mode_chain54                                                                    grp1   /dut/bootrom.bootrom/haddrreg/rtlcreg_q_16                                                 -/-        RTLC_FDE   <scan_out>  inferred_occ_clock0  (+)     
19      int_mode_chain54                                                                    grp1   /dut/bootrom.bootrom/haddrreg/rtlcreg_q_17                                                 -/-        RTLC_FDE   <scan_out>  inferred_occ_clock0  (+)     
20      int_mode_chain54                                                                    grp1   /dut/bootrom.bootrom/haddrreg/rtlcreg_q_18                                                 -/-        RTLC_FDE   <scan_out>  inferred_occ_clock0  (+)     
21      int_mode_chain54                                                                    grp1   /dut/bootrom.bootrom/haddrreg/rtlcreg_q_19                                                 -/-        RTLC_FDE   <scan_out>  inferred_occ_clock0  (+)     
22      int_mode_chain54                                                                    grp1   /dut/bootrom.bootrom/haddrreg/rtlcreg_q_20                                                 -/-        RTLC_FDE   <scan_out>  inferred_occ_clock0  (+)     
23      int_mode_chain54                                                                    grp1   /dut/bootrom.bootrom/haddrreg/rtlcreg_q_21                                                 -/-        RTLC_FDE   <scan_out>  inferred_occ_clock0  (+)     
24      int_mode_chain54                                                                    grp1   /dut/bootrom.bootrom/haddrreg/rtlcreg_q_22                                                 -/-        RTLC_FDE   <scan_out>  inferred_occ_clock0  (+)     
25      int_mode_chain54                                                                    grp1   /dut/bootrom.bootrom/haddrreg/rtlcreg_q_23                                                 -/-        RTLC_FDE   <scan_out>  inferred_occ_clock0  (+)     
26      int_mode_chain54                                                                    grp1   /dut/bootrom.bootrom/haddrreg/rtlcreg_q_24                                                 -/-        RTLC_FDE   <scan_out>  inferred_occ_clock0  (+)     
27      int_mode_chain54                                                                    grp1   /dut/bootrom.bootrom/haddrreg/rtlcreg_q_25                                                 -/-        RTLC_FDE   <scan_out>  inferred_occ_clock0  (+)     
28      int_mode_chain54                                                                    grp1   /dut/bootrom.bootrom/haddrreg/rtlcreg_q_26                                                 -/-        RTLC_FDE   <scan_out>  inferred_occ_clock0  (+)     
-       int_mode_chain55                                                                    grp1   /[lockup-after-chain]                                                                      -/-        [LAT]                  inferred_occ_clock0  (-)     
0       int_mode_chain55                                                                    grp1   /dut/ahbapbbridge/AHB_SLAVE/rtlcreg_s_addr_22                                              -/-        RTLC_FDCE  <scan_out>  inferred_occ_clock0  (+)     
1       int_mode_chain55                                                                    grp1   /dut/ahbapbbridge/AHB_SLAVE/rtlcreg_s_addr_23                                              -/-        RTLC_FDCE  <scan_out>  inferred_occ_clock0  (+)     
2       int_mode_chain55                                                                    grp1   /dut/ahbapbbridge/AHB_SLAVE/rtlcreg_s_addr_24                                              -/-        RTLC_FDCE  <scan_out>  inferred_occ_clock0  (+)     
3       int_mode_chain55                                                                    grp1   /dut/ahbapbbridge/AHB_SLAVE/rtlcreg_s_addr_25                                              -/-        RTLC_FDCE  <scan_out>  inferred_occ_clock0  (+)     
4       int_mode_chain55                                                                    grp1   /dut/ahbapbbridge/AHB_SLAVE/rtlcreg_s_addr_26                                              -/-        RTLC_FDCE  <scan_out>  inferred_occ_clock0  (+)     
5       int_mode_chain55                                                                    grp1   /dut/ahbapbbridge/AHB_SLAVE/rtlcreg_s_addr_27                                              -/-        RTLC_FDCE  <scan_out>  inferred_occ_clock0  (+)     
6       int_mode_chain55                                                                    grp1   /dut/ahbapbbridge/AHB_SLAVE/rtlcreg_s_addr_28                                              -/-        RTLC_FDCE  <scan_out>  inferred_occ_clock0  (+)     
7       int_mode_chain55                                                                    grp1   /dut/ahbapbbridge/AHB_SLAVE/rtlcreg_s_addr_29                                              -/-        RTLC_FDCE  <scan_out>  inferred_occ_clock0  (+)     
8       int_mode_chain55                                                                    grp1   /dut/ahbapbbridge/AHB_SLAVE/rtlcreg_s_addr_30                                              -/-        RTLC_FDCE  <scan_out>  inferred_occ_clock0  (+)     
9       int_mode_chain55                                                                    grp1   /dut/ahbapbbridge/AHB_SLAVE/rtlcreg_s_addr_31                                              -/-        RTLC_FDCE  <scan_out>  inferred_occ_clock0  (+)     
10      int_mode_chain55                                                                    grp1   /dut/ahbapbbridge/AHB_SLAVE/rtlcreg_s_addr_32                                              -/-        RTLC_FDCE  <scan_out>  inferred_occ_clock0  (+)     
11      int_mode_chain55                                                                    grp1   /dut/ahbapbbridge/AHB_SLAVE/rtlcreg_s_addr_33                                              -/-        RTLC_FDCE  <scan_out>  inferred_occ_clock0  (+)     
12      int_mode_chain55                                                                    grp1   /dut/ahbapbbridge/AHB_SLAVE/rtlcreg_s_addr_34                                              -/-        RTLC_FDCE  <scan_out>  inferred_occ_clock0  (+)     
13      int_mode_chain55                                                                    grp1   /dut/ahbapbbridge/AHB_SLAVE/rtlcreg_s_addr_35                                              -/-        RTLC_FDCE  <scan_out>  inferred_occ_clock0  (+)     
14      int_mode_chain55                                                                    grp1   /dut/ahbapbbridge/AHB_SLAVE/rtlcreg_s_addr_36                                              -/-        RTLC_FDCE  <scan_out>  inferred_occ_clock0  (+)     
15      int_mode_chain55                                                                    grp1   /dut/ahbapbbridge/AHB_SLAVE/rtlcreg_s_addr_37                                              -/-        RTLC_FDCE  <scan_out>  inferred_occ_clock0  (+)     
16      int_mode_chain55                                                                    grp1   /dut/ahbapbbridge/AHB_SLAVE/rtlcreg_s_addr_38                                              -/-        RTLC_FDCE  <scan_out>  inferred_occ_clock0  (+)     
17      int_mode_chain55                                                                    grp1   /dut/ahbapbbridge/AHB_SLAVE/rtlcreg_s_addr_39                                              -/-        RTLC_FDCE  <scan_out>  inferred_occ_clock0  (+)     
18      int_mode_chain55                                                                    grp1   /dut/ahbapbbridge/AHB_SLAVE/rtlcreg_s_addr_40                                              -/-        RTLC_FDCE  <scan_out>  inferred_occ_clock0  (+)     
19      int_mode_chain55                                                                    grp1   /dut/ahbapbbridge/AHB_SLAVE/rtlcreg_s_addr_41                                              -/-        RTLC_FDCE  <scan_out>  inferred_occ_clock0  (+)     
20      int_mode_chain55                                                                    grp1   /dut/ahbapbbridge/AHB_SLAVE/rtlcreg_s_addr_42                                              -/-        RTLC_FDCE  <scan_out>  inferred_occ_clock0  (+)     
21      int_mode_chain55                                                                    grp1   /dut/ahbapbbridge/AHB_SLAVE/rtlcreg_s_addr_43                                              -/-        RTLC_FDCE  <scan_out>  inferred_occ_clock0  (+)     
22      int_mode_chain55                                                                    grp1   /dut/ahbapbbridge/AHB_SLAVE/rtlcreg_s_addr_44                                              -/-        RTLC_FDCE  <scan_out>  inferred_occ_clock0  (+)     
23      int_mode_chain55                                                                    grp1   /dut/ahbapbbridge/AHB_SLAVE/rtlcreg_s_addr_45                                              -/-        RTLC_FDCE  <scan_out>  inferred_occ_clock0  (+)     
24      int_mode_chain55                                                                    grp1   /dut/ahbapbbridge/AHB_SLAVE/rtlcreg_s_addr_46                                              -/-        RTLC_FDCE  <scan_out>  inferred_occ_clock0  (+)     
25      int_mode_chain55                                                                    grp1   /dut/ahbapbbridge/AHB_SLAVE/rtlcreg_s_addr_47                                              -/-        RTLC_FDCE  <scan_out>  inferred_occ_clock0  (+)     
26      int_mode_chain55                                                                    grp1   /dut/ahbapbbridge/AHB_SLAVE/rtlcreg_s_addr_48                                              -/-        RTLC_FDCE  <scan_out>  inferred_occ_clock0  (+)     
27      int_mode_chain55                                                                    grp1   /dut/ahbapbbridge/AHB_SLAVE/rtlcreg_s_addr_49                                              -/-        RTLC_FDCE  <scan_out>  inferred_occ_clock0  (+)     
28      int_mode_chain55                                                                    grp1   /dut/ahbapbbridge/AHB_SLAVE/rtlcreg_s_addr_50                                              -/-        RTLC_FDCE  <scan_out>  inferred_occ_clock0  (+)     
-       int_mode_chain56                                                                    grp1   /[lockup-after-chain]                                                                      -/-        [LAT]                  PCLK                 (-)     
0       int_mode_chain56                                                                    grp1   /dut/gpio.gpio/GPIO_REGISTER/rtlcreg_rgpio_ints_30                                         -/-        RTLC_FDE   <scan_out>  PCLK                 (+)     
-       int_mode_chain56                                                                    grp1   /[lockup]                                                                                  -/-        [LAT]                  inferred_occ_clock0  (-)     
1       int_mode_chain56                                                                    grp1   /dut/hseldelayreg/rtlcreg_q_1                                                              -/-        RTLC_FDE   <scan_out>  inferred_occ_clock0  (+)     
2       int_mode_chain56                                                                    grp1   /dut/hseldelayreg/rtlcreg_q_2                                                              -/-        RTLC_FDE   <scan_out>  inferred_occ_clock0  (+)     
3       int_mode_chain56                                                                    grp1   /dut/hseldelayreg/rtlcreg_q_6                                                              -/-        RTLC_FDE   <scan_out>  inferred_occ_clock0  (+)     
4       int_mode_chain56                                                                    grp1   /dut/hseldelayreg/rtlcreg_q_7                                                              -/-        RTLC_FDE   <scan_out>  inferred_occ_clock0  (+)     
5       int_mode_chain56                                                                    grp1   /dut/hseldelayreg/rtlcreg_q_8                                                              -/-        RTLC_FDE   <scan_out>  inferred_occ_clock0  (+)     
6       int_mode_chain56                                                                    grp1   /dut/hseldelayreg/rtlcreg_q_9                                                              -/-        RTLC_FDE   <scan_out>  inferred_occ_clock0  (+)     
7       int_mode_chain56                                                                    grp1   /dut/hseldelayreg/rtlcreg_q_11                                                             -/-        RTLC_FDE   <scan_out>  inferred_occ_clock0  (+)     
8       int_mode_chain56                                                                    grp1   /dut/ahbapbbridge/SYNCHRONIZER2/rtlcreg_sync_reg_1                                         -/-        RTLC_FDCE  <scan_out>  inferred_occ_clock0  (+)     
9       int_mode_chain56                                                                    grp1   /dut/ahbapbbridge/AHB_SLAVE/rtlcreg_s_trans_valid                                          -/-        RTLC_FDCE  <scan_out>  inferred_occ_clock0  (+)     
10      int_mode_chain56                                                                    grp1   /dut/ahbapbbridge/AHB_SLAVE/rtlcreg_s_sel_0                                                -/-        RTLC_FDCE  <scan_out>  inferred_occ_clock0  (+)     
11      int_mode_chain56                                                                    grp1   /dut/ahbapbbridge/AHB_SLAVE/rtlcreg_s_sel_1                                                -/-        RTLC_FDCE  <scan_out>  inferred_occ_clock0  (+)     
12      int_mode_chain56                                                                    grp1   /dut/ahbapbbridge/AHB_SLAVE/rtlcreg_s_sel_2                                                -/-        RTLC_FDCE  <scan_out>  inferred_occ_clock0  (+)     
13      int_mode_chain56                                                                    grp1   /dut/ahbapbbridge/AHB_SLAVE/rtlcreg_s_sel_3                                                -/-        RTLC_FDCE  <scan_out>  inferred_occ_clock0  (+)     
14      int_mode_chain56                                                                    grp1   /dut/ahbapbbridge/AHB_SLAVE/rtlcreg_s_sel_4                                                -/-        RTLC_FDCE  <scan_out>  inferred_occ_clock0  (+)     
15      int_mode_chain56                                                                    grp1   /dut/ahbapbbridge/AHB_SLAVE/rtlcreg_s_addr_8                                               -/-        RTLC_FDCE  <scan_out>  inferred_occ_clock0  (+)     
16      int_mode_chain56                                                                    grp1   /dut/ahbapbbridge/AHB_SLAVE/rtlcreg_s_addr_9                                               -/-        RTLC_FDCE  <scan_out>  inferred_occ_clock0  (+)     
17      int_mode_chain56                                                                    grp1   /dut/ahbapbbridge/AHB_SLAVE/rtlcreg_s_addr_10                                              -/-        RTLC_FDCE  <scan_out>  inferred_occ_clock0  (+)     
18      int_mode_chain56                                                                    grp1   /dut/ahbapbbridge/AHB_SLAVE/rtlcreg_s_addr_11                                              -/-        RTLC_FDCE  <scan_out>  inferred_occ_clock0  (+)     
19      int_mode_chain56                                                                    grp1   /dut/ahbapbbridge/AHB_SLAVE/rtlcreg_s_addr_12                                              -/-        RTLC_FDCE  <scan_out>  inferred_occ_clock0  (+)     
20      int_mode_chain56                                                                    grp1   /dut/ahbapbbridge/AHB_SLAVE/rtlcreg_s_addr_13                                              -/-        RTLC_FDCE  <scan_out>  inferred_occ_clock0  (+)     
21      int_mode_chain56                                                                    grp1   /dut/ahbapbbridge/AHB_SLAVE/rtlcreg_s_addr_14                                              -/-        RTLC_FDCE  <scan_out>  inferred_occ_clock0  (+)     
22      int_mode_chain56                                                                    grp1   /dut/ahbapbbridge/AHB_SLAVE/rtlcreg_s_addr_15                                              -/-        RTLC_FDCE  <scan_out>  inferred_occ_clock0  (+)     
23      int_mode_chain56                                                                    grp1   /dut/ahbapbbridge/AHB_SLAVE/rtlcreg_s_addr_16                                              -/-        RTLC_FDCE  <scan_out>  inferred_occ_clock0  (+)     
24      int_mode_chain56                                                                    grp1   /dut/ahbapbbridge/AHB_SLAVE/rtlcreg_s_addr_17                                              -/-        RTLC_FDCE  <scan_out>  inferred_occ_clock0  (+)     
25      int_mode_chain56                                                                    grp1   /dut/ahbapbbridge/AHB_SLAVE/rtlcreg_s_addr_18                                              -/-        RTLC_FDCE  <scan_out>  inferred_occ_clock0  (+)     
26      int_mode_chain56                                                                    grp1   /dut/ahbapbbridge/AHB_SLAVE/rtlcreg_s_addr_19                                              -/-        RTLC_FDCE  <scan_out>  inferred_occ_clock0  (+)     
27      int_mode_chain56                                                                    grp1   /dut/ahbapbbridge/AHB_SLAVE/rtlcreg_s_addr_20                                              -/-        RTLC_FDCE  <scan_out>  inferred_occ_clock0  (+)     
28      int_mode_chain56                                                                    grp1   /dut/ahbapbbridge/AHB_SLAVE/rtlcreg_s_addr_21                                              -/-        RTLC_FDCE  <scan_out>  inferred_occ_clock0  (+)     
-       int_mode_chain57                                                                    grp1   /[lockup-after-chain]                                                                      -/-        [LAT]                  inferred_occ_clock0  (-)     
0       int_mode_chain57                                                                    grp1   /dut/ahbapbbridge/AHB_SLAVE/rtlcreg_HRDATA_41                                              -/-        RTLC_FDC   Q           inferred_occ_clock0  (+)     
1       int_mode_chain57                                                                    grp1   /dut/ahbapbbridge/AHB_SLAVE/rtlcreg_HRDATA_42                                              -/-        RTLC_FDC   Q           inferred_occ_clock0  (+)     
2       int_mode_chain57                                                                    grp1   /dut/ahbapbbridge/AHB_SLAVE/rtlcreg_HRDATA_43                                              -/-        RTLC_FDC   Q           inferred_occ_clock0  (+)     
3       int_mode_chain57                                                                    grp1   /dut/ahbapbbridge/AHB_SLAVE/rtlcreg_HRDATA_44                                              -/-        RTLC_FDC   Q           inferred_occ_clock0  (+)     
4       int_mode_chain57                                                                    grp1   /dut/ahbapbbridge/AHB_SLAVE/rtlcreg_HRDATA_45                                              -/-        RTLC_FDC   Q           inferred_occ_clock0  (+)     
5       int_mode_chain57                                                                    grp1   /dut/ahbapbbridge/AHB_SLAVE/rtlcreg_HRDATA_46                                              -/-        RTLC_FDC   Q           inferred_occ_clock0  (+)     
6       int_mode_chain57                                                                    grp1   /dut/ahbapbbridge/AHB_SLAVE/rtlcreg_HRDATA_47                                              -/-        RTLC_FDC   Q           inferred_occ_clock0  (+)     
7       int_mode_chain57                                                                    grp1   /dut/ahbapbbridge/AHB_SLAVE/rtlcreg_HRDATA_48                                              -/-        RTLC_FDC   Q           inferred_occ_clock0  (+)     
8       int_mode_chain57                                                                    grp1   /dut/ahbapbbridge/AHB_SLAVE/rtlcreg_HRDATA_49                                              -/-        RTLC_FDC   Q           inferred_occ_clock0  (+)     
9       int_mode_chain57                                                                    grp1   /dut/ahbapbbridge/AHB_SLAVE/rtlcreg_HRDATA_50                                              -/-        RTLC_FDC   Q           inferred_occ_clock0  (+)     
10      int_mode_chain57                                                                    grp1   /dut/ahbapbbridge/AHB_SLAVE/rtlcreg_HRDATA_51                                              -/-        RTLC_FDC   Q           inferred_occ_clock0  (+)     
11      int_mode_chain57                                                                    grp1   /dut/ahbapbbridge/AHB_SLAVE/rtlcreg_HRDATA_52                                              -/-        RTLC_FDC   Q           inferred_occ_clock0  (+)     
12      int_mode_chain57                                                                    grp1   /dut/ahbapbbridge/AHB_SLAVE/rtlcreg_HRDATA_53                                              -/-        RTLC_FDC   Q           inferred_occ_clock0  (+)     
13      int_mode_chain57                                                                    grp1   /dut/ahbapbbridge/AHB_SLAVE/rtlcreg_HRDATA_54                                              -/-        RTLC_FDC   Q           inferred_occ_clock0  (+)     
14      int_mode_chain57                                                                    grp1   /dut/ahbapbbridge/AHB_SLAVE/rtlcreg_HRDATA_55                                              -/-        RTLC_FDC   Q           inferred_occ_clock0  (+)     
15      int_mode_chain57                                                                    grp1   /dut/ahbapbbridge/AHB_SLAVE/rtlcreg_HRDATA_56                                              -/-        RTLC_FDC   Q           inferred_occ_clock0  (+)     
16      int_mode_chain57                                                                    grp1   /dut/ahbapbbridge/AHB_SLAVE/rtlcreg_HRDATA_57                                              -/-        RTLC_FDC   Q           inferred_occ_clock0  (+)     
17      int_mode_chain57                                                                    grp1   /dut/ahbapbbridge/AHB_SLAVE/rtlcreg_HRDATA_58                                              -/-        RTLC_FDC   Q           inferred_occ_clock0  (+)     
18      int_mode_chain57                                                                    grp1   /dut/ahbapbbridge/AHB_SLAVE/rtlcreg_HRDATA_59                                              -/-        RTLC_FDC   Q           inferred_occ_clock0  (+)     
19      int_mode_chain57                                                                    grp1   /dut/ahbapbbridge/AHB_SLAVE/rtlcreg_HRDATA_60                                              -/-        RTLC_FDC   Q           inferred_occ_clock0  (+)     
20      int_mode_chain57                                                                    grp1   /dut/ahbapbbridge/AHB_SLAVE/rtlcreg_HRDATA_61                                              -/-        RTLC_FDC   Q           inferred_occ_clock0  (+)     
21      int_mode_chain57                                                                    grp1   /dut/ahbapbbridge/AHB_SLAVE/rtlcreg_HRDATA_62                                              -/-        RTLC_FDC   Q           inferred_occ_clock0  (+)     
22      int_mode_chain57                                                                    grp1   /dut/ahbapbbridge/AHB_SLAVE/rtlcreg_HRDATA_63                                              -/-        RTLC_FDC   Q           inferred_occ_clock0  (+)     
23      int_mode_chain57                                                                    grp1   /dut/ahbapbbridge/AHB_SLAVE/rtlcreg_curr_state_1                                           -/-        RTLC_FDC   Q           inferred_occ_clock0  (+)     
24      int_mode_chain57                                                                    grp1   /dut/ahbapbbridge/AHB_SLAVE/rtlcreg_s_addr_3                                               -/-        RTLC_FDCE  <scan_out>  inferred_occ_clock0  (+)     
25      int_mode_chain57                                                                    grp1   /dut/ahbapbbridge/AHB_SLAVE/rtlcreg_s_addr_4                                               -/-        RTLC_FDCE  <scan_out>  inferred_occ_clock0  (+)     
26      int_mode_chain57                                                                    grp1   /dut/ahbapbbridge/AHB_SLAVE/rtlcreg_s_addr_5                                               -/-        RTLC_FDCE  <scan_out>  inferred_occ_clock0  (+)     
27      int_mode_chain57                                                                    grp1   /dut/ahbapbbridge/AHB_SLAVE/rtlcreg_s_addr_6                                               -/-        RTLC_FDCE  <scan_out>  inferred_occ_clock0  (+)     
28      int_mode_chain57                                                                    grp1   /dut/ahbapbbridge/AHB_SLAVE/rtlcreg_s_addr_7                                               -/-        RTLC_FDCE  <scan_out>  inferred_occ_clock0  (+)     
29      int_mode_chain57                                                                    grp1   /[pipeline-before-chain]                                                                   -/-        [DFF]                  inferred_occ_clock0  (+)     
-       int_mode_chain58                                                                    grp1   /[lockup-after-chain]                                                                      -/-        [LAT]                  inferred_occ_clock0  (-)     
0       int_mode_chain58                                                                    grp1   /dut/ahbapbbridge/AHB_SLAVE/rtlcreg_HRDATA_12                                              -/-        RTLC_FDC   Q           inferred_occ_clock0  (+)     
1       int_mode_chain58                                                                    grp1   /dut/ahbapbbridge/AHB_SLAVE/rtlcreg_HRDATA_13                                              -/-        RTLC_FDC   Q           inferred_occ_clock0  (+)     
2       int_mode_chain58                                                                    grp1   /dut/ahbapbbridge/AHB_SLAVE/rtlcreg_HRDATA_14                                              -/-        RTLC_FDC   Q           inferred_occ_clock0  (+)     
3       int_mode_chain58                                                                    grp1   /dut/ahbapbbridge/AHB_SLAVE/rtlcreg_HRDATA_15                                              -/-        RTLC_FDC   Q           inferred_occ_clock0  (+)     
4       int_mode_chain58                                                                    grp1   /dut/ahbapbbridge/AHB_SLAVE/rtlcreg_HRDATA_16                                              -/-        RTLC_FDC   Q           inferred_occ_clock0  (+)     
5       int_mode_chain58                                                                    grp1   /dut/ahbapbbridge/AHB_SLAVE/rtlcreg_HRDATA_17                                              -/-        RTLC_FDC   Q           inferred_occ_clock0  (+)     
6       int_mode_chain58                                                                    grp1   /dut/ahbapbbridge/AHB_SLAVE/rtlcreg_HRDATA_18                                              -/-        RTLC_FDC   Q           inferred_occ_clock0  (+)     
7       int_mode_chain58                                                                    grp1   /dut/ahbapbbridge/AHB_SLAVE/rtlcreg_HRDATA_19                                              -/-        RTLC_FDC   Q           inferred_occ_clock0  (+)     
8       int_mode_chain58                                                                    grp1   /dut/ahbapbbridge/AHB_SLAVE/rtlcreg_HRDATA_20                                              -/-        RTLC_FDC   Q           inferred_occ_clock0  (+)     
9       int_mode_chain58                                                                    grp1   /dut/ahbapbbridge/AHB_SLAVE/rtlcreg_HRDATA_21                                              -/-        RTLC_FDC   Q           inferred_occ_clock0  (+)     
10      int_mode_chain58                                                                    grp1   /dut/ahbapbbridge/AHB_SLAVE/rtlcreg_HRDATA_22                                              -/-        RTLC_FDC   Q           inferred_occ_clock0  (+)     
11      int_mode_chain58                                                                    grp1   /dut/ahbapbbridge/AHB_SLAVE/rtlcreg_HRDATA_23                                              -/-        RTLC_FDC   Q           inferred_occ_clock0  (+)     
12      int_mode_chain58                                                                    grp1   /dut/ahbapbbridge/AHB_SLAVE/rtlcreg_HRDATA_24                                              -/-        RTLC_FDC   Q           inferred_occ_clock0  (+)     
13      int_mode_chain58                                                                    grp1   /dut/ahbapbbridge/AHB_SLAVE/rtlcreg_HRDATA_25                                              -/-        RTLC_FDC   Q           inferred_occ_clock0  (+)     
14      int_mode_chain58                                                                    grp1   /dut/ahbapbbridge/AHB_SLAVE/rtlcreg_HRDATA_26                                              -/-        RTLC_FDC   Q           inferred_occ_clock0  (+)     
15      int_mode_chain58                                                                    grp1   /dut/ahbapbbridge/AHB_SLAVE/rtlcreg_HRDATA_27                                              -/-        RTLC_FDC   Q           inferred_occ_clock0  (+)     
16      int_mode_chain58                                                                    grp1   /dut/ahbapbbridge/AHB_SLAVE/rtlcreg_HRDATA_28                                              -/-        RTLC_FDC   Q           inferred_occ_clock0  (+)     
17      int_mode_chain58                                                                    grp1   /dut/ahbapbbridge/AHB_SLAVE/rtlcreg_HRDATA_29                                              -/-        RTLC_FDC   Q           inferred_occ_clock0  (+)     
18      int_mode_chain58                                                                    grp1   /dut/ahbapbbridge/AHB_SLAVE/rtlcreg_HRDATA_30                                              -/-        RTLC_FDC   Q           inferred_occ_clock0  (+)     
19      int_mode_chain58                                                                    grp1   /dut/ahbapbbridge/AHB_SLAVE/rtlcreg_HRDATA_31                                              -/-        RTLC_FDC   Q           inferred_occ_clock0  (+)     
20      int_mode_chain58                                                                    grp1   /dut/ahbapbbridge/AHB_SLAVE/rtlcreg_HRDATA_32                                              -/-        RTLC_FDC   Q           inferred_occ_clock0  (+)     
21      int_mode_chain58                                                                    grp1   /dut/ahbapbbridge/AHB_SLAVE/rtlcreg_HRDATA_33                                              -/-        RTLC_FDC   Q           inferred_occ_clock0  (+)     
22      int_mode_chain58                                                                    grp1   /dut/ahbapbbridge/AHB_SLAVE/rtlcreg_HRDATA_34                                              -/-        RTLC_FDC   Q           inferred_occ_clock0  (+)     
23      int_mode_chain58                                                                    grp1   /dut/ahbapbbridge/AHB_SLAVE/rtlcreg_HRDATA_35                                              -/-        RTLC_FDC   Q           inferred_occ_clock0  (+)     
24      int_mode_chain58                                                                    grp1   /dut/ahbapbbridge/AHB_SLAVE/rtlcreg_HRDATA_36                                              -/-        RTLC_FDC   Q           inferred_occ_clock0  (+)     
25      int_mode_chain58                                                                    grp1   /dut/ahbapbbridge/AHB_SLAVE/rtlcreg_HRDATA_37                                              -/-        RTLC_FDC   Q           inferred_occ_clock0  (+)     
26      int_mode_chain58                                                                    grp1   /dut/ahbapbbridge/AHB_SLAVE/rtlcreg_HRDATA_38                                              -/-        RTLC_FDC   Q           inferred_occ_clock0  (+)     
27      int_mode_chain58                                                                    grp1   /dut/ahbapbbridge/AHB_SLAVE/rtlcreg_HRDATA_39                                              -/-        RTLC_FDC   Q           inferred_occ_clock0  (+)     
28      int_mode_chain58                                                                    grp1   /dut/ahbapbbridge/AHB_SLAVE/rtlcreg_HRDATA_40                                              -/-        RTLC_FDC   Q           inferred_occ_clock0  (+)     
29      int_mode_chain58                                                                    grp1   /[pipeline-before-chain]                                                                   -/-        [DFF]                  inferred_occ_clock0  (+)     
-       int_mode_chain59                                                                    grp1   /[lockup-after-chain]                                                                      -/-        [LAT]                  PCLK                 (-)     
0       int_mode_chain59                                                                    grp1   /dut/gpio.gpio/GPIO_REGISTER/rtlcreg_rgpio_ints_21                                         -/-        RTLC_FDE   <scan_out>  PCLK                 (+)     
1       int_mode_chain59                                                                    grp1   /dut/gpio.gpio/GPIO_REGISTER/rtlcreg_rgpio_ints_22                                         -/-        RTLC_FDE   <scan_out>  PCLK                 (+)     
2       int_mode_chain59                                                                    grp1   /dut/gpio.gpio/GPIO_REGISTER/rtlcreg_rgpio_ints_23                                         -/-        RTLC_FDE   <scan_out>  PCLK                 (+)     
3       int_mode_chain59                                                                    grp1   /dut/gpio.gpio/GPIO_REGISTER/rtlcreg_rgpio_ints_24                                         -/-        RTLC_FDE   <scan_out>  PCLK                 (+)     
4       int_mode_chain59                                                                    grp1   /dut/gpio.gpio/GPIO_REGISTER/rtlcreg_rgpio_ints_25                                         -/-        RTLC_FDE   <scan_out>  PCLK                 (+)     
5       int_mode_chain59                                                                    grp1   /dut/gpio.gpio/GPIO_REGISTER/rtlcreg_rgpio_ints_26                                         -/-        RTLC_FDE   <scan_out>  PCLK                 (+)     
6       int_mode_chain59                                                                    grp1   /dut/gpio.gpio/GPIO_REGISTER/rtlcreg_rgpio_ints_27                                         -/-        RTLC_FDE   <scan_out>  PCLK                 (+)     
7       int_mode_chain59                                                                    grp1   /dut/gpio.gpio/GPIO_REGISTER/rtlcreg_rgpio_ints_28                                         -/-        RTLC_FDE   <scan_out>  PCLK                 (+)     
8       int_mode_chain59                                                                    grp1   /dut/gpio.gpio/GPIO_REGISTER/rtlcreg_rgpio_ints_29                                         -/-        RTLC_FDE   <scan_out>  PCLK                 (+)     
-       int_mode_chain59                                                                    grp1   /[lockup]                                                                                  -/-        [LAT]                  inferred_occ_clock0  (-)     
9       int_mode_chain59                                                                    grp1   /dut/hseldelayreg/rtlcreg_q_0                                                              -/-        RTLC_FDE   <scan_out>  inferred_occ_clock0  (+)     
10      int_mode_chain59                                                                    grp1   /dut/hseldelayreg/rtlcreg_q_3                                                              -/-        RTLC_FDE   <scan_out>  inferred_occ_clock0  (+)     
11      int_mode_chain59                                                                    grp1   /dut/hseldelayreg/rtlcreg_q_4                                                              -/-        RTLC_FDE   <scan_out>  inferred_occ_clock0  (+)     
12      int_mode_chain59                                                                    grp1   /dut/hseldelayreg/rtlcreg_q_5                                                              -/-        RTLC_FDE   <scan_out>  inferred_occ_clock0  (+)     
13      int_mode_chain59                                                                    grp1   /dut/hseldelayreg/rtlcreg_q_10                                                             -/-        RTLC_FDE   <scan_out>  inferred_occ_clock0  (+)     
14      int_mode_chain59                                                                    grp1   /dut/hseldelayreg/rtlcreg_q_12                                                             -/-        RTLC_FDE   <scan_out>  inferred_occ_clock0  (+)     
15      int_mode_chain59                                                                    grp1   /dut/hselbridgedelayreg/rtlcreg_q_0                                                        -/-        RTLC_FDE   <scan_out>  inferred_occ_clock0  (+)     
16      int_mode_chain59                                                                    grp1   /dut/ahbapbbridge/SYNCHRONIZER2/rtlcreg_sync_reg_2                                         -/-        RTLC_FDCE  <scan_out>  inferred_occ_clock0  (+)     
17      int_mode_chain59                                                                    grp1   /dut/ahbapbbridge/AHB_SLAVE/rtlcreg_HRDATA_0                                               -/-        RTLC_FDC   Q           inferred_occ_clock0  (+)     
18      int_mode_chain59                                                                    grp1   /dut/ahbapbbridge/AHB_SLAVE/rtlcreg_HRDATA_1                                               -/-        RTLC_FDC   Q           inferred_occ_clock0  (+)     
19      int_mode_chain59                                                                    grp1   /dut/ahbapbbridge/AHB_SLAVE/rtlcreg_HRDATA_2                                               -/-        RTLC_FDC   Q           inferred_occ_clock0  (+)     
20      int_mode_chain59                                                                    grp1   /dut/ahbapbbridge/AHB_SLAVE/rtlcreg_HRDATA_3                                               -/-        RTLC_FDC   Q           inferred_occ_clock0  (+)     
21      int_mode_chain59                                                                    grp1   /dut/ahbapbbridge/AHB_SLAVE/rtlcreg_HRDATA_4                                               -/-        RTLC_FDC   Q           inferred_occ_clock0  (+)     
22      int_mode_chain59                                                                    grp1   /dut/ahbapbbridge/AHB_SLAVE/rtlcreg_HRDATA_5                                               -/-        RTLC_FDC   Q           inferred_occ_clock0  (+)     
23      int_mode_chain59                                                                    grp1   /dut/ahbapbbridge/AHB_SLAVE/rtlcreg_HRDATA_6                                               -/-        RTLC_FDC   Q           inferred_occ_clock0  (+)     
24      int_mode_chain59                                                                    grp1   /dut/ahbapbbridge/AHB_SLAVE/rtlcreg_HRDATA_7                                               -/-        RTLC_FDC   Q           inferred_occ_clock0  (+)     
25      int_mode_chain59                                                                    grp1   /dut/ahbapbbridge/AHB_SLAVE/rtlcreg_HRDATA_8                                               -/-        RTLC_FDC   Q           inferred_occ_clock0  (+)     
26      int_mode_chain59                                                                    grp1   /dut/ahbapbbridge/AHB_SLAVE/rtlcreg_HRDATA_9                                               -/-        RTLC_FDC   Q           inferred_occ_clock0  (+)     
27      int_mode_chain59                                                                    grp1   /dut/ahbapbbridge/AHB_SLAVE/rtlcreg_HRDATA_10                                              -/-        RTLC_FDC   Q           inferred_occ_clock0  (+)     
28      int_mode_chain59                                                                    grp1   /dut/ahbapbbridge/AHB_SLAVE/rtlcreg_HRDATA_11                                              -/-        RTLC_FDC   Q           inferred_occ_clock0  (+)     
29      int_mode_chain59                                                                    grp1   /[pipeline-before-chain]                                                                   -/-        [DFF]                  inferred_occ_clock0  (+)     
-------------------------------------------------------------------------------------------------------------------------------------------------------------------------------------------------------------------------------------------------------------

//  command: report_scan_chains 

===============================
Scan Chains Created by the Tool
===============================

   Scan mode 'ext_mode' has 10 scan chains:
   ----------------------------------------
      input wrapper chain = ext_mode_chain0   group = grp1  input = /ts_ext_mode_si[0]  output = /ts_ext_mode_so[0]  length = 48
      output wrapper chain = ext_mode_chain1   group = grp1  input = /ts_ext_mode_si[1]  output = /ts_ext_mode_so[1]  length = 48
      output wrapper chain = ext_mode_chain2   group = grp1  input = /ts_ext_mode_si[2]  output = /ts_ext_mode_so[2]  length = 48
      output wrapper chain = ext_mode_chain3   group = grp1  input = /ts_ext_mode_si[3]  output = /ts_ext_mode_so[3]  length = 48
      mixed wrapper chain = ext_mode_chain4   group = grp1  input = /ts_ext_mode_si[4]  output = /ts_ext_mode_so[4]  length = 48
      mixed wrapper chain = ext_mode_chain5   group = grp1  input = /ts_ext_mode_si[5]  output = /ts_ext_mode_so[5]  length = 48
      input wrapper chain = ext_mode_chain6   group = grp1  input = /ts_ext_mode_si[6]  output = /ts_ext_mode_so[6]  length = 48
      input wrapper chain = ext_mode_chain7   group = grp1  input = /ts_ext_mode_si[7]  output = /ts_ext_mode_so[7]  length = 48
      input wrapper chain = ext_mode_chain8   group = grp1  input = /ts_ext_mode_si[8]  output = /ts_ext_mode_so[8]  length = 49
      output wrapper chain = ext_mode_chain9   group = grp1  input = /ts_ext_mode_si[9]  output = /ts_ext_mode_so[9]  length = 49

   Scan mode 'int_mode' has 60 scan chains:
   ----------------------------------------
      mixed chain = int_mode_chain0   group = grp1  input = /ts_int_mode_si[0]  output = /ts_int_mode_so[0]  length = 29
      core chain = int_mode_chain1   group = grp1  input = /ts_int_mode_si[1]  output = /ts_int_mode_so[1]  length = 29
      core chain = int_mode_chain2   group = grp1  input = /ts_int_mode_si[2]  output = /ts_int_mode_so[2]  length = 29
      core chain = int_mode_chain3   group = grp1  input = /ts_int_mode_si[3]  output = /ts_int_mode_so[3]  length = 29
      core chain = int_mode_chain4   group = grp1  input = /ts_int_mode_si[4]  output = /ts_int_mode_so[4]  length = 29
      core chain = int_mode_chain5   group = grp1  input = /ts_int_mode_si[5]  output = /ts_int_mode_so[5]  length = 29
      core chain = int_mode_chain6   group = grp1  input = /ts_int_mode_si[6]  output = /ts_int_mode_so[6]  length = 29
      core chain = int_mode_chain7   group = grp1  input = /ts_int_mode_si[7]  output = /ts_int_mode_so[7]  length = 29
      core chain = int_mode_chain8   group = grp1  input = /ts_int_mode_si[8]  output = /ts_int_mode_so[8]  length = 29
      core chain = int_mode_chain9   group = grp1  input = /ts_int_mode_si[9]  output = /ts_int_mode_so[9]  length = 29
      core chain = int_mode_chain10   group = grp1  input = /ts_int_mode_si[10]  output = /ts_int_mode_so[10]  length = 29
      core chain = int_mode_chain11   group = grp1  input = /ts_int_mode_si[11]  output = /ts_int_mode_so[11]  length = 29
      core chain = int_mode_chain12   group = grp1  input = /ts_int_mode_si[12]  output = /ts_int_mode_so[12]  length = 29
      core chain = int_mode_chain13   group = grp1  input = /ts_int_mode_si[13]  output = /ts_int_mode_so[13]  length = 29
      core chain = int_mode_chain14   group = grp1  input = /ts_int_mode_si[14]  output = /ts_int_mode_so[14]  length = 29
      core chain = int_mode_chain15   group = grp1  input = /ts_int_mode_si[15]  output = /ts_int_mode_so[15]  length = 29
      core chain = int_mode_chain16   group = grp1  input = /ts_int_mode_si[16]  output = /ts_int_mode_so[16]  length = 29
      core chain = int_mode_chain17   group = grp1  input = /ts_int_mode_si[17]  output = /ts_int_mode_so[17]  length = 29
      core chain = int_mode_chain18   group = grp1  input = /ts_int_mode_si[18]  output = /ts_int_mode_so[18]  length = 29
      core chain = int_mode_chain19   group = grp1  input = /ts_int_mode_si[19]  output = /ts_int_mode_so[19]  length = 29
      core chain = int_mode_chain20   group = grp1  input = /ts_int_mode_si[20]  output = /ts_int_mode_so[20]  length = 29
      core chain = int_mode_chain21   group = grp1  input = /ts_int_mode_si[21]  output = /ts_int_mode_so[21]  length = 29
      core chain = int_mode_chain22   group = grp1  input = /ts_int_mode_si[22]  output = /ts_int_mode_so[22]  length = 29
      core chain = int_mode_chain23   group = grp1  input = /ts_int_mode_si[23]  output = /ts_int_mode_so[23]  length = 29
      core chain = int_mode_chain24   group = grp1  input = /ts_int_mode_si[24]  output = /ts_int_mode_so[24]  length = 29
      core chain = int_mode_chain25   group = grp1  input = /ts_int_mode_si[25]  output = /ts_int_mode_so[25]  length = 29
      core chain = int_mode_chain26   group = grp1  input = /ts_int_mode_si[26]  output = /ts_int_mode_so[26]  length = 29
      core chain = int_mode_chain27   group = grp1  input = /ts_int_mode_si[27]  output = /ts_int_mode_so[27]  length = 29
      core chain = int_mode_chain28   group = grp1  input = /ts_int_mode_si[28]  output = /ts_int_mode_so[28]  length = 29
      core chain = int_mode_chain29   group = grp1  input = /ts_int_mode_si[29]  output = /ts_int_mode_so[29]  length = 29
      core chain = int_mode_chain30   group = grp1  input = /ts_int_mode_si[30]  output = /ts_int_mode_so[30]  length = 29
      core chain = int_mode_chain31   group = grp1  input = /ts_int_mode_si[31]  output = /ts_int_mode_so[31]  length = 29
      core chain = int_mode_chain32   group = grp1  input = /ts_int_mode_si[32]  output = /ts_int_mode_so[32]  length = 29
      core chain = int_mode_chain33   group = grp1  input = /ts_int_mode_si[33]  output = /ts_int_mode_so[33]  length = 29
      core chain = int_mode_chain34   group = grp1  input = /ts_int_mode_si[34]  output = /ts_int_mode_so[34]  length = 29
      core chain = int_mode_chain35   group = grp1  input = /ts_int_mode_si[35]  output = /ts_int_mode_so[35]  length = 29
      core chain = int_mode_chain36   group = grp1  input = /ts_int_mode_si[36]  output = /ts_int_mode_so[36]  length = 29
      core chain = int_mode_chain37   group = grp1  input = /ts_int_mode_si[37]  output = /ts_int_mode_so[37]  length = 29
      core chain = int_mode_chain38   group = grp1  input = /ts_int_mode_si[38]  output = /ts_int_mode_so[38]  length = 29
      core chain = int_mode_chain39   group = grp1  input = /ts_int_mode_si[39]  output = /ts_int_mode_so[39]  length = 29
      mixed chain = int_mode_chain40   group = grp1  input = /ts_int_mode_si[40]  output = /ts_int_mode_so[40]  length = 29
      output wrapper chain = int_mode_chain41   group = grp1  input = /ts_int_mode_si[41]  output = /ts_int_mode_so[41]  length = 29
      output wrapper chain = int_mode_chain42   group = grp1  input = /ts_int_mode_si[42]  output = /ts_int_mode_so[42]  length = 29
      output wrapper chain = int_mode_chain43   group = grp1  input = /ts_int_mode_si[43]  output = /ts_int_mode_so[43]  length = 29
      output wrapper chain = int_mode_chain44   group = grp1  input = /ts_int_mode_si[44]  output = /ts_int_mode_so[44]  length = 29
      output wrapper chain = int_mode_chain45   group = grp1  input = /ts_int_mode_si[45]  output = /ts_int_mode_so[45]  length = 29
      output wrapper chain = int_mode_chain46   group = grp1  input = /ts_int_mode_si[46]  output = /ts_int_mode_so[46]  length = 30
      mixed wrapper chain = int_mode_chain47   group = grp1  input = /ts_int_mode_si[47]  output = /ts_int_mode_so[47]  length = 30
      input wrapper chain = int_mode_chain48   group = grp1  input = /ts_int_mode_si[48]  output = /ts_int_mode_so[48]  length = 30
      input wrapper chain = int_mode_chain49   group = grp1  input = /ts_int_mode_si[49]  output = /ts_int_mode_so[49]  length = 30
      input wrapper chain = int_mode_chain50   group = grp1  input = /ts_int_mode_si[50]  output = /ts_int_mode_so[50]  length = 30
      input wrapper chain = int_mode_chain51   group = grp1  input = /ts_int_mode_si[51]  output = /ts_int_mode_so[51]  length = 30
      input wrapper chain = int_mode_chain52   group = grp1  input = /ts_int_mode_si[52]  output = /ts_int_mode_so[52]  length = 30
      core chain = int_mode_chain53   group = grp1  input = /ts_int_mode_si[53]  output = /ts_int_mode_so[53]  length = 29
      core chain = int_mode_chain54   group = grp1  input = /ts_int_mode_si[54]  output = /ts_int_mode_so[54]  length = 29
      core chain = int_mode_chain55   group = grp1  input = /ts_int_mode_si[55]  output = /ts_int_mode_so[55]  length = 29
      mixed chain = int_mode_chain56   group = grp1  input = /ts_int_mode_si[56]  output = /ts_int_mode_so[56]  length = 29
      output wrapper chain = int_mode_chain57   group = grp1  input = /ts_int_mode_si[57]  output = /ts_int_mode_so[57]  length = 30
      output wrapper chain = int_mode_chain58   group = grp1  input = /ts_int_mode_si[58]  output = /ts_int_mode_so[58]  length = 30
      mixed wrapper chain = int_mode_chain59   group = grp1  input = /ts_int_mode_si[59]  output = /ts_int_mode_so[59]  length = 30

//  command: insert_test_logic 
=============================
Test Logic Insertion Summary:
=============================

  Structural Data:
  ----------------
                           Added top-level port count:           8
                                 Added instance count:        1265

  Logical Data:
  -------------
                      Added input wrapper logic count:         355
                     Added output wrapper logic count:         527
                         Added pipelining logic count:          25
                           Added retiming logic count:          72
                    Added scan chain count (ext_mode):          10
                    Added scan chain count (int_mode):          60

//  Warning: Flattened model deleted.
//  
//  Writing out netlist and related files in ./TSDB/dft_inserted_designs/msrv_soc_uncorewrapper_gate2.dft_inserted_design
//  command: report_scan_chains 

===============================
Scan Chains Created by the Tool
===============================

   Scan mode 'ext_mode' has 10 scan chains:
   ----------------------------------------
      input wrapper chain = ext_mode_chain0   group = grp1  input = /ts_ext_mode_si[0]  output = /ts_ext_mode_so[0]  length = 48
      output wrapper chain = ext_mode_chain1   group = grp1  input = /ts_ext_mode_si[1]  output = /ts_ext_mode_so[1]  length = 48
      output wrapper chain = ext_mode_chain2   group = grp1  input = /ts_ext_mode_si[2]  output = /ts_ext_mode_so[2]  length = 48
      output wrapper chain = ext_mode_chain3   group = grp1  input = /ts_ext_mode_si[3]  output = /ts_ext_mode_so[3]  length = 48
      mixed wrapper chain = ext_mode_chain4   group = grp1  input = /ts_ext_mode_si[4]  output = /ts_ext_mode_so[4]  length = 48
      mixed wrapper chain = ext_mode_chain5   group = grp1  input = /ts_ext_mode_si[5]  output = /ts_ext_mode_so[5]  length = 48
      input wrapper chain = ext_mode_chain6   group = grp1  input = /ts_ext_mode_si[6]  output = /ts_ext_mode_so[6]  length = 48
      input wrapper chain = ext_mode_chain7   group = grp1  input = /ts_ext_mode_si[7]  output = /ts_ext_mode_so[7]  length = 48
      input wrapper chain = ext_mode_chain8   group = grp1  input = /ts_ext_mode_si[8]  output = /ts_ext_mode_so[8]  length = 49
      output wrapper chain = ext_mode_chain9   group = grp1  input = /ts_ext_mode_si[9]  output = /ts_ext_mode_so[9]  length = 49

   Scan mode 'int_mode' has 60 scan chains:
   ----------------------------------------
      mixed chain = int_mode_chain0   group = grp1  input = /ts_int_mode_si[0]  output = /ts_int_mode_so[0]  length = 29
      core chain = int_mode_chain1   group = grp1  input = /ts_int_mode_si[1]  output = /ts_int_mode_so[1]  length = 29
      core chain = int_mode_chain2   group = grp1  input = /ts_int_mode_si[2]  output = /ts_int_mode_so[2]  length = 29
      core chain = int_mode_chain3   group = grp1  input = /ts_int_mode_si[3]  output = /ts_int_mode_so[3]  length = 29
      core chain = int_mode_chain4   group = grp1  input = /ts_int_mode_si[4]  output = /ts_int_mode_so[4]  length = 29
      core chain = int_mode_chain5   group = grp1  input = /ts_int_mode_si[5]  output = /ts_int_mode_so[5]  length = 29
      core chain = int_mode_chain6   group = grp1  input = /ts_int_mode_si[6]  output = /ts_int_mode_so[6]  length = 29
      core chain = int_mode_chain7   group = grp1  input = /ts_int_mode_si[7]  output = /ts_int_mode_so[7]  length = 29
      core chain = int_mode_chain8   group = grp1  input = /ts_int_mode_si[8]  output = /ts_int_mode_so[8]  length = 29
      core chain = int_mode_chain9   group = grp1  input = /ts_int_mode_si[9]  output = /ts_int_mode_so[9]  length = 29
      core chain = int_mode_chain10   group = grp1  input = /ts_int_mode_si[10]  output = /ts_int_mode_so[10]  length = 29
      core chain = int_mode_chain11   group = grp1  input = /ts_int_mode_si[11]  output = /ts_int_mode_so[11]  length = 29
      core chain = int_mode_chain12   group = grp1  input = /ts_int_mode_si[12]  output = /ts_int_mode_so[12]  length = 29
      core chain = int_mode_chain13   group = grp1  input = /ts_int_mode_si[13]  output = /ts_int_mode_so[13]  length = 29
      core chain = int_mode_chain14   group = grp1  input = /ts_int_mode_si[14]  output = /ts_int_mode_so[14]  length = 29
      core chain = int_mode_chain15   group = grp1  input = /ts_int_mode_si[15]  output = /ts_int_mode_so[15]  length = 29
      core chain = int_mode_chain16   group = grp1  input = /ts_int_mode_si[16]  output = /ts_int_mode_so[16]  length = 29
      core chain = int_mode_chain17   group = grp1  input = /ts_int_mode_si[17]  output = /ts_int_mode_so[17]  length = 29
      core chain = int_mode_chain18   group = grp1  input = /ts_int_mode_si[18]  output = /ts_int_mode_so[18]  length = 29
      core chain = int_mode_chain19   group = grp1  input = /ts_int_mode_si[19]  output = /ts_int_mode_so[19]  length = 29
      core chain = int_mode_chain20   group = grp1  input = /ts_int_mode_si[20]  output = /ts_int_mode_so[20]  length = 29
      core chain = int_mode_chain21   group = grp1  input = /ts_int_mode_si[21]  output = /ts_int_mode_so[21]  length = 29
      core chain = int_mode_chain22   group = grp1  input = /ts_int_mode_si[22]  output = /ts_int_mode_so[22]  length = 29
      core chain = int_mode_chain23   group = grp1  input = /ts_int_mode_si[23]  output = /ts_int_mode_so[23]  length = 29
      core chain = int_mode_chain24   group = grp1  input = /ts_int_mode_si[24]  output = /ts_int_mode_so[24]  length = 29
      core chain = int_mode_chain25   group = grp1  input = /ts_int_mode_si[25]  output = /ts_int_mode_so[25]  length = 29
      core chain = int_mode_chain26   group = grp1  input = /ts_int_mode_si[26]  output = /ts_int_mode_so[26]  length = 29
      core chain = int_mode_chain27   group = grp1  input = /ts_int_mode_si[27]  output = /ts_int_mode_so[27]  length = 29
      core chain = int_mode_chain28   group = grp1  input = /ts_int_mode_si[28]  output = /ts_int_mode_so[28]  length = 29
      core chain = int_mode_chain29   group = grp1  input = /ts_int_mode_si[29]  output = /ts_int_mode_so[29]  length = 29
      core chain = int_mode_chain30   group = grp1  input = /ts_int_mode_si[30]  output = /ts_int_mode_so[30]  length = 29
      core chain = int_mode_chain31   group = grp1  input = /ts_int_mode_si[31]  output = /ts_int_mode_so[31]  length = 29
      core chain = int_mode_chain32   group = grp1  input = /ts_int_mode_si[32]  output = /ts_int_mode_so[32]  length = 29
      core chain = int_mode_chain33   group = grp1  input = /ts_int_mode_si[33]  output = /ts_int_mode_so[33]  length = 29
      core chain = int_mode_chain34   group = grp1  input = /ts_int_mode_si[34]  output = /ts_int_mode_so[34]  length = 29
      core chain = int_mode_chain35   group = grp1  input = /ts_int_mode_si[35]  output = /ts_int_mode_so[35]  length = 29
      core chain = int_mode_chain36   group = grp1  input = /ts_int_mode_si[36]  output = /ts_int_mode_so[36]  length = 29
      core chain = int_mode_chain37   group = grp1  input = /ts_int_mode_si[37]  output = /ts_int_mode_so[37]  length = 29
      core chain = int_mode_chain38   group = grp1  input = /ts_int_mode_si[38]  output = /ts_int_mode_so[38]  length = 29
      core chain = int_mode_chain39   group = grp1  input = /ts_int_mode_si[39]  output = /ts_int_mode_so[39]  length = 29
      mixed chain = int_mode_chain40   group = grp1  input = /ts_int_mode_si[40]  output = /ts_int_mode_so[40]  length = 29
      output wrapper chain = int_mode_chain41   group = grp1  input = /ts_int_mode_si[41]  output = /ts_int_mode_so[41]  length = 29
      output wrapper chain = int_mode_chain42   group = grp1  input = /ts_int_mode_si[42]  output = /ts_int_mode_so[42]  length = 29
      output wrapper chain = int_mode_chain43   group = grp1  input = /ts_int_mode_si[43]  output = /ts_int_mode_so[43]  length = 29
      output wrapper chain = int_mode_chain44   group = grp1  input = /ts_int_mode_si[44]  output = /ts_int_mode_so[44]  length = 29
      output wrapper chain = int_mode_chain45   group = grp1  input = /ts_int_mode_si[45]  output = /ts_int_mode_so[45]  length = 29
      output wrapper chain = int_mode_chain46   group = grp1  input = /ts_int_mode_si[46]  output = /ts_int_mode_so[46]  length = 30
      mixed wrapper chain = int_mode_chain47   group = grp1  input = /ts_int_mode_si[47]  output = /ts_int_mode_so[47]  length = 30
      input wrapper chain = int_mode_chain48   group = grp1  input = /ts_int_mode_si[48]  output = /ts_int_mode_so[48]  length = 30
      input wrapper chain = int_mode_chain49   group = grp1  input = /ts_int_mode_si[49]  output = /ts_int_mode_so[49]  length = 30
      input wrapper chain = int_mode_chain50   group = grp1  input = /ts_int_mode_si[50]  output = /ts_int_mode_so[50]  length = 30
      input wrapper chain = int_mode_chain51   group = grp1  input = /ts_int_mode_si[51]  output = /ts_int_mode_so[51]  length = 30
      input wrapper chain = int_mode_chain52   group = grp1  input = /ts_int_mode_si[52]  output = /ts_int_mode_so[52]  length = 30
      core chain = int_mode_chain53   group = grp1  input = /ts_int_mode_si[53]  output = /ts_int_mode_so[53]  length = 29
      core chain = int_mode_chain54   group = grp1  input = /ts_int_mode_si[54]  output = /ts_int_mode_so[54]  length = 29
      core chain = int_mode_chain55   group = grp1  input = /ts_int_mode_si[55]  output = /ts_int_mode_so[55]  length = 29
      mixed chain = int_mode_chain56   group = grp1  input = /ts_int_mode_si[56]  output = /ts_int_mode_so[56]  length = 29
      output wrapper chain = int_mode_chain57   group = grp1  input = /ts_int_mode_si[57]  output = /ts_int_mode_so[57]  length = 30
      output wrapper chain = int_mode_chain58   group = grp1  input = /ts_int_mode_si[58]  output = /ts_int_mode_so[58]  length = 30
      mixed wrapper chain = int_mode_chain59   group = grp1  input = /ts_int_mode_si[59]  output = /ts_int_mode_so[59]  length = 30

//  command: open_visualizer 
//  Note: Generating IJTAG Network data model for visualization purposes... done.
//  Note: Tessent Visualizer client successfully started and connected to the server.
//  command: history 
    1	set_context dft -scan -design_identifier gate2
    2	set_tsdb_output_directory ./TSDB
    3	read_cell_library ../../../libs/NangateOpenCellLibrary.tcelllib ../../../libs/dft_sim.tcelllib
    4	read_verilog ./synthesis_uncore.vg 
    5	read_design msrv_soc_uncorewrapper -design_identifier pass2_rtl
    6	read_design msrv_soc_uncorewrapper -design_identifier pass2_rtl -no_hdl 
    7	set_current_design msrv_soc_uncorewrapper 
    8	report_clocks 
    9	add_black_boxes -auto
   10	set_system_mode analysis
   11	report_dft_signals
   12	report_xbounding 
   13	analyze_wrapper_cells 
   14	analyze_scan_chains 
   15	add_scan_mode ext_mode -chain_count 10 -type extrenal
   16	add_scan_mode ext_mode -chain_count 10 -type external 
   17	analyze_scan_chains
   18	report_scan_chains 
   19	add_scan_mode int_mode -chain_count 60 -type internal 
   20	analyze_scan_chains
   21	report_scan_cells 
   22	report_scan_chains
   23	insert_test_logic 
   24	report_scan_chains 
   25	open_visualizer 
   26	history 
//  command: write_design -output_file ./scan_inserted_netlist/scan_inserted_netlist.v -replace
//  command: 
//  command: write_atpg_setup ./scan_inserted_netlist/atpg_setup -replace
//  Warning: Internal test control signals were specified.
             The files may require editing to make them functional.
//  command: exit 
